tuned_at,ticker,timeframe,run_start,run_end,vol_len,vol_multiplier,price_move_pct,trail_stop_pct,body_ratio_threshold,trade_count,win_rate,total_pnl,expectancy
2026-07-26 12:46:26.357126,VOYG,30m,2026-05-01 09:30:00-04:00,2026-07-26,5,0.5,0.5,1.0,0.3,199,0.4221105527638191,55.646383601112994,0.2796300683473015
2026-07-26 12:46:26.357126,VOYG,30m,2026-05-01 09:30:00-04:00,2026-07-26,5,0.5,0.5,1.0,0.5,176,0.4034090909090909,5.761664632652845,0.032736730867345715
2026-07-26 12:46:26.357126,VOYG,30m,2026-05-01 09:30:00-04:00,2026-07-26,5,0.5,0.5,1.0,0.7,142,0.4507042253521127,50.299021453070516,0.3542184609371163
2026-07-26 12:46:26.357126,VOYG,30m,2026-05-01 09:30:00-04:00,2026-07-26,5,0.5,0.5,1.5,0.3,146,0.4726027397260274,310.2566292589918,2.1250454058835055
2026-07-26 12:46:26.357126,VOYG,30m,2026-05-01 09:30:00-04:00,2026-07-26,5,0.5,0.5,1.5,0.5,135,0.42962962962962964,180.39191220340953,1.3362363866919225
2026-07-26 12:46:26.357126,VOYG,30m,2026-05-01 09:30:00-04:00,2026-07-26,5,0.5,0.5,1.5,0.7,117,0.46153846153846156,140.57820252302758,1.2015230984874152
2026-07-26 12:46:26.357126,VOYG,30m,2026-05-01 09:30:00-04:00,2026-07-26,5,0.5,0.5,2.0,0.3,136,0.4264705882352941,173.27371189506627,1.2740714109931344
2026-07-26 12:46:26.357126,VOYG,30m,2026-05-01 09:30:00-04:00,2026-07-26,5,0.5,0.5,2.0,0.5,122,0.39344262295081966,134.5419112445426,1.1028025511847754
2026-07-26 12:46:26.357126,VOYG,30m,2026-05-01 09:30:00-04:00,2026-07-26,5,0.5,0.5,2.0,0.7,105,0.42857142857142855,69.78467868351757,0.6646159874620721
2026-07-26 12:46:26.357126,VOYG,30m,2026-05-01 09:30:00-04:00,2026-07-26,5,0.5,0.5,2.5,0.3,116,0.4482758620689655,205.75287128273257,1.773731648989074
2026-07-26 12:46:26.357126,VOYG,30m,2026-05-01 09:30:00-04:00,2026-07-26,5,0.5,0.5,2.5,0.5,114,0.41228070175438597,114.27731321474243,1.0024325720591443
2026-07-26 12:46:26.357126,VOYG,30m,2026-05-01 09:30:00-04:00,2026-07-26,5,0.5,0.5,2.5,0.7,99,0.41414141414141414,91.36456689558065,0.9228744130866733
2026-07-26 12:46:26.357126,VOYG,30m,2026-05-01 09:30:00-04:00,2026-07-26,5,0.5,0.5,3.0,0.3,103,0.5145631067961165,306.9925309473004,2.9805100091970913
2026-07-26 12:46:26.357126,VOYG,30m,2026-05-01 09:30:00-04:00,2026-07-26,5,0.5,0.5,3.0,0.5,100,0.46,155.84304796754878,1.5584304796754878
2026-07-26 12:46:26.357126,VOYG,30m,2026-05-01 09:30:00-04:00,2026-07-26,5,0.5,0.5,3.0,0.7,89,0.43820224719101125,114.9347099206262,1.2914012350632158
2026-07-26 12:46:26.357126,VOYG,30m,2026-05-01 09:30:00-04:00,2026-07-26,5,0.5,0.5,3.5,0.3,100,0.48,333.31344732496297,3.3331344732496295
2026-07-26 12:46:26.357126,VOYG,30m,2026-05-01 09:30:00-04:00,2026-07-26,5,0.5,0.5,3.5,0.5,100,0.43,187.89072453778093,1.8789072453778093
2026-07-26 12:46:26.357126,VOYG,30m,2026-05-01 09:30:00-04:00,2026-07-26,5,0.5,0.5,3.5,0.7,91,0.43956043956043955,124.59353985285901,1.3691597786028462
2026-07-26 12:46:26.357126,VOYG,30m,2026-05-01 09:30:00-04:00,2026-07-26,5,0.5,0.8,1.0,0.3,195,0.38974358974358975,-37.73873623615316,-0.19353198069822133
2026-07-26 12:46:26.357126,VOYG,30m,2026-05-01 09:30:00-04:00,2026-07-26,5,0.5,0.8,1.0,0.5,174,0.39080459770114945,-20.5172946585596,-0.11791548654344597
2026-07-26 12:46:26.357126,VOYG,30m,2026-05-01 09:30:00-04:00,2026-07-26,5,0.5,0.8,1.0,0.7,140,0.42142857142857143,28.171263238747812,0.20122330884819867
2026-07-26 12:46:26.357126,VOYG,30m,2026-05-01 09:30:00-04:00,2026-07-26,5,0.5,0.8,1.5,0.3,156,0.42948717948717946,78.7603030534496,0.5048737375221128
2026-07-26 12:46:26.357126,VOYG,30m,2026-05-01 09:30:00-04:00,2026-07-26,5,0.5,0.8,1.5,0.5,139,0.4172661870503597,101.95568682462317,0.7334941498174329
2026-07-26 12:46:26.357126,VOYG,30m,2026-05-01 09:30:00-04:00,2026-07-26,5,0.5,0.8,1.5,0.7,118,0.4406779661016949,75.4110312600288,0.639076536101939
2026-07-26 12:46:26.357126,VOYG,30m,2026-05-01 09:30:00-04:00,2026-07-26,5,0.5,0.8,2.0,0.3,141,0.41134751773049644,37.59964618288696,0.2666641573254394
2026-07-26 12:46:26.357126,VOYG,30m,2026-05-01 09:30:00-04:00,2026-07-26,5,0.5,0.8,2.0,0.5,126,0.3888888888888889,78.50217617990879,0.6230331442849903
2026-07-26 12:46:26.357126,VOYG,30m,2026-05-01 09:30:00-04:00,2026-07-26,5,0.5,0.8,2.0,0.7,107,0.4392523364485981,53.421225527971394,0.4992637899810411
2026-07-26 12:46:26.357126,VOYG,30m,2026-05-01 09:30:00-04:00,2026-07-26,5,0.5,0.8,2.5,0.3,121,0.4132231404958678,15.011312035747402,0.12406043004749918
2026-07-26 12:46:26.357126,VOYG,30m,2026-05-01 09:30:00-04:00,2026-07-26,5,0.5,0.8,2.5,0.5,113,0.40707964601769914,57.352085146203066,0.5075405765150713
2026-07-26 12:46:26.357126,VOYG,30m,2026-05-01 09:30:00-04:00,2026-07-26,5,0.5,0.8,2.5,0.7,100,0.43,60.46176415486387,0.6046176415486387
2026-07-26 12:46:26.357126,VOYG,30m,2026-05-01 09:30:00-04:00,2026-07-26,5,0.5,0.8,3.0,0.3,110,0.43636363636363634,45.42645545718649,0.41296777688351355
2026-07-26 12:46:26.357126,VOYG,30m,2026-05-01 09:30:00-04:00,2026-07-26,5,0.5,0.8,3.0,0.5,103,0.42718446601941745,76.38820679823353,0.7416330757110051
2026-07-26 12:46:26.357126,VOYG,30m,2026-05-01 09:30:00-04:00,2026-07-26,5,0.5,0.8,3.0,0.7,90,0.4444444444444444,83.50760961306058,0.9278623290340065
2026-07-26 12:46:26.357126,VOYG,30m,2026-05-01 09:30:00-04:00,2026-07-26,5,0.5,0.8,3.5,0.3,106,0.39622641509433965,69.99665657011407,0.6603458166991893
2026-07-26 12:46:26.357126,VOYG,30m,2026-05-01 09:30:00-04:00,2026-07-26,5,0.5,0.8,3.5,0.5,101,0.39603960396039606,109.83864439465673,1.0875113306401656
2026-07-26 12:46:26.357126,VOYG,30m,2026-05-01 09:30:00-04:00,2026-07-26,5,0.5,0.8,3.5,0.7,90,0.4444444444444444,111.5612472865428,1.2395694142949198
2026-07-26 12:46:26.357126,VOYG,30m,2026-05-01 09:30:00-04:00,2026-07-26,5,0.5,1.0,1.0,0.3,183,0.3879781420765027,-31.471390344168135,-0.1719748106238696
2026-07-26 12:46:26.357126,VOYG,30m,2026-05-01 09:30:00-04:00,2026-07-26,5,0.5,1.0,1.0,0.5,169,0.378698224852071,-25.022668705468263,-0.14806312843472344
2026-07-26 12:46:26.357126,VOYG,30m,2026-05-01 09:30:00-04:00,2026-07-26,5,0.5,1.0,1.0,0.7,135,0.4074074074074074,17.501963761801065,0.12964417601334122
2026-07-26 12:46:26.357126,VOYG,30m,2026-05-01 09:30:00-04:00,2026-07-26,5,0.5,1.0,1.5,0.3,152,0.40789473684210525,-20.578248060241194,-0.13538321092263944
2026-07-26 12:46:26.357126,VOYG,30m,2026-05-01 09:30:00-04:00,2026-07-26,5,0.5,1.0,1.5,0.5,142,0.3873239436619718,-24.825782092412666,-0.1748294513550188
2026-07-26 12:46:26.357126,VOYG,30m,2026-05-01 09:30:00-04:00,2026-07-26,5,0.5,1.0,1.5,0.7,118,0.4067796610169492,-17.290491193307666,-0.14652958638396327
2026-07-26 12:46:26.357126,VOYG,30m,2026-05-01 09:30:00-04:00,2026-07-26,5,0.5,1.0,2.0,0.3,133,0.42105263157894735,63.79406370670853,0.47965461433615436
2026-07-26 12:46:26.357126,VOYG,30m,2026-05-01 09:30:00-04:00,2026-07-26,5,0.5,1.0,2.0,0.5,124,0.3951612903225806,40.14833868961151,0.3237769249162219
2026-07-26 12:46:26.357126,VOYG,30m,2026-05-01 09:30:00-04:00,2026-07-26,5,0.5,1.0,2.0,0.7,107,0.411214953271028,27.649618037515715,0.25840764521042725
2026-07-26 12:46:26.357126,VOYG,30m,2026-05-01 09:30:00-04:00,2026-07-26,5,0.5,1.0,2.5,0.3,118,0.3983050847457627,43.16771801120768,0.36582811873904814
2026-07-26 12:46:26.357126,VOYG,30m,2026-05-01 09:30:00-04:00,2026-07-26,5,0.5,1.0,2.5,0.5,114,0.37719298245614036,-5.4954721244882165,-0.048205895828844006
2026-07-26 12:46:26.357126,VOYG,30m,2026-05-01 09:30:00-04:00,2026-07-26,5,0.5,1.0,2.5,0.7,101,0.39603960396039606,28.483791726286213,0.28201773986421996
2026-07-26 12:46:26.357126,VOYG,30m,2026-05-01 09:30:00-04:00,2026-07-26,5,0.5,1.0,3.0,0.3,106,0.44339622641509435,78.84602144863938,0.7438303910248998
2026-07-26 12:46:26.357126,VOYG,30m,2026-05-01 09:30:00-04:00,2026-07-26,5,0.5,1.0,3.0,0.5,101,0.4158415841584158,22.754451025177715,0.22529159430869025
2026-07-26 12:46:26.357126,VOYG,30m,2026-05-01 09:30:00-04:00,2026-07-26,5,0.5,1.0,3.0,0.7,90,0.4111111111111111,47.458343093433236,0.5273149232603693
2026-07-26 12:46:26.357126,VOYG,30m,2026-05-01 09:30:00-04:00,2026-07-26,5,0.5,1.0,3.5,0.3,102,0.4117647058823529,102.13798180818148,1.0013527628253087
2026-07-26 12:46:26.357126,VOYG,30m,2026-05-01 09:30:00-04:00,2026-07-26,5,0.5,1.0,3.5,0.5,100,0.39,57.414434665277135,0.5741443466527714
2026-07-26 12:46:26.357126,VOYG,30m,2026-05-01 09:30:00-04:00,2026-07-26,5,0.5,1.0,3.5,0.7,90,0.4111111111111111,74.47631275487186,0.8275145861652429
2026-07-26 12:46:26.357126,VOYG,30m,2026-05-01 09:30:00-04:00,2026-07-26,5,0.5,1.2,1.0,0.3,164,0.3780487804878049,-30.88296773903899,-0.1883107788965792
2026-07-26 12:46:26.357126,VOYG,30m,2026-05-01 09:30:00-04:00,2026-07-26,5,0.5,1.2,1.0,0.5,153,0.37254901960784315,-22.21901399703217,-0.14522231370609262
2026-07-26 12:46:26.357126,VOYG,30m,2026-05-01 09:30:00-04:00,2026-07-26,5,0.5,1.2,1.0,0.7,124,0.4274193548387097,32.054255483753415,0.2585020603528501
2026-07-26 12:46:26.357126,VOYG,30m,2026-05-01 09:30:00-04:00,2026-07-26,5,0.5,1.2,1.5,0.3,144,0.4097222222222222,-0.7279114663685249,-0.0050549407386703115
2026-07-26 12:46:26.357126,VOYG,30m,2026-05-01 09:30:00-04:00,2026-07-26,5,0.5,1.2,1.5,0.5,138,0.39855072463768115,-14.339815478870896,-0.10391170636862969
2026-07-26 12:46:26.357126,VOYG,30m,2026-05-01 09:30:00-04:00,2026-07-26,5,0.5,1.2,1.5,0.7,115,0.4434782608695652,16.027169034381608,0.13936668725549223
2026-07-26 12:46:26.357126,VOYG,30m,2026-05-01 09:30:00-04:00,2026-07-26,5,0.5,1.2,2.0,0.3,132,0.4166666666666667,103.6274887351406,0.7850567328419743
2026-07-26 12:46:26.357126,VOYG,30m,2026-05-01 09:30:00-04:00,2026-07-26,5,0.5,1.2,2.0,0.5,125,0.4,79.73433341891932,0.6378746673513546
2026-07-26 12:46:26.357126,VOYG,30m,2026-05-01 09:30:00-04:00,2026-07-26,5,0.5,1.2,2.0,0.7,106,0.44339622641509435,97.06805881959765,0.9157364039584684
2026-07-26 12:46:26.357126,VOYG,30m,2026-05-01 09:30:00-04:00,2026-07-26,5,0.5,1.2,2.5,0.3,117,0.41025641025641024,117.37087495760413,1.003169871432514
2026-07-26 12:46:26.357126,VOYG,30m,2026-05-01 09:30:00-04:00,2026-07-26,5,0.5,1.2,2.5,0.5,115,0.4,67.89664694800307,0.5904056256348093
2026-07-26 12:46:26.357126,VOYG,30m,2026-05-01 09:30:00-04:00,2026-07-26,5,0.5,1.2,2.5,0.7,101,0.44554455445544555,131.48233593582694,1.3018053062953163
2026-07-26 12:46:26.357126,VOYG,30m,2026-05-01 09:30:00-04:00,2026-07-26,5,0.5,1.2,3.0,0.3,106,0.46226415094339623,157.66479613269138,1.4874037371008622
2026-07-26 12:46:26.357126,VOYG,30m,2026-05-01 09:30:00-04:00,2026-07-26,5,0.5,1.2,3.0,0.5,104,0.4423076923076923,99.67115897378662,0.958376528594102
2026-07-26 12:46:26.357126,VOYG,30m,2026-05-01 09:30:00-04:00,2026-07-26,5,0.5,1.2,3.0,0.7,92,0.4673913043478261,153.7028480575008,1.6706831310597914
2026-07-26 12:46:26.357126,VOYG,30m,2026-05-01 09:30:00-04:00,2026-07-26,5,0.5,1.2,3.5,0.3,103,0.42718446601941745,176.1349760474022,1.7100483111398272
2026-07-26 12:46:26.357126,VOYG,30m,2026-05-01 09:30:00-04:00,2026-07-26,5,0.5,1.2,3.5,0.5,101,0.39603960396039606,107.22891351832908,1.061672411072565
2026-07-26 12:46:26.357126,VOYG,30m,2026-05-01 09:30:00-04:00,2026-07-26,5,0.5,1.2,3.5,0.7,89,0.4606741573033708,158.71172145929225,1.7832777692055308
2026-07-26 12:46:26.357126,VOYG,30m,2026-05-01 09:30:00-04:00,2026-07-26,5,0.5,1.5,1.0,0.3,139,0.39568345323741005,-33.88636219381311,-0.2437867783727562
2026-07-26 12:46:26.357126,VOYG,30m,2026-05-01 09:30:00-04:00,2026-07-26,5,0.5,1.5,1.0,0.5,133,0.38345864661654133,-34.963645106464334,-0.26288454967266417
2026-07-26 12:46:26.357126,VOYG,30m,2026-05-01 09:30:00-04:00,2026-07-26,5,0.5,1.5,1.0,0.7,108,0.4444444444444444,12.539920015745913,0.11611037051616586
2026-07-26 12:46:26.357126,VOYG,30m,2026-05-01 09:30:00-04:00,2026-07-26,5,0.5,1.5,1.5,0.3,129,0.4186046511627907,13.608450018814331,0.1054918606109638
2026-07-26 12:46:26.357126,VOYG,30m,2026-05-01 09:30:00-04:00,2026-07-26,5,0.5,1.5,1.5,0.5,125,0.408,-0.6393475987526642,-0.005114780790021314
2026-07-26 12:46:26.357126,VOYG,30m,2026-05-01 09:30:00-04:00,2026-07-26,5,0.5,1.5,1.5,0.7,101,0.44554455445544555,27.7575290873654,0.27482702066698417
2026-07-26 12:46:26.357126,VOYG,30m,2026-05-01 09:30:00-04:00,2026-07-26,5,0.5,1.5,2.0,0.3,120,0.4083333333333333,121.52118939996089,1.0126765783330074
2026-07-26 12:46:26.357126,VOYG,30m,2026-05-01 09:30:00-04:00,2026-07-26,5,0.5,1.5,2.0,0.5,116,0.3879310344827586,85.38312761056665,0.736061444918678
2026-07-26 12:46:26.357126,VOYG,30m,2026-05-01 09:30:00-04:00,2026-07-26,5,0.5,1.5,2.0,0.7,96,0.4166666666666667,71.1663701290005,0.7413163555104219
2026-07-26 12:46:26.357126,VOYG,30m,2026-05-01 09:30:00-04:00,2026-07-26,5,0.5,1.5,2.5,0.3,111,0.42342342342342343,169.00750264423476,1.5225901139120248
2026-07-26 12:46:26.357126,VOYG,30m,2026-05-01 09:30:00-04:00,2026-07-26,5,0.5,1.5,2.5,0.5,108,0.4074074074074074,112.97871360363986,1.0460992000337024
2026-07-26 12:46:26.357126,VOYG,30m,2026-05-01 09:30:00-04:00,2026-07-26,5,0.5,1.5,2.5,0.7,93,0.43010752688172044,109.45329869800504,1.1769171903011295
2026-07-26 12:46:26.357126,VOYG,30m,2026-05-01 09:30:00-04:00,2026-07-26,5,0.5,1.5,3.0,0.3,105,0.42857142857142855,95.07304736050216,0.9054575939095444
2026-07-26 12:46:26.357126,VOYG,30m,2026-05-01 09:30:00-04:00,2026-07-26,5,0.5,1.5,3.0,0.5,102,0.4117647058823529,39.759674897396096,0.389800734288197
2026-07-26 12:46:26.357126,VOYG,30m,2026-05-01 09:30:00-04:00,2026-07-26,5,0.5,1.5,3.0,0.7,90,0.4222222222222222,69.71931901025417,0.7746591001139352
2026-07-26 12:46:26.357126,VOYG,30m,2026-05-01 09:30:00-04:00,2026-07-26,5,0.5,1.5,3.5,0.3,100,0.4,139.02161910356253,1.3902161910356252
2026-07-26 12:46:26.357126,VOYG,30m,2026-05-01 09:30:00-04:00,2026-07-26,5,0.5,1.5,3.5,0.5,97,0.3711340206185567,73.24253205292126,0.7550776500301161
2026-07-26 12:46:26.357126,VOYG,30m,2026-05-01 09:30:00-04:00,2026-07-26,5,0.5,1.5,3.5,0.7,86,0.3953488372093023,77.7227754003415,0.9037532023295524
2026-07-26 12:46:26.357126,VOYG,30m,2026-05-01 09:30:00-04:00,2026-07-26,5,0.5,1.8,1.0,0.3,124,0.3951612903225806,-31.403233995352224,-0.25325188705929214
2026-07-26 12:46:26.357126,VOYG,30m,2026-05-01 09:30:00-04:00,2026-07-26,5,0.5,1.8,1.0,0.5,118,0.3898305084745763,-30.961316908003447,-0.2623840415932496
2026-07-26 12:46:26.357126,VOYG,30m,2026-05-01 09:30:00-04:00,2026-07-26,5,0.5,1.8,1.0,0.7,96,0.46875,23.32136523537791,0.2429308878685199
2026-07-26 12:46:26.357126,VOYG,30m,2026-05-01 09:30:00-04:00,2026-07-26,5,0.5,1.8,1.5,0.3,115,0.41739130434782606,34.604092679904106,0.30090515373829657
2026-07-26 12:46:26.357126,VOYG,30m,2026-05-01 09:30:00-04:00,2026-07-26,5,0.5,1.8,1.5,0.5,111,0.4144144144144144,21.853972821267007,0.19688263802943248
2026-07-26 12:46:26.357126,VOYG,30m,2026-05-01 09:30:00-04:00,2026-07-26,5,0.5,1.8,1.5,0.7,91,0.46153846153846156,44.57803769294795,0.4898685460763511
2026-07-26 12:46:26.357126,VOYG,30m,2026-05-01 09:30:00-04:00,2026-07-26,5,0.5,1.8,2.0,0.3,110,0.42727272727272725,150.48103244866212,1.3680093858969284
2026-07-26 12:46:26.357126,VOYG,30m,2026-05-01 09:30:00-04:00,2026-07-26,5,0.5,1.8,2.0,0.5,106,0.41509433962264153,115.85382318147981,1.0929605960516964
2026-07-26 12:46:26.357126,VOYG,30m,2026-05-01 09:30:00-04:00,2026-07-26,5,0.5,1.8,2.0,0.7,88,0.4431818181818182,110.86016768725825,1.259774632809753
2026-07-26 12:46:26.357126,VOYG,30m,2026-05-01 09:30:00-04:00,2026-07-26,5,0.5,1.8,2.5,0.3,100,0.43,177.6543834051243,1.776543834051243
2026-07-26 12:46:26.357126,VOYG,30m,2026-05-01 09:30:00-04:00,2026-07-26,5,0.5,1.8,2.5,0.5,97,0.422680412371134,130.90651002990904,1.3495516497928768
2026-07-26 12:46:26.357126,VOYG,30m,2026-05-01 09:30:00-04:00,2026-07-26,5,0.5,1.8,2.5,0.7,84,0.4523809523809524,138.07205659177316,1.6437149594258709
2026-07-26 12:46:26.357126,VOYG,30m,2026-05-01 09:30:00-04:00,2026-07-26,5,0.5,1.8,3.0,0.3,95,0.4631578947368421,173.4400878958041,1.8256851357453063
2026-07-26 12:46:26.357126,VOYG,30m,2026-05-01 09:30:00-04:00,2026-07-26,5,0.5,1.8,3.0,0.5,92,0.44565217391304346,119.11874907950795,1.294769011733782
2026-07-26 12:46:26.357126,VOYG,30m,2026-05-01 09:30:00-04:00,2026-07-26,5,0.5,1.8,3.0,0.7,81,0.4567901234567901,130.37756098107818,1.6095995182849157
2026-07-26 12:46:26.357126,VOYG,30m,2026-05-01 09:30:00-04:00,2026-07-26,5,0.5,1.8,3.5,0.3,91,0.43956043956043955,216.8596632510982,2.3830732225395406
2026-07-26 12:46:26.357126,VOYG,30m,2026-05-01 09:30:00-04:00,2026-07-26,5,0.5,1.8,3.5,0.5,88,0.4090909090909091,156.07246110257876,1.773550694347486
2026-07-26 12:46:26.357126,VOYG,30m,2026-05-01 09:30:00-04:00,2026-07-26,5,0.5,1.8,3.5,0.7,78,0.4358974358974359,142.60350040930138,1.8282500052474535
2026-07-26 12:46:26.357126,VOYG,30m,2026-05-01 09:30:00-04:00,2026-07-26,5,0.5,2.0,1.0,0.3,110,0.38181818181818183,-18.370039918950596,-0.16700036289955086
2026-07-26 12:46:26.357126,VOYG,30m,2026-05-01 09:30:00-04:00,2026-07-26,5,0.5,2.0,1.0,0.5,105,0.38095238095238093,-18.71558464467043,-0.17824366328257552
2026-07-26 12:46:26.357126,VOYG,30m,2026-05-01 09:30:00-04:00,2026-07-26,5,0.5,2.0,1.0,0.7,88,0.4659090909090909,27.768964954840847,0.31555641994137323
2026-07-26 12:46:26.357126,VOYG,30m,2026-05-01 09:30:00-04:00,2026-07-26,5,0.5,2.0,1.5,0.3,105,0.4380952380952381,22.488566733770234,0.214176826035907
2026-07-26 12:46:26.357126,VOYG,30m,2026-05-01 09:30:00-04:00,2026-07-26,5,0.5,2.0,1.5,0.5,101,0.43564356435643564,20.985128715650063,0.20777355164009964
2026-07-26 12:46:26.357126,VOYG,30m,2026-05-01 09:30:00-04:00,2026-07-26,5,0.5,2.0,1.5,0.7,85,0.4823529411764706,34.94300262543252,0.4110941485345002
2026-07-26 12:46:26.357126,VOYG,30m,2026-05-01 09:30:00-04:00,2026-07-26,5,0.5,2.0,2.0,0.3,101,0.45544554455445546,139.55293974136174,1.381712274666948
2026-07-26 12:46:26.357126,VOYG,30m,2026-05-01 09:30:00-04:00,2026-07-26,5,0.5,2.0,2.0,0.5,97,0.44329896907216493,111.4628735591412,1.149101789269497
2026-07-26 12:46:26.357126,VOYG,30m,2026-05-01 09:30:00-04:00,2026-07-26,5,0.5,2.0,2.0,0.7,82,0.4878048780487805,107.71026283305183,1.3135397906469735
2026-07-26 12:46:26.357126,VOYG,30m,2026-05-01 09:30:00-04:00,2026-07-26,5,0.5,2.0,2.5,0.3,91,0.45054945054945056,154.17398332226935,1.694219596948015
2026-07-26 12:46:26.357126,VOYG,30m,2026-05-01 09:30:00-04:00,2026-07-26,5,0.5,2.0,2.5,0.5,87,0.4482758620689655,134.52909274289198,1.5463114108378389
2026-07-26 12:46:26.357126,VOYG,30m,2026-05-01 09:30:00-04:00,2026-07-26,5,0.5,2.0,2.5,0.7,77,0.4935064935064935,136.95577359071223,1.77864641026899
2026-07-26 12:46:26.357126,VOYG,30m,2026-05-01 09:30:00-04:00,2026-07-26,5,0.5,2.0,3.0,0.3,87,0.45977011494252873,158.50308594645387,1.8218745511086651
2026-07-26 12:46:26.357126,VOYG,30m,2026-05-01 09:30:00-04:00,2026-07-26,5,0.5,2.0,3.0,0.5,83,0.4457831325301205,131.36042286039967,1.582655697113249
2026-07-26 12:46:26.357126,VOYG,30m,2026-05-01 09:30:00-04:00,2026-07-26,5,0.5,2.0,3.0,0.7,74,0.4864864864864865,157.3050498087147,2.1257439163339824
2026-07-26 12:46:26.357126,VOYG,30m,2026-05-01 09:30:00-04:00,2026-07-26,5,0.5,2.0,3.5,0.3,85,0.43529411764705883,188.59949258252522,2.2188175597944144
2026-07-26 12:46:26.357126,VOYG,30m,2026-05-01 09:30:00-04:00,2026-07-26,5,0.5,2.0,3.5,0.5,81,0.41975308641975306,162.20413431158454,2.002520176686229
2026-07-26 12:46:26.357126,VOYG,30m,2026-05-01 09:30:00-04:00,2026-07-26,5,0.5,2.0,3.5,0.7,72,0.4722222222222222,162.0229719886027,2.25031905539726
2026-07-26 12:46:26.357126,VOYG,30m,2026-05-01 09:30:00-04:00,2026-07-26,5,0.5,2.5,1.0,0.3,87,0.367816091954023,-12.580836226533236,-0.1446073129486579
2026-07-26 12:46:26.357126,VOYG,30m,2026-05-01 09:30:00-04:00,2026-07-26,5,0.5,2.5,1.0,0.5,84,0.35714285714285715,-13.67043622653334,-0.1627432884111112
2026-07-26 12:46:26.357126,VOYG,30m,2026-05-01 09:30:00-04:00,2026-07-26,5,0.5,2.5,1.0,0.7,71,0.4507042253521127,19.65573086950709,0.2768412798522125
2026-07-26 12:46:26.357126,VOYG,30m,2026-05-01 09:30:00-04:00,2026-07-26,5,0.5,2.5,1.5,0.3,83,0.43373493975903615,26.95374108457539,0.3247438684888601
2026-07-26 12:46:26.357126,VOYG,30m,2026-05-01 09:30:00-04:00,2026-07-26,5,0.5,2.5,1.5,0.5,81,0.41975308641975306,25.59352036201428,0.3159693871853615
2026-07-26 12:46:26.357126,VOYG,30m,2026-05-01 09:30:00-04:00,2026-07-26,5,0.5,2.5,1.5,0.7,70,0.4857142857142857,39.01821286142759,0.557403040877537
2026-07-26 12:46:26.357126,VOYG,30m,2026-05-01 09:30:00-04:00,2026-07-26,5,0.5,2.5,2.0,0.3,82,0.4634146341463415,101.7629064128872,1.2410110538156975
2026-07-26 12:46:26.357126,VOYG,30m,2026-05-01 09:30:00-04:00,2026-07-26,5,0.5,2.5,2.0,0.5,80,0.45,100.89234544947236,1.2611543181184044
2026-07-26 12:46:26.357126,VOYG,30m,2026-05-01 09:30:00-04:00,2026-07-26,5,0.5,2.5,2.0,0.7,69,0.5072463768115942,101.0182220404189,1.464032203484332
2026-07-26 12:46:26.357126,VOYG,30m,2026-05-01 09:30:00-04:00,2026-07-26,5,0.5,2.5,2.5,0.3,76,0.4868421052631579,135.2340396149878,1.7793952580919448
2026-07-26 12:46:26.357126,VOYG,30m,2026-05-01 09:30:00-04:00,2026-07-26,5,0.5,2.5,2.5,0.5,74,0.47297297297297297,133.91210920866143,1.8096230974143437
2026-07-26 12:46:26.357126,VOYG,30m,2026-05-01 09:30:00-04:00,2026-07-26,5,0.5,2.5,2.5,0.7,65,0.5230769230769231,142.6989695107211,2.1953687617034015
2026-07-26 12:46:26.357126,VOYG,30m,2026-05-01 09:30:00-04:00,2026-07-26,5,0.5,2.5,3.0,0.3,74,0.4594594594594595,119.91271902379773,1.6204421489702396
2026-07-26 12:46:26.357126,VOYG,30m,2026-05-01 09:30:00-04:00,2026-07-26,5,0.5,2.5,3.0,0.5,72,0.4444444444444444,119.08224253620605,1.653920035225084
2026-07-26 12:46:26.357126,VOYG,30m,2026-05-01 09:30:00-04:00,2026-07-26,5,0.5,2.5,3.0,0.7,64,0.515625,149.70856113255428,2.3391962676961606
2026-07-26 12:46:26.357126,VOYG,30m,2026-05-01 09:30:00-04:00,2026-07-26,5,0.5,2.5,3.5,0.3,70,0.45714285714285713,172.34476117097458,2.462068016728208
2026-07-26 12:46:26.357126,VOYG,30m,2026-05-01 09:30:00-04:00,2026-07-26,5,0.5,2.5,3.5,0.5,68,0.45588235294117646,172.00573860211776,2.5294961559134963
2026-07-26 12:46:26.357126,VOYG,30m,2026-05-01 09:30:00-04:00,2026-07-26,5,0.5,2.5,3.5,0.7,61,0.5081967213114754,172.06412060580485,2.8207232886197517
2026-07-26 12:46:26.357126,VOYG,30m,2026-05-01 09:30:00-04:00,2026-07-26,5,0.5,3.0,1.0,0.3,71,0.4084507042253521,12.086207144114596,0.17022826963541685
2026-07-26 12:46:26.357126,VOYG,30m,2026-05-01 09:30:00-04:00,2026-07-26,5,0.5,3.0,1.0,0.5,69,0.391304347826087,9.615207144114493,0.13935082817557234
2026-07-26 12:46:26.357126,VOYG,30m,2026-05-01 09:30:00-04:00,2026-07-26,5,0.5,3.0,1.0,0.7,59,0.4745762711864407,29.9237340232731,0.5071819325978492
2026-07-26 12:46:26.357126,VOYG,30m,2026-05-01 09:30:00-04:00,2026-07-26,5,0.5,3.0,1.5,0.3,69,0.4492753623188406,-4.420629500825619,-0.06406709421486405
2026-07-26 12:46:26.357126,VOYG,30m,2026-05-01 09:30:00-04:00,2026-07-26,5,0.5,3.0,1.5,0.5,67,0.43283582089552236,-6.703745669834156,-0.10005590551991277
2026-07-26 12:46:26.357126,VOYG,30m,2026-05-01 09:30:00-04:00,2026-07-26,5,0.5,3.0,1.5,0.7,58,0.4827586206896552,4.780808026593917,0.08242772459644684
2026-07-26 12:46:26.357126,VOYG,30m,2026-05-01 09:30:00-04:00,2026-07-26,5,0.5,3.0,2.0,0.3,68,0.47058823529411764,28.502526224024365,0.419154797412123
2026-07-26 12:46:26.357126,VOYG,30m,2026-05-01 09:30:00-04:00,2026-07-26,5,0.5,3.0,2.0,0.5,66,0.45454545454545453,26.751437998679677,0.40532481816181326
2026-07-26 12:46:26.357126,VOYG,30m,2026-05-01 09:30:00-04:00,2026-07-26,5,0.5,3.0,2.0,0.7,57,0.5087719298245614,25.69486276207595,0.45078706600133245
2026-07-26 12:46:26.357126,VOYG,30m,2026-05-01 09:30:00-04:00,2026-07-26,5,0.5,3.0,2.5,0.3,65,0.47692307692307695,48.68794779377762,0.7490453506735018
2026-07-26 12:46:26.357126,VOYG,30m,2026-05-01 09:30:00-04:00,2026-07-26,5,0.5,3.0,2.5,0.5,63,0.4603174603174603,47.46888751209678,0.7534744049539172
2026-07-26 12:46:26.357126,VOYG,30m,2026-05-01 09:30:00-04:00,2026-07-26,5,0.5,3.0,2.5,0.7,55,0.509090909090909,55.69209000292186,1.0125834545985792
2026-07-26 12:46:26.357126,VOYG,30m,2026-05-01 09:30:00-04:00,2026-07-26,5,0.5,3.0,3.0,0.3,64,0.453125,44.59163800149611,0.6967443437733767
2026-07-26 12:46:26.357126,VOYG,30m,2026-05-01 09:30:00-04:00,2026-07-26,5,0.5,3.0,3.0,0.5,62,0.43548387096774194,43.90460566347912,0.7081388010238567
2026-07-26 12:46:26.357126,VOYG,30m,2026-05-01 09:30:00-04:00,2026-07-26,5,0.5,3.0,3.0,0.7,53,0.49056603773584906,63.694913727070954,1.2017908250390745
2026-07-26 12:46:26.357126,VOYG,30m,2026-05-01 09:30:00-04:00,2026-07-26,5,0.5,3.0,3.5,0.3,62,0.46774193548387094,68.0347426803784,1.097334559360942
2026-07-26 12:46:26.357126,VOYG,30m,2026-05-01 09:30:00-04:00,2026-07-26,5,0.5,3.0,3.5,0.5,60,0.4666666666666667,67.87973828602526,1.1313289714337542
2026-07-26 12:46:26.357126,VOYG,30m,2026-05-01 09:30:00-04:00,2026-07-26,5,0.5,3.0,3.5,0.7,52,0.5,86.2681896146984,1.6590036464365077
2026-07-26 12:46:26.357126,VOYG,30m,2026-05-01 09:30:00-04:00,2026-07-26,5,0.5,3.5,1.0,0.3,59,0.4067796610169492,1.6617329079702614,0.02816496454186884
2026-07-26 12:46:26.357126,VOYG,30m,2026-05-01 09:30:00-04:00,2026-07-26,5,0.5,3.5,1.0,0.5,56,0.375,-2.5220670920298005,-0.045036912357675006
2026-07-26 12:46:26.357126,VOYG,30m,2026-05-01 09:30:00-04:00,2026-07-26,5,0.5,3.5,1.0,0.7,47,0.44680851063829785,14.895057396462832,0.31691611481835813
2026-07-26 12:46:26.357126,VOYG,30m,2026-05-01 09:30:00-04:00,2026-07-26,5,0.5,3.5,1.5,0.3,58,0.43103448275862066,-5.702314442417844,-0.09831576624858351
2026-07-26 12:46:26.357126,VOYG,30m,2026-05-01 09:30:00-04:00,2026-07-26,5,0.5,3.5,1.5,0.5,55,0.4,-9.69823061142634,-0.17633146566229707
2026-07-26 12:46:26.357126,VOYG,30m,2026-05-01 09:30:00-04:00,2026-07-26,5,0.5,3.5,1.5,0.7,46,0.45652173913043476,1.38093219640826,0.03002026513931
2026-07-26 12:46:26.357126,VOYG,30m,2026-05-01 09:30:00-04:00,2026-07-26,5,0.5,3.5,2.0,0.3,58,0.39655172413793105,-2.3549800063820214,-0.04060310355831071
2026-07-26 12:46:26.357126,VOYG,30m,2026-05-01 09:30:00-04:00,2026-07-26,5,0.5,3.5,2.0,0.5,55,0.36363636363636365,-5.818868231726668,-0.10579760421321215
2026-07-26 12:46:26.357126,VOYG,30m,2026-05-01 09:30:00-04:00,2026-07-26,5,0.5,3.5,2.0,0.7,46,0.41304347826086957,-5.64923131978837,-0.12280937651713848
2026-07-26 12:46:26.357126,VOYG,30m,2026-05-01 09:30:00-04:00,2026-07-26,5,0.5,3.5,2.5,0.3,57,0.45614035087719296,-14.1224514174192,-0.2477623055687579
2026-07-26 12:46:26.357126,VOYG,30m,2026-05-01 09:30:00-04:00,2026-07-26,5,0.5,3.5,2.5,0.5,54,0.42592592592592593,-17.054311699099998,-0.3158205870203703
2026-07-26 12:46:26.357126,VOYG,30m,2026-05-01 09:30:00-04:00,2026-07-26,5,0.5,3.5,2.5,0.7,46,0.4782608695652174,-9.545956467615717,-0.20752079277425473
2026-07-26 12:46:26.357126,VOYG,30m,2026-05-01 09:30:00-04:00,2026-07-26,5,0.5,3.5,3.0,0.3,56,0.44642857142857145,-33.30438843950905,-0.5947212221340902
2026-07-26 12:46:26.357126,VOYG,30m,2026-05-01 09:30:00-04:00,2026-07-26,5,0.5,3.5,3.0,0.5,53,0.41509433962264153,-35.704220777526,-0.6736645429721886
2026-07-26 12:46:26.357126,VOYG,30m,2026-05-01 09:30:00-04:00,2026-07-26,5,0.5,3.5,3.0,0.7,45,0.4666666666666667,-17.791557588030464,-0.39536794640067696
2026-07-26 12:46:26.357126,VOYG,30m,2026-05-01 09:30:00-04:00,2026-07-26,5,0.5,3.5,3.5,0.3,54,0.4444444444444444,-14.354286591909968,-0.2658201220724068
2026-07-26 12:46:26.357126,VOYG,30m,2026-05-01 09:30:00-04:00,2026-07-26,5,0.5,3.5,3.5,0.5,52,0.4230769230769231,-22.74066469839589,-0.4373204749691517
2026-07-26 12:46:26.357126,VOYG,30m,2026-05-01 09:30:00-04:00,2026-07-26,5,0.5,3.5,3.5,0.7,45,0.4444444444444444,-6.176132389501809,-0.13724738643337353
2026-07-26 12:46:26.357126,VOYG,30m,2026-05-01 09:30:00-04:00,2026-07-26,5,0.7,0.5,1.0,0.3,169,0.40236686390532544,-16.078127063721404,-0.09513684653089588
2026-07-26 12:46:26.357126,VOYG,30m,2026-05-01 09:30:00-04:00,2026-07-26,5,0.7,0.5,1.0,0.5,149,0.38926174496644295,-33.85514147957444,-0.2272157146280164
2026-07-26 12:46:26.357126,VOYG,30m,2026-05-01 09:30:00-04:00,2026-07-26,5,0.7,0.5,1.0,0.7,117,0.4188034188034188,11.417636646831468,0.09758663800710657
2026-07-26 12:46:26.357126,VOYG,30m,2026-05-01 09:30:00-04:00,2026-07-26,5,0.7,0.5,1.5,0.3,129,0.46511627906976744,232.9791593060335,1.8060399946204146
2026-07-26 12:46:26.357126,VOYG,30m,2026-05-01 09:30:00-04:00,2026-07-26,5,0.7,0.5,1.5,0.5,120,0.4166666666666667,166.94892571654086,1.3912410476378405
2026-07-26 12:46:26.357126,VOYG,30m,2026-05-01 09:30:00-04:00,2026-07-26,5,0.7,0.5,1.5,0.7,98,0.4489795918367347,115.44684357878916,1.1780290161100935
2026-07-26 12:46:26.357126,VOYG,30m,2026-05-01 09:30:00-04:00,2026-07-26,5,0.7,0.5,2.0,0.3,121,0.4049586776859504,108.72274566843123,0.8985350881688532
2026-07-26 12:46:26.357126,VOYG,30m,2026-05-01 09:30:00-04:00,2026-07-26,5,0.7,0.5,2.0,0.5,114,0.3508771929824561,18.78011434611544,0.1647378451413635
2026-07-26 12:46:26.357126,VOYG,30m,2026-05-01 09:30:00-04:00,2026-07-26,5,0.7,0.5,2.0,0.7,88,0.4090909090909091,54.03081808219948,0.6139865691159032
2026-07-26 12:46:26.357126,VOYG,30m,2026-05-01 09:30:00-04:00,2026-07-26,5,0.7,0.5,2.5,0.3,107,0.42990654205607476,109.44278428211987,1.02282975964598
2026-07-26 12:46:26.357126,VOYG,30m,2026-05-01 09:30:00-04:00,2026-07-26,5,0.7,0.5,2.5,0.5,103,0.39805825242718446,38.03835465102868,0.36930441408765713
2026-07-26 12:46:26.357126,VOYG,30m,2026-05-01 09:30:00-04:00,2026-07-26,5,0.7,0.5,2.5,0.7,82,0.4268292682926829,51.280390678990386,0.6253706180364681
2026-07-26 12:46:26.357126,VOYG,30m,2026-05-01 09:30:00-04:00,2026-07-26,5,0.7,0.5,3.0,0.3,96,0.5104166666666666,204.56221324479418,2.130856387966606
2026-07-26 12:46:26.357126,VOYG,30m,2026-05-01 09:30:00-04:00,2026-07-26,5,0.7,0.5,3.0,0.5,93,0.44086021505376344,60.82345702133495,0.6540156668960747
2026-07-26 12:46:26.357126,VOYG,30m,2026-05-01 09:30:00-04:00,2026-07-26,5,0.7,0.5,3.0,0.7,76,0.4342105263157895,56.935116756841744,0.7491462731163387
2026-07-26 12:46:26.357126,VOYG,30m,2026-05-01 09:30:00-04:00,2026-07-26,5,0.7,0.5,3.5,0.3,95,0.42105263157894735,191.3958068975098,2.0146927041843137
2026-07-26 12:46:26.357126,VOYG,30m,2026-05-01 09:30:00-04:00,2026-07-26,5,0.7,0.5,3.5,0.5,93,0.3548387096774194,45.49945706833743,0.48924147385309064
2026-07-26 12:46:26.357126,VOYG,30m,2026-05-01 09:30:00-04:00,2026-07-26,5,0.7,0.5,3.5,0.7,78,0.38461538461538464,63.153434355095406,0.8096594148089155
2026-07-26 12:46:26.357126,VOYG,30m,2026-05-01 09:30:00-04:00,2026-07-26,5,0.7,0.8,1.0,0.3,160,0.3625,-60.51052724119275,-0.3781907952574547
2026-07-26 12:46:26.357126,VOYG,30m,2026-05-01 09:30:00-04:00,2026-07-26,5,0.7,0.8,1.0,0.5,144,0.3541666666666667,-56.38757607378903,-0.3915803894013127
2026-07-26 12:46:26.357126,VOYG,30m,2026-05-01 09:30:00-04:00,2026-07-26,5,0.7,0.8,1.0,0.7,115,0.3826086956521739,-19.552829236147247,-0.17002460205345432
2026-07-26 12:46:26.357126,VOYG,30m,2026-05-01 09:30:00-04:00,2026-07-26,5,0.7,0.8,1.5,0.3,127,0.4251968503937008,106.24013962565567,0.8365365324854778
2026-07-26 12:46:26.357126,VOYG,30m,2026-05-01 09:30:00-04:00,2026-07-26,5,0.7,0.8,1.5,0.5,118,0.3983050847457627,56.39745314853563,0.4779445182079291
2026-07-26 12:46:26.357126,VOYG,30m,2026-05-01 09:30:00-04:00,2026-07-26,5,0.7,0.8,1.5,0.7,98,0.41836734693877553,33.65778454496955,0.34344678107111787
2026-07-26 12:46:26.357126,VOYG,30m,2026-05-01 09:30:00-04:00,2026-07-26,5,0.7,0.8,2.0,0.3,122,0.3524590163934426,18.41758594658348,0.1509638192342908
2026-07-26 12:46:26.357126,VOYG,30m,2026-05-01 09:30:00-04:00,2026-07-26,5,0.7,0.8,2.0,0.5,112,0.33035714285714285,-7.176935892712706,-0.06407978475636344
2026-07-26 12:46:26.357126,VOYG,30m,2026-05-01 09:30:00-04:00,2026-07-26,5,0.7,0.8,2.0,0.7,90,0.4,14.792714310213846,0.1643634923357094
2026-07-26 12:46:26.357126,VOYG,30m,2026-05-01 09:30:00-04:00,2026-07-26,5,0.7,0.8,2.5,0.3,108,0.37037037037037035,-8.533543502382024,-0.07901429168872244
2026-07-26 12:46:26.357126,VOYG,30m,2026-05-01 09:30:00-04:00,2026-07-26,5,0.7,0.8,2.5,0.5,100,0.36,-26.683606190975922,-0.2668360619097592
2026-07-26 12:46:26.357126,VOYG,30m,2026-05-01 09:30:00-04:00,2026-07-26,5,0.7,0.8,2.5,0.7,83,0.42168674698795183,-2.915848696232324,-0.03513070718352197
2026-07-26 12:46:26.357126,VOYG,30m,2026-05-01 09:30:00-04:00,2026-07-26,5,0.7,0.8,3.0,0.3,99,0.40404040404040403,15.942005804385424,0.16103036166045884
2026-07-26 12:46:26.357126,VOYG,30m,2026-05-01 09:30:00-04:00,2026-07-26,5,0.7,0.8,3.0,0.5,93,0.3978494623655914,-10.254595767177896,-0.11026447061481609
2026-07-26 12:46:26.357126,VOYG,30m,2026-05-01 09:30:00-04:00,2026-07-26,5,0.7,0.8,3.0,0.7,77,0.42857142857142855,7.953623576178401,0.10329381267764158
2026-07-26 12:46:26.357126,VOYG,30m,2026-05-01 09:30:00-04:00,2026-07-26,5,0.7,0.8,3.5,0.3,96,0.34375,27.7853616868136,0.28943085090430837
2026-07-26 12:46:26.357126,VOYG,30m,2026-05-01 09:30:00-04:00,2026-07-26,5,0.7,0.8,3.5,0.5,91,0.34065934065934067,3.6705251177711418,0.04033544085462793
2026-07-26 12:46:26.357126,VOYG,30m,2026-05-01 09:30:00-04:00,2026-07-26,5,0.7,0.8,3.5,0.7,78,0.38461538461538464,27.105043594625045,0.3475005589054493
2026-07-26 12:46:26.357126,VOYG,30m,2026-05-01 09:30:00-04:00,2026-07-26,5,0.7,1.0,1.0,0.3,151,0.3708609271523179,-54.446243506078666,-0.3605711490468786
2026-07-26 12:46:26.357126,VOYG,30m,2026-05-01 09:30:00-04:00,2026-07-26,5,0.7,1.0,1.0,0.5,138,0.34782608695652173,-61.108389417441806,-0.44281441606841887
2026-07-26 12:46:26.357126,VOYG,30m,2026-05-01 09:30:00-04:00,2026-07-26,5,0.7,1.0,1.0,0.7,109,0.3669724770642202,-35.06507300463575,-0.32169791747372245
2026-07-26 12:46:26.357126,VOYG,30m,2026-05-01 09:30:00-04:00,2026-07-26,5,0.7,1.0,1.5,0.3,130,0.4076923076923077,-40.642055275387634,-0.31263119442605874
2026-07-26 12:46:26.357126,VOYG,30m,2026-05-01 09:30:00-04:00,2026-07-26,5,0.7,1.0,1.5,0.5,122,0.3770491803278688,-70.26013203775557,-0.5759027216209472
2026-07-26 12:46:26.357126,VOYG,30m,2026-05-01 09:30:00-04:00,2026-07-26,5,0.7,1.0,1.5,0.7,98,0.3877551020408163,-54.76963953664171,-0.5588738728228746
2026-07-26 12:46:26.357126,VOYG,30m,2026-05-01 09:30:00-04:00,2026-07-26,5,0.7,1.0,2.0,0.3,120,0.35833333333333334,-19.706584419071355,-0.16422153682559462
2026-07-26 12:46:26.357126,VOYG,30m,2026-05-01 09:30:00-04:00,2026-07-26,5,0.7,1.0,2.0,0.5,112,0.32142857142857145,-61.116118179525195,-0.5456796266029035
2026-07-26 12:46:26.357126,VOYG,30m,2026-05-01 09:30:00-04:00,2026-07-26,5,0.7,1.0,2.0,0.7,90,0.35555555555555557,-20.520463398619214,-0.2280051488735468
2026-07-26 12:46:26.357126,VOYG,30m,2026-05-01 09:30:00-04:00,2026-07-26,5,0.7,1.0,2.5,0.3,109,0.3486238532110092,-48.58382137933787,-0.4457231319205309
2026-07-26 12:46:26.357126,VOYG,30m,2026-05-01 09:30:00-04:00,2026-07-26,5,0.7,1.0,2.5,0.5,102,0.3235294117647059,-95.72907079831444,-0.9385203019442592
2026-07-26 12:46:26.357126,VOYG,30m,2026-05-01 09:30:00-04:00,2026-07-26,5,0.7,1.0,2.5,0.7,83,0.37349397590361444,-35.14246417416586,-0.4234031828212754
2026-07-26 12:46:26.357126,VOYG,30m,2026-05-01 09:30:00-04:00,2026-07-26,5,0.7,1.0,3.0,0.3,97,0.4020618556701031,-5.940094098809077,-0.06123808349287708
2026-07-26 12:46:26.357126,VOYG,30m,2026-05-01 09:30:00-04:00,2026-07-26,5,0.7,1.0,3.0,0.5,92,0.3695652173913043,-73.24714910951376,-0.7961646642338451
2026-07-26 12:46:26.357126,VOYG,30m,2026-05-01 09:30:00-04:00,2026-07-26,5,0.7,1.0,3.0,0.7,77,0.37662337662337664,-33.306754893374446,-0.4325552583555123
2026-07-26 12:46:26.357126,VOYG,30m,2026-05-01 09:30:00-04:00,2026-07-26,5,0.7,1.0,3.5,0.3,94,0.3404255319148936,5.521069160532015,0.058734778303532076
2026-07-26 12:46:26.357126,VOYG,30m,2026-05-01 09:30:00-04:00,2026-07-26,5,0.7,1.0,3.5,0.5,91,0.31868131868131866,-55.617622663028904,-0.6111826666266913
2026-07-26 12:46:26.357126,VOYG,30m,2026-05-01 09:30:00-04:00,2026-07-26,5,0.7,1.0,3.5,0.7,78,0.3333333333333333,-14.867854878625693,-0.19061352408494478
2026-07-26 12:46:26.357126,VOYG,30m,2026-05-01 09:30:00-04:00,2026-07-26,5,0.7,1.2,1.0,0.3,136,0.375,-38.06783400530904,-0.2799105441566841
2026-07-26 12:46:26.357126,VOYG,30m,2026-05-01 09:30:00-04:00,2026-07-26,5,0.7,1.2,1.0,0.5,123,0.35772357723577236,-43.116152766419056,-0.3505378273692606
2026-07-26 12:46:26.357126,VOYG,30m,2026-05-01 09:30:00-04:00,2026-07-26,5,0.7,1.2,1.0,0.7,99,0.40404040404040403,-9.561187883974078,-0.09657765539367756
2026-07-26 12:46:26.357126,VOYG,30m,2026-05-01 09:30:00-04:00,2026-07-26,5,0.7,1.2,1.5,0.3,125,0.424,-6.3193515425853874,-0.0505548123406831
2026-07-26 12:46:26.357126,VOYG,30m,2026-05-01 09:30:00-04:00,2026-07-26,5,0.7,1.2,1.5,0.5,117,0.4017094017094017,-33.7773938378319,-0.28869567382762307
2026-07-26 12:46:26.357126,VOYG,30m,2026-05-01 09:30:00-04:00,2026-07-26,5,0.7,1.2,1.5,0.7,95,0.42105263157894735,-21.177886983171604,-0.22292512613864846
2026-07-26 12:46:26.357126,VOYG,30m,2026-05-01 09:30:00-04:00,2026-07-26,5,0.7,1.2,2.0,0.3,115,0.3739130434782609,31.71007952906745,0.27573982199189084
2026-07-26 12:46:26.357126,VOYG,30m,2026-05-01 09:30:00-04:00,2026-07-26,5,0.7,1.2,2.0,0.5,107,0.34579439252336447,-4.223331329298901,-0.03947038625512991
2026-07-26 12:46:26.357126,VOYG,30m,2026-05-01 09:30:00-04:00,2026-07-26,5,0.7,1.2,2.0,0.7,88,0.375,18.239586255205147,0.2072680256273312
2026-07-26 12:46:26.357126,VOYG,30m,2026-05-01 09:30:00-04:00,2026-07-26,5,0.7,1.2,2.5,0.3,105,0.3904761904761905,30.094638019849285,0.2866156001890408
2026-07-26 12:46:26.357126,VOYG,30m,2026-05-01 09:30:00-04:00,2026-07-26,5,0.7,1.2,2.5,0.5,98,0.37755102040816324,-9.201545332520453,-0.09389331971959647
2026-07-26 12:46:26.357126,VOYG,30m,2026-05-01 09:30:00-04:00,2026-07-26,5,0.7,1.2,2.5,0.7,82,0.4268292682926829,28.660953168377112,0.3495238191265502
2026-07-26 12:46:26.357126,VOYG,30m,2026-05-01 09:30:00-04:00,2026-07-26,5,0.7,1.2,3.0,0.3,95,0.4421052631578947,58.16508982240734,0.6122641033937615
2026-07-26 12:46:26.357126,VOYG,30m,2026-05-01 09:30:00-04:00,2026-07-26,5,0.7,1.2,3.0,0.5,90,0.4111111111111111,-9.508348296449256,-0.10564831440499173
2026-07-26 12:46:26.357126,VOYG,30m,2026-05-01 09:30:00-04:00,2026-07-26,5,0.7,1.2,3.0,0.7,78,0.4230769230769231,21.044480389152476,0.2698010306301599
2026-07-26 12:46:26.357126,VOYG,30m,2026-05-01 09:30:00-04:00,2026-07-26,5,0.7,1.2,3.5,0.3,92,0.391304347826087,55.63718595800023,0.6047520212826112
2026-07-26 12:46:26.357126,VOYG,30m,2026-05-01 09:30:00-04:00,2026-07-26,5,0.7,1.2,3.5,0.5,87,0.3563218390804598,-6.702315559465113,-0.07703810987890934
2026-07-26 12:46:26.357126,VOYG,30m,2026-05-01 09:30:00-04:00,2026-07-26,5,0.7,1.2,3.5,0.7,77,0.37662337662337664,21.377149580891626,0.2776253192323588
2026-07-26 12:46:26.357126,VOYG,30m,2026-05-01 09:30:00-04:00,2026-07-26,5,0.7,1.5,1.0,0.3,114,0.39473684210526316,-28.065356509706376,-0.2461873378044419
2026-07-26 12:46:26.357126,VOYG,30m,2026-05-01 09:30:00-04:00,2026-07-26,5,0.7,1.5,1.0,0.5,104,0.375,-34.87817138816421,-0.33536703257850203
2026-07-26 12:46:26.357126,VOYG,30m,2026-05-01 09:30:00-04:00,2026-07-26,5,0.7,1.5,1.0,0.7,83,0.40963855421686746,-13.255699126625196,-0.15970721839307464
2026-07-26 12:46:26.357126,VOYG,30m,2026-05-01 09:30:00-04:00,2026-07-26,5,0.7,1.5,1.5,0.3,109,0.41284403669724773,0.939300601190709,0.008617436708171642
2026-07-26 12:46:26.357126,VOYG,30m,2026-05-01 09:30:00-04:00,2026-07-26,5,0.7,1.5,1.5,0.5,101,0.39603960396039606,-15.66732449315505,-0.15512202468470346
2026-07-26 12:46:26.357126,VOYG,30m,2026-05-01 09:30:00-04:00,2026-07-26,5,0.7,1.5,1.5,0.7,79,0.4177215189873418,-2.74123211967499,-0.03469914075537962
2026-07-26 12:46:26.357126,VOYG,30m,2026-05-01 09:30:00-04:00,2026-07-26,5,0.7,1.5,2.0,0.3,102,0.3627450980392157,20.35001414295077,0.1995099425779487
2026-07-26 12:46:26.357126,VOYG,30m,2026-05-01 09:30:00-04:00,2026-07-26,5,0.7,1.5,2.0,0.5,94,0.32978723404255317,-18.035547807886985,-0.19186752987113814
2026-07-26 12:46:26.357126,VOYG,30m,2026-05-01 09:30:00-04:00,2026-07-26,5,0.7,1.5,2.0,0.7,75,0.36,5.84802489785563,0.07797366530474174
2026-07-26 12:46:26.357126,VOYG,30m,2026-05-01 09:30:00-04:00,2026-07-26,5,0.7,1.5,2.5,0.3,96,0.40625,24.352395701289453,0.25367078855509845
2026-07-26 12:46:26.357126,VOYG,30m,2026-05-01 09:30:00-04:00,2026-07-26,5,0.7,1.5,2.5,0.5,88,0.38636363636363635,-18.171953433651453,-0.20649947083694833
2026-07-26 12:46:26.357126,VOYG,30m,2026-05-01 09:30:00-04:00,2026-07-26,5,0.7,1.5,2.5,0.7,72,0.4166666666666667,11.265485791707697,0.15646508044038468
2026-07-26 12:46:26.357126,VOYG,30m,2026-05-01 09:30:00-04:00,2026-07-26,5,0.7,1.5,3.0,0.3,93,0.3978494623655914,-55.575257253867036,-0.5975834113319036
2026-07-26 12:46:26.357126,VOYG,30m,2026-05-01 09:30:00-04:00,2026-07-26,5,0.7,1.5,3.0,0.5,85,0.3764705882352941,-93.85587319839979,-1.1041867435105859
2026-07-26 12:46:26.357126,VOYG,30m,2026-05-01 09:30:00-04:00,2026-07-26,5,0.7,1.5,3.0,0.7,72,0.375,-45.4444994851124,-0.6311736039598945
2026-07-26 12:46:26.357126,VOYG,30m,2026-05-01 09:30:00-04:00,2026-07-26,5,0.7,1.5,3.5,0.3,89,0.3595505617977528,-30.11721336471495,-0.33839565578331404
2026-07-26 12:46:26.357126,VOYG,30m,2026-05-01 09:30:00-04:00,2026-07-26,5,0.7,1.5,3.5,0.5,81,0.3333333333333333,-62.334089012135905,-0.7695566544708137
2026-07-26 12:46:26.357126,VOYG,30m,2026-05-01 09:30:00-04:00,2026-07-26,5,0.7,1.5,3.5,0.7,70,0.32857142857142857,-30.03905386581507,-0.42912934094021526
2026-07-26 12:46:26.357126,VOYG,30m,2026-05-01 09:30:00-04:00,2026-07-26,5,0.7,1.8,1.0,0.3,99,0.3939393939393939,-24.459433424180226,-0.24706498408262853
2026-07-26 12:46:26.357126,VOYG,30m,2026-05-01 09:30:00-04:00,2026-07-26,5,0.7,1.8,1.0,0.5,90,0.37777777777777777,-30.31384830263807,-0.33682053669597856
2026-07-26 12:46:26.357126,VOYG,30m,2026-05-01 09:30:00-04:00,2026-07-26,5,0.7,1.8,1.0,0.7,73,0.4246575342465753,-3.8740298464085043,-0.05306890200559595
2026-07-26 12:46:26.357126,VOYG,30m,2026-05-01 09:30:00-04:00,2026-07-26,5,0.7,1.8,1.5,0.3,92,0.40217391304347827,6.323840001971348,0.06873739132577553
2026-07-26 12:46:26.357126,VOYG,30m,2026-05-01 09:30:00-04:00,2026-07-26,5,0.7,1.8,1.5,0.5,85,0.38823529411764707,-9.34590733344453,-0.10995185098170035
2026-07-26 12:46:26.357126,VOYG,30m,2026-05-01 09:30:00-04:00,2026-07-26,5,0.7,1.8,1.5,0.7,70,0.42857142857142855,11.342892903405648,0.16204132719150927
2026-07-26 12:46:26.357126,VOYG,30m,2026-05-01 09:30:00-04:00,2026-07-26,5,0.7,1.8,2.0,0.3,89,0.38202247191011235,54.24563672411406,0.6095015362260007
2026-07-26 12:46:26.357126,VOYG,30m,2026-05-01 09:30:00-04:00,2026-07-26,5,0.7,1.8,2.0,0.5,82,0.35365853658536583,16.789778451849493,0.2047533957542621
2026-07-26 12:46:26.357126,VOYG,30m,2026-05-01 09:30:00-04:00,2026-07-26,5,0.7,1.8,2.0,0.7,68,0.38235294117647056,40.50997767944416,0.5957349658741788
2026-07-26 12:46:26.357126,VOYG,30m,2026-05-01 09:30:00-04:00,2026-07-26,5,0.7,1.8,2.5,0.3,83,0.42168674698795183,40.68877600985335,0.4902262169861849
2026-07-26 12:46:26.357126,VOYG,30m,2026-05-01 09:30:00-04:00,2026-07-26,5,0.7,1.8,2.5,0.5,76,0.39473684210526316,-0.9556299721705415,-0.012574078581191335
2026-07-26 12:46:26.357126,VOYG,30m,2026-05-01 09:30:00-04:00,2026-07-26,5,0.7,1.8,2.5,0.7,65,0.4461538461538462,34.63494875437842,0.5328453654519757
2026-07-26 12:46:26.357126,VOYG,30m,2026-05-01 09:30:00-04:00,2026-07-26,5,0.7,1.8,3.0,0.3,82,0.4268292682926829,11.10022722544607,0.13536862470056182
2026-07-26 12:46:26.357126,VOYG,30m,2026-05-01 09:30:00-04:00,2026-07-26,5,0.7,1.8,3.0,0.5,75,0.4,-26.56445693558623,-0.3541927591411497
2026-07-26 12:46:26.357126,VOYG,30m,2026-05-01 09:30:00-04:00,2026-07-26,5,0.7,1.8,3.0,0.7,65,0.4,0.481582947847663,0.007408968428425584
2026-07-26 12:46:26.357126,VOYG,30m,2026-05-01 09:30:00-04:00,2026-07-26,5,0.7,1.8,3.5,0.3,78,0.38461538461538464,40.691229709523995,0.5216824321733845
2026-07-26 12:46:26.357126,VOYG,30m,2026-05-01 09:30:00-04:00,2026-07-26,5,0.7,1.8,3.5,0.5,72,0.3472222222222222,-1.3062255238131044,-0.018142021164070894
2026-07-26 12:46:26.357126,VOYG,30m,2026-05-01 09:30:00-04:00,2026-07-26,5,0.7,1.8,3.5,0.7,64,0.359375,18.772011633618817,0.293312681775294
2026-07-26 12:46:26.357126,VOYG,30m,2026-05-01 09:30:00-04:00,2026-07-26,5,0.7,2.0,1.0,0.3,83,0.3493975903614458,-21.357413999675572,-0.25731824095994665
2026-07-26 12:46:26.357126,VOYG,30m,2026-05-01 09:30:00-04:00,2026-07-26,5,0.7,2.0,1.0,0.5,77,0.35064935064935066,-17.220013999675672,-0.2236365454503334
2026-07-26 12:46:26.357126,VOYG,30m,2026-05-01 09:30:00-04:00,2026-07-26,5,0.7,2.0,1.0,0.7,66,0.3939393939393939,-0.6765577351680818,-0.010250874775273967
2026-07-26 12:46:26.357126,VOYG,30m,2026-05-01 09:30:00-04:00,2026-07-26,5,0.7,2.0,1.5,0.3,80,0.4,-10.207483994327546,-0.12759354992909433
2026-07-26 12:46:26.357126,VOYG,30m,2026-05-01 09:30:00-04:00,2026-07-26,5,0.7,2.0,1.5,0.5,75,0.4,-6.436634451936776,-0.08582179269249034
2026-07-26 12:46:26.357126,VOYG,30m,2026-05-01 09:30:00-04:00,2026-07-26,5,0.7,2.0,1.5,0.7,65,0.4307692307692308,3.4886303512370276,0.05367123617287735
2026-07-26 12:46:26.357126,VOYG,30m,2026-05-01 09:30:00-04:00,2026-07-26,5,0.7,2.0,2.0,0.3,79,0.3924050632911392,19.676113722713964,0.24906473066726537
2026-07-26 12:46:26.357126,VOYG,30m,2026-05-01 09:30:00-04:00,2026-07-26,5,0.7,2.0,2.0,0.5,74,0.3783783783783784,-1.9756153791417148,-0.026697505123536688
2026-07-26 12:46:26.357126,VOYG,30m,2026-05-01 09:30:00-04:00,2026-07-26,5,0.7,2.0,2.0,0.7,64,0.40625,17.551016061442937,0.2742346259600459
2026-07-26 12:46:26.357126,VOYG,30m,2026-05-01 09:30:00-04:00,2026-07-26,5,0.7,2.0,2.5,0.3,73,0.4246575342465753,7.354987667585249,0.10075325572034588
2026-07-26 12:46:26.357126,VOYG,30m,2026-05-01 09:30:00-04:00,2026-07-26,5,0.7,2.0,2.5,0.5,68,0.4117647058823529,-14.002702911792042,-0.20592210164400063
2026-07-26 12:46:26.357126,VOYG,30m,2026-05-01 09:30:00-04:00,2026-07-26,5,0.7,2.0,2.5,0.7,61,0.45901639344262296,10.808416080994405,0.17718714886876075
2026-07-26 12:46:26.357126,VOYG,30m,2026-05-01 09:30:00-04:00,2026-07-26,5,0.7,2.0,3.0,0.3,73,0.410958904109589,-11.195965267786498,-0.15336938722995203
2026-07-26 12:46:26.357126,VOYG,30m,2026-05-01 09:30:00-04:00,2026-07-26,5,0.7,2.0,3.0,0.5,68,0.39705882352941174,-31.068994570406254,-0.45689697897656256
2026-07-26 12:46:26.357126,VOYG,30m,2026-05-01 09:30:00-04:00,2026-07-26,5,0.7,2.0,3.0,0.7,61,0.4098360655737705,1.511647536109848,0.02478110714934177
2026-07-26 12:46:26.357126,VOYG,30m,2026-05-01 09:30:00-04:00,2026-07-26,5,0.7,2.0,3.5,0.3,71,0.38028169014084506,5.142163493442098,0.07242483793580419
2026-07-26 12:46:26.357126,VOYG,30m,2026-05-01 09:30:00-04:00,2026-07-26,5,0.7,2.0,3.5,0.5,67,0.3582089552238806,-20.012944405080333,-0.29870066276239304
2026-07-26 12:46:26.357126,VOYG,30m,2026-05-01 09:30:00-04:00,2026-07-26,5,0.7,2.0,3.5,0.7,60,0.38333333333333336,13.101873673039321,0.21836456121732203
2026-07-26 12:46:26.357126,VOYG,30m,2026-05-01 09:30:00-04:00,2026-07-26,5,0.7,2.5,1.0,0.3,69,0.37681159420289856,-15.089019355261257,-0.21868143993132258
2026-07-26 12:46:26.357126,VOYG,30m,2026-05-01 09:30:00-04:00,2026-07-26,5,0.7,2.5,1.0,0.5,65,0.35384615384615387,-17.89141935526132,-0.27525260546555874
2026-07-26 12:46:26.357126,VOYG,30m,2026-05-01 09:30:00-04:00,2026-07-26,5,0.7,2.5,1.0,0.7,57,0.40350877192982454,-3.412827990963443,-0.0598741752800604
2026-07-26 12:46:26.357126,VOYG,30m,2026-05-01 09:30:00-04:00,2026-07-26,5,0.7,2.5,1.5,0.3,66,0.42424242424242425,-0.23548967211183935,-0.003568025335027869
2026-07-26 12:46:26.357126,VOYG,30m,2026-05-01 09:30:00-04:00,2026-07-26,5,0.7,2.5,1.5,0.5,63,0.3968253968253968,-3.3085103946729078,-0.052516038010681075
2026-07-26 12:46:26.357126,VOYG,30m,2026-05-01 09:30:00-04:00,2026-07-26,5,0.7,2.5,1.5,0.7,56,0.44642857142857145,7.986356200988034,0.14261350358907204
2026-07-26 12:46:26.357126,VOYG,30m,2026-05-01 09:30:00-04:00,2026-07-26,5,0.7,2.5,2.0,0.3,66,0.42424242424242425,14.385370552140202,0.21796015988091216
2026-07-26 12:46:26.357126,VOYG,30m,2026-05-01 09:30:00-04:00,2026-07-26,5,0.7,2.5,2.0,0.5,63,0.3968253968253968,11.802009588725397,0.18733348553532378
2026-07-26 12:46:26.357126,VOYG,30m,2026-05-01 09:30:00-04:00,2026-07-26,5,0.7,2.5,2.0,0.7,56,0.44642857142857145,31.49405116547147,0.5623937708119905
2026-07-26 12:46:26.357126,VOYG,30m,2026-05-01 09:30:00-04:00,2026-07-26,5,0.7,2.5,2.5,0.3,63,0.4603174603174603,8.12614286223404,0.12898639463863557
2026-07-26 12:46:26.357126,VOYG,30m,2026-05-01 09:30:00-04:00,2026-07-26,5,0.7,2.5,2.5,0.5,60,0.43333333333333335,5.091412455907722,0.08485687426512871
2026-07-26 12:46:26.357126,VOYG,30m,2026-05-01 09:30:00-04:00,2026-07-26,5,0.7,2.5,2.5,0.7,53,0.49056603773584906,31.717864426840308,0.5984502722045341
2026-07-26 12:46:26.357126,VOYG,30m,2026-05-01 09:30:00-04:00,2026-07-26,5,0.7,2.5,3.0,0.3,63,0.4126984126984127,-3.522234188616764,-0.05590847918439308
2026-07-26 12:46:26.357126,VOYG,30m,2026-05-01 09:30:00-04:00,2026-07-26,5,0.7,2.5,3.0,0.5,60,0.38333333333333336,-6.065510676208419,-0.10109184460347365
2026-07-26 12:46:26.357126,VOYG,30m,2026-05-01 09:30:00-04:00,2026-07-26,5,0.7,2.5,3.0,0.7,53,0.4339622641509434,27.673531004083216,0.5221420944166645
2026-07-26 12:46:26.357126,VOYG,30m,2026-05-01 09:30:00-04:00,2026-07-26,5,0.7,2.5,3.5,0.3,60,0.38333333333333336,17.047353680496755,0.28412256134161257
2026-07-26 12:46:26.357126,VOYG,30m,2026-05-01 09:30:00-04:00,2026-07-26,5,0.7,2.5,3.5,0.5,58,0.3620689655172414,8.476957399507157,0.14615443792253718
2026-07-26 12:46:26.357126,VOYG,30m,2026-05-01 09:30:00-04:00,2026-07-26,5,0.7,2.5,3.5,0.7,52,0.40384615384615385,42.94215438567498,0.8258106612629804
2026-07-26 12:46:26.357126,VOYG,30m,2026-05-01 09:30:00-04:00,2026-07-26,5,0.7,3.0,1.0,0.3,57,0.43859649122807015,8.23334402043475,0.14444463193745175
2026-07-26 12:46:26.357126,VOYG,30m,2026-05-01 09:30:00-04:00,2026-07-26,5,0.7,3.0,1.0,0.5,54,0.4074074074074074,4.049544020434688,0.0749915559339757
2026-07-26 12:46:26.357126,VOYG,30m,2026-05-01 09:30:00-04:00,2026-07-26,5,0.7,3.0,1.0,0.7,47,0.46808510638297873,14.441812565433452,0.30727260777517984
2026-07-26 12:46:26.357126,VOYG,30m,2026-05-01 09:30:00-04:00,2026-07-26,5,0.7,3.0,1.5,0.3,55,0.4727272727272727,2.382673885707156,0.043321343376493744
2026-07-26 12:46:26.357126,VOYG,30m,2026-05-01 09:30:00-04:00,2026-07-26,5,0.7,3.0,1.5,0.5,52,0.4423076923076923,-1.6132422833013393,-0.031023890063487294
2026-07-26 12:46:26.357126,VOYG,30m,2026-05-01 09:30:00-04:00,2026-07-26,5,0.7,3.0,1.5,0.7,46,0.5,3.502140083410943,0.07613348007415092
2026-07-26 12:46:26.357126,VOYG,30m,2026-05-01 09:30:00-04:00,2026-07-26,5,0.7,3.0,2.0,0.3,55,0.4727272727272727,3.0738950242649565,0.05588900044118103
2026-07-26 12:46:26.357126,VOYG,30m,2026-05-01 09:30:00-04:00,2026-07-26,5,0.7,3.0,2.0,0.5,52,0.4423076923076923,-0.38999320107969027,-0.007499869251532505
2026-07-26 12:46:26.357126,VOYG,30m,2026-05-01 09:30:00-04:00,2026-07-26,5,0.7,3.0,2.0,0.7,46,0.5,11.742048375666378,0.2552619212101387
2026-07-26 12:46:26.357126,VOYG,30m,2026-05-01 09:30:00-04:00,2026-07-26,5,0.7,3.0,2.5,0.3,54,0.48148148148148145,-15.080917064161738,-0.2792762419289211
2026-07-26 12:46:26.357126,VOYG,30m,2026-05-01 09:30:00-04:00,2026-07-26,5,0.7,3.0,2.5,0.5,51,0.45098039215686275,-18.012777345842537,-0.3531917126635791
2026-07-26 12:46:26.357126,VOYG,30m,2026-05-01 09:30:00-04:00,2026-07-26,5,0.7,3.0,2.5,0.7,45,0.5111111111111111,1.0536746250900464,0.023414991668667697
2026-07-26 12:46:26.357126,VOYG,30m,2026-05-01 09:30:00-04:00,2026-07-26,5,0.7,3.0,3.0,0.3,53,0.4339622641509434,-21.557583167668426,-0.406746852220159
2026-07-26 12:46:26.357126,VOYG,30m,2026-05-01 09:30:00-04:00,2026-07-26,5,0.7,3.0,3.0,0.5,50,0.4,-23.957415505685375,-0.4791483101137075
2026-07-26 12:46:26.357126,VOYG,30m,2026-05-01 09:30:00-04:00,2026-07-26,5,0.7,3.0,3.0,0.7,44,0.45454545454545453,2.221626174606257,0.050491503968324025
2026-07-26 12:46:26.357126,VOYG,30m,2026-05-01 09:30:00-04:00,2026-07-26,5,0.7,3.0,3.5,0.3,50,0.42,4.251743977846125,0.0850348795569225
2026-07-26 12:46:26.357126,VOYG,30m,2026-05-01 09:30:00-04:00,2026-07-26,5,0.7,3.0,3.5,0.5,48,0.3958333333333333,-4.134634128639796,-0.08613821101332908
2026-07-26 12:46:26.357126,VOYG,30m,2026-05-01 09:30:00-04:00,2026-07-26,5,0.7,3.0,3.5,0.7,43,0.4418604651162791,22.770562857528027,0.5295479734308843
2026-07-26 12:46:26.357126,VOYG,30m,2026-05-01 09:30:00-04:00,2026-07-26,5,0.7,3.5,1.0,0.3,47,0.40425531914893614,0.9470589834430498,0.020150191137086167
2026-07-26 12:46:26.357126,VOYG,30m,2026-05-01 09:30:00-04:00,2026-07-26,5,0.7,3.5,1.0,0.5,44,0.36363636363636365,-3.236741016557012,-0.07356229583084119
2026-07-26 12:46:26.357126,VOYG,30m,2026-05-01 09:30:00-04:00,2026-07-26,5,0.7,3.5,1.0,0.7,38,0.42105263157894735,6.11792752844174,0.16099809285373
2026-07-26 12:46:26.357126,VOYG,30m,2026-05-01 09:30:00-04:00,2026-07-26,5,0.7,3.5,1.5,0.3,46,0.43478260869565216,-1.460227257156177,-0.031744070807742976
2026-07-26 12:46:26.357126,VOYG,30m,2026-05-01 09:30:00-04:00,2026-07-26,5,0.7,3.5,1.5,0.5,43,0.3953488372093023,-5.456143426164672,-0.12688705642243425
2026-07-26 12:46:26.357126,VOYG,30m,2026-05-01 09:30:00-04:00,2026-07-26,5,0.7,3.5,1.5,0.7,37,0.4594594594594595,0.35945163795304325,0.009714909133866034
2026-07-26 12:46:26.357126,VOYG,30m,2026-05-01 09:30:00-04:00,2026-07-26,5,0.7,3.5,2.0,0.3,46,0.41304347826086957,-10.60980838139809,-0.2306480082912628
2026-07-26 12:46:26.357126,VOYG,30m,2026-05-01 09:30:00-04:00,2026-07-26,5,0.7,3.5,2.0,0.5,43,0.37209302325581395,-14.073696606742736,-0.3272952699242497
2026-07-26 12:46:26.357126,VOYG,30m,2026-05-01 09:30:00-04:00,2026-07-26,5,0.7,3.5,2.0,0.7,37,0.43243243243243246,-0.35803810012275505,-0.00967670540872311
2026-07-26 12:46:26.357126,VOYG,30m,2026-05-01 09:30:00-04:00,2026-07-26,5,0.7,3.5,2.5,0.3,45,0.4888888888888889,-12.396251897876631,-0.27547226439725847
2026-07-26 12:46:26.357126,VOYG,30m,2026-05-01 09:30:00-04:00,2026-07-26,5,0.7,3.5,2.5,0.5,42,0.4523809523809524,-15.32811217955743,-0.3649550518942245
2026-07-26 12:46:26.357126,VOYG,30m,2026-05-01 09:30:00-04:00,2026-07-26,5,0.7,3.5,2.5,0.7,37,0.5135135135135135,1.485520313241544,0.04014919765517686
2026-07-26 12:46:26.357126,VOYG,30m,2026-05-01 09:30:00-04:00,2026-07-26,5,0.7,3.5,3.0,0.3,45,0.4444444444444444,-34.08751833136371,-0.757500407363638
2026-07-26 12:46:26.357126,VOYG,30m,2026-05-01 09:30:00-04:00,2026-07-26,5,0.7,3.5,3.0,0.5,42,0.40476190476190477,-36.48735066938066,-0.8687464445090634
2026-07-26 12:46:26.357126,VOYG,30m,2026-05-01 09:30:00-04:00,2026-07-26,5,0.7,3.5,3.0,0.7,37,0.4594594594594595,-13.01169236284938,-0.3516673611580914
2026-07-26 12:46:26.357126,VOYG,30m,2026-05-01 09:30:00-04:00,2026-07-26,5,0.7,3.5,3.5,0.3,43,0.3953488372093023,-17.90753584971352,-0.4164543220863609
2026-07-26 12:46:26.357126,VOYG,30m,2026-05-01 09:30:00-04:00,2026-07-26,5,0.7,3.5,3.5,0.5,41,0.36585365853658536,-26.29391395619944,-0.6413149745414497
2026-07-26 12:46:26.357126,VOYG,30m,2026-05-01 09:30:00-04:00,2026-07-26,5,0.7,3.5,3.5,0.7,37,0.40540540540540543,-2.542664239418677,-0.06872065511942371
2026-07-26 12:46:26.357126,VOYG,30m,2026-05-01 09:30:00-04:00,2026-07-26,5,1.0,0.5,1.0,0.3,132,0.4318181818181818,46.8239490695737,0.35472688689070986
2026-07-26 12:46:26.357126,VOYG,30m,2026-05-01 09:30:00-04:00,2026-07-26,5,1.0,0.5,1.0,0.5,114,0.41228070175438597,-12.270867788015956,-0.10763919112294698
2026-07-26 12:46:26.357126,VOYG,30m,2026-05-01 09:30:00-04:00,2026-07-26,5,1.0,0.5,1.0,0.7,86,0.43023255813953487,11.37739725776381,0.13229531695074198
2026-07-26 12:46:26.357126,VOYG,30m,2026-05-01 09:30:00-04:00,2026-07-26,5,1.0,0.5,1.5,0.3,107,0.4672897196261682,178.57272695935595,1.6689039902743545
2026-07-26 12:46:26.357126,VOYG,30m,2026-05-01 09:30:00-04:00,2026-07-26,5,1.0,0.5,1.5,0.5,98,0.42857142857142855,90.55741476161725,0.9240552526695638
2026-07-26 12:46:26.357126,VOYG,30m,2026-05-01 09:30:00-04:00,2026-07-26,5,1.0,0.5,1.5,0.7,75,0.4266666666666667,91.12171436928529,1.2149561915904705
2026-07-26 12:46:26.357126,VOYG,30m,2026-05-01 09:30:00-04:00,2026-07-26,5,1.0,0.5,2.0,0.3,97,0.422680412371134,171.36554752519882,1.766655129125761
2026-07-26 12:46:26.357126,VOYG,30m,2026-05-01 09:30:00-04:00,2026-07-26,5,1.0,0.5,2.0,0.5,89,0.38202247191011235,90.27259111629223,1.014298776587553
2026-07-26 12:46:26.357126,VOYG,30m,2026-05-01 09:30:00-04:00,2026-07-26,5,1.0,0.5,2.0,0.7,69,0.4057971014492754,86.3972384405788,1.2521338904431711
2026-07-26 12:46:26.357126,VOYG,30m,2026-05-01 09:30:00-04:00,2026-07-26,5,1.0,0.5,2.5,0.3,87,0.41379310344827586,126.33727059068391,1.4521525355251024
2026-07-26 12:46:26.357126,VOYG,30m,2026-05-01 09:30:00-04:00,2026-07-26,5,1.0,0.5,2.5,0.5,82,0.3902439024390244,49.15589069580062,0.5994620816561052
2026-07-26 12:46:26.357126,VOYG,30m,2026-05-01 09:30:00-04:00,2026-07-26,5,1.0,0.5,2.5,0.7,67,0.40298507462686567,52.42873889934671,0.7825184910350256
2026-07-26 12:46:26.357126,VOYG,30m,2026-05-01 09:30:00-04:00,2026-07-26,5,1.0,0.5,3.0,0.3,79,0.45569620253164556,185.71935910422167,2.350877963344578
2026-07-26 12:46:26.357126,VOYG,30m,2026-05-01 09:30:00-04:00,2026-07-26,5,1.0,0.5,3.0,0.5,75,0.38666666666666666,37.768781082613,0.5035837477681734
2026-07-26 12:46:26.357126,VOYG,30m,2026-05-01 09:30:00-04:00,2026-07-26,5,1.0,0.5,3.0,0.7,61,0.39344262295081966,37.44884184676528,0.6139154401109063
2026-07-26 12:46:26.357126,VOYG,30m,2026-05-01 09:30:00-04:00,2026-07-26,5,1.0,0.5,3.5,0.3,76,0.40789473684210525,211.69862686246765,2.785508248190364
2026-07-26 12:46:26.357126,VOYG,30m,2026-05-01 09:30:00-04:00,2026-07-26,5,1.0,0.5,3.5,0.5,74,0.33783783783783783,69.60689239720377,0.9406336810432941
2026-07-26 12:46:26.357126,VOYG,30m,2026-05-01 09:30:00-04:00,2026-07-26,5,1.0,0.5,3.5,0.7,62,0.3548387096774194,47.16725464583746,0.7607621717070558
2026-07-26 12:46:26.357126,VOYG,30m,2026-05-01 09:30:00-04:00,2026-07-26,5,1.0,0.8,1.0,0.3,119,0.4117647058823529,7.589720487147744,0.06377916375754407
2026-07-26 12:46:26.357126,VOYG,30m,2026-05-01 09:30:00-04:00,2026-07-26,5,1.0,0.8,1.0,0.5,107,0.40186915887850466,-34.88228358270664,-0.32600265030566955
2026-07-26 12:46:26.357126,VOYG,30m,2026-05-01 09:30:00-04:00,2026-07-26,5,1.0,0.8,1.0,0.7,82,0.4024390243902439,-16.264086313677986,-0.19834251602046324
2026-07-26 12:46:26.357126,VOYG,30m,2026-05-01 09:30:00-04:00,2026-07-26,5,1.0,0.8,1.5,0.3,101,0.42574257425742573,60.96449296540886,0.6036088412416719
2026-07-26 12:46:26.357126,VOYG,30m,2026-05-01 09:30:00-04:00,2026-07-26,5,1.0,0.8,1.5,0.5,96,0.3958333333333333,-21.30674720774485,-0.22194528341400885
2026-07-26 12:46:26.357126,VOYG,30m,2026-05-01 09:30:00-04:00,2026-07-26,5,1.0,0.8,1.5,0.7,72,0.4027777777777778,18.104857222972193,0.2514563503190582
2026-07-26 12:46:26.357126,VOYG,30m,2026-05-01 09:30:00-04:00,2026-07-26,5,1.0,0.8,2.0,0.3,92,0.3804347826086957,97.19665228279428,1.0564853508999377
2026-07-26 12:46:26.357126,VOYG,30m,2026-05-01 09:30:00-04:00,2026-07-26,5,1.0,0.8,2.0,0.5,88,0.3409090909090909,2.2506791105437784,0.025575898983452028
2026-07-26 12:46:26.357126,VOYG,30m,2026-05-01 09:30:00-04:00,2026-07-26,5,1.0,0.8,2.0,0.7,69,0.37681159420289856,37.087242982934114,0.5374962751149872
2026-07-26 12:46:26.357126,VOYG,30m,2026-05-01 09:30:00-04:00,2026-07-26,5,1.0,0.8,2.5,0.3,84,0.36904761904761907,28.69213974997546,0.34157309226161264
2026-07-26 12:46:26.357126,VOYG,30m,2026-05-01 09:30:00-04:00,2026-07-26,5,1.0,0.8,2.5,0.5,81,0.35802469135802467,-52.591499221743526,-0.6492777681696732
2026-07-26 12:46:26.357126,VOYG,30m,2026-05-01 09:30:00-04:00,2026-07-26,5,1.0,0.8,2.5,0.7,65,0.38461538461538464,-10.017778471146137,-0.15411966878686365
2026-07-26 12:46:26.357126,VOYG,30m,2026-05-01 09:30:00-04:00,2026-07-26,5,1.0,0.8,3.0,0.3,77,0.4025974025974026,49.28167035835802,0.6400216929656886
2026-07-26 12:46:26.357126,VOYG,30m,2026-05-01 09:30:00-04:00,2026-07-26,5,1.0,0.8,3.0,0.5,75,0.37333333333333335,-51.15495857152702,-0.6820661142870269
2026-07-26 12:46:26.357126,VOYG,30m,2026-05-01 09:30:00-04:00,2026-07-26,5,1.0,0.8,3.0,0.7,59,0.3898305084745763,-13.951784928222366,-0.23647093098681976
2026-07-26 12:46:26.357126,VOYG,30m,2026-05-01 09:30:00-04:00,2026-07-26,5,1.0,0.8,3.5,0.3,75,0.36,82.29826473957466,1.0973101965276622
2026-07-26 12:46:26.357126,VOYG,30m,2026-05-01 09:30:00-04:00,2026-07-26,5,1.0,0.8,3.5,0.5,74,0.32432432432432434,-20.488213368710248,-0.27686774822581417
2026-07-26 12:46:26.357126,VOYG,30m,2026-05-01 09:30:00-04:00,2026-07-26,5,1.0,0.8,3.5,0.7,60,0.35,-4.111976591648023,-0.06853294319413372
2026-07-26 12:46:26.357126,VOYG,30m,2026-05-01 09:30:00-04:00,2026-07-26,5,1.0,1.0,1.0,0.3,108,0.39814814814814814,-32.73868392056883,-0.3031359622274892
2026-07-26 12:46:26.357126,VOYG,30m,2026-05-01 09:30:00-04:00,2026-07-26,5,1.0,1.0,1.0,0.5,101,0.39603960396039606,-33.527719363055475,-0.3319576174559948
2026-07-26 12:46:26.357126,VOYG,30m,2026-05-01 09:30:00-04:00,2026-07-26,5,1.0,1.0,1.0,0.7,79,0.4050632911392405,-16.621232972112203,-0.21039535407736967
2026-07-26 12:46:26.357126,VOYG,30m,2026-05-01 09:30:00-04:00,2026-07-26,5,1.0,1.0,1.5,0.3,97,0.4329896907216495,-3.162297702208434,-0.03260100723926221
2026-07-26 12:46:26.357126,VOYG,30m,2026-05-01 09:30:00-04:00,2026-07-26,5,1.0,1.0,1.5,0.5,92,0.41304347826086957,-13.880789777460372,-0.15087814975500405
2026-07-26 12:46:26.357126,VOYG,30m,2026-05-01 09:30:00-04:00,2026-07-26,5,1.0,1.0,1.5,0.7,73,0.410958904109589,-37.06007106311557,-0.507672206344049
2026-07-26 12:46:26.357126,VOYG,30m,2026-05-01 09:30:00-04:00,2026-07-26,5,1.0,1.0,2.0,0.3,89,0.3707865168539326,16.899372856772573,0.18988059389632103
2026-07-26 12:46:26.357126,VOYG,30m,2026-05-01 09:30:00-04:00,2026-07-26,5,1.0,1.0,2.0,0.5,85,0.35294117647058826,11.286798308138984,0.13278586244869392
2026-07-26 12:46:26.357126,VOYG,30m,2026-05-01 09:30:00-04:00,2026-07-26,5,1.0,1.0,2.0,0.7,70,0.37142857142857144,-17.219751714403948,-0.24599645306291354
2026-07-26 12:46:26.357126,VOYG,30m,2026-05-01 09:30:00-04:00,2026-07-26,5,1.0,1.0,2.5,0.3,84,0.34523809523809523,-54.910282569815784,-0.6536938401168546
2026-07-26 12:46:26.357126,VOYG,30m,2026-05-01 09:30:00-04:00,2026-07-26,5,1.0,1.0,2.5,0.5,80,0.3375,-59.38717338772071,-0.7423396673465088
2026-07-26 12:46:26.357126,VOYG,30m,2026-05-01 09:30:00-04:00,2026-07-26,5,1.0,1.0,2.5,0.7,66,0.36363636363636365,-65.81343934318184,-0.9971733233815431
2026-07-26 12:46:26.357126,VOYG,30m,2026-05-01 09:30:00-04:00,2026-07-26,5,1.0,1.0,3.0,0.3,75,0.37333333333333335,-23.183084583197697,-0.309107794442636
2026-07-26 12:46:26.357126,VOYG,30m,2026-05-01 09:30:00-04:00,2026-07-26,5,1.0,1.0,3.0,0.5,73,0.3561643835616438,-49.302299238043744,-0.6753739621649828
2026-07-26 12:46:26.357126,VOYG,30m,2026-05-01 09:30:00-04:00,2026-07-26,5,1.0,1.0,3.0,0.7,60,0.36666666666666664,-70.70890407971756,-1.1784817346619592
2026-07-26 12:46:26.357126,VOYG,30m,2026-05-01 09:30:00-04:00,2026-07-26,5,1.0,1.0,3.5,0.3,72,0.3472222222222222,11.645303679653054,0.1617403288840702
2026-07-26 12:46:26.357126,VOYG,30m,2026-05-01 09:30:00-04:00,2026-07-26,5,1.0,1.0,3.5,0.5,72,0.3333333333333333,-11.572300683273369,-0.1607263983787968
2026-07-26 12:46:26.357126,VOYG,30m,2026-05-01 09:30:00-04:00,2026-07-26,5,1.0,1.0,3.5,0.7,60,0.35,-52.63291530935558,-0.8772152551559264
2026-07-26 12:46:26.357126,VOYG,30m,2026-05-01 09:30:00-04:00,2026-07-26,5,1.0,1.2,1.0,0.3,100,0.41,-30.173823523976928,-0.3017382352397693
2026-07-26 12:46:26.357126,VOYG,30m,2026-05-01 09:30:00-04:00,2026-07-26,5,1.0,1.2,1.0,0.5,92,0.41304347826086957,-29.889458966463565,-0.324885423548517
2026-07-26 12:46:26.357126,VOYG,30m,2026-05-01 09:30:00-04:00,2026-07-26,5,1.0,1.2,1.0,0.7,73,0.4383561643835616,-6.920519899330415,-0.09480164245658103
2026-07-26 12:46:26.357126,VOYG,30m,2026-05-01 09:30:00-04:00,2026-07-26,5,1.0,1.2,1.5,0.3,93,0.41935483870967744,-6.207979580135145,-0.06675246860360372
2026-07-26 12:46:26.357126,VOYG,30m,2026-05-01 09:30:00-04:00,2026-07-26,5,1.0,1.2,1.5,0.5,87,0.41379310344827586,-7.813879125567837,-0.08981470259273376
2026-07-26 12:46:26.357126,VOYG,30m,2026-05-01 09:30:00-04:00,2026-07-26,5,1.0,1.2,1.5,0.7,71,0.4084507042253521,-29.00452955789718,-0.4085145008154532
2026-07-26 12:46:26.357126,VOYG,30m,2026-05-01 09:30:00-04:00,2026-07-26,5,1.0,1.2,2.0,0.3,85,0.35294117647058826,22.700033486692064,0.2670592174904949
2026-07-26 12:46:26.357126,VOYG,30m,2026-05-01 09:30:00-04:00,2026-07-26,5,1.0,1.2,2.0,0.5,80,0.35,26.31965925707629,0.3289957407134536
2026-07-26 12:46:26.357126,VOYG,30m,2026-05-01 09:30:00-04:00,2026-07-26,5,1.0,1.2,2.0,0.7,68,0.36764705882352944,-5.902049627698958,-0.08679484746616115
2026-07-26 12:46:26.357126,VOYG,30m,2026-05-01 09:30:00-04:00,2026-07-26,5,1.0,1.2,2.5,0.3,81,0.345679012345679,-29.687762731284536,-0.36651558927511774
2026-07-26 12:46:26.357126,VOYG,30m,2026-05-01 09:30:00-04:00,2026-07-26,5,1.0,1.2,2.5,0.5,76,0.35526315789473684,-24.3619031504171,-0.32055135724233025
2026-07-26 12:46:26.357126,VOYG,30m,2026-05-01 09:30:00-04:00,2026-07-26,5,1.0,1.2,2.5,0.7,65,0.38461538461538464,-38.81303012266586,-0.5971235403487055
2026-07-26 12:46:26.357126,VOYG,30m,2026-05-01 09:30:00-04:00,2026-07-26,5,1.0,1.2,3.0,0.3,74,0.3783783783783784,-8.643849364218823,-0.11680877519214626
2026-07-26 12:46:26.357126,VOYG,30m,2026-05-01 09:30:00-04:00,2026-07-26,5,1.0,1.2,3.0,0.5,71,0.36619718309859156,-33.95472532125113,-0.47823556790494554
2026-07-26 12:46:26.357126,VOYG,30m,2026-05-01 09:30:00-04:00,2026-07-26,5,1.0,1.2,3.0,0.7,61,0.39344262295081966,-52.2030034011332,-0.8557869410021837
2026-07-26 12:46:26.357126,VOYG,30m,2026-05-01 09:30:00-04:00,2026-07-26,5,1.0,1.2,3.5,0.3,72,0.3472222222222222,12.400024898498465,0.1722225680347009
2026-07-26 12:46:26.357126,VOYG,30m,2026-05-01 09:30:00-04:00,2026-07-26,5,1.0,1.2,3.5,0.5,69,0.3333333333333333,-11.374463718039145,-0.16484730026143687
2026-07-26 12:46:26.357126,VOYG,30m,2026-05-01 09:30:00-04:00,2026-07-26,5,1.0,1.2,3.5,0.7,60,0.36666666666666664,-52.36994712203102,-0.8728324520338504
2026-07-26 12:46:26.357126,VOYG,30m,2026-05-01 09:30:00-04:00,2026-07-26,5,1.0,1.5,1.0,0.3,85,0.4117647058823529,-30.532755125918527,-0.35920888383433563
2026-07-26 12:46:26.357126,VOYG,30m,2026-05-01 09:30:00-04:00,2026-07-26,5,1.0,1.5,1.0,0.5,78,0.4230769230769231,-27.54995512591858,-0.353204552896392
2026-07-26 12:46:26.357126,VOYG,30m,2026-05-01 09:30:00-04:00,2026-07-26,5,1.0,1.5,1.0,0.7,63,0.4444444444444444,-7.9325452643295336,-0.12591341689411958
2026-07-26 12:46:26.357126,VOYG,30m,2026-05-01 09:30:00-04:00,2026-07-26,5,1.0,1.5,1.5,0.3,82,0.4024390243902439,-30.052675023966266,-0.3664960368776374
2026-07-26 12:46:26.357126,VOYG,30m,2026-05-01 09:30:00-04:00,2026-07-26,5,1.0,1.5,1.5,0.5,76,0.40789473684210525,-27.116708393396266,-0.35679879464995085
2026-07-26 12:46:26.357126,VOYG,30m,2026-05-01 09:30:00-04:00,2026-07-26,5,1.0,1.5,1.5,0.7,61,0.4262295081967213,-11.817125750214856,-0.19372337295434192
2026-07-26 12:46:26.357126,VOYG,30m,2026-05-01 09:30:00-04:00,2026-07-26,5,1.0,1.5,2.0,0.3,78,0.358974358974359,-14.459730505507231,-0.1853811603270158
2026-07-26 12:46:26.357126,VOYG,30m,2026-05-01 09:30:00-04:00,2026-07-26,5,1.0,1.5,2.0,0.5,72,0.3472222222222222,-36.12610348979069,-0.5017514373582039
2026-07-26 12:46:26.357126,VOYG,30m,2026-05-01 09:30:00-04:00,2026-07-26,5,1.0,1.5,2.0,0.7,58,0.3620689655172414,-17.88817141453606,-0.3084167485264838
2026-07-26 12:46:26.357126,VOYG,30m,2026-05-01 09:30:00-04:00,2026-07-26,5,1.0,1.5,2.5,0.3,76,0.34210526315789475,-46.84194445683168,-0.6163413744319959
2026-07-26 12:46:26.357126,VOYG,30m,2026-05-01 09:30:00-04:00,2026-07-26,5,1.0,1.5,2.5,0.5,70,0.32857142857142857,-67.24858331929876,-0.9606940474185537
2026-07-26 12:46:26.357126,VOYG,30m,2026-05-01 09:30:00-04:00,2026-07-26,5,1.0,1.5,2.5,0.7,57,0.38596491228070173,-29.807947609208405,-0.522946449284358
2026-07-26 12:46:26.357126,VOYG,30m,2026-05-01 09:30:00-04:00,2026-07-26,5,1.0,1.5,3.0,0.3,74,0.35135135135135137,-85.16402217926509,-1.1508651645846633
2026-07-26 12:46:26.357126,VOYG,30m,2026-05-01 09:30:00-04:00,2026-07-26,5,1.0,1.5,3.0,0.5,68,0.3382352941176471,-103.21614881422548,-1.5178845413856688
2026-07-26 12:46:26.357126,VOYG,30m,2026-05-01 09:30:00-04:00,2026-07-26,5,1.0,1.5,3.0,0.7,55,0.34545454545454546,-78.62030891881548,-1.4294601621602816
2026-07-26 12:46:26.357126,VOYG,30m,2026-05-01 09:30:00-04:00,2026-07-26,5,1.0,1.5,3.5,0.3,70,0.34285714285714286,-55.544020240139915,-0.7934860034305702
2026-07-26 12:46:26.357126,VOYG,30m,2026-05-01 09:30:00-04:00,2026-07-26,5,1.0,1.5,3.5,0.5,64,0.328125,-71.2416346475938,-1.113150541368653
2026-07-26 12:46:26.357126,VOYG,30m,2026-05-01 09:30:00-04:00,2026-07-26,5,1.0,1.5,3.5,0.7,54,0.3333333333333333,-59.328994515768215,-1.0986850836253372
2026-07-26 12:46:26.357126,VOYG,30m,2026-05-01 09:30:00-04:00,2026-07-26,5,1.0,1.8,1.0,0.3,77,0.38961038961038963,-35.25022215937515,-0.45779509297889803
2026-07-26 12:46:26.357126,VOYG,30m,2026-05-01 09:30:00-04:00,2026-07-26,5,1.0,1.8,1.0,0.5,71,0.39436619718309857,-33.5090221593752,-0.4719580585827493
2026-07-26 12:46:26.357126,VOYG,30m,2026-05-01 09:30:00-04:00,2026-07-26,5,1.0,1.8,1.0,0.7,57,0.42105263157894735,-10.894617335589558,-0.19113363746648349
2026-07-26 12:46:26.357126,VOYG,30m,2026-05-01 09:30:00-04:00,2026-07-26,5,1.0,1.8,1.5,0.3,73,0.3698630136986301,-38.53450432590278,-0.5278699222726408
2026-07-26 12:46:26.357126,VOYG,30m,2026-05-01 09:30:00-04:00,2026-07-26,5,1.0,1.8,1.5,0.5,68,0.36764705882352944,-36.840137695332764,-0.5417667308137171
2026-07-26 12:46:26.357126,VOYG,30m,2026-05-01 09:30:00-04:00,2026-07-26,5,1.0,1.8,1.5,0.7,56,0.39285714285714285,-16.931553183915042,-0.3023491639984829
2026-07-26 12:46:26.357126,VOYG,30m,2026-05-01 09:30:00-04:00,2026-07-26,5,1.0,1.8,2.0,0.3,71,0.36619718309859156,0.728345119735998,0.010258381968112648
2026-07-26 12:46:26.357126,VOYG,30m,2026-05-01 09:30:00-04:00,2026-07-26,5,1.0,1.8,2.0,0.5,66,0.3484848484848485,-22.17962786454745,-0.3360549676446583
2026-07-26 12:46:26.357126,VOYG,30m,2026-05-01 09:30:00-04:00,2026-07-26,5,1.0,1.8,2.0,0.7,55,0.36363636363636365,-2.5152690533942845,-0.04573216460716881
2026-07-26 12:46:26.357126,VOYG,30m,2026-05-01 09:30:00-04:00,2026-07-26,5,1.0,1.8,2.5,0.3,68,0.38235294117647056,-20.20147750278823,-0.29708055151159163
2026-07-26 12:46:26.357126,VOYG,30m,2026-05-01 09:30:00-04:00,2026-07-26,5,1.0,1.8,2.5,0.5,63,0.36507936507936506,-41.89230281055473,-0.6649571874691227
2026-07-26 12:46:26.357126,VOYG,30m,2026-05-01 09:30:00-04:00,2026-07-26,5,1.0,1.8,2.5,0.7,53,0.4339622641509434,-4.8873836805911,-0.09221478642624717
2026-07-26 12:46:26.357126,VOYG,30m,2026-05-01 09:30:00-04:00,2026-07-26,5,1.0,1.8,3.0,0.3,66,0.3939393939393939,-36.76727944273623,-0.5570799915566096
2026-07-26 12:46:26.357126,VOYG,30m,2026-05-01 09:30:00-04:00,2026-07-26,5,1.0,1.8,3.0,0.5,61,0.3770491803278688,-56.360429812055976,-0.9239414723287865
2026-07-26 12:46:26.357126,VOYG,30m,2026-05-01 09:30:00-04:00,2026-07-26,5,1.0,1.8,3.0,0.7,51,0.39215686274509803,-34.06244981279812,-0.6678911727999631
2026-07-26 12:46:26.357126,VOYG,30m,2026-05-01 09:30:00-04:00,2026-07-26,5,1.0,1.8,3.5,0.3,62,0.3870967741935484,-4.061673127007069,-0.06551085688721078
2026-07-26 12:46:26.357126,VOYG,30m,2026-05-01 09:30:00-04:00,2026-07-26,5,1.0,1.8,3.5,0.5,57,0.3684210526315789,-21.55714855788009,-0.3781955887347384
2026-07-26 12:46:26.357126,VOYG,30m,2026-05-01 09:30:00-04:00,2026-07-26,5,1.0,1.8,3.5,0.7,50,0.38,-13.804511638231958,-0.2760902327646392
2026-07-26 12:46:26.357126,VOYG,30m,2026-05-01 09:30:00-04:00,2026-07-26,5,1.0,2.0,1.0,0.3,66,0.3787878787878788,-21.691478509492583,-0.32865876529534216
2026-07-26 12:46:26.357126,VOYG,30m,2026-05-01 09:30:00-04:00,2026-07-26,5,1.0,2.0,1.0,0.5,61,0.39344262295081966,-16.46687850949263,-0.26994882802446934
2026-07-26 12:46:26.357126,VOYG,30m,2026-05-01 09:30:00-04:00,2026-07-26,5,1.0,2.0,1.0,0.7,52,0.40384615384615385,-6.919035877428961,-0.13305838225824923
2026-07-26 12:46:26.357126,VOYG,30m,2026-05-01 09:30:00-04:00,2026-07-26,5,1.0,2.0,1.5,0.3,63,0.38095238095238093,-38.760563662820644,-0.6152470422669943
2026-07-26 12:46:26.357126,VOYG,30m,2026-05-01 09:30:00-04:00,2026-07-26,5,1.0,2.0,1.5,0.5,59,0.3898305084745763,-33.89153586847389,-0.5744328113300659
2026-07-26 12:46:26.357126,VOYG,30m,2026-05-01 09:30:00-04:00,2026-07-26,5,1.0,2.0,1.5,0.7,51,0.39215686274509803,-29.993834630796563,-0.5881144045254229
2026-07-26 12:46:26.357126,VOYG,30m,2026-05-01 09:30:00-04:00,2026-07-26,5,1.0,2.0,2.0,0.3,63,0.38095238095238093,-23.430928488237825,-0.3719194998132988
2026-07-26 12:46:26.357126,VOYG,30m,2026-05-01 09:30:00-04:00,2026-07-26,5,1.0,2.0,2.0,0.5,59,0.3728813559322034,-43.78935325415223,-0.7421924280364786
2026-07-26 12:46:26.357126,VOYG,30m,2026-05-01 09:30:00-04:00,2026-07-26,5,1.0,2.0,2.0,0.7,51,0.37254901960784315,-32.74835935009449,-0.6421246931391076
2026-07-26 12:46:26.357126,VOYG,30m,2026-05-01 09:30:00-04:00,2026-07-26,5,1.0,2.0,2.5,0.3,60,0.4,-34.44804105380342,-0.5741340175633903
2026-07-26 12:46:26.357126,VOYG,30m,2026-05-01 09:30:00-04:00,2026-07-26,5,1.0,2.0,2.5,0.5,56,0.39285714285714285,-54.317301213254154,-0.9699518073795385
2026-07-26 12:46:26.357126,VOYG,30m,2026-05-01 09:30:00-04:00,2026-07-26,5,1.0,2.0,2.5,0.7,49,0.42857142857142855,-37.94407720234883,-0.7743689224969149
2026-07-26 12:46:26.357126,VOYG,30m,2026-05-01 09:30:00-04:00,2026-07-26,5,1.0,2.0,3.0,0.3,59,0.3898305084745763,-45.6107956010229,-0.7730643322207271
2026-07-26 12:46:26.357126,VOYG,30m,2026-05-01 09:30:00-04:00,2026-07-26,5,1.0,2.0,3.0,0.5,55,0.38181818181818183,-64.04806779236384,-1.1645103234975243
2026-07-26 12:46:26.357126,VOYG,30m,2026-05-01 09:30:00-04:00,2026-07-26,5,1.0,2.0,3.0,0.7,48,0.3958333333333333,-43.806584837932256,-0.9126371841235886
2026-07-26 12:46:26.357126,VOYG,30m,2026-05-01 09:30:00-04:00,2026-07-26,5,1.0,2.0,3.5,0.3,57,0.3684210526315789,-31.476233248769674,-0.552214618399468
2026-07-26 12:46:26.357126,VOYG,30m,2026-05-01 09:30:00-04:00,2026-07-26,5,1.0,2.0,3.5,0.5,53,0.3584905660377358,-48.48151747200063,-0.9147456126792572
2026-07-26 12:46:26.357126,VOYG,30m,2026-05-01 09:30:00-04:00,2026-07-26,5,1.0,2.0,3.5,0.7,47,0.3829787234042553,-30.38621581444044,-0.6465152300944774
2026-07-26 12:46:26.357126,VOYG,30m,2026-05-01 09:30:00-04:00,2026-07-26,5,1.0,2.5,1.0,0.3,54,0.3888888888888889,-17.55266124260789,-0.3250492822705165
2026-07-26 12:46:26.357126,VOYG,30m,2026-05-01 09:30:00-04:00,2026-07-26,5,1.0,2.5,1.0,0.5,52,0.38461538461538464,-16.500461242607933,-0.3173165623578449
2026-07-26 12:46:26.357126,VOYG,30m,2026-05-01 09:30:00-04:00,2026-07-26,5,1.0,2.5,1.0,0.7,44,0.4090909090909091,-6.642846461031944,-0.15097378320527144
2026-07-26 12:46:26.357126,VOYG,30m,2026-05-01 09:30:00-04:00,2026-07-26,5,1.0,2.5,1.5,0.3,51,0.37254901960784315,-32.605523710741515,-0.639323994328265
2026-07-26 12:46:26.357126,VOYG,30m,2026-05-01 09:30:00-04:00,2026-07-26,5,1.0,2.5,1.5,0.5,50,0.36,-32.01182826429413,-0.6402365652858826
2026-07-26 12:46:26.357126,VOYG,30m,2026-05-01 09:30:00-04:00,2026-07-26,5,1.0,2.5,1.5,0.7,43,0.3953488372093023,-22.607569659546627,-0.5257574339429448
2026-07-26 12:46:26.357126,VOYG,30m,2026-05-01 09:30:00-04:00,2026-07-26,5,1.0,2.5,2.0,0.3,51,0.39215686274509803,-32.710660459015735,-0.641385499196387
2026-07-26 12:46:26.357126,VOYG,30m,2026-05-01 09:30:00-04:00,2026-07-26,5,1.0,2.5,2.0,0.5,50,0.38,-32.159333197085935,-0.6431866639417188
2026-07-26 12:46:26.357126,VOYG,30m,2026-05-01 09:30:00-04:00,2026-07-26,5,1.0,2.5,2.0,0.7,43,0.4186046511627907,-15.053655057422723,-0.35008500133541215
2026-07-26 12:46:26.357126,VOYG,30m,2026-05-01 09:30:00-04:00,2026-07-26,5,1.0,2.5,2.5,0.3,49,0.4489795918367347,-30.813273290292145,-0.6288423120467784
2026-07-26 12:46:26.357126,VOYG,30m,2026-05-01 09:30:00-04:00,2026-07-26,5,1.0,2.5,2.5,0.5,48,0.4375,-31.245343414937707,-0.6509446544778689
2026-07-26 12:46:26.357126,VOYG,30m,2026-05-01 09:30:00-04:00,2026-07-26,5,1.0,2.5,2.5,0.7,41,0.4878048780487805,-12.678234725547703,-0.30922523720848055
2026-07-26 12:46:26.357126,VOYG,30m,2026-05-01 09:30:00-04:00,2026-07-26,5,1.0,2.5,3.0,0.3,49,0.3877551020408163,-42.32436886477185,-0.863762629893303
2026-07-26 12:46:26.357126,VOYG,30m,2026-05-01 09:30:00-04:00,2026-07-26,5,1.0,2.5,3.0,0.5,48,0.375,-42.7970130143466,-0.8916044377988874
2026-07-26 12:46:26.357126,VOYG,30m,2026-05-01 09:30:00-04:00,2026-07-26,5,1.0,2.5,3.0,0.7,41,0.4146341463414634,-20.15286844573332,-0.49153337672520286
2026-07-26 12:46:26.357126,VOYG,30m,2026-05-01 09:30:00-04:00,2026-07-26,5,1.0,2.5,3.5,0.3,47,0.3829787234042553,-26.37173250217792,-0.5611006915357004
2026-07-26 12:46:26.357126,VOYG,30m,2026-05-01 09:30:00-04:00,2026-07-26,5,1.0,2.5,3.5,0.5,46,0.3695652173913043,-26.88495067668164,-0.5844554494930791
2026-07-26 12:46:26.357126,VOYG,30m,2026-05-01 09:30:00-04:00,2026-07-26,5,1.0,2.5,3.5,0.7,40,0.4,-3.563296690208375,-0.08908241725520938
2026-07-26 12:46:26.357126,VOYG,30m,2026-05-01 09:30:00-04:00,2026-07-26,5,1.0,3.0,1.0,0.3,45,0.4444444444444444,-1.6850228602504558,-0.03744495245001013
2026-07-26 12:46:26.357126,VOYG,30m,2026-05-01 09:30:00-04:00,2026-07-26,5,1.0,3.0,1.0,0.5,44,0.4318181818181818,-2.0142228602504986,-0.04577779227842042
2026-07-26 12:46:26.357126,VOYG,30m,2026-05-01 09:30:00-04:00,2026-07-26,5,1.0,3.0,1.0,0.7,36,0.4722222222222222,7.843391921325491,0.21787199781459698
2026-07-26 12:46:26.357126,VOYG,30m,2026-05-01 09:30:00-04:00,2026-07-26,5,1.0,3.0,1.5,0.3,43,0.4186046511627907,-12.73394122104417,-0.29613816793125974
2026-07-26 12:46:26.357126,VOYG,30m,2026-05-01 09:30:00-04:00,2026-07-26,5,1.0,3.0,1.5,0.5,42,0.40476190476190477,-13.063141221044212,-0.3110271719296241
2026-07-26 12:46:26.357126,VOYG,30m,2026-05-01 09:30:00-04:00,2026-07-26,5,1.0,3.0,1.5,0.7,35,0.45714285714285713,-3.658882616296708,-0.10453950332276309
2026-07-26 12:46:26.357126,VOYG,30m,2026-05-01 09:30:00-04:00,2026-07-26,5,1.0,3.0,2.0,0.3,43,0.4418604651162791,-4.803830131799636,-0.11171697980929385
2026-07-26 12:46:26.357126,VOYG,30m,2026-05-01 09:30:00-04:00,2026-07-26,5,1.0,3.0,2.0,0.5,42,0.42857142857142855,-5.1330301317996785,-0.12221500313808759
2026-07-26 12:46:26.357126,VOYG,30m,2026-05-01 09:30:00-04:00,2026-07-26,5,1.0,3.0,2.0,0.7,35,0.4857142857142857,11.972648007863533,0.34207565736752954
2026-07-26 12:46:26.357126,VOYG,30m,2026-05-01 09:30:00-04:00,2026-07-26,5,1.0,3.0,2.5,0.3,43,0.4883720930232558,-9.717174944015703,-0.22598081265152797
2026-07-26 12:46:26.357126,VOYG,30m,2026-05-01 09:30:00-04:00,2026-07-26,5,1.0,3.0,2.5,0.5,42,0.47619047619047616,-10.046374944015746,-0.23919940342894633
2026-07-26 12:46:26.357126,VOYG,30m,2026-05-01 09:30:00-04:00,2026-07-26,5,1.0,3.0,2.5,0.7,35,0.5428571428571428,8.520733745374258,0.24344953558212165
2026-07-26 12:46:26.357126,VOYG,30m,2026-05-01 09:30:00-04:00,2026-07-26,5,1.0,3.0,3.0,0.3,42,0.42857142857142855,-13.33218485521396,-0.31743297274318955
2026-07-26 12:46:26.357126,VOYG,30m,2026-05-01 09:30:00-04:00,2026-07-26,5,1.0,3.0,3.0,0.5,41,0.4146341463414634,-13.661384855214003,-0.33320450866375617
2026-07-26 12:46:26.357126,VOYG,30m,2026-05-01 09:30:00-04:00,2026-07-26,5,1.0,3.0,3.0,0.7,34,0.47058823529411764,8.982759713399275,0.26419881509997867
2026-07-26 12:46:26.357126,VOYG,30m,2026-05-01 09:30:00-04:00,2026-07-26,5,1.0,3.0,3.5,0.3,40,0.45,6.6712796152159015,0.16678199038039754
2026-07-26 12:46:26.357126,VOYG,30m,2026-05-01 09:30:00-04:00,2026-07-26,5,1.0,3.0,3.5,0.5,39,0.4358974358974359,6.342079615215859,0.16261742603117588
2026-07-26 12:46:26.357126,VOYG,30m,2026-05-01 09:30:00-04:00,2026-07-26,5,1.0,3.0,3.5,0.7,33,0.48484848484848486,29.663733601689124,0.8989010182330037
2026-07-26 12:46:26.357126,VOYG,30m,2026-05-01 09:30:00-04:00,2026-07-26,5,1.0,3.5,1.0,0.3,36,0.4166666666666667,-5.948385241290097,-0.16523292336916937
2026-07-26 12:46:26.357126,VOYG,30m,2026-05-01 09:30:00-04:00,2026-07-26,5,1.0,3.5,1.0,0.5,35,0.4,-6.27758524129014,-0.17935957832257543
2026-07-26 12:46:26.357126,VOYG,30m,2026-05-01 09:30:00-04:00,2026-07-26,5,1.0,3.5,1.0,0.7,29,0.4482758620689655,3.770029540285833,0.13000101863054597
2026-07-26 12:46:26.357126,VOYG,30m,2026-05-01 09:30:00-04:00,2026-07-26,5,1.0,3.5,1.5,0.3,35,0.37142857142857144,-14.217441930565045,-0.4062126265875727
2026-07-26 12:46:26.357126,VOYG,30m,2026-05-01 09:30:00-04:00,2026-07-26,5,1.0,3.5,1.5,0.5,34,0.35294117647058826,-14.546641930565087,-0.4278424097225026
2026-07-26 12:46:26.357126,VOYG,30m,2026-05-01 09:30:00-04:00,2026-07-26,5,1.0,3.5,1.5,0.7,28,0.42857142857142855,-3.533349160774044,-0.12619104145621587
2026-07-26 12:46:26.357126,VOYG,30m,2026-05-01 09:30:00-04:00,2026-07-26,5,1.0,3.5,2.0,0.3,35,0.37142857142857144,-16.720793244207677,-0.47773694983450504
2026-07-26 12:46:26.357126,VOYG,30m,2026-05-01 09:30:00-04:00,2026-07-26,5,1.0,3.5,2.0,0.5,34,0.35294117647058826,-17.04999324420772,-0.5014703895355211
2026-07-26 12:46:26.357126,VOYG,30m,2026-05-01 09:30:00-04:00,2026-07-26,5,1.0,3.5,2.0,0.7,28,0.42857142857142855,2.0843971155135677,0.07444275412548455
2026-07-26 12:46:26.357126,VOYG,30m,2026-05-01 09:30:00-04:00,2026-07-26,5,1.0,3.5,2.5,0.3,35,0.4857142857142857,-25.74883321968123,-0.7356809491337495
2026-07-26 12:46:26.357126,VOYG,30m,2026-05-01 09:30:00-04:00,2026-07-26,5,1.0,3.5,2.5,0.5,34,0.47058823529411764,-26.078033219681274,-0.7670009770494493
2026-07-26 12:46:26.357126,VOYG,30m,2026-05-01 09:30:00-04:00,2026-07-26,5,1.0,3.5,2.5,0.7,28,0.5357142857142857,-5.0625342552186225,-0.18080479482923653
2026-07-26 12:46:26.357126,VOYG,30m,2026-05-01 09:30:00-04:00,2026-07-26,5,1.0,3.5,3.0,0.3,35,0.42857142857142855,-45.89390875661692,-1.3112545359033407
2026-07-26 12:46:26.357126,VOYG,30m,2026-05-01 09:30:00-04:00,2026-07-26,5,1.0,3.5,3.0,0.5,34,0.4117647058823529,-46.223108756616966,-1.3595031987240285
2026-07-26 12:46:26.357126,VOYG,30m,2026-05-01 09:30:00-04:00,2026-07-26,5,1.0,3.5,3.0,0.7,28,0.4642857142857143,-20.710895857916505,-0.7396748520684466
2026-07-26 12:46:26.357126,VOYG,30m,2026-05-01 09:30:00-04:00,2026-07-26,5,1.0,3.5,3.5,0.3,34,0.38235294117647056,-37.083420406336,-1.0906888354804707
2026-07-26 12:46:26.357126,VOYG,30m,2026-05-01 09:30:00-04:00,2026-07-26,5,1.0,3.5,3.5,0.5,33,0.36363636363636365,-37.412620406336046,-1.133715769888971
2026-07-26 12:46:26.357126,VOYG,30m,2026-05-01 09:30:00-04:00,2026-07-26,5,1.0,3.5,3.5,0.7,28,0.39285714285714285,-10.80322003476109,-0.3858292869557532
2026-07-26 12:46:26.357126,VOYG,30m,2026-05-01 09:30:00-04:00,2026-07-26,5,1.2,0.5,1.0,0.3,107,0.38317757009345793,-3.467913094274735,-0.03241040275023117
2026-07-26 12:46:26.357126,VOYG,30m,2026-05-01 09:30:00-04:00,2026-07-26,5,1.2,0.5,1.0,0.5,87,0.3793103448275862,-15.323106048215855,-0.17612765572661904
2026-07-26 12:46:26.357126,VOYG,30m,2026-05-01 09:30:00-04:00,2026-07-26,5,1.2,0.5,1.0,0.7,62,0.41935483870967744,16.492978109370426,0.2660157759575875
2026-07-26 12:46:26.357126,VOYG,30m,2026-05-01 09:30:00-04:00,2026-07-26,5,1.2,0.5,1.5,0.3,94,0.43617021276595747,72.88470776097549,0.7753692314997392
2026-07-26 12:46:26.357126,VOYG,30m,2026-05-01 09:30:00-04:00,2026-07-26,5,1.2,0.5,1.5,0.5,78,0.4230769230769231,55.8278131345331,0.7157411940324757
2026-07-26 12:46:26.357126,VOYG,30m,2026-05-01 09:30:00-04:00,2026-07-26,5,1.2,0.5,1.5,0.7,56,0.4642857142857143,33.25302373969432,0.5938039953516843
2026-07-26 12:46:26.357126,VOYG,30m,2026-05-01 09:30:00-04:00,2026-07-26,5,1.2,0.5,2.0,0.3,87,0.3793103448275862,73.45970524521135,0.8443644281058776
2026-07-26 12:46:26.357126,VOYG,30m,2026-05-01 09:30:00-04:00,2026-07-26,5,1.2,0.5,2.0,0.5,72,0.3472222222222222,61.0523322636424,0.8479490592172555
2026-07-26 12:46:26.357126,VOYG,30m,2026-05-01 09:30:00-04:00,2026-07-26,5,1.2,0.5,2.0,0.7,53,0.41509433962264153,42.01111429171949,0.792662533806028
2026-07-26 12:46:26.357126,VOYG,30m,2026-05-01 09:30:00-04:00,2026-07-26,5,1.2,0.5,2.5,0.3,79,0.379746835443038,22.616930950054837,0.28629026519056755
2026-07-26 12:46:26.357126,VOYG,30m,2026-05-01 09:30:00-04:00,2026-07-26,5,1.2,0.5,2.5,0.5,67,0.373134328358209,20.150657399277065,0.3007560805862249
2026-07-26 12:46:26.357126,VOYG,30m,2026-05-01 09:30:00-04:00,2026-07-26,5,1.2,0.5,2.5,0.7,50,0.4,2.150596466480785,0.0430119293296157
2026-07-26 12:46:26.357126,VOYG,30m,2026-05-01 09:30:00-04:00,2026-07-26,5,1.2,0.5,3.0,0.3,71,0.39436619718309857,36.14842651644082,0.5091327678371946
2026-07-26 12:46:26.357126,VOYG,30m,2026-05-01 09:30:00-04:00,2026-07-26,5,1.2,0.5,3.0,0.5,61,0.36065573770491804,19.821280602902398,0.3249390262770885
2026-07-26 12:46:26.357126,VOYG,30m,2026-05-01 09:30:00-04:00,2026-07-26,5,1.2,0.5,3.0,0.7,46,0.3695652173913043,14.783143943736583,0.32137269442905614
2026-07-26 12:46:26.357126,VOYG,30m,2026-05-01 09:30:00-04:00,2026-07-26,5,1.2,0.5,3.5,0.3,68,0.35294117647058826,38.79510705841753,0.570516280270846
2026-07-26 12:46:26.357126,VOYG,30m,2026-05-01 09:30:00-04:00,2026-07-26,5,1.2,0.5,3.5,0.5,59,0.3220338983050847,37.084293355698925,0.6285473450118462
2026-07-26 12:46:26.357126,VOYG,30m,2026-05-01 09:30:00-04:00,2026-07-26,5,1.2,0.5,3.5,0.7,47,0.3617021276595745,41.941953480600844,0.8923819889489542
2026-07-26 12:46:26.357126,VOYG,30m,2026-05-01 09:30:00-04:00,2026-07-26,5,1.2,0.8,1.0,0.3,93,0.3978494623655914,-14.059526043714534,-0.15117769939477993
2026-07-26 12:46:26.357126,VOYG,30m,2026-05-01 09:30:00-04:00,2026-07-26,5,1.2,0.8,1.0,0.5,83,0.40963855421686746,-8.391090038713287,-0.10109747034594321
2026-07-26 12:46:26.357126,VOYG,30m,2026-05-01 09:30:00-04:00,2026-07-26,5,1.2,0.8,1.0,0.7,60,0.4166666666666667,14.576911832522477,0.24294853054204127
2026-07-26 12:46:26.357126,VOYG,30m,2026-05-01 09:30:00-04:00,2026-07-26,5,1.2,0.8,1.5,0.3,83,0.4457831325301205,24.73587515545276,0.2980225922343706
2026-07-26 12:46:26.357126,VOYG,30m,2026-05-01 09:30:00-04:00,2026-07-26,5,1.2,0.8,1.5,0.5,75,0.44,22.106577095775037,0.2947543612770005
2026-07-26 12:46:26.357126,VOYG,30m,2026-05-01 09:30:00-04:00,2026-07-26,5,1.2,0.8,1.5,0.7,54,0.46296296296296297,6.780153717953041,0.12555840218431558
2026-07-26 12:46:26.357126,VOYG,30m,2026-05-01 09:30:00-04:00,2026-07-26,5,1.2,0.8,2.0,0.3,77,0.36363636363636365,24.280190938648154,0.3153271550473786
2026-07-26 12:46:26.357126,VOYG,30m,2026-05-01 09:30:00-04:00,2026-07-26,5,1.2,0.8,2.0,0.5,70,0.34285714285714286,20.411925594254292,0.2915989370607756
2026-07-26 12:46:26.357126,VOYG,30m,2026-05-01 09:30:00-04:00,2026-07-26,5,1.2,0.8,2.0,0.7,53,0.39622641509433965,2.109776603582887,0.039807105727979
2026-07-26 12:46:26.357126,VOYG,30m,2026-05-01 09:30:00-04:00,2026-07-26,5,1.2,0.8,2.5,0.3,71,0.36619718309859156,-23.76904785791222,-0.33477532194242565
2026-07-26 12:46:26.357126,VOYG,30m,2026-05-01 09:30:00-04:00,2026-07-26,5,1.2,0.8,2.5,0.5,65,0.36923076923076925,-17.562292789905307,-0.270189119844697
2026-07-26 12:46:26.357126,VOYG,30m,2026-05-01 09:30:00-04:00,2026-07-26,5,1.2,0.8,2.5,0.7,50,0.38,-38.23132564368996,-0.7646265128737991
2026-07-26 12:46:26.357126,VOYG,30m,2026-05-01 09:30:00-04:00,2026-07-26,5,1.2,0.8,3.0,0.3,65,0.36923076923076925,8.891931923683458,0.1367989526720532
2026-07-26 12:46:26.357126,VOYG,30m,2026-05-01 09:30:00-04:00,2026-07-26,5,1.2,0.8,3.0,0.5,61,0.36065573770491804,-4.816907668068353,-0.07896569947653038
2026-07-26 12:46:26.357126,VOYG,30m,2026-05-01 09:30:00-04:00,2026-07-26,5,1.2,0.8,3.0,0.7,46,0.34782608695652173,-26.07936258846835,-0.5669426649667032
2026-07-26 12:46:26.357126,VOYG,30m,2026-05-01 09:30:00-04:00,2026-07-26,5,1.2,0.8,3.5,0.3,62,0.3387096774193548,25.443638083945217,0.41038125941847126
2026-07-26 12:46:26.357126,VOYG,30m,2026-05-01 09:30:00-04:00,2026-07-26,5,1.2,0.8,3.5,0.5,59,0.3220338983050847,11.131997536815703,0.18867792435280853
2026-07-26 12:46:26.357126,VOYG,30m,2026-05-01 09:30:00-04:00,2026-07-26,5,1.2,0.8,3.5,0.7,47,0.3404255319148936,0.5988625263617919,0.012741755880038126
2026-07-26 12:46:26.357126,VOYG,30m,2026-05-01 09:30:00-04:00,2026-07-26,5,1.2,1.0,1.0,0.3,85,0.4,-3.6914491868613553,-0.04342881396307477
2026-07-26 12:46:26.357126,VOYG,30m,2026-05-01 09:30:00-04:00,2026-07-26,5,1.2,1.0,1.0,0.5,79,0.3924050632911392,-5.861884629347998,-0.07420107125756958
2026-07-26 12:46:26.357126,VOYG,30m,2026-05-01 09:30:00-04:00,2026-07-26,5,1.2,1.0,1.0,0.7,59,0.4067796610169492,9.208891428120296,0.15608290556136095
2026-07-26 12:46:26.357126,VOYG,30m,2026-05-01 09:30:00-04:00,2026-07-26,5,1.2,1.0,1.5,0.3,78,0.46153846153846156,37.94284609451562,0.48644674480148237
2026-07-26 12:46:26.357126,VOYG,30m,2026-05-01 09:30:00-04:00,2026-07-26,5,1.2,1.0,1.5,0.5,72,0.4444444444444444,27.641590920715622,0.3839109850099392
2026-07-26 12:46:26.357126,VOYG,30m,2026-05-01 09:30:00-04:00,2026-07-26,5,1.2,1.0,1.5,0.7,54,0.4444444444444444,-0.023222181341537862,-0.0004300403952136641
2026-07-26 12:46:26.357126,VOYG,30m,2026-05-01 09:30:00-04:00,2026-07-26,5,1.2,1.0,2.0,0.3,73,0.3835616438356164,37.11677923207269,0.5084490305763382
2026-07-26 12:46:26.357126,VOYG,30m,2026-05-01 09:30:00-04:00,2026-07-26,5,1.2,1.0,2.0,0.5,67,0.3582089552238806,29.860972333672677,0.44568615423392055
2026-07-26 12:46:26.357126,VOYG,30m,2026-05-01 09:30:00-04:00,2026-07-26,5,1.2,1.0,2.0,0.7,53,0.39622641509433965,-4.461391262143195,-0.0841771936253433
2026-07-26 12:46:26.357126,VOYG,30m,2026-05-01 09:30:00-04:00,2026-07-26,5,1.2,1.0,2.5,0.3,70,0.35714285714285715,-20.549035350902933,-0.2935576478700419
2026-07-26 12:46:26.357126,VOYG,30m,2026-05-01 09:30:00-04:00,2026-07-26,5,1.2,1.0,2.5,0.5,64,0.34375,-24.716807528603546,-0.3862001176344304
2026-07-26 12:46:26.357126,VOYG,30m,2026-05-01 09:30:00-04:00,2026-07-26,5,1.2,1.0,2.5,0.7,50,0.38,-45.12907797621065,-0.902581559524213
2026-07-26 12:46:26.357126,VOYG,30m,2026-05-01 09:30:00-04:00,2026-07-26,5,1.2,1.0,3.0,0.3,63,0.36507936507936506,19.843544168827805,0.3149768915686953
2026-07-26 12:46:26.357126,VOYG,30m,2026-05-01 09:30:00-04:00,2026-07-26,5,1.2,1.0,3.0,0.5,59,0.3389830508474576,-4.894728117773042,-0.08296149352157697
2026-07-26 12:46:26.357126,VOYG,30m,2026-05-01 09:30:00-04:00,2026-07-26,5,1.2,1.0,3.0,0.7,46,0.34782608695652173,-33.5763625884683,-0.7299209258362673
2026-07-26 12:46:26.357126,VOYG,30m,2026-05-01 09:30:00-04:00,2026-07-26,5,1.2,1.0,3.5,0.3,60,0.35,35.66553801924879,0.5944256336541466
2026-07-26 12:46:26.357126,VOYG,30m,2026-05-01 09:30:00-04:00,2026-07-26,5,1.2,1.0,3.5,0.5,58,0.3275862068965517,14.900699752608482,0.25690861642428414
2026-07-26 12:46:26.357126,VOYG,30m,2026-05-01 09:30:00-04:00,2026-07-26,5,1.2,1.0,3.5,0.7,47,0.3404255319148936,-6.8981374736381795,-0.14676888241783362
2026-07-26 12:46:26.357126,VOYG,30m,2026-05-01 09:30:00-04:00,2026-07-26,5,1.2,1.2,1.0,0.3,78,0.3974358974358974,-5.961817897947945,-0.07643356279420442
2026-07-26 12:46:26.357126,VOYG,30m,2026-05-01 09:30:00-04:00,2026-07-26,5,1.2,1.2,1.0,0.5,71,0.39436619718309857,-7.058853340434581,-0.09942046958358565
2026-07-26 12:46:26.357126,VOYG,30m,2026-05-01 09:30:00-04:00,2026-07-26,5,1.2,1.2,1.0,0.7,53,0.4528301886792453,18.909604500902084,0.3567849905830582
2026-07-26 12:46:26.357126,VOYG,30m,2026-05-01 09:30:00-04:00,2026-07-26,5,1.2,1.2,1.5,0.3,74,0.43243243243243246,29.418486586781043,0.39754711603758164
2026-07-26 12:46:26.357126,VOYG,30m,2026-05-01 09:30:00-04:00,2026-07-26,5,1.2,1.2,1.5,0.5,68,0.4264705882352941,26.889691594900924,0.3954366411014842
2026-07-26 12:46:26.357126,VOYG,30m,2026-05-01 09:30:00-04:00,2026-07-26,5,1.2,1.2,1.5,0.7,52,0.4423076923076923,8.03231932387682,0.15446767930532346
2026-07-26 12:46:26.357126,VOYG,30m,2026-05-01 09:30:00-04:00,2026-07-26,5,1.2,1.2,2.0,0.3,70,0.35714285714285715,33.123532000778475,0.47319331429683537
2026-07-26 12:46:26.357126,VOYG,30m,2026-05-01 09:30:00-04:00,2026-07-26,5,1.2,1.2,2.0,0.5,64,0.34375,33.31308229086382,0.5205169107947472
2026-07-26 12:46:26.357126,VOYG,30m,2026-05-01 09:30:00-04:00,2026-07-26,5,1.2,1.2,2.0,0.7,51,0.39215686274509803,6.856310824561795,0.1344374671482705
2026-07-26 12:46:26.357126,VOYG,30m,2026-05-01 09:30:00-04:00,2026-07-26,5,1.2,1.2,2.5,0.3,68,0.35294117647058826,-6.599812777886136,-0.09705607026303141
2026-07-26 12:46:26.357126,VOYG,30m,2026-05-01 09:30:00-04:00,2026-07-26,5,1.2,1.2,2.5,0.5,62,0.3548387096774194,-3.1983884699799603,-0.05158691080612839
2026-07-26 12:46:26.357126,VOYG,30m,2026-05-01 09:30:00-04:00,2026-07-26,5,1.2,1.2,2.5,0.7,49,0.40816326530612246,-18.128668755694683,-0.3699728317488711
2026-07-26 12:46:26.357126,VOYG,30m,2026-05-01 09:30:00-04:00,2026-07-26,5,1.2,1.2,3.0,0.3,62,0.3709677419354839,30.330322669189442,0.489198752728862
2026-07-26 12:46:26.357126,VOYG,30m,2026-05-01 09:30:00-04:00,2026-07-26,5,1.2,1.2,3.0,0.5,58,0.3448275862068966,3.7201243846035936,0.06414007559661368
2026-07-26 12:46:26.357126,VOYG,30m,2026-05-01 09:30:00-04:00,2026-07-26,5,1.2,1.2,3.0,0.7,46,0.391304347826087,-7.641461909883951,-0.16611873717139022
2026-07-26 12:46:26.357126,VOYG,30m,2026-05-01 09:30:00-04:00,2026-07-26,5,1.2,1.2,3.5,0.3,60,0.35,32.159643066374066,0.5359940511062344
2026-07-26 12:46:26.357126,VOYG,30m,2026-05-01 09:30:00-04:00,2026-07-26,5,1.2,1.2,3.5,0.5,56,0.32142857142857145,7.710945067690709,0.13769544763733407
2026-07-26 12:46:26.357126,VOYG,30m,2026-05-01 09:30:00-04:00,2026-07-26,5,1.2,1.2,3.5,0.7,46,0.3695652173913043,0.7938307136864253,0.01725718942796577
2026-07-26 12:46:26.357126,VOYG,30m,2026-05-01 09:30:00-04:00,2026-07-26,5,1.2,1.5,1.0,0.3,67,0.3880597014925373,-10.875614905432762,-0.1623226105288472
2026-07-26 12:46:26.357126,VOYG,30m,2026-05-01 09:30:00-04:00,2026-07-26,5,1.2,1.5,1.0,0.5,61,0.39344262295081966,-9.274214905432814,-0.1520363099251281
2026-07-26 12:46:26.357126,VOYG,30m,2026-05-01 09:30:00-04:00,2026-07-26,5,1.2,1.5,1.0,0.7,46,0.43478260869565216,11.771184672192838,0.2558953189607139
2026-07-26 12:46:26.357126,VOYG,30m,2026-05-01 09:30:00-04:00,2026-07-26,5,1.2,1.5,1.5,0.3,66,0.3939393939393939,-9.484554294957626,-0.14370536810541856
2026-07-26 12:46:26.357126,VOYG,30m,2026-05-01 09:30:00-04:00,2026-07-26,5,1.2,1.5,1.5,0.5,60,0.4,-7.471483110835031,-0.12452471851391718
2026-07-26 12:46:26.357126,VOYG,30m,2026-05-01 09:30:00-04:00,2026-07-26,5,1.2,1.5,1.5,0.7,45,0.4444444444444444,10.078288952746917,0.22396197672770926
2026-07-26 12:46:26.357126,VOYG,30m,2026-05-01 09:30:00-04:00,2026-07-26,5,1.2,1.5,2.0,0.3,64,0.359375,7.921658347770766,0.12377591168391822
2026-07-26 12:46:26.357126,VOYG,30m,2026-05-01 09:30:00-04:00,2026-07-26,5,1.2,1.5,2.0,0.5,58,0.3448275862068966,-14.625241898442525,-0.25215934307659527
2026-07-26 12:46:26.357126,VOYG,30m,2026-05-01 09:30:00-04:00,2026-07-26,5,1.2,1.5,2.0,0.7,44,0.38636363636363635,7.418883816857971,0.16861099583768116
2026-07-26 12:46:26.357126,VOYG,30m,2026-05-01 09:30:00-04:00,2026-07-26,5,1.2,1.5,2.5,0.3,63,0.36507936507936506,-10.722442090724584,-0.17019749350356483
2026-07-26 12:46:26.357126,VOYG,30m,2026-05-01 09:30:00-04:00,2026-07-26,5,1.2,1.5,2.5,0.5,57,0.3508771929824561,-31.129080953191668,-0.5461242272489766
2026-07-26 12:46:26.357126,VOYG,30m,2026-05-01 09:30:00-04:00,2026-07-26,5,1.2,1.5,2.5,0.7,43,0.4418604651162791,10.846529046990305,0.2522448615579141
2026-07-26 12:46:26.357126,VOYG,30m,2026-05-01 09:30:00-04:00,2026-07-26,5,1.2,1.5,3.0,0.3,63,0.3492063492063492,-32.04795611911717,-0.508697716176463
2026-07-26 12:46:26.357126,VOYG,30m,2026-05-01 09:30:00-04:00,2026-07-26,5,1.2,1.5,3.0,0.5,57,0.3333333333333333,-50.10008275407758,-0.8789488202469752
2026-07-26 12:46:26.357126,VOYG,30m,2026-05-01 09:30:00-04:00,2026-07-26,5,1.2,1.5,3.0,0.7,42,0.35714285714285715,-16.682214795855863,-0.39719559037752056
2026-07-26 12:46:26.357126,VOYG,30m,2026-05-01 09:30:00-04:00,2026-07-26,5,1.2,1.5,3.5,0.3,60,0.35,-1.9177046208224269,-0.03196174368037378
2026-07-26 12:46:26.357126,VOYG,30m,2026-05-01 09:30:00-04:00,2026-07-26,5,1.2,1.5,3.5,0.5,54,0.3333333333333333,-17.615319028276268,-0.3262096116347457
2026-07-26 12:46:26.357126,VOYG,30m,2026-05-01 09:30:00-04:00,2026-07-26,5,1.2,1.5,3.5,0.7,42,0.35714285714285715,4.948020510162934,0.11781001214673652
2026-07-26 12:46:26.357126,VOYG,30m,2026-05-01 09:30:00-04:00,2026-07-26,5,1.2,1.8,1.0,0.3,59,0.3898305084745763,-7.995355795780412,-0.13551450501322732
2026-07-26 12:46:26.357126,VOYG,30m,2026-05-01 09:30:00-04:00,2026-07-26,5,1.2,1.8,1.0,0.5,54,0.3888888888888889,-7.635555795780462,-0.1413991814033419
2026-07-26 12:46:26.357126,VOYG,30m,2026-05-01 09:30:00-04:00,2026-07-26,5,1.2,1.8,1.0,0.7,40,0.45,16.406838744041785,0.4101709686010446
2026-07-26 12:46:26.357126,VOYG,30m,2026-05-01 09:30:00-04:00,2026-07-26,5,1.2,1.8,1.5,0.3,57,0.3684210526315789,-17.078880276421522,-0.2996294785337109
2026-07-26 12:46:26.357126,VOYG,30m,2026-05-01 09:30:00-04:00,2026-07-26,5,1.2,1.8,1.5,0.5,52,0.36538461538461536,-16.307409092298926,-0.3136040210057486
2026-07-26 12:46:26.357126,VOYG,30m,2026-05-01 09:30:00-04:00,2026-07-26,5,1.2,1.8,1.5,0.7,39,0.4358974358974359,7.903269223804905,0.2026479288155104
2026-07-26 12:46:26.357126,VOYG,30m,2026-05-01 09:30:00-04:00,2026-07-26,5,1.2,1.8,2.0,0.3,56,0.375,8.371151193438209,0.149484842739968
2026-07-26 12:46:26.357126,VOYG,30m,2026-05-01 09:30:00-04:00,2026-07-26,5,1.2,1.8,2.0,0.5,51,0.35294117647058826,-15.41734905277508,-0.3023009618191192
2026-07-26 12:46:26.357126,VOYG,30m,2026-05-01 09:30:00-04:00,2026-07-26,5,1.2,1.8,2.0,0.7,38,0.42105263157894735,15.935524178268778,0.41935589942812573
2026-07-26 12:46:26.357126,VOYG,30m,2026-05-01 09:30:00-04:00,2026-07-26,5,1.2,1.8,2.5,0.3,55,0.36363636363636365,-14.008639536739338,-0.2547025370316243
2026-07-26 12:46:26.357126,VOYG,30m,2026-05-01 09:30:00-04:00,2026-07-26,5,1.2,1.8,2.5,0.5,50,0.34,-35.699464844505826,-0.7139892968901165
2026-07-26 12:46:26.357126,VOYG,30m,2026-05-01 09:30:00-04:00,2026-07-26,5,1.2,1.8,2.5,0.7,37,0.4594594594594595,16.180829550355398,0.4373197175771729
2026-07-26 12:46:26.357126,VOYG,30m,2026-05-01 09:30:00-04:00,2026-07-26,5,1.2,1.8,3.0,0.3,55,0.34545454545454546,-31.742560435854656,-0.5771374624700847
2026-07-26 12:46:26.357126,VOYG,30m,2026-05-01 09:30:00-04:00,2026-07-26,5,1.2,1.8,3.0,0.5,50,0.32,-51.335710805174436,-1.0267142161034888
2026-07-26 12:46:26.357126,VOYG,30m,2026-05-01 09:30:00-04:00,2026-07-26,5,1.2,1.8,3.0,0.7,36,0.3611111111111111,-7.417221573337542,-0.20603393259270952
2026-07-26 12:46:26.357126,VOYG,30m,2026-05-01 09:30:00-04:00,2026-07-26,5,1.2,1.8,3.5,0.3,52,0.34615384615384615,0.9105188604755554,0.017509978086068374
2026-07-26 12:46:26.357126,VOYG,30m,2026-05-01 09:30:00-04:00,2026-07-26,5,1.2,1.8,3.5,0.5,47,0.3191489361702128,-16.584956570397473,-0.3528714163914356
2026-07-26 12:46:26.357126,VOYG,30m,2026-05-01 09:30:00-04:00,2026-07-26,5,1.2,1.8,3.5,0.7,36,0.3611111111111111,16.78055366300935,0.4661264906391486
2026-07-26 12:46:26.357126,VOYG,30m,2026-05-01 09:30:00-04:00,2026-07-26,5,1.2,2.0,1.0,0.3,48,0.375,5.563387854102153,0.1159039136271282
2026-07-26 12:46:26.357126,VOYG,30m,2026-05-01 09:30:00-04:00,2026-07-26,5,1.2,2.0,1.0,0.5,44,0.38636363636363635,9.406587854102106,0.2137860875932297
2026-07-26 12:46:26.357126,VOYG,30m,2026-05-01 09:30:00-04:00,2026-07-26,5,1.2,2.0,1.0,0.7,35,0.42857142857142855,20.382420202202383,0.5823548629200681
2026-07-26 12:46:26.357126,VOYG,30m,2026-05-01 09:30:00-04:00,2026-07-26,5,1.2,2.0,1.5,0.3,47,0.3829787234042553,-17.30493961333938,-0.3681902045391357
2026-07-26 12:46:26.357126,VOYG,30m,2026-05-01 09:30:00-04:00,2026-07-26,5,1.2,2.0,1.5,0.5,43,0.3953488372093023,-13.35880726544005,-0.31066993640558255
2026-07-26 12:46:26.357126,VOYG,30m,2026-05-01 09:30:00-04:00,2026-07-26,5,1.2,2.0,1.5,0.7,34,0.4411764705882353,-5.1590122230766156,-0.15173565361990046
2026-07-26 12:46:26.357126,VOYG,30m,2026-05-01 09:30:00-04:00,2026-07-26,5,1.2,2.0,2.0,0.3,47,0.40425531914893614,-11.291674147071618,-0.24024838610790675
2026-07-26 12:46:26.357126,VOYG,30m,2026-05-01 09:30:00-04:00,2026-07-26,5,1.2,2.0,2.0,0.5,43,0.3953488372093023,-32.53062617491587,-0.7565261901143224
2026-07-26 12:46:26.357126,VOYG,30m,2026-05-01 09:30:00-04:00,2026-07-26,5,1.2,2.0,2.0,0.7,34,0.4411764705882353,-14.297566118431426,-0.42051665054210075
2026-07-26 12:46:26.357126,VOYG,30m,2026-05-01 09:30:00-04:00,2026-07-26,5,1.2,2.0,2.5,0.3,46,0.391304347826087,-22.737512878070092,-0.494293758218915
2026-07-26 12:46:26.357126,VOYG,30m,2026-05-01 09:30:00-04:00,2026-07-26,5,1.2,2.0,2.5,0.5,42,0.38095238095238093,-42.503902912875304,-1.011997688401793
2026-07-26 12:46:26.357126,VOYG,30m,2026-05-01 09:30:00-04:00,2026-07-26,5,1.2,2.0,2.5,0.7,33,0.45454545454545453,-16.87586397140233,-0.5113898173152222
2026-07-26 12:46:26.357126,VOYG,30m,2026-05-01 09:30:00-04:00,2026-07-26,5,1.2,2.0,3.0,0.3,46,0.34782608695652173,-30.914789427818157,-0.6720606397351773
2026-07-26 12:46:26.357126,VOYG,30m,2026-05-01 09:30:00-04:00,2026-07-26,5,1.2,2.0,3.0,0.5,42,0.3333333333333333,-49.20861746958439,-1.1716337492758189
2026-07-26 12:46:26.357126,VOYG,30m,2026-05-01 09:30:00-04:00,2026-07-26,5,1.2,2.0,3.0,0.7,33,0.36363636363636365,-17.161356598471684,-0.5200411090445964
2026-07-26 12:46:26.357126,VOYG,30m,2026-05-01 09:30:00-04:00,2026-07-26,5,1.2,2.0,3.5,0.3,45,0.3333333333333333,-15.431927024826742,-0.3429317116628165
2026-07-26 12:46:26.357126,VOYG,30m,2026-05-01 09:30:00-04:00,2026-07-26,5,1.2,2.0,3.5,0.5,41,0.3170731707317073,-32.25319307355402,-0.7866632456964395
2026-07-26 12:46:26.357126,VOYG,30m,2026-05-01 09:30:00-04:00,2026-07-26,5,1.2,2.0,3.5,0.7,33,0.36363636363636365,0.19884948680086723,0.006025742024268704
2026-07-26 12:46:26.357126,VOYG,30m,2026-05-01 09:30:00-04:00,2026-07-26,5,1.2,2.5,1.0,0.3,40,0.4,7.149753251208324,0.1787438312802081
2026-07-26 12:46:26.357126,VOYG,30m,2026-05-01 09:30:00-04:00,2026-07-26,5,1.2,2.5,1.0,0.5,39,0.38461538461538464,6.820553251208281,0.17488598080021234
2026-07-26 12:46:26.357126,VOYG,30m,2026-05-01 09:30:00-04:00,2026-07-26,5,1.2,2.5,1.0,0.7,31,0.41935483870967744,16.67816803278427,0.5380054204123959
2026-07-26 12:46:26.357126,VOYG,30m,2026-05-01 09:30:00-04:00,2026-07-26,5,1.2,2.5,1.5,0.3,39,0.38461538461538464,-13.464095373490537,-0.34523321470488555
2026-07-26 12:46:26.357126,VOYG,30m,2026-05-01 09:30:00-04:00,2026-07-26,5,1.2,2.5,1.5,0.5,38,0.3684210526315789,-13.79329537349058,-0.3629814571971205
2026-07-26 12:46:26.357126,VOYG,30m,2026-05-01 09:30:00-04:00,2026-07-26,5,1.2,2.5,1.5,0.7,30,0.43333333333333335,-2.337132384457483,-0.07790441281524944
2026-07-26 12:46:26.357126,VOYG,30m,2026-05-01 09:30:00-04:00,2026-07-26,5,1.2,2.5,2.0,0.3,39,0.41025641025641024,-25.45105932131147,-0.6525912646490121
2026-07-26 12:46:26.357126,VOYG,30m,2026-05-01 09:30:00-04:00,2026-07-26,5,1.2,2.5,2.0,0.5,38,0.39473684210526316,-25.78025932131151,-0.6784278768766188
2026-07-26 12:46:26.357126,VOYG,30m,2026-05-01 09:30:00-04:00,2026-07-26,5,1.2,2.5,2.0,0.7,30,0.4666666666666667,-5.288708669267486,-0.17629028897558285
2026-07-26 12:46:26.357126,VOYG,30m,2026-05-01 09:30:00-04:00,2026-07-26,5,1.2,2.5,2.5,0.3,38,0.42105263157894735,-27.375079378851872,-0.7203968257592598
2026-07-26 12:46:26.357126,VOYG,30m,2026-05-01 09:30:00-04:00,2026-07-26,5,1.2,2.5,2.5,0.5,37,0.40540540540540543,-27.704279378851915,-0.7487643075365382
2026-07-26 12:46:26.357126,VOYG,30m,2026-05-01 09:30:00-04:00,2026-07-26,5,1.2,2.5,2.5,0.7,29,0.4827586206896552,-4.417330048985875,-0.15232172582709913
2026-07-26 12:46:26.357126,VOYG,30m,2026-05-01 09:30:00-04:00,2026-07-26,5,1.2,2.5,3.0,0.3,38,0.34210526315789475,-31.594903509099552,-0.8314448291868303
2026-07-26 12:46:26.357126,VOYG,30m,2026-05-01 09:30:00-04:00,2026-07-26,5,1.2,2.5,3.0,0.5,37,0.32432432432432434,-31.924103509099595,-0.8628136083540431
2026-07-26 12:46:26.357126,VOYG,30m,2026-05-01 09:30:00-04:00,2026-07-26,5,1.2,2.5,3.0,0.7,29,0.3793103448275862,-3.2261501719150587,-0.11124655765224341
2026-07-26 12:46:26.357126,VOYG,30m,2026-05-01 09:30:00-04:00,2026-07-26,5,1.2,2.5,3.5,0.3,37,0.35135135135135137,-15.17305723202277,-0.4100826278925073
2026-07-26 12:46:26.357126,VOYG,30m,2026-05-01 09:30:00-04:00,2026-07-26,5,1.2,2.5,3.5,0.5,36,0.3333333333333333,-15.502257232022814,-0.4306182564450782
2026-07-26 12:46:26.357126,VOYG,30m,2026-05-01 09:30:00-04:00,2026-07-26,5,1.2,2.5,3.5,0.7,29,0.3793103448275862,15.207173651116932,0.524385298314377
2026-07-26 12:46:26.357126,VOYG,30m,2026-05-01 09:30:00-04:00,2026-07-26,5,1.2,3.0,1.0,0.3,33,0.42424242424242425,-1.3203764829519216,-0.040011408574300654
2026-07-26 12:46:26.357126,VOYG,30m,2026-05-01 09:30:00-04:00,2026-07-26,5,1.2,3.0,1.0,0.5,32,0.40625,-1.6495764829519644,-0.051549265092248886
2026-07-26 12:46:26.357126,VOYG,30m,2026-05-01 09:30:00-04:00,2026-07-26,5,1.2,3.0,1.0,0.7,24,0.4583333333333333,8.208038298624025,0.34200159577600103
2026-07-26 12:46:26.357126,VOYG,30m,2026-05-01 09:30:00-04:00,2026-07-26,5,1.2,3.0,1.5,0.3,32,0.40625,-17.91146050501723,-0.5597331407817885
2026-07-26 12:46:26.357126,VOYG,30m,2026-05-01 09:30:00-04:00,2026-07-26,5,1.2,3.0,1.5,0.5,31,0.3870967741935484,-18.240660505017274,-0.588408403387654
2026-07-26 12:46:26.357126,VOYG,30m,2026-05-01 09:30:00-04:00,2026-07-26,5,1.2,3.0,1.5,0.7,23,0.4782608695652174,-6.784497515984178,-0.2949781528688773
2026-07-26 12:46:26.357126,VOYG,30m,2026-05-01 09:30:00-04:00,2026-07-26,5,1.2,3.0,2.0,0.3,32,0.4375,-29.33058283057065,-0.9165807134553328
2026-07-26 12:46:26.357126,VOYG,30m,2026-05-01 09:30:00-04:00,2026-07-26,5,1.2,3.0,2.0,0.5,31,0.41935483870967744,-29.65978283057069,-0.9567671880829255
2026-07-26 12:46:26.357126,VOYG,30m,2026-05-01 09:30:00-04:00,2026-07-26,5,1.2,3.0,2.0,0.7,23,0.5217391304347826,-9.168232178526665,-0.39861879037072456
2026-07-26 12:46:26.357126,VOYG,30m,2026-05-01 09:30:00-04:00,2026-07-26,5,1.2,3.0,2.5,0.3,32,0.4375,-34.24553231181253,-1.0701728847441416
2026-07-26 12:46:26.357126,VOYG,30m,2026-05-01 09:30:00-04:00,2026-07-26,5,1.2,3.0,2.5,0.5,31,0.41935483870967744,-34.574732311812575,-1.115313945542341
2026-07-26 12:46:26.357126,VOYG,30m,2026-05-01 09:30:00-04:00,2026-07-26,5,1.2,3.0,2.5,0.7,23,0.5217391304347826,-11.287782981946535,-0.4907731731281102
2026-07-26 12:46:26.357126,VOYG,30m,2026-05-01 09:30:00-04:00,2026-07-26,5,1.2,3.0,3.0,0.3,32,0.34375,-34.86801521178506,-1.089625475368283
2026-07-26 12:46:26.357126,VOYG,30m,2026-05-01 09:30:00-04:00,2026-07-26,5,1.2,3.0,3.0,0.5,31,0.3225806451612903,-35.1972152117851,-1.1353940390898418
2026-07-26 12:46:26.357126,VOYG,30m,2026-05-01 09:30:00-04:00,2026-07-26,5,1.2,3.0,3.0,0.7,23,0.391304347826087,-6.49926187460057,-0.28257660324350303
2026-07-26 12:46:26.357126,VOYG,30m,2026-05-01 09:30:00-04:00,2026-07-26,5,1.2,3.0,3.5,0.3,31,0.3870967741935484,-14.826677811574704,-0.47827992940563563
2026-07-26 12:46:26.357126,VOYG,30m,2026-05-01 09:30:00-04:00,2026-07-26,5,1.2,3.0,3.5,0.5,30,0.36666666666666664,-15.155877811574747,-0.5051959270524916
2026-07-26 12:46:26.357126,VOYG,30m,2026-05-01 09:30:00-04:00,2026-07-26,5,1.2,3.0,3.5,0.7,23,0.43478260869565216,15.553553071564998,0.6762414378941304
2026-07-26 12:46:26.357126,VOYG,30m,2026-05-01 09:30:00-04:00,2026-07-26,5,1.2,3.5,1.0,0.3,26,0.34615384615384615,-7.859288622369647,-0.3022803316296018
2026-07-26 12:46:26.357126,VOYG,30m,2026-05-01 09:30:00-04:00,2026-07-26,5,1.2,3.5,1.0,0.5,25,0.32,-8.18848862236969,-0.3275395448947876
2026-07-26 12:46:26.357126,VOYG,30m,2026-05-01 09:30:00-04:00,2026-07-26,5,1.2,3.5,1.0,0.7,19,0.3684210526315789,1.8591261592062835,0.09784874522138334
2026-07-26 12:46:26.357126,VOYG,30m,2026-05-01 09:30:00-04:00,2026-07-26,5,1.2,3.5,1.5,0.3,25,0.32,-18.819363011562587,-0.7527745204625035
2026-07-26 12:46:26.357126,VOYG,30m,2026-05-01 09:30:00-04:00,2026-07-26,5,1.2,3.5,1.5,0.5,24,0.2916666666666667,-19.14856301156263,-0.7978567921484429
2026-07-26 12:46:26.357126,VOYG,30m,2026-05-01 09:30:00-04:00,2026-07-26,5,1.2,3.5,1.5,0.7,18,0.3888888888888889,-8.135270241771586,-0.45195945787619923
2026-07-26 12:46:26.357126,VOYG,30m,2026-05-01 09:30:00-04:00,2026-07-26,5,1.2,3.5,2.0,0.3,25,0.36,-24.174452839297835,-0.9669781135719134
2026-07-26 12:46:26.357126,VOYG,30m,2026-05-01 09:30:00-04:00,2026-07-26,5,1.2,3.5,2.0,0.5,24,0.3333333333333333,-24.503652839297878,-1.0209855349707448
2026-07-26 12:46:26.357126,VOYG,30m,2026-05-01 09:30:00-04:00,2026-07-26,5,1.2,3.5,2.0,0.7,18,0.4444444444444444,-5.369262479576591,-0.2982923599764773
2026-07-26 12:46:26.357126,VOYG,30m,2026-05-01 09:30:00-04:00,2026-07-26,5,1.2,3.5,2.5,0.3,25,0.44,-33.29832420787696,-1.3319329683150785
2026-07-26 12:46:26.357126,VOYG,30m,2026-05-01 09:30:00-04:00,2026-07-26,5,1.2,3.5,2.5,0.5,24,0.4166666666666667,-33.627524207877,-1.4011468419948752
2026-07-26 12:46:26.357126,VOYG,30m,2026-05-01 09:30:00-04:00,2026-07-26,5,1.2,3.5,2.5,0.7,18,0.5,-12.612025243414351,-0.700668069078575
2026-07-26 12:46:26.357126,VOYG,30m,2026-05-01 09:30:00-04:00,2026-07-26,5,1.2,3.5,3.0,0.3,25,0.36,-45.50276332252519,-1.8201105329010077
2026-07-26 12:46:26.357126,VOYG,30m,2026-05-01 09:30:00-04:00,2026-07-26,5,1.2,3.5,3.0,0.5,24,0.3333333333333333,-45.83196332252523,-1.9096651384385515
2026-07-26 12:46:26.357126,VOYG,30m,2026-05-01 09:30:00-04:00,2026-07-26,5,1.2,3.5,3.0,0.7,18,0.3888888888888889,-20.31975042382477,-1.1288750235458207
2026-07-26 12:46:26.357126,VOYG,30m,2026-05-01 09:30:00-04:00,2026-07-26,5,1.2,3.5,3.5,0.3,24,0.3333333333333333,-32.63172985825669,-1.3596554107606955
2026-07-26 12:46:26.357126,VOYG,30m,2026-05-01 09:30:00-04:00,2026-07-26,5,1.2,3.5,3.5,0.5,23,0.30434782608695654,-32.96092985825673,-1.4330839068807275
2026-07-26 12:46:26.357126,VOYG,30m,2026-05-01 09:30:00-04:00,2026-07-26,5,1.2,3.5,3.5,0.7,18,0.3333333333333333,-6.351529486681784,-0.3528627492600991
2026-07-26 12:46:26.357126,VOYG,30m,2026-05-01 09:30:00-04:00,2026-07-26,5,1.5,0.5,1.0,0.3,69,0.43478260869565216,41.632284357610665,0.603366439965372
2026-07-26 12:46:26.357126,VOYG,30m,2026-05-01 09:30:00-04:00,2026-07-26,5,1.5,0.5,1.0,0.5,53,0.4339622641509434,20.88315386241206,0.3940217709889068
2026-07-26 12:46:26.357126,VOYG,30m,2026-05-01 09:30:00-04:00,2026-07-26,5,1.5,0.5,1.0,0.7,36,0.5833333333333334,48.05739811188939,1.334927725330261
2026-07-26 12:46:26.357126,VOYG,30m,2026-05-01 09:30:00-04:00,2026-07-26,5,1.5,0.5,1.5,0.3,65,0.4307692307692308,44.869526256355456,0.6903004039439301
2026-07-26 12:46:26.357126,VOYG,30m,2026-05-01 09:30:00-04:00,2026-07-26,5,1.5,0.5,1.5,0.5,50,0.4,23.76347230533785,0.475269446106757
2026-07-26 12:46:26.357126,VOYG,30m,2026-05-01 09:30:00-04:00,2026-07-26,5,1.5,0.5,1.5,0.7,33,0.5757575757575758,52.531216133677496,1.5918550343538636
2026-07-26 12:46:26.357126,VOYG,30m,2026-05-01 09:30:00-04:00,2026-07-26,5,1.5,0.5,2.0,0.3,64,0.390625,46.348580799892396,0.7241965749983187
2026-07-26 12:46:26.357126,VOYG,30m,2026-05-01 09:30:00-04:00,2026-07-26,5,1.5,0.5,2.0,0.5,50,0.32,3.5210559212455905,0.0704211184249118
2026-07-26 12:46:26.357126,VOYG,30m,2026-05-01 09:30:00-04:00,2026-07-26,5,1.5,0.5,2.0,0.7,33,0.48484848484848486,54.94471435903183,1.6649913442130857
2026-07-26 12:46:26.357126,VOYG,30m,2026-05-01 09:30:00-04:00,2026-07-26,5,1.5,0.5,2.5,0.3,63,0.3968253968253968,26.226821382471535,0.41629875210272277
2026-07-26 12:46:26.357126,VOYG,30m,2026-05-01 09:30:00-04:00,2026-07-26,5,1.5,0.5,2.5,0.5,49,0.32653061224489793,-15.46919137427306,-0.3156977831484298
2026-07-26 12:46:26.357126,VOYG,30m,2026-05-01 09:30:00-04:00,2026-07-26,5,1.5,0.5,2.5,0.7,32,0.46875,57.950689820512586,1.8109590568910183
2026-07-26 12:46:26.357126,VOYG,30m,2026-05-01 09:30:00-04:00,2026-07-26,5,1.5,0.5,3.0,0.3,54,0.4074074074074074,43.643595267271316,0.8082147271716911
2026-07-26 12:46:26.357126,VOYG,30m,2026-05-01 09:30:00-04:00,2026-07-26,5,1.5,0.5,3.0,0.5,42,0.30952380952380953,-10.412690256711876,-0.247921196588378
2026-07-26 12:46:26.357126,VOYG,30m,2026-05-01 09:30:00-04:00,2026-07-26,5,1.5,0.5,3.0,0.7,28,0.42857142857142855,61.80209566143488,2.207217702194103
2026-07-26 12:46:26.357126,VOYG,30m,2026-05-01 09:30:00-04:00,2026-07-26,5,1.5,0.5,3.5,0.3,52,0.40384615384615385,71.10295715805955,1.3673645607319145
2026-07-26 12:46:26.357126,VOYG,30m,2026-05-01 09:30:00-04:00,2026-07-26,5,1.5,0.5,3.5,0.5,41,0.34146341463414637,30.74425402946357,0.7498598543771602
2026-07-26 12:46:26.357126,VOYG,30m,2026-05-01 09:30:00-04:00,2026-07-26,5,1.5,0.5,3.5,0.7,28,0.5,109.43416124422558,3.9083629015794847
2026-07-26 12:46:26.357126,VOYG,30m,2026-05-01 09:30:00-04:00,2026-07-26,5,1.5,0.8,1.0,0.3,58,0.46551724137931033,30.643461216986942,0.5283355382239128
2026-07-26 12:46:26.357126,VOYG,30m,2026-05-01 09:30:00-04:00,2026-07-26,5,1.5,0.8,1.0,0.5,48,0.4791666666666667,25.497728519353196,0.5312026774865249
2026-07-26 12:46:26.357126,VOYG,30m,2026-05-01 09:30:00-04:00,2026-07-26,5,1.5,0.8,1.0,0.7,34,0.5882352941176471,44.03485218211458,1.295142711238664
2026-07-26 12:46:26.357126,VOYG,30m,2026-05-01 09:30:00-04:00,2026-07-26,5,1.5,0.8,1.5,0.3,54,0.42592592592592593,-8.475187203932109,-0.15694791118392792
2026-07-26 12:46:26.357126,VOYG,30m,2026-05-01 09:30:00-04:00,2026-07-26,5,1.5,0.8,1.5,0.5,45,0.4222222222222222,-10.078379037695804,-0.2239639786154623
2026-07-26 12:46:26.357126,VOYG,30m,2026-05-01 09:30:00-04:00,2026-07-26,5,1.5,0.8,1.5,0.7,31,0.5806451612903226,20.96057989864839,0.6761477386660771
2026-07-26 12:46:26.357126,VOYG,30m,2026-05-01 09:30:00-04:00,2026-07-26,5,1.5,0.8,2.0,0.3,53,0.37735849056603776,4.115498951392347,0.07765092361117636
2026-07-26 12:46:26.357126,VOYG,30m,2026-05-01 09:30:00-04:00,2026-07-26,5,1.5,0.8,2.0,0.5,45,0.3333333333333333,-23.8225642227604,-0.5293903160613422
2026-07-26 12:46:26.357126,VOYG,30m,2026-05-01 09:30:00-04:00,2026-07-26,5,1.5,0.8,2.0,0.7,31,0.4838709677419355,24.512714359031875,0.7907327212590928
2026-07-26 12:46:26.357126,VOYG,30m,2026-05-01 09:30:00-04:00,2026-07-26,5,1.5,0.8,2.5,0.3,52,0.38461538461538464,-8.692967129470404,-0.16717244479750776
2026-07-26 12:46:26.357126,VOYG,30m,2026-05-01 09:30:00-04:00,2026-07-26,5,1.5,0.8,2.5,0.5,44,0.3409090909090909,-38.11290840672779,-0.8662024637892679
2026-07-26 12:46:26.357126,VOYG,30m,2026-05-01 09:30:00-04:00,2026-07-26,5,1.5,0.8,2.5,0.7,30,0.4666666666666667,27.518689820512634,0.9172896606837545
2026-07-26 12:46:26.357126,VOYG,30m,2026-05-01 09:30:00-04:00,2026-07-26,5,1.5,0.8,3.0,0.3,45,0.4,20.8492921016396,0.46331760225865776
2026-07-26 12:46:26.357126,VOYG,30m,2026-05-01 09:30:00-04:00,2026-07-26,5,1.5,0.8,3.0,0.5,39,0.3333333333333333,-27.331583104429313,-0.7008098231904952
2026-07-26 12:46:26.357126,VOYG,30m,2026-05-01 09:30:00-04:00,2026-07-26,5,1.5,0.8,3.0,0.7,26,0.4230769230769231,31.370095661434938,1.2065421408244208
2026-07-26 12:46:26.357126,VOYG,30m,2026-05-01 09:30:00-04:00,2026-07-26,5,1.5,0.8,3.5,0.3,43,0.4186046511627907,54.84665018697644,1.2755034927203823
2026-07-26 12:46:26.357126,VOYG,30m,2026-05-01 09:30:00-04:00,2026-07-26,5,1.5,0.8,3.5,0.5,38,0.3684210526315789,14.246636204375847,0.37491147906252226
2026-07-26 12:46:26.357126,VOYG,30m,2026-05-01 09:30:00-04:00,2026-07-26,5,1.5,0.8,3.5,0.7,26,0.5,79.00216124422565,3.038544663239448
2026-07-26 12:46:26.357126,VOYG,30m,2026-05-01 09:30:00-04:00,2026-07-26,5,1.5,1.0,1.0,0.3,52,0.4807692307692308,31.22555727873298,0.6004914861294803
2026-07-26 12:46:26.357126,VOYG,30m,2026-05-01 09:30:00-04:00,2026-07-26,5,1.5,1.0,1.0,0.5,46,0.45652173913043476,21.024321836246322,0.457050474701007
2026-07-26 12:46:26.357126,VOYG,30m,2026-05-01 09:30:00-04:00,2026-07-26,5,1.5,1.0,1.0,0.7,32,0.59375,41.92473271072071,1.3101478972100222
2026-07-26 12:46:26.357126,VOYG,30m,2026-05-01 09:30:00-04:00,2026-07-26,5,1.5,1.0,1.5,0.3,50,0.44,-3.824978177663354,-0.07649956355326708
2026-07-26 12:46:26.357126,VOYG,30m,2026-05-01 09:30:00-04:00,2026-07-26,5,1.5,1.0,1.5,0.5,44,0.4090909090909091,-13.506033351463351,-0.3069553034423489
2026-07-26 12:46:26.357126,VOYG,30m,2026-05-01 09:30:00-04:00,2026-07-26,5,1.5,1.0,1.5,0.7,30,0.5666666666666667,19.394055398866286,0.6464685132955429
2026-07-26 12:46:26.357126,VOYG,30m,2026-05-01 09:30:00-04:00,2026-07-26,5,1.5,1.0,2.0,0.3,50,0.4,7.547842361585104,0.15095684723170208
2026-07-26 12:46:26.357126,VOYG,30m,2026-05-01 09:30:00-04:00,2026-07-26,5,1.5,1.0,2.0,0.5,44,0.3409090909090909,-24.759436641117105,-0.5627144691162979
2026-07-26 12:46:26.357126,VOYG,30m,2026-05-01 09:30:00-04:00,2026-07-26,5,1.5,1.0,2.0,0.7,30,0.5,25.157348359322427,0.8385782786440809
2026-07-26 12:46:26.357126,VOYG,30m,2026-05-01 09:30:00-04:00,2026-07-26,5,1.5,1.0,2.5,0.3,49,0.3673469387755102,-8.390992676659081,-0.17124474850324656
2026-07-26 12:46:26.357126,VOYG,30m,2026-05-01 09:30:00-04:00,2026-07-26,5,1.5,1.0,2.5,0.5,43,0.32558139534883723,-37.11779143003685,-0.8632044518613221
2026-07-26 12:46:26.357126,VOYG,30m,2026-05-01 09:30:00-04:00,2026-07-26,5,1.5,1.0,2.5,0.7,29,0.4827586206896552,29.815689820512645,1.0281272351900912
2026-07-26 12:46:26.357126,VOYG,30m,2026-05-01 09:30:00-04:00,2026-07-26,5,1.5,1.0,3.0,0.3,42,0.38095238095238093,23.35750593109168,0.556131093597421
2026-07-26 12:46:26.357126,VOYG,30m,2026-05-01 09:30:00-04:00,2026-07-26,5,1.5,1.0,3.0,0.5,38,0.3157894736842105,-25.66159824632173,-0.6753052170084666
2026-07-26 12:46:26.357126,VOYG,30m,2026-05-01 09:30:00-04:00,2026-07-26,5,1.5,1.0,3.0,0.7,25,0.44,33.66709566143495,1.346683826457398
2026-07-26 12:46:26.357126,VOYG,30m,2026-05-01 09:30:00-04:00,2026-07-26,5,1.5,1.0,3.5,0.3,40,0.425,59.707437684421194,1.4926859421105299
2026-07-26 12:46:26.357126,VOYG,30m,2026-05-01 09:30:00-04:00,2026-07-26,5,1.5,1.0,3.5,0.5,37,0.3783783783783784,16.737823235252094,0.4523736009527593
2026-07-26 12:46:26.357126,VOYG,30m,2026-05-01 09:30:00-04:00,2026-07-26,5,1.5,1.0,3.5,0.7,25,0.52,81.29916124422564,3.251966449769026
2026-07-26 12:46:26.357126,VOYG,30m,2026-05-01 09:30:00-04:00,2026-07-26,5,1.5,1.2,1.0,0.3,46,0.5,36.05353670367695,0.7837725370364553
2026-07-26 12:46:26.357126,VOYG,30m,2026-05-01 09:30:00-04:00,2026-07-26,5,1.5,1.2,1.0,0.5,40,0.475,25.85230126119029,0.6463075315297573
2026-07-26 12:46:26.357126,VOYG,30m,2026-05-01 09:30:00-04:00,2026-07-26,5,1.5,1.2,1.0,0.7,28,0.6428571428571429,45.768671490470325,1.6345954103739402
2026-07-26 12:46:26.357126,VOYG,30m,2026-05-01 09:30:00-04:00,2026-07-26,5,1.5,1.2,1.5,0.3,45,0.4666666666666667,9.026490747261846,0.20058868327248547
2026-07-26 12:46:26.357126,VOYG,30m,2026-05-01 09:30:00-04:00,2026-07-26,5,1.5,1.2,1.5,0.5,39,0.4358974358974359,-0.6545644265381512,-0.016783703244567977
2026-07-26 12:46:26.357126,VOYG,30m,2026-05-01 09:30:00-04:00,2026-07-26,5,1.5,1.2,1.5,0.7,27,0.5925925925925926,28.896335267036335,1.0702346395198643
2026-07-26 12:46:26.357126,VOYG,30m,2026-05-01 09:30:00-04:00,2026-07-26,5,1.5,1.2,2.0,0.3,45,0.4444444444444444,24.834665338904323,0.5518814519756516
2026-07-26 12:46:26.357126,VOYG,30m,2026-05-01 09:30:00-04:00,2026-07-26,5,1.5,1.2,2.0,0.5,39,0.38461538461538464,-7.472613663797887,-0.19160547855892018
2026-07-26 12:46:26.357126,VOYG,30m,2026-05-01 09:30:00-04:00,2026-07-26,5,1.5,1.2,2.0,0.7,27,0.5555555555555556,36.645252594301496,1.357231577566722
2026-07-26 12:46:26.357126,VOYG,30m,2026-05-01 09:30:00-04:00,2026-07-26,5,1.5,1.2,2.5,0.3,44,0.4090909090909091,13.323286044989757,0.30280195556794903
2026-07-26 12:46:26.357126,VOYG,30m,2026-05-01 09:30:00-04:00,2026-07-26,5,1.5,1.2,2.5,0.5,38,0.3684210526315789,-15.403512708388014,-0.4053555975891583
2026-07-26 12:46:26.357126,VOYG,30m,2026-05-01 09:30:00-04:00,2026-07-26,5,1.5,1.2,2.5,0.7,26,0.5384615384615384,43.281320114236266,1.6646661582398563
2026-07-26 12:46:26.357126,VOYG,30m,2026-05-01 09:30:00-04:00,2026-07-26,5,1.5,1.2,3.0,0.3,39,0.4358974358974359,54.4431402007509,1.3959779538654078
2026-07-26 12:46:26.357126,VOYG,30m,2026-05-01 09:30:00-04:00,2026-07-26,5,1.5,1.2,3.0,0.5,34,0.35294117647058826,-2.5999020230162273,-0.0764677065593008
2026-07-26 12:46:26.357126,VOYG,30m,2026-05-01 09:30:00-04:00,2026-07-26,5,1.5,1.2,3.0,0.7,23,0.5217391304347826,60.252073753167075,2.6196553805724814
2026-07-26 12:46:26.357126,VOYG,30m,2026-05-01 09:30:00-04:00,2026-07-26,5,1.5,1.2,3.5,0.3,38,0.47368421052631576,76.37786111716352,2.0099437136095664
2026-07-26 12:46:26.357126,VOYG,30m,2026-05-01 09:30:00-04:00,2026-07-26,5,1.5,1.2,3.5,0.5,33,0.3939393939393939,21.907511856101998,0.6638639956394545
2026-07-26 12:46:26.357126,VOYG,30m,2026-05-01 09:30:00-04:00,2026-07-26,5,1.5,1.2,3.5,0.7,23,0.5652173913043478,87.48767871157324,3.8038121178944886
2026-07-26 12:46:26.357126,VOYG,30m,2026-05-01 09:30:00-04:00,2026-07-26,5,1.5,1.5,1.0,0.3,38,0.47368421052631576,21.149032522243836,0.5565534874274694
2026-07-26 12:46:26.357126,VOYG,30m,2026-05-01 09:30:00-04:00,2026-07-26,5,1.5,1.5,1.0,0.5,33,0.45454545454545453,13.646232522243764,0.4135221976437504
2026-07-26 12:46:26.357126,VOYG,30m,2026-05-01 09:30:00-04:00,2026-07-26,5,1.5,1.5,1.0,0.7,23,0.6086956521739131,30.039886100980482,1.3060820043904557
2026-07-26 12:46:26.357126,VOYG,30m,2026-05-01 09:30:00-04:00,2026-07-26,5,1.5,1.5,1.5,0.3,37,0.43243243243243246,-3.157922956418666,-0.08534926909239639
2026-07-26 12:46:26.357126,VOYG,30m,2026-05-01 09:30:00-04:00,2026-07-26,5,1.5,1.5,1.5,0.5,32,0.40625,-10.158911954215952,-0.3174659985692485
2026-07-26 12:46:26.357126,VOYG,30m,2026-05-01 09:30:00-04:00,2026-07-26,5,1.5,1.5,1.5,0.7,22,0.5454545454545454,13.937844432141162,0.6335383832791437
2026-07-26 12:46:26.357126,VOYG,30m,2026-05-01 09:30:00-04:00,2026-07-26,5,1.5,1.5,2.0,0.3,37,0.43243243243243246,17.284758411560972,0.46715563274489114
2026-07-26 12:46:26.357126,VOYG,30m,2026-05-01 09:30:00-04:00,2026-07-26,5,1.5,1.5,2.0,0.5,32,0.375,-13.94909902313767,-0.4359093444730522
2026-07-26 12:46:26.357126,VOYG,30m,2026-05-01 09:30:00-04:00,2026-07-26,5,1.5,1.5,2.0,0.7,22,0.5454545454545454,22.66324282533855,1.0301474011517522
2026-07-26 12:46:26.357126,VOYG,30m,2026-05-01 09:30:00-04:00,2026-07-26,5,1.5,1.5,2.5,0.3,36,0.4444444444444444,13.696902385810503,0.38046951071695845
2026-07-26 12:46:26.357126,VOYG,30m,2026-05-01 09:30:00-04:00,2026-07-26,5,1.5,1.5,2.5,0.5,31,0.3870967741935484,-15.563119407562773,-0.5020361099213798
2026-07-26 12:46:26.357126,VOYG,30m,2026-05-01 09:30:00-04:00,2026-07-26,5,1.5,1.5,2.5,0.7,21,0.5714285714285714,33.564807903032516,1.5983241858586912
2026-07-26 12:46:26.357126,VOYG,30m,2026-05-01 09:30:00-04:00,2026-07-26,5,1.5,1.5,3.0,0.3,36,0.3888888888888889,3.3500062718587387,0.09305572977385385
2026-07-26 12:46:26.357126,VOYG,30m,2026-05-01 09:30:00-04:00,2026-07-26,5,1.5,1.5,3.0,0.5,31,0.3225806451612903,-23.936179880189066,-0.7721348348448086
2026-07-26 12:46:26.357126,VOYG,30m,2026-05-01 09:30:00-04:00,2026-07-26,5,1.5,1.5,3.0,0.7,21,0.47619047619047616,35.11525923318935,1.6721552015804453
2026-07-26 12:46:26.357126,VOYG,30m,2026-05-01 09:30:00-04:00,2026-07-26,5,1.5,1.5,3.5,0.3,35,0.45714285714285713,41.674939696899855,1.1907125627685673
2026-07-26 12:46:26.357126,VOYG,30m,2026-05-01 09:30:00-04:00,2026-07-26,5,1.5,1.5,3.5,0.5,30,0.4,16.362589186177452,0.5454196395392484
2026-07-26 12:46:26.357126,VOYG,30m,2026-05-01 09:30:00-04:00,2026-07-26,5,1.5,1.5,3.5,0.7,21,0.5714285714285714,77.50879660170963,3.6908950762718873
2026-07-26 12:46:26.357126,VOYG,30m,2026-05-01 09:30:00-04:00,2026-07-26,5,1.5,1.8,1.0,0.3,32,0.5,19.82661189638236,0.6195816217619488
2026-07-26 12:46:26.357126,VOYG,30m,2026-05-01 09:30:00-04:00,2026-07-26,5,1.5,1.8,1.0,0.5,28,0.5,19.113011896382304,0.6826075677279394
2026-07-26 12:46:26.357126,VOYG,30m,2026-05-01 09:30:00-04:00,2026-07-26,5,1.5,1.8,1.0,0.7,22,0.6363636363636364,32.00603843036518,1.4548199286529628
2026-07-26 12:46:26.357126,VOYG,30m,2026-05-01 09:30:00-04:00,2026-07-26,5,1.5,1.8,1.5,0.3,31,0.45161290322580644,0.7277721136421533,0.023476519794908172
2026-07-26 12:46:26.357126,VOYG,30m,2026-05-01 09:30:00-04:00,2026-07-26,5,1.5,1.8,1.5,0.5,27,0.4444444444444444,0.42584329776474306,0.01577197399128678
2026-07-26 12:46:26.357126,VOYG,30m,2026-05-01 09:30:00-04:00,2026-07-26,5,1.5,1.8,1.5,0.7,21,0.5714285714285714,17.162072926218173,0.8172415679151511
2026-07-26 12:46:26.357126,VOYG,30m,2026-05-01 09:30:00-04:00,2026-07-26,5,1.5,1.8,2.0,0.3,31,0.4838709677419355,26.78235183830882,0.8639468334938329
2026-07-26 12:46:26.357126,VOYG,30m,2026-05-01 09:30:00-04:00,2026-07-26,5,1.5,1.8,2.0,0.5,27,0.4444444444444444,1.8805746461699968,0.069650912821111
2026-07-26 12:46:26.357126,VOYG,30m,2026-05-01 09:30:00-04:00,2026-07-26,5,1.5,1.8,2.0,0.7,21,0.5714285714285714,27.145547484107944,1.2926451182908545
2026-07-26 12:46:26.357126,VOYG,30m,2026-05-01 09:30:00-04:00,2026-07-26,5,1.5,1.8,2.5,0.3,30,0.5,28.806394169245202,0.9602131389748401
2026-07-26 12:46:26.357126,VOYG,30m,2026-05-01 09:30:00-04:00,2026-07-26,5,1.5,1.8,2.5,0.5,26,0.46153846153846156,5.511472679071723,0.2119797184258355
2026-07-26 12:46:26.357126,VOYG,30m,2026-05-01 09:30:00-04:00,2026-07-26,5,1.5,1.8,2.5,0.7,20,0.6,39.30518872649422,1.9652594363247111
2026-07-26 12:46:26.357126,VOYG,30m,2026-05-01 09:30:00-04:00,2026-07-26,5,1.5,1.8,3.0,0.3,30,0.43333333333333335,24.071396411980466,0.8023798803993488
2026-07-26 12:46:26.357126,VOYG,30m,2026-05-01 09:30:00-04:00,2026-07-26,5,1.5,1.8,3.0,0.5,26,0.38461538461538464,2.3833306237724017,0.09166656245278468
2026-07-26 12:46:26.357126,VOYG,30m,2026-05-01 09:30:00-04:00,2026-07-26,5,1.5,1.8,3.0,0.7,20,0.5,42.11371622134344,2.105685811067172
2026-07-26 12:46:26.357126,VOYG,30m,2026-05-01 09:30:00-04:00,2026-07-26,5,1.5,1.8,3.5,0.3,29,0.5172413793103449,68.00822819370848,2.34511131702443
2026-07-26 12:46:26.357126,VOYG,30m,2026-05-01 09:30:00-04:00,2026-07-26,5,1.5,1.8,3.5,0.5,25,0.48,47.92701810746575,1.9170807242986299
2026-07-26 12:46:26.357126,VOYG,30m,2026-05-01 09:30:00-04:00,2026-07-26,5,1.5,1.8,3.5,0.7,20,0.6,85.76532975455603,4.288266487727801
2026-07-26 12:46:26.357126,VOYG,30m,2026-05-01 09:30:00-04:00,2026-07-26,5,1.5,2.0,1.0,0.3,27,0.48148148148148145,23.64052899992103,0.8755751481452234
2026-07-26 12:46:26.357126,VOYG,30m,2026-05-01 09:30:00-04:00,2026-07-26,5,1.5,2.0,1.0,0.5,24,0.5,26.410328999920978,1.1004303749967075
2026-07-26 12:46:26.357126,VOYG,30m,2026-05-01 09:30:00-04:00,2026-07-26,5,1.5,2.0,1.0,0.7,20,0.6,30.557054972148023,1.5278527486074012
2026-07-26 12:46:26.357126,VOYG,30m,2026-05-01 09:30:00-04:00,2026-07-26,5,1.5,2.0,1.5,0.3,26,0.46153846153846156,7.371731827954413,0.28352814722901587
2026-07-26 12:46:26.357126,VOYG,30m,2026-05-01 09:30:00-04:00,2026-07-26,5,1.5,2.0,1.5,0.5,23,0.4782608695652174,10.244464175853736,0.44541148590668417
2026-07-26 12:46:26.357126,VOYG,30m,2026-05-01 09:30:00-04:00,2026-07-26,5,1.5,2.0,1.5,0.7,19,0.5789473684210527,18.08859773889239,0.9520314599417047
2026-07-26 12:46:26.357126,VOYG,30m,2026-05-01 09:30:00-04:00,2026-07-26,5,1.5,2.0,2.0,0.3,26,0.5384615384615384,41.00763145739183,1.5772165945150705
2026-07-26 12:46:26.357126,VOYG,30m,2026-05-01 09:30:00-04:00,2026-07-26,5,1.5,2.0,2.0,0.5,23,0.5217391304347826,18.655402483622048,0.8111044558096543
2026-07-26 12:46:26.357126,VOYG,30m,2026-05-01 09:30:00-04:00,2026-07-26,5,1.5,2.0,2.0,0.7,19,0.631578947368421,30.447580567673604,1.6025042404038738
2026-07-26 12:46:26.357126,VOYG,30m,2026-05-01 09:30:00-04:00,2026-07-26,5,1.5,2.0,2.5,0.3,25,0.52,43.336259233818204,1.7334503693527281
2026-07-26 12:46:26.357126,VOYG,30m,2026-05-01 09:30:00-04:00,2026-07-26,5,1.5,2.0,2.5,0.5,22,0.5,21.965773016606,0.9984442280275455
2026-07-26 12:46:26.357126,VOYG,30m,2026-05-01 09:30:00-04:00,2026-07-26,5,1.5,2.0,2.5,0.7,18,0.6111111111111112,37.705995621670496,2.0947775345372497
2026-07-26 12:46:26.357126,VOYG,30m,2026-05-01 09:30:00-04:00,2026-07-26,5,1.5,2.0,3.0,0.3,25,0.44,43.615160830132105,1.7446064332052842
2026-07-26 12:46:26.357126,VOYG,30m,2026-05-01 09:30:00-04:00,2026-07-26,5,1.5,2.0,3.0,0.5,22,0.4090909090909091,23.226417369477552,1.0557462440671614
2026-07-26 12:46:26.357126,VOYG,30m,2026-05-01 09:30:00-04:00,2026-07-26,5,1.5,2.0,3.0,0.7,18,0.5,42.91468449555495,2.384149138641942
2026-07-26 12:46:26.357126,VOYG,30m,2026-05-01 09:30:00-04:00,2026-07-26,5,1.5,2.0,3.5,0.3,25,0.52,64.61755092350404,2.5847020369401617
2026-07-26 12:46:26.357126,VOYG,30m,2026-05-01 09:30:00-04:00,2026-07-26,5,1.5,2.0,3.5,0.5,22,0.5,45.210550219407075,2.0550250099730487
2026-07-26 12:46:26.357126,VOYG,30m,2026-05-01 09:30:00-04:00,2026-07-26,5,1.5,2.0,3.5,0.7,18,0.6111111111111112,68.84686186649733,3.8248256592498517
2026-07-26 12:46:26.357126,VOYG,30m,2026-05-01 09:30:00-04:00,2026-07-26,5,1.5,2.5,1.0,0.3,22,0.5454545454545454,27.863197772058435,1.2665089896390198
2026-07-26 12:46:26.357126,VOYG,30m,2026-05-01 09:30:00-04:00,2026-07-26,5,1.5,2.5,1.0,0.5,21,0.5238095238095238,27.53399777205839,1.3111427510503997
2026-07-26 12:46:26.357126,VOYG,30m,2026-05-01 09:30:00-04:00,2026-07-26,5,1.5,2.5,1.0,0.7,18,0.6111111111111112,30.796734028248842,1.7109296682360469
2026-07-26 12:46:26.357126,VOYG,30m,2026-05-01 09:30:00-04:00,2026-07-26,5,1.5,2.5,1.5,0.3,21,0.5714285714285714,14.587425426806071,0.6946393060383843
2026-07-26 12:46:26.357126,VOYG,30m,2026-05-01 09:30:00-04:00,2026-07-26,5,1.5,2.5,1.5,0.5,20,0.55,14.258225426806028,0.7129112713403014
2026-07-26 12:46:26.357126,VOYG,30m,2026-05-01 09:30:00-04:00,2026-07-26,5,1.5,2.5,1.5,0.7,17,0.6470588235294118,20.001374415789748,1.1765514362229264
2026-07-26 12:46:26.357126,VOYG,30m,2026-05-01 09:30:00-04:00,2026-07-26,5,1.5,2.5,2.0,0.3,21,0.5714285714285714,15.821270625469168,0.7533938393080556
2026-07-26 12:46:26.357126,VOYG,30m,2026-05-01 09:30:00-04:00,2026-07-26,5,1.5,2.5,2.0,0.5,20,0.55,15.492070625469125,0.7746035312734563
2026-07-26 12:46:26.357126,VOYG,30m,2026-05-01 09:30:00-04:00,2026-07-26,5,1.5,2.5,2.0,0.7,17,0.6470588235294118,23.96626927744741,1.4097805457322006
2026-07-26 12:46:26.357126,VOYG,30m,2026-05-01 09:30:00-04:00,2026-07-26,5,1.5,2.5,2.5,0.3,20,0.55,22.390808193914893,1.1195404096957446
2026-07-26 12:46:26.357126,VOYG,30m,2026-05-01 09:30:00-04:00,2026-07-26,5,1.5,2.5,2.5,0.5,19,0.5263157894736842,22.06160819391485,1.1611372733639396
2026-07-26 12:46:26.357126,VOYG,30m,2026-05-01 09:30:00-04:00,2026-07-26,5,1.5,2.5,2.5,0.7,16,0.625,33.266856508887734,2.0791785318054834
2026-07-26 12:46:26.357126,VOYG,30m,2026-05-01 09:30:00-04:00,2026-07-26,5,1.5,2.5,3.0,0.3,20,0.45,25.87182919958753,1.2935914599793765
2026-07-26 12:46:26.357126,VOYG,30m,2026-05-01 09:30:00-04:00,2026-07-26,5,1.5,2.5,3.0,0.5,19,0.42105263157894735,25.542629199587488,1.3443489052414468
2026-07-26 12:46:26.357126,VOYG,30m,2026-05-01 09:30:00-04:00,2026-07-26,5,1.5,2.5,3.0,0.7,16,0.5,39.47892717755501,2.467432948597188
2026-07-26 12:46:26.357126,VOYG,30m,2026-05-01 09:30:00-04:00,2026-07-26,5,1.5,2.5,3.5,0.3,20,0.55,49.441997354535374,2.4720998677267687
2026-07-26 12:46:26.357126,VOYG,30m,2026-05-01 09:30:00-04:00,2026-07-26,5,1.5,2.5,3.5,0.5,19,0.5263157894736842,49.11279735453533,2.584884071291333
2026-07-26 12:46:26.357126,VOYG,30m,2026-05-01 09:30:00-04:00,2026-07-26,5,1.5,2.5,3.5,0.7,16,0.625,65.78014499549738,4.111259062218586
2026-07-26 12:46:26.357126,VOYG,30m,2026-05-01 09:30:00-04:00,2026-07-26,5,1.5,3.0,1.0,0.3,17,0.5882352941176471,15.562345465286427,0.9154320861933192
2026-07-26 12:46:26.357126,VOYG,30m,2026-05-01 09:30:00-04:00,2026-07-26,5,1.5,3.0,1.0,0.5,16,0.5625,15.233145465286384,0.952071591580399
2026-07-26 12:46:26.357126,VOYG,30m,2026-05-01 09:30:00-04:00,2026-07-26,5,1.5,3.0,1.0,0.7,13,0.6923076923076923,18.495881721476835,1.422760132421295
2026-07-26 12:46:26.357126,VOYG,30m,2026-05-01 09:30:00-04:00,2026-07-26,5,1.5,3.0,1.5,0.3,16,0.625,8.021018919608842,0.5013136824755526
2026-07-26 12:46:26.357126,VOYG,30m,2026-05-01 09:30:00-04:00,2026-07-26,5,1.5,3.0,1.5,0.5,15,0.6,7.691818919608799,0.5127879279739199
2026-07-26 12:46:26.357126,VOYG,30m,2026-05-01 09:30:00-04:00,2026-07-26,5,1.5,3.0,1.5,0.7,12,0.75,13.434967908592519,1.1195806590493766
2026-07-26 12:46:26.357126,VOYG,30m,2026-05-01 09:30:00-04:00,2026-07-26,5,1.5,3.0,2.0,0.3,16,0.625,7.999825281982602,0.49998908012391263
2026-07-26 12:46:26.357126,VOYG,30m,2026-05-01 09:30:00-04:00,2026-07-26,5,1.5,3.0,2.0,0.5,15,0.6,7.670625281982559,0.5113750187988373
2026-07-26 12:46:26.357126,VOYG,30m,2026-05-01 09:30:00-04:00,2026-07-26,5,1.5,3.0,2.0,0.7,12,0.75,16.144823933960843,1.345401994496737
2026-07-26 12:46:26.357126,VOYG,30m,2026-05-01 09:30:00-04:00,2026-07-26,5,1.5,3.0,2.5,0.3,16,0.625,10.400638843690047,0.6500399277306279
2026-07-26 12:46:26.357126,VOYG,30m,2026-05-01 09:30:00-04:00,2026-07-26,5,1.5,3.0,2.5,0.5,15,0.6,10.071438843690004,0.6714292562460003
2026-07-26 12:46:26.357126,VOYG,30m,2026-05-01 09:30:00-04:00,2026-07-26,5,1.5,3.0,2.5,0.7,12,0.75,21.276687158662888,1.7730572632219073
2026-07-26 12:46:26.357126,VOYG,30m,2026-05-01 09:30:00-04:00,2026-07-26,5,1.5,3.0,3.0,0.3,16,0.5,17.228381493239233,1.076773843327452
2026-07-26 12:46:26.357126,VOYG,30m,2026-05-01 09:30:00-04:00,2026-07-26,5,1.5,3.0,3.0,0.5,15,0.4666666666666667,16.89918149323919,1.1266120995492794
2026-07-26 12:46:26.357126,VOYG,30m,2026-05-01 09:30:00-04:00,2026-07-26,5,1.5,3.0,3.0,0.7,12,0.5833333333333334,30.83547947120671,2.5696232892672257
2026-07-26 12:46:26.357126,VOYG,30m,2026-05-01 09:30:00-04:00,2026-07-26,5,1.5,3.0,3.5,0.3,16,0.625,43.99893700071161,2.7499335625444754
2026-07-26 12:46:26.357126,VOYG,30m,2026-05-01 09:30:00-04:00,2026-07-26,5,1.5,3.0,3.5,0.5,15,0.6,43.669737000711564,2.9113158000474377
2026-07-26 12:46:26.357126,VOYG,30m,2026-05-01 09:30:00-04:00,2026-07-26,5,1.5,3.0,3.5,0.7,12,0.75,60.33708464167361,5.028090386806134
2026-07-26 12:46:26.357126,VOYG,30m,2026-05-01 09:30:00-04:00,2026-07-26,5,1.5,3.5,1.0,0.3,12,0.5833333333333334,12.696342363456878,1.0580285302880732
2026-07-26 12:46:26.357126,VOYG,30m,2026-05-01 09:30:00-04:00,2026-07-26,5,1.5,3.5,1.0,0.5,11,0.5454545454545454,12.367142363456836,1.1242856694051668
2026-07-26 12:46:26.357126,VOYG,30m,2026-05-01 09:30:00-04:00,2026-07-26,5,1.5,3.5,1.0,0.7,9,0.6666666666666666,14.592278619647274,1.6213642910719193
2026-07-26 12:46:26.357126,VOYG,30m,2026-05-01 09:30:00-04:00,2026-07-26,5,1.5,3.5,1.5,0.3,11,0.6363636363636364,9.814901437083812,0.8922637670076192
2026-07-26 12:46:26.357126,VOYG,30m,2026-05-01 09:30:00-04:00,2026-07-26,5,1.5,3.5,1.5,0.5,10,0.6,9.485701437083769,0.9485701437083769
2026-07-26 12:46:26.357126,VOYG,30m,2026-05-01 09:30:00-04:00,2026-07-26,5,1.5,3.5,1.5,0.7,8,0.75,13.87715873918733,1.7346448423984162
2026-07-26 12:46:26.357126,VOYG,30m,2026-05-01 09:30:00-04:00,2026-07-26,5,1.5,3.5,2.0,0.3,11,0.6363636363636364,14.741668638615906,1.340151694419628
2026-07-26 12:46:26.357126,VOYG,30m,2026-05-01 09:30:00-04:00,2026-07-26,5,1.5,3.5,2.0,0.5,10,0.6,14.412468638615863,1.4412468638615863
2026-07-26 12:46:26.357126,VOYG,30m,2026-05-01 09:30:00-04:00,2026-07-26,5,1.5,3.5,2.0,0.7,8,0.75,21.084411708087245,2.6355514635109056
2026-07-26 12:46:26.357126,VOYG,30m,2026-05-01 09:30:00-04:00,2026-07-26,5,1.5,3.5,2.5,0.3,11,0.7272727272727273,11.81748865432624,1.0743171503932947
2026-07-26 12:46:26.357126,VOYG,30m,2026-05-01 09:30:00-04:00,2026-07-26,5,1.5,3.5,2.5,0.5,10,0.7,11.488288654326198,1.1488288654326198
2026-07-26 12:46:26.357126,VOYG,30m,2026-05-01 09:30:00-04:00,2026-07-26,5,1.5,3.5,2.5,0.7,8,0.875,20.440717491165472,2.555089686395684
2026-07-26 12:46:26.357126,VOYG,30m,2026-05-01 09:30:00-04:00,2026-07-26,5,1.5,3.5,3.0,0.3,11,0.5454545454545454,5.9472034305398935,0.5406548573218085
2026-07-26 12:46:26.357126,VOYG,30m,2026-05-01 09:30:00-04:00,2026-07-26,5,1.5,3.5,3.0,0.5,10,0.5,5.618003430539851,0.5618003430539851
2026-07-26 12:46:26.357126,VOYG,30m,2026-05-01 09:30:00-04:00,2026-07-26,5,1.5,3.5,3.0,0.7,8,0.625,16.850918034747018,2.106364754343377
2026-07-26 12:46:26.357126,VOYG,30m,2026-05-01 09:30:00-04:00,2026-07-26,5,1.5,3.5,3.5,0.3,11,0.5454545454545454,24.431383343410467,2.2210348494009513
2026-07-26 12:46:26.357126,VOYG,30m,2026-05-01 09:30:00-04:00,2026-07-26,5,1.5,3.5,3.5,0.5,10,0.5,24.102183343410424,2.4102183343410424
2026-07-26 12:46:26.357126,VOYG,30m,2026-05-01 09:30:00-04:00,2026-07-26,5,1.5,3.5,3.5,0.7,8,0.625,37.61558371498541,4.7019479643731765
2026-07-26 12:46:26.357126,VOYG,30m,2026-05-01 09:30:00-04:00,2026-07-26,5,1.8,0.5,1.0,0.3,50,0.42,28.573491815715606,0.5714698363143121
2026-07-26 12:46:26.357126,VOYG,30m,2026-05-01 09:30:00-04:00,2026-07-26,5,1.8,0.5,1.0,0.5,38,0.42105263157894735,10.69111107301051,0.2813450282371187
2026-07-26 12:46:26.357126,VOYG,30m,2026-05-01 09:30:00-04:00,2026-07-26,5,1.8,0.5,1.0,0.7,25,0.56,31.53128242909684,1.2612512971638736
2026-07-26 12:46:26.357126,VOYG,30m,2026-05-01 09:30:00-04:00,2026-07-26,5,1.8,0.5,1.5,0.3,50,0.42,18.701874312405806,0.3740374862481161
2026-07-26 12:46:26.357126,VOYG,30m,2026-05-01 09:30:00-04:00,2026-07-26,5,1.8,0.5,1.5,0.5,38,0.39473684210526316,0.1438308314834913,0.0037850218811445076
2026-07-26 12:46:26.357126,VOYG,30m,2026-05-01 09:30:00-04:00,2026-07-26,5,1.8,0.5,1.5,0.7,24,0.5416666666666666,22.01555630265812,0.9173148459440883
2026-07-26 12:46:26.357126,VOYG,30m,2026-05-01 09:30:00-04:00,2026-07-26,5,1.8,0.5,2.0,0.3,49,0.40816326530612246,29.53823774749349,0.6028211785202753
2026-07-26 12:46:26.357126,VOYG,30m,2026-05-01 09:30:00-04:00,2026-07-26,5,1.8,0.5,2.0,0.5,38,0.34210526315789475,-12.868339837693021,-0.3386405220445532
2026-07-26 12:46:26.357126,VOYG,30m,2026-05-01 09:30:00-04:00,2026-07-26,5,1.8,0.5,2.0,0.7,24,0.5,28.593960790539867,1.191415032939161
2026-07-26 12:46:26.357126,VOYG,30m,2026-05-01 09:30:00-04:00,2026-07-26,5,1.8,0.5,2.5,0.3,49,0.3877551020408163,-3.953435577660507,-0.08068235872776544
2026-07-26 12:46:26.357126,VOYG,30m,2026-05-01 09:30:00-04:00,2026-07-26,5,1.8,0.5,2.5,0.5,38,0.3157894736842105,-40.75090190801323,-1.0723921554740325
2026-07-26 12:46:26.357126,VOYG,30m,2026-05-01 09:30:00-04:00,2026-07-26,5,1.8,0.5,2.5,0.7,24,0.4583333333333333,18.867682430994215,0.786153434624759
2026-07-26 12:46:26.357126,VOYG,30m,2026-05-01 09:30:00-04:00,2026-07-26,5,1.8,0.5,3.0,0.3,46,0.3695652173913043,4.277300720855273,0.09298479827946245
2026-07-26 12:46:26.357126,VOYG,30m,2026-05-01 09:30:00-04:00,2026-07-26,5,1.8,0.5,3.0,0.5,35,0.2857142857142857,-23.123783418097474,-0.6606795262313564
2026-07-26 12:46:26.357126,VOYG,30m,2026-05-01 09:30:00-04:00,2026-07-26,5,1.8,0.5,3.0,0.7,22,0.36363636363636365,18.728849342086562,0.8513113337312074
2026-07-26 12:46:26.357126,VOYG,30m,2026-05-01 09:30:00-04:00,2026-07-26,5,1.8,0.5,3.5,0.3,44,0.38636363636363635,14.150231421346184,0.3215961686669587
2026-07-26 12:46:26.357126,VOYG,30m,2026-05-01 09:30:00-04:00,2026-07-26,5,1.8,0.5,3.5,0.5,34,0.35294117647058826,1.092729908618928,0.03213911495938023
2026-07-26 12:46:26.357126,VOYG,30m,2026-05-01 09:30:00-04:00,2026-07-26,5,1.8,0.5,3.5,0.7,22,0.5,72.62052434523915,3.3009329247835977
2026-07-26 12:46:26.357126,VOYG,30m,2026-05-01 09:30:00-04:00,2026-07-26,5,1.8,0.8,1.0,0.3,40,0.45,23.64347356837147,0.5910868392092867
2026-07-26 12:46:26.357126,VOYG,30m,2026-05-01 09:30:00-04:00,2026-07-26,5,1.8,0.8,1.0,0.5,34,0.47058823529411764,21.364490623231234,0.6283673712715069
2026-07-26 12:46:26.357126,VOYG,30m,2026-05-01 09:30:00-04:00,2026-07-26,5,1.8,0.8,1.0,0.7,24,0.5833333333333334,36.11853796924482,1.5049390820518675
2026-07-26 12:46:26.357126,VOYG,30m,2026-05-01 09:30:00-04:00,2026-07-26,5,1.8,0.8,1.5,0.3,40,0.4,2.2077982541808794,0.055194956354521985
2026-07-26 12:46:26.357126,VOYG,30m,2026-05-01 09:30:00-04:00,2026-07-26,5,1.8,0.8,1.5,0.5,34,0.4117647058823529,3.1526168905124763,0.09272402619154342
2026-07-26 12:46:26.357126,VOYG,30m,2026-05-01 09:30:00-04:00,2026-07-26,5,1.8,0.8,1.5,0.7,23,0.5652173913043478,29.562556302658116,1.2853285348981789
2026-07-26 12:46:26.357126,VOYG,30m,2026-05-01 09:30:00-04:00,2026-07-26,5,1.8,0.8,2.0,0.3,39,0.38461538461538464,22.561490788371366,0.5784997638043939
2026-07-26 12:46:26.357126,VOYG,30m,2026-05-01 09:30:00-04:00,2026-07-26,5,1.8,0.8,2.0,0.5,34,0.35294117647058826,-4.955625092321085,-0.14575367918591428
2026-07-26 12:46:26.357126,VOYG,30m,2026-05-01 09:30:00-04:00,2026-07-26,5,1.8,0.8,2.0,0.7,23,0.5217391304347826,36.140960790539864,1.5713461213278201
2026-07-26 12:46:26.357126,VOYG,30m,2026-05-01 09:30:00-04:00,2026-07-26,5,1.8,0.8,2.5,0.3,39,0.358974358974359,-4.847155071716465,-0.12428602747990936
2026-07-26 12:46:26.357126,VOYG,30m,2026-05-01 09:30:00-04:00,2026-07-26,5,1.8,0.8,2.5,0.5,34,0.3235294117647059,-29.368549922581977,-0.8637808800759404
2026-07-26 12:46:26.357126,VOYG,30m,2026-05-01 09:30:00-04:00,2026-07-26,5,1.8,0.8,2.5,0.7,23,0.4782608695652174,26.414682430994212,1.1484644535214874
2026-07-26 12:46:26.357126,VOYG,30m,2026-05-01 09:30:00-04:00,2026-07-26,5,1.8,0.8,3.0,0.3,36,0.3333333333333333,1.9531279317362404,0.05425355365934001
2026-07-26 12:46:26.357126,VOYG,30m,2026-05-01 09:30:00-04:00,2026-07-26,5,1.8,0.8,3.0,0.5,31,0.2903225806451613,-19.572545889302226,-0.6313724480420073
2026-07-26 12:46:26.357126,VOYG,30m,2026-05-01 09:30:00-04:00,2026-07-26,5,1.8,0.8,3.0,0.7,21,0.38095238095238093,26.27584934208656,1.251230921051741
2026-07-26 12:46:26.357126,VOYG,30m,2026-05-01 09:30:00-04:00,2026-07-26,5,1.8,0.8,3.5,0.3,35,0.4,37.16854227535091,1.0619583507243118
2026-07-26 12:46:26.357126,VOYG,30m,2026-05-01 09:30:00-04:00,2026-07-26,5,1.8,0.8,3.5,0.5,31,0.3870967741935484,23.86972990861903,0.7699912873748074
2026-07-26 12:46:26.357126,VOYG,30m,2026-05-01 09:30:00-04:00,2026-07-26,5,1.8,0.8,3.5,0.7,21,0.5238095238095238,80.16752434523914,3.817501159297102
2026-07-26 12:46:26.357126,VOYG,30m,2026-05-01 09:30:00-04:00,2026-07-26,5,1.8,1.0,1.0,0.3,38,0.47368421052631576,28.538090623231263,0.7510023848218753
2026-07-26 12:46:26.357126,VOYG,30m,2026-05-01 09:30:00-04:00,2026-07-26,5,1.8,1.0,1.0,0.5,34,0.47058823529411764,21.364490623231234,0.6283673712715069
2026-07-26 12:46:26.357126,VOYG,30m,2026-05-01 09:30:00-04:00,2026-07-26,5,1.8,1.0,1.0,0.7,23,0.6086956521739131,37.786101497705644,1.642873978161115
2026-07-26 12:46:26.357126,VOYG,30m,2026-05-01 09:30:00-04:00,2026-07-26,5,1.8,1.0,1.5,0.3,38,0.42105263157894735,9.82440588830972,0.2585369970607821
2026-07-26 12:46:26.357126,VOYG,30m,2026-05-01 09:30:00-04:00,2026-07-26,5,1.8,1.0,1.5,0.5,34,0.4117647058823529,3.1526168905124763,0.09272402619154342
2026-07-26 12:46:26.357126,VOYG,30m,2026-05-01 09:30:00-04:00,2026-07-26,5,1.8,1.0,1.5,0.7,23,0.5652173913043478,29.562556302658116,1.2853285348981789
2026-07-26 12:46:26.357126,VOYG,30m,2026-05-01 09:30:00-04:00,2026-07-26,5,1.8,1.0,2.0,0.3,38,0.39473684210526316,25.949032342377514,0.6828692721678293
2026-07-26 12:46:26.357126,VOYG,30m,2026-05-01 09:30:00-04:00,2026-07-26,5,1.8,1.0,2.0,0.5,34,0.35294117647058826,-4.955625092321085,-0.14575367918591428
2026-07-26 12:46:26.357126,VOYG,30m,2026-05-01 09:30:00-04:00,2026-07-26,5,1.8,1.0,2.0,0.7,23,0.5217391304347826,36.140960790539864,1.5713461213278201
2026-07-26 12:46:26.357126,VOYG,30m,2026-05-01 09:30:00-04:00,2026-07-26,5,1.8,1.0,2.5,0.3,38,0.3684210526315789,-0.43772812920874316,-0.011519161294966926
2026-07-26 12:46:26.357126,VOYG,30m,2026-05-01 09:30:00-04:00,2026-07-26,5,1.8,1.0,2.5,0.5,34,0.3235294117647059,-29.368549922581977,-0.8637808800759404
2026-07-26 12:46:26.357126,VOYG,30m,2026-05-01 09:30:00-04:00,2026-07-26,5,1.8,1.0,2.5,0.7,23,0.4782608695652174,26.414682430994212,1.1484644535214874
2026-07-26 12:46:26.357126,VOYG,30m,2026-05-01 09:30:00-04:00,2026-07-26,5,1.8,1.0,3.0,0.3,35,0.34285714285714286,7.384440262745535,0.2109840075070153
2026-07-26 12:46:26.357126,VOYG,30m,2026-05-01 09:30:00-04:00,2026-07-26,5,1.8,1.0,3.0,0.5,31,0.2903225806451613,-19.572545889302226,-0.6313724480420073
2026-07-26 12:46:26.357126,VOYG,30m,2026-05-01 09:30:00-04:00,2026-07-26,5,1.8,1.0,3.0,0.7,21,0.38095238095238093,26.27584934208656,1.251230921051741
2026-07-26 12:46:26.357126,VOYG,30m,2026-05-01 09:30:00-04:00,2026-07-26,5,1.8,1.0,3.5,0.3,34,0.4117647058823529,43.621739994861706,1.2829923527900502
2026-07-26 12:46:26.357126,VOYG,30m,2026-05-01 09:30:00-04:00,2026-07-26,5,1.8,1.0,3.5,0.5,31,0.3870967741935484,23.86972990861903,0.7699912873748074
2026-07-26 12:46:26.357126,VOYG,30m,2026-05-01 09:30:00-04:00,2026-07-26,5,1.8,1.0,3.5,0.7,21,0.5238095238095238,80.16752434523914,3.817501159297102
2026-07-26 12:46:26.357126,VOYG,30m,2026-05-01 09:30:00-04:00,2026-07-26,5,1.8,1.2,1.0,0.3,35,0.4857142857142857,30.565089187287846,0.8732882624939384
2026-07-26 12:46:26.357126,VOYG,30m,2026-05-01 09:30:00-04:00,2026-07-26,5,1.8,1.2,1.0,0.5,31,0.4838709677419355,23.391489187287817,0.754564167331865
2026-07-26 12:46:26.357126,VOYG,30m,2026-05-01 09:30:00-04:00,2026-07-26,5,1.8,1.2,1.0,0.7,21,0.6666666666666666,40.413859416567846,1.9244694960270403
2026-07-26 12:46:26.357126,VOYG,30m,2026-05-01 09:30:00-04:00,2026-07-26,5,1.8,1.2,1.5,0.3,35,0.45714285714285713,15.076211512287472,0.4307489003510706
2026-07-26 12:46:26.357126,VOYG,30m,2026-05-01 09:30:00-04:00,2026-07-26,5,1.8,1.2,1.5,0.5,31,0.45161290322580644,8.404422514490228,0.2711104036932332
2026-07-26 12:46:26.357126,VOYG,30m,2026-05-01 09:30:00-04:00,2026-07-26,5,1.8,1.2,1.5,0.7,21,0.6190476190476191,33.7155009588443,1.6055000456592525
2026-07-26 12:46:26.357126,VOYG,30m,2026-05-01 09:30:00-04:00,2026-07-26,5,1.8,1.2,2.0,0.3,35,0.42857142857142855,34.61810650768122,0.9890887573623205
2026-07-26 12:46:26.357126,VOYG,30m,2026-05-01 09:30:00-04:00,2026-07-26,5,1.8,1.2,2.0,0.5,31,0.3870967741935484,3.7134490729826197,0.11978867977363289
2026-07-26 12:46:26.357126,VOYG,30m,2026-05-01 09:30:00-04:00,2026-07-26,5,1.8,1.2,2.0,0.7,21,0.5714285714285714,42.01155366545482,2.0005501745454675
2026-07-26 12:46:26.357126,VOYG,30m,2026-05-01 09:30:00-04:00,2026-07-26,5,1.8,1.2,2.5,0.3,35,0.4,11.648614577420773,0.3328175593548792
2026-07-26 12:46:26.357126,VOYG,30m,2026-05-01 09:30:00-04:00,2026-07-26,5,1.8,1.2,2.5,0.5,31,0.3548387096774194,-17.28220721595246,-0.5574905553533052
2026-07-26 12:46:26.357126,VOYG,30m,2026-05-01 09:30:00-04:00,2026-07-26,5,1.8,1.2,2.5,0.7,21,0.5238095238095238,34.002923524637794,1.6191868345065616
2026-07-26 12:46:26.357126,VOYG,30m,2026-05-01 09:30:00-04:00,2026-07-26,5,1.8,1.2,3.0,0.3,33,0.36363636363636365,20.73380946332616,0.6282972564644291
2026-07-26 12:46:26.357126,VOYG,30m,2026-05-01 09:30:00-04:00,2026-07-26,5,1.8,1.2,3.0,0.5,29,0.3103448275862069,-6.223176688721601,-0.2145922996110897
2026-07-26 12:46:26.357126,VOYG,30m,2026-05-01 09:30:00-04:00,2026-07-26,5,1.8,1.2,3.0,0.7,20,0.45,47.649156589020905,2.3824578294510452
2026-07-26 12:46:26.357126,VOYG,30m,2026-05-01 09:30:00-04:00,2026-07-26,5,1.8,1.2,3.5,0.3,33,0.42424242424242425,44.79027084701219,1.357280934757945
2026-07-26 12:46:26.357126,VOYG,30m,2026-05-01 09:30:00-04:00,2026-07-26,5,1.8,1.2,3.5,0.5,29,0.3793103448275862,19.807120336289827,0.6830041495272354
2026-07-26 12:46:26.357126,VOYG,30m,2026-05-01 09:30:00-04:00,2026-07-26,5,1.8,1.2,3.5,0.7,20,0.55,82.37450916032267,4.118725458016134
2026-07-26 12:46:26.357126,VOYG,30m,2026-05-01 09:30:00-04:00,2026-07-26,5,1.8,1.5,1.0,0.3,31,0.45161290322580644,17.136523717151242,0.55279108765004
2026-07-26 12:46:26.357126,VOYG,30m,2026-05-01 09:30:00-04:00,2026-07-26,5,1.8,1.5,1.0,0.5,27,0.4444444444444444,9.962923717151213,0.3689971747093042
2026-07-26 12:46:26.357126,VOYG,30m,2026-05-01 09:30:00-04:00,2026-07-26,5,1.8,1.5,1.0,0.7,18,0.6111111111111112,24.849377295887933,1.380520960882663
2026-07-26 12:46:26.357126,VOYG,30m,2026-05-01 09:30:00-04:00,2026-07-26,5,1.8,1.5,1.5,0.3,31,0.41935483870967744,2.071134877377716,0.06681080249605535
2026-07-26 12:46:26.357126,VOYG,30m,2026-05-01 09:30:00-04:00,2026-07-26,5,1.8,1.5,1.5,0.5,27,0.4074074074074074,-4.600654120419527,-0.1703945970525751
2026-07-26 12:46:26.357126,VOYG,30m,2026-05-01 09:30:00-04:00,2026-07-26,5,1.8,1.5,1.5,0.7,18,0.5555555555555556,17.15654934811962,0.9531416304510899
2026-07-26 12:46:26.357126,VOYG,30m,2026-05-01 09:30:00-04:00,2026-07-26,5,1.8,1.5,2.0,0.3,31,0.41935483870967744,26.21825318762788,0.8457501028267058
2026-07-26 12:46:26.357126,VOYG,30m,2026-05-01 09:30:00-04:00,2026-07-26,5,1.8,1.5,2.0,0.5,27,0.37037037037037035,-4.686404247070719,-0.17357052766928588
2026-07-26 12:46:26.357126,VOYG,30m,2026-05-01 09:30:00-04:00,2026-07-26,5,1.8,1.5,2.0,0.7,18,0.5555555555555556,28.639867044314933,1.5911037246841628
2026-07-26 12:46:26.357126,VOYG,30m,2026-05-01 09:30:00-04:00,2026-07-26,5,1.8,1.5,2.5,0.3,31,0.41935483870967744,6.972297927354099,0.22491283636626125
2026-07-26 12:46:26.357126,VOYG,30m,2026-05-01 09:30:00-04:00,2026-07-26,5,1.8,1.5,2.5,0.5,27,0.37037037037037035,-21.958523866019135,-0.8132786617044124
2026-07-26 12:46:26.357126,VOYG,30m,2026-05-01 09:30:00-04:00,2026-07-26,5,1.8,1.5,2.5,0.7,18,0.5555555555555556,22.936815248212916,1.2742675137896065
2026-07-26 12:46:26.357126,VOYG,30m,2026-05-01 09:30:00-04:00,2026-07-26,5,1.8,1.5,3.0,0.3,31,0.3548387096774194,-0.9068973207620701,-0.02925475228264742
2026-07-26 12:46:26.357126,VOYG,30m,2026-05-01 09:30:00-04:00,2026-07-26,5,1.8,1.5,3.0,0.5,27,0.2962962962962963,-27.86388347280983,-1.031995684178142
2026-07-26 12:46:26.357126,VOYG,30m,2026-05-01 09:30:00-04:00,2026-07-26,5,1.8,1.5,3.0,0.7,18,0.4444444444444444,26.008449804932674,1.4449138780518151
2026-07-26 12:46:26.357126,VOYG,30m,2026-05-01 09:30:00-04:00,2026-07-26,5,1.8,1.5,3.5,0.3,31,0.41935483870967744,25.38344626557592,0.8188208472766426
2026-07-26 12:46:26.357126,VOYG,30m,2026-05-01 09:30:00-04:00,2026-07-26,5,1.8,1.5,3.5,0.5,27,0.37037037037037035,0.40029575485355906,0.014825768698279965
2026-07-26 12:46:26.357126,VOYG,30m,2026-05-01 09:30:00-04:00,2026-07-26,5,1.8,1.5,3.5,0.7,18,0.5555555555555556,62.96768457888639,3.498204698827022
2026-07-26 12:46:26.357126,VOYG,30m,2026-05-01 09:30:00-04:00,2026-07-26,5,1.8,1.8,1.0,0.3,25,0.48,15.814103091289766,0.6325641236515906
2026-07-26 12:46:26.357126,VOYG,30m,2026-05-01 09:30:00-04:00,2026-07-26,5,1.8,1.8,1.0,0.5,22,0.5,15.429703091289753,0.7013501405131706
2026-07-26 12:46:26.357126,VOYG,30m,2026-05-01 09:30:00-04:00,2026-07-26,5,1.8,1.8,1.0,0.7,17,0.6470588235294118,26.81552962527263,1.5773840956042724
2026-07-26 12:46:26.357126,VOYG,30m,2026-05-01 09:30:00-04:00,2026-07-26,5,1.8,1.8,1.5,0.3,25,0.44,5.9568299474385356,0.23827319789754142
2026-07-26 12:46:26.357126,VOYG,30m,2026-05-01 09:30:00-04:00,2026-07-26,5,1.8,1.8,1.5,0.5,22,0.45454545454545453,5.984101131561168,0.272004596889144
2026-07-26 12:46:26.357126,VOYG,30m,2026-05-01 09:30:00-04:00,2026-07-26,5,1.8,1.8,1.5,0.7,17,0.5882352941176471,20.38077784219663,1.198869284835096
2026-07-26 12:46:26.357126,VOYG,30m,2026-05-01 09:30:00-04:00,2026-07-26,5,1.8,1.8,2.0,0.3,25,0.48,35.71584661437573,1.4286338645750292
2026-07-26 12:46:26.357126,VOYG,30m,2026-05-01 09:30:00-04:00,2026-07-26,5,1.8,1.8,2.0,0.5,22,0.45454545454545453,11.143269422236948,0.5065122464653158
2026-07-26 12:46:26.357126,VOYG,30m,2026-05-01 09:30:00-04:00,2026-07-26,5,1.8,1.8,2.0,0.7,17,0.5882352941176471,33.12217170308433,1.9483630413579016
2026-07-26 12:46:26.357126,VOYG,30m,2026-05-01 09:30:00-04:00,2026-07-26,5,1.8,1.8,2.5,0.3,25,0.48,22.081789710788797,0.8832715884315518
2026-07-26 12:46:26.357126,VOYG,30m,2026-05-01 09:30:00-04:00,2026-07-26,5,1.8,1.8,2.5,0.5,22,0.45454545454545453,-0.8839317793846391,-0.04017871724475632
2026-07-26 12:46:26.357126,VOYG,30m,2026-05-01 09:30:00-04:00,2026-07-26,5,1.8,1.8,2.5,0.7,17,0.5882352941176471,28.677196071674622,1.6868938865690954
2026-07-26 12:46:26.357126,VOYG,30m,2026-05-01 09:30:00-04:00,2026-07-26,5,1.8,1.8,3.0,0.3,25,0.4,19.814492819359657,0.7925797127743863
2026-07-26 12:46:26.357126,VOYG,30m,2026-05-01 09:30:00-04:00,2026-07-26,5,1.8,1.8,3.0,0.5,22,0.36363636363636365,-1.5443729688483643,-0.07019877131128928
2026-07-26 12:46:26.357126,VOYG,30m,2026-05-01 09:30:00-04:00,2026-07-26,5,1.8,1.8,3.0,0.7,17,0.47058823529411764,33.00690679308676,1.9415827525345155
2026-07-26 12:46:26.357126,VOYG,30m,2026-05-01 09:30:00-04:00,2026-07-26,5,1.8,1.8,3.5,0.3,25,0.48,51.71673476238453,2.0686693904953812
2026-07-26 12:46:26.357126,VOYG,30m,2026-05-01 09:30:00-04:00,2026-07-26,5,1.8,1.8,3.5,0.5,22,0.45454545454545453,31.964724676141856,1.4529420307337206
2026-07-26 12:46:26.357126,VOYG,30m,2026-05-01 09:30:00-04:00,2026-07-26,5,1.8,1.8,3.5,0.7,17,0.5882352941176471,71.22421773173281,4.189659866572518
2026-07-26 12:46:26.357126,VOYG,30m,2026-05-01 09:30:00-04:00,2026-07-26,5,1.8,2.0,1.0,0.3,20,0.45,19.628020194828437,0.9814010097414219
2026-07-26 12:46:26.357126,VOYG,30m,2026-05-01 09:30:00-04:00,2026-07-26,5,1.8,2.0,1.0,0.5,18,0.5,22.727020194828427,1.2626122330460237
2026-07-26 12:46:26.357126,VOYG,30m,2026-05-01 09:30:00-04:00,2026-07-26,5,1.8,2.0,1.0,0.7,15,0.6,25.366546167055475,1.6911030778036984
2026-07-26 12:46:26.357126,VOYG,30m,2026-05-01 09:30:00-04:00,2026-07-26,5,1.8,2.0,1.5,0.3,20,0.45,12.600789661750795,0.6300394830875398
2026-07-26 12:46:26.357126,VOYG,30m,2026-05-01 09:30:00-04:00,2026-07-26,5,1.8,2.0,1.5,0.5,18,0.5,15.80272200965016,0.87792900053612
2026-07-26 12:46:26.357126,VOYG,30m,2026-05-01 09:30:00-04:00,2026-07-26,5,1.8,2.0,1.5,0.7,15,0.6,21.307302654870846,1.4204868436580564
2026-07-26 12:46:26.357126,VOYG,30m,2026-05-01 09:30:00-04:00,2026-07-26,5,1.8,2.0,2.0,0.3,20,0.55,49.94112623345874,2.497056311672937
2026-07-26 12:46:26.357126,VOYG,30m,2026-05-01 09:30:00-04:00,2026-07-26,5,1.8,2.0,2.0,0.5,18,0.5555555555555556,27.918097259689,1.5510054033160554
2026-07-26 12:46:26.357126,VOYG,30m,2026-05-01 09:30:00-04:00,2026-07-26,5,1.8,2.0,2.0,0.7,15,0.6666666666666666,36.42420478664999,2.4282803191099993
2026-07-26 12:46:26.357126,VOYG,30m,2026-05-01 09:30:00-04:00,2026-07-26,5,1.8,2.0,2.5,0.3,20,0.5,36.6116547753618,1.83058273876809
2026-07-26 12:46:26.357126,VOYG,30m,2026-05-01 09:30:00-04:00,2026-07-26,5,1.8,2.0,2.5,0.5,18,0.5,15.570368558149639,0.8650204754527577
2026-07-26 12:46:26.357126,VOYG,30m,2026-05-01 09:30:00-04:00,2026-07-26,5,1.8,2.0,2.5,0.7,15,0.6,27.078002966850896,1.8052001977900598
2026-07-26 12:46:26.357126,VOYG,30m,2026-05-01 09:30:00-04:00,2026-07-26,5,1.8,2.0,3.0,0.3,20,0.4,39.358257237511296,1.9679128618755648
2026-07-26 12:46:26.357126,VOYG,30m,2026-05-01 09:30:00-04:00,2026-07-26,5,1.8,2.0,3.0,0.5,18,0.3888888888888889,19.298713776856786,1.0721507653809326
2026-07-26 12:46:26.357126,VOYG,30m,2026-05-01 09:30:00-04:00,2026-07-26,5,1.8,2.0,3.0,0.7,15,0.4666666666666667,33.807875067298276,2.253858337819885
2026-07-26 12:46:26.357126,VOYG,30m,2026-05-01 09:30:00-04:00,2026-07-26,5,1.8,2.0,3.5,0.3,20,0.5,55.87286237558928,2.793643118779464
2026-07-26 12:46:26.357126,VOYG,30m,2026-05-01 09:30:00-04:00,2026-07-26,5,1.8,2.0,3.5,0.5,18,0.5,36.79506167149235,2.044170092860686
2026-07-26 12:46:26.357126,VOYG,30m,2026-05-01 09:30:00-04:00,2026-07-26,5,1.8,2.0,3.5,0.7,15,0.6,54.30574984367411,3.620383322911607
2026-07-26 12:46:26.357126,VOYG,30m,2026-05-01 09:30:00-04:00,2026-07-26,5,1.8,2.5,1.0,0.3,16,0.5,23.496288966965828,1.4685180604353643
2026-07-26 12:46:26.357126,VOYG,30m,2026-05-01 09:30:00-04:00,2026-07-26,5,1.8,2.5,1.0,0.5,16,0.5,23.496288966965828,1.4685180604353643
2026-07-26 12:46:26.357126,VOYG,30m,2026-05-01 09:30:00-04:00,2026-07-26,5,1.8,2.5,1.0,0.7,14,0.5714285714285714,25.25182522315628,1.80370180165402
2026-07-26 12:46:26.357126,VOYG,30m,2026-05-01 09:30:00-04:00,2026-07-26,5,1.8,2.5,1.5,0.3,16,0.5625,19.406625167856326,1.2129140729910204
2026-07-26 12:46:26.357126,VOYG,30m,2026-05-01 09:30:00-04:00,2026-07-26,5,1.8,2.5,1.5,0.5,16,0.5625,19.406625167856326,1.2129140729910204
2026-07-26 12:46:26.357126,VOYG,30m,2026-05-01 09:30:00-04:00,2026-07-26,5,1.8,2.5,1.5,0.7,14,0.6428571428571429,22.810221239022077,1.6293015170730054
2026-07-26 12:46:26.357126,VOYG,30m,2026-05-01 09:30:00-04:00,2026-07-26,5,1.8,2.5,2.0,0.3,16,0.5625,24.628603613536058,1.5392877258460036
2026-07-26 12:46:26.357126,VOYG,30m,2026-05-01 09:30:00-04:00,2026-07-26,5,1.8,2.5,2.0,0.5,16,0.5625,24.628603613536058,1.5392877258460036
2026-07-26 12:46:26.357126,VOYG,30m,2026-05-01 09:30:00-04:00,2026-07-26,5,1.8,2.5,2.0,0.7,14,0.6428571428571429,29.816731708423774,2.129766550601698
2026-07-26 12:46:26.357126,VOYG,30m,2026-05-01 09:30:00-04:00,2026-07-26,5,1.8,2.5,2.5,0.3,16,0.5,15.171001500458487,0.9481875937786555
2026-07-26 12:46:26.357126,VOYG,30m,2026-05-01 09:30:00-04:00,2026-07-26,5,1.8,2.5,2.5,0.5,16,0.5,15.171001500458487,0.9481875937786555
2026-07-26 12:46:26.357126,VOYG,30m,2026-05-01 09:30:00-04:00,2026-07-26,5,1.8,2.5,2.5,0.7,14,0.5714285714285714,22.143661619068133,1.5816901156477239
2026-07-26 12:46:26.357126,VOYG,30m,2026-05-01 09:30:00-04:00,2026-07-26,5,1.8,2.5,3.0,0.3,16,0.375,20.750682924966704,1.296917682810419
2026-07-26 12:46:26.357126,VOYG,30m,2026-05-01 09:30:00-04:00,2026-07-26,5,1.8,2.5,3.0,0.5,16,0.375,20.750682924966704,1.296917682810419
2026-07-26 12:46:26.357126,VOYG,30m,2026-05-01 09:30:00-04:00,2026-07-26,5,1.8,2.5,3.0,0.7,14,0.42857142857142855,29.507875067298315,2.1077053619498796
2026-07-26 12:46:26.357126,VOYG,30m,2026-05-01 09:30:00-04:00,2026-07-26,5,1.8,2.5,3.5,0.3,16,0.5,39.464025677620604,2.4665016048512878
2026-07-26 12:46:26.357126,VOYG,30m,2026-05-01 09:30:00-04:00,2026-07-26,5,1.8,2.5,3.5,0.5,16,0.5,39.464025677620604,2.4665016048512878
2026-07-26 12:46:26.357126,VOYG,30m,2026-05-01 09:30:00-04:00,2026-07-26,5,1.8,2.5,3.5,0.7,14,0.5714285714285714,50.005749843674145,3.5718392745481533
2026-07-26 12:46:26.357126,VOYG,30m,2026-05-01 09:30:00-04:00,2026-07-26,5,1.8,3.0,1.0,0.3,11,0.5454545454545454,11.19543666019382,1.0177669691085292
2026-07-26 12:46:26.357126,VOYG,30m,2026-05-01 09:30:00-04:00,2026-07-26,5,1.8,3.0,1.0,0.5,11,0.5454545454545454,11.19543666019382,1.0177669691085292
2026-07-26 12:46:26.357126,VOYG,30m,2026-05-01 09:30:00-04:00,2026-07-26,5,1.8,3.0,1.0,0.7,9,0.6666666666666666,12.950972916384274,1.4389969907093638
2026-07-26 12:46:26.357126,VOYG,30m,2026-05-01 09:30:00-04:00,2026-07-26,5,1.8,3.0,1.5,0.3,11,0.6363636363636364,12.840218660659097,1.1672926055144635
2026-07-26 12:46:26.357126,VOYG,30m,2026-05-01 09:30:00-04:00,2026-07-26,5,1.8,3.0,1.5,0.5,11,0.6363636363636364,12.840218660659097,1.1672926055144635
2026-07-26 12:46:26.357126,VOYG,30m,2026-05-01 09:30:00-04:00,2026-07-26,5,1.8,3.0,1.5,0.7,9,0.7777777777777778,16.24381473182485,1.8048683035360942
2026-07-26 12:46:26.357126,VOYG,30m,2026-05-01 09:30:00-04:00,2026-07-26,5,1.8,3.0,2.0,0.3,11,0.6363636363636364,16.80715827004949,1.5279234790954084
2026-07-26 12:46:26.357126,VOYG,30m,2026-05-01 09:30:00-04:00,2026-07-26,5,1.8,3.0,2.0,0.5,11,0.6363636363636364,16.80715827004949,1.5279234790954084
2026-07-26 12:46:26.357126,VOYG,30m,2026-05-01 09:30:00-04:00,2026-07-26,5,1.8,3.0,2.0,0.7,9,0.7777777777777778,21.995286364937208,2.4439207072152453
2026-07-26 12:46:26.357126,VOYG,30m,2026-05-01 09:30:00-04:00,2026-07-26,5,1.8,3.0,2.5,0.3,11,0.6363636363636364,12.923150693618268,1.1748318812380243
2026-07-26 12:46:26.357126,VOYG,30m,2026-05-01 09:30:00-04:00,2026-07-26,5,1.8,3.0,2.5,0.5,11,0.6363636363636364,12.923150693618268,1.1748318812380243
2026-07-26 12:46:26.357126,VOYG,30m,2026-05-01 09:30:00-04:00,2026-07-26,5,1.8,3.0,2.5,0.7,9,0.7777777777777778,19.895810812227914,2.2106456458031016
2026-07-26 12:46:26.357126,VOYG,30m,2026-05-01 09:30:00-04:00,2026-07-26,5,1.8,3.0,3.0,0.3,11,0.45454545454545453,23.21023521861843,2.1100213835107664
2026-07-26 12:46:26.357126,VOYG,30m,2026-05-01 09:30:00-04:00,2026-07-26,5,1.8,3.0,3.0,0.5,11,0.45454545454545453,23.21023521861843,2.1100213835107664
2026-07-26 12:46:26.357126,VOYG,30m,2026-05-01 09:30:00-04:00,2026-07-26,5,1.8,3.0,3.0,0.7,9,0.5555555555555556,31.96742736095004,3.5519363734388936
2026-07-26 12:46:26.357126,VOYG,30m,2026-05-01 09:30:00-04:00,2026-07-26,5,1.8,3.0,3.5,0.3,11,0.6363636363636364,45.12396532379686,4.102178665799714
2026-07-26 12:46:26.357126,VOYG,30m,2026-05-01 09:30:00-04:00,2026-07-26,5,1.8,3.0,3.5,0.5,11,0.6363636363636364,45.12396532379686,4.102178665799714
2026-07-26 12:46:26.357126,VOYG,30m,2026-05-01 09:30:00-04:00,2026-07-26,5,1.8,3.0,3.5,0.7,9,0.7777777777777778,55.6656894898504,6.185076609983378
2026-07-26 12:46:26.357126,VOYG,30m,2026-05-01 09:30:00-04:00,2026-07-26,5,1.8,3.5,1.0,0.3,8,0.5,8.496202342876131,1.0620252928595164
2026-07-26 12:46:26.357126,VOYG,30m,2026-05-01 09:30:00-04:00,2026-07-26,5,1.8,3.5,1.0,0.5,8,0.5,8.496202342876131,1.0620252928595164
2026-07-26 12:46:26.357126,VOYG,30m,2026-05-01 09:30:00-04:00,2026-07-26,5,1.8,3.5,1.0,0.7,7,0.5714285714285714,9.214138599066573,1.3163055141523674
2026-07-26 12:46:26.357126,VOYG,30m,2026-05-01 09:30:00-04:00,2026-07-26,5,1.8,3.5,1.5,0.3,8,0.625,11.75925435490175,1.4699067943627186
2026-07-26 12:46:26.357126,VOYG,30m,2026-05-01 09:30:00-04:00,2026-07-26,5,1.8,3.5,1.5,0.5,8,0.625,11.75925435490175,1.4699067943627186
2026-07-26 12:46:26.357126,VOYG,30m,2026-05-01 09:30:00-04:00,2026-07-26,5,1.8,3.5,1.5,0.7,7,0.7142857142857143,13.811158739187341,1.9730226770267631
2026-07-26 12:46:26.357126,VOYG,30m,2026-05-01 09:30:00-04:00,2026-07-26,5,1.8,3.5,2.0,0.3,8,0.625,17.632539195706443,2.2040673994633053
2026-07-26 12:46:26.357126,VOYG,30m,2026-05-01 09:30:00-04:00,2026-07-26,5,1.8,3.5,2.0,0.5,8,0.625,17.632539195706443,2.2040673994633053
2026-07-26 12:46:26.357126,VOYG,30m,2026-05-01 09:30:00-04:00,2026-07-26,5,1.8,3.5,2.0,0.7,7,0.7142857142857143,21.018411708087257,3.0026302440124653
2026-07-26 12:46:26.357126,VOYG,30m,2026-05-01 09:30:00-04:00,2026-07-26,5,1.8,3.5,2.5,0.3,8,0.75,15.654876850689448,1.956859606336181
2026-07-26 12:46:26.357126,VOYG,30m,2026-05-01 09:30:00-04:00,2026-07-26,5,1.8,3.5,2.5,0.5,8,0.75,15.654876850689448,1.956859606336181
2026-07-26 12:46:26.357126,VOYG,30m,2026-05-01 09:30:00-04:00,2026-07-26,5,1.8,3.5,2.5,0.7,7,0.8571428571428571,20.374717491165484,2.9106739273093547
2026-07-26 12:46:26.357126,VOYG,30m,2026-05-01 09:30:00-04:00,2026-07-26,5,1.8,3.5,3.0,0.3,8,0.5,10.731109266175771,1.3413886582719714
2026-07-26 12:46:26.357126,VOYG,30m,2026-05-01 09:30:00-04:00,2026-07-26,5,1.8,3.5,3.0,0.5,8,0.5,10.731109266175771,1.3413886582719714
2026-07-26 12:46:26.357126,VOYG,30m,2026-05-01 09:30:00-04:00,2026-07-26,5,1.8,3.5,3.0,0.7,7,0.5714285714285714,16.78491803474703,2.39784543353529
2026-07-26 12:46:26.357126,VOYG,30m,2026-05-01 09:30:00-04:00,2026-07-26,5,1.8,3.5,3.5,0.3,8,0.625,30.262079868402125,3.7827599835502657
2026-07-26 12:46:26.357126,VOYG,30m,2026-05-01 09:30:00-04:00,2026-07-26,5,1.8,3.5,3.5,0.5,8,0.625,30.262079868402125,3.7827599835502657
2026-07-26 12:46:26.357126,VOYG,30m,2026-05-01 09:30:00-04:00,2026-07-26,5,1.8,3.5,3.5,0.7,7,0.7142857142857143,37.649856765068606,5.378550966438373
2026-07-26 12:46:26.357126,VOYG,30m,2026-05-01 09:30:00-04:00,2026-07-26,5,2.0,0.5,1.0,0.3,37,0.43243243243243246,32.44915443607361,0.8770041739479355
2026-07-26 12:46:26.357126,VOYG,30m,2026-05-01 09:30:00-04:00,2026-07-26,5,2.0,0.5,1.0,0.5,29,0.4482758620689655,14.315944724848002,0.49365326637406903
2026-07-26 12:46:26.357126,VOYG,30m,2026-05-01 09:30:00-04:00,2026-07-26,5,2.0,0.5,1.0,0.7,18,0.6111111111111112,33.47356598911528,1.8596425549508488
2026-07-26 12:46:26.357126,VOYG,30m,2026-05-01 09:30:00-04:00,2026-07-26,5,2.0,0.5,1.5,0.3,37,0.35135135135135137,3.188890861591993,0.0861862395024863
2026-07-26 12:46:26.357126,VOYG,30m,2026-05-01 09:30:00-04:00,2026-07-26,5,2.0,0.5,1.5,0.5,29,0.3448275862068966,-8.773069487427776,-0.30251963749750954
2026-07-26 12:46:26.357126,VOYG,30m,2026-05-01 09:30:00-04:00,2026-07-26,5,2.0,0.5,1.5,0.7,18,0.5,21.66588550940716,1.2036603060781756
2026-07-26 12:46:26.357126,VOYG,30m,2026-05-01 09:30:00-04:00,2026-07-26,5,2.0,0.5,2.0,0.3,37,0.3783783783783784,24.912828916497105,0.6733197004458678
2026-07-26 12:46:26.357126,VOYG,30m,2026-05-01 09:30:00-04:00,2026-07-26,5,2.0,0.5,2.0,0.5,29,0.3448275862068966,-12.898404071986995,-0.4447725542064481
2026-07-26 12:46:26.357126,VOYG,30m,2026-05-01 09:30:00-04:00,2026-07-26,5,2.0,0.5,2.0,0.7,18,0.5555555555555556,33.52020259045975,1.862233477247764
2026-07-26 12:46:26.357126,VOYG,30m,2026-05-01 09:30:00-04:00,2026-07-26,5,2.0,0.5,2.5,0.3,37,0.32432432432432434,-9.54017542455631,-0.2578425790420624
2026-07-26 12:46:26.357126,VOYG,30m,2026-05-01 09:30:00-04:00,2026-07-26,5,2.0,0.5,2.5,0.5,29,0.27586206896551724,-39.94171666016161,-1.3773005744883313
2026-07-26 12:46:26.357126,VOYG,30m,2026-05-01 09:30:00-04:00,2026-07-26,5,2.0,0.5,2.5,0.7,18,0.4444444444444444,21.0222502216131,1.1679027900896166
2026-07-26 12:46:26.357126,VOYG,30m,2026-05-01 09:30:00-04:00,2026-07-26,5,2.0,0.5,3.0,0.3,36,0.3333333333333333,4.1161203191884255,0.11433667553301181
2026-07-26 12:46:26.357126,VOYG,30m,2026-05-01 09:30:00-04:00,2026-07-26,5,2.0,0.5,3.0,0.5,28,0.2857142857142857,-19.03667750256325,-0.6798813393772589
2026-07-26 12:46:26.357126,VOYG,30m,2026-05-01 09:30:00-04:00,2026-07-26,5,2.0,0.5,3.0,0.7,17,0.4117647058823529,37.48054862539117,2.204738154434775
2026-07-26 12:46:26.357126,VOYG,30m,2026-05-01 09:30:00-04:00,2026-07-26,5,2.0,0.5,3.5,0.3,35,0.37142857142857144,-10.497738681353823,-0.2999353908958235
2026-07-26 12:46:26.357126,VOYG,30m,2026-05-01 09:30:00-04:00,2026-07-26,5,2.0,0.5,3.5,0.5,28,0.35714285714285715,-22.79377904891774,-0.814063537461348
2026-07-26 12:46:26.357126,VOYG,30m,2026-05-01 09:30:00-04:00,2026-07-26,5,2.0,0.5,3.5,0.7,17,0.5294117647058824,43.06265143369565,2.5330971431585674
2026-07-26 12:46:26.357126,VOYG,30m,2026-05-01 09:30:00-04:00,2026-07-26,5,2.0,0.8,1.0,0.3,31,0.45161290322580644,22.691099951617204,0.7319709661812002
2026-07-26 12:46:26.357126,VOYG,30m,2026-05-01 09:30:00-04:00,2026-07-26,5,2.0,0.8,1.0,0.5,26,0.5,23.89551700647697,0.9190583464029605
2026-07-26 12:46:26.357126,VOYG,30m,2026-05-01 09:30:00-04:00,2026-07-26,5,2.0,0.8,1.0,0.7,17,0.6470588235294118,38.06082152926326,2.238871854662545
2026-07-26 12:46:26.357126,VOYG,30m,2026-05-01 09:30:00-04:00,2026-07-26,5,2.0,0.8,1.5,0.3,31,0.3548387096774194,3.467925824685345,0.11186857498984984
2026-07-26 12:46:26.357126,VOYG,30m,2026-05-01 09:30:00-04:00,2026-07-26,5,2.0,0.8,1.5,0.5,26,0.38461538461538464,7.587405624793675,0.2918232932612952
2026-07-26 12:46:26.357126,VOYG,30m,2026-05-01 09:30:00-04:00,2026-07-26,5,2.0,0.8,1.5,0.7,17,0.5294117647058824,29.21288550940716,1.718405029965127
2026-07-26 12:46:26.357126,VOYG,30m,2026-05-01 09:30:00-04:00,2026-07-26,5,2.0,0.8,2.0,0.3,31,0.3870967741935484,31.76449818061471,1.0246612316327326
2026-07-26 12:46:26.357126,VOYG,30m,2026-05-01 09:30:00-04:00,2026-07-26,5,2.0,0.8,2.0,0.5,26,0.38461538461538464,7.2832294109749185,0.28012420811441996
2026-07-26 12:46:26.357126,VOYG,30m,2026-05-01 09:30:00-04:00,2026-07-26,5,2.0,0.8,2.0,0.7,17,0.5882352941176471,41.06720259045975,2.415717799438809
2026-07-26 12:46:26.357126,VOYG,30m,2026-05-01 09:30:00-04:00,2026-07-26,5,2.0,0.8,2.5,0.3,31,0.3225806451612903,2.9533697093067346,0.0952699906227979
2026-07-26 12:46:26.357126,VOYG,30m,2026-05-01 09:30:00-04:00,2026-07-26,5,2.0,0.8,2.5,0.5,26,0.3076923076923077,-17.373216252742907,-0.6682006251054964
2026-07-26 12:46:26.357126,VOYG,30m,2026-05-01 09:30:00-04:00,2026-07-26,5,2.0,0.8,2.5,0.7,17,0.47058823529411764,28.569250221613096,1.6805441306831232
2026-07-26 12:46:26.357126,VOYG,30m,2026-05-01 09:30:00-04:00,2026-07-26,5,2.0,0.8,3.0,0.3,30,0.3333333333333333,20.073173990921873,0.6691057996973958
2026-07-26 12:46:26.357126,VOYG,30m,2026-05-01 09:30:00-04:00,2026-07-26,5,2.0,0.8,3.0,0.5,25,0.32,3.74032249743685,0.149612899897474
2026-07-26 12:46:26.357126,VOYG,30m,2026-05-01 09:30:00-04:00,2026-07-26,5,2.0,0.8,3.0,0.7,16,0.4375,45.02754862539117,2.814221789086948
2026-07-26 12:46:26.357126,VOYG,30m,2026-05-01 09:30:00-04:00,2026-07-26,5,2.0,0.8,3.5,0.3,29,0.3793103448275862,8.71432393566856,0.3004939288161572
2026-07-26 12:46:26.357126,VOYG,30m,2026-05-01 09:30:00-04:00,2026-07-26,5,2.0,0.8,3.5,0.5,25,0.4,-0.01677904891764115,-0.0006711619567056459
2026-07-26 12:46:26.357126,VOYG,30m,2026-05-01 09:30:00-04:00,2026-07-26,5,2.0,0.8,3.5,0.7,16,0.5625,50.609651433695646,3.163103214605978
2026-07-26 12:46:26.357126,VOYG,30m,2026-05-01 09:30:00-04:00,2026-07-26,5,2.0,1.0,1.0,0.3,29,0.4827586206896552,27.585717006476997,0.951231620913
2026-07-26 12:46:26.357126,VOYG,30m,2026-05-01 09:30:00-04:00,2026-07-26,5,2.0,1.0,1.0,0.5,26,0.5,23.89551700647697,0.9190583464029605
2026-07-26 12:46:26.357126,VOYG,30m,2026-05-01 09:30:00-04:00,2026-07-26,5,2.0,1.0,1.0,0.7,17,0.6470588235294118,38.06082152926326,2.238871854662545
2026-07-26 12:46:26.357126,VOYG,30m,2026-05-01 09:30:00-04:00,2026-07-26,5,2.0,1.0,1.5,0.3,29,0.3793103448275862,11.084533458814185,0.38222529168324776
2026-07-26 12:46:26.357126,VOYG,30m,2026-05-01 09:30:00-04:00,2026-07-26,5,2.0,1.0,1.5,0.5,26,0.38461538461538464,7.587405624793675,0.2918232932612952
2026-07-26 12:46:26.357126,VOYG,30m,2026-05-01 09:30:00-04:00,2026-07-26,5,2.0,1.0,1.5,0.7,17,0.5294117647058824,29.21288550940716,1.718405029965127
2026-07-26 12:46:26.357126,VOYG,30m,2026-05-01 09:30:00-04:00,2026-07-26,5,2.0,1.0,2.0,0.3,29,0.41379310344827586,35.63833862730448,1.2289082285277406
2026-07-26 12:46:26.357126,VOYG,30m,2026-05-01 09:30:00-04:00,2026-07-26,5,2.0,1.0,2.0,0.5,26,0.38461538461538464,7.2832294109749185,0.28012420811441996
2026-07-26 12:46:26.357126,VOYG,30m,2026-05-01 09:30:00-04:00,2026-07-26,5,2.0,1.0,2.0,0.7,17,0.5882352941176471,41.06720259045975,2.415717799438809
2026-07-26 12:46:26.357126,VOYG,30m,2026-05-01 09:30:00-04:00,2026-07-26,5,2.0,1.0,2.5,0.3,29,0.3448275862068966,9.633170267669051,0.33217828509203623
2026-07-26 12:46:26.357126,VOYG,30m,2026-05-01 09:30:00-04:00,2026-07-26,5,2.0,1.0,2.5,0.5,26,0.3076923076923077,-17.373216252742907,-0.6682006251054964
2026-07-26 12:46:26.357126,VOYG,30m,2026-05-01 09:30:00-04:00,2026-07-26,5,2.0,1.0,2.5,0.7,17,0.47058823529411764,28.569250221613096,1.6805441306831232
2026-07-26 12:46:26.357126,VOYG,30m,2026-05-01 09:30:00-04:00,2026-07-26,5,2.0,1.0,3.0,0.3,28,0.35714285714285715,29.3979863219311,1.0499280829261106
2026-07-26 12:46:26.357126,VOYG,30m,2026-05-01 09:30:00-04:00,2026-07-26,5,2.0,1.0,3.0,0.5,25,0.32,3.74032249743685,0.149612899897474
2026-07-26 12:46:26.357126,VOYG,30m,2026-05-01 09:30:00-04:00,2026-07-26,5,2.0,1.0,3.0,0.7,16,0.4375,45.02754862539117,2.814221789086948
2026-07-26 12:46:26.357126,VOYG,30m,2026-05-01 09:30:00-04:00,2026-07-26,5,2.0,1.0,3.5,0.3,27,0.4074074074074074,19.06102165517929,0.7059637650066404
2026-07-26 12:46:26.357126,VOYG,30m,2026-05-01 09:30:00-04:00,2026-07-26,5,2.0,1.0,3.5,0.5,25,0.4,-0.01677904891764115,-0.0006711619567056459
2026-07-26 12:46:26.357126,VOYG,30m,2026-05-01 09:30:00-04:00,2026-07-26,5,2.0,1.0,3.5,0.7,16,0.5625,50.609651433695646,3.163103214605978
2026-07-26 12:46:26.357126,VOYG,30m,2026-05-01 09:30:00-04:00,2026-07-26,5,2.0,1.2,1.0,0.3,27,0.48148148148148145,27.236557651671376,1.0087613945063472
2026-07-26 12:46:26.357126,VOYG,30m,2026-05-01 09:30:00-04:00,2026-07-26,5,2.0,1.2,1.0,0.5,24,0.5,23.54635765167135,0.9810982354863063
2026-07-26 12:46:26.357126,VOYG,30m,2026-05-01 09:30:00-04:00,2026-07-26,5,2.0,1.2,1.0,0.7,16,0.6875,38.312421529263254,2.3945263455789534
2026-07-26 12:46:26.357126,VOYG,30m,2026-05-01 09:30:00-04:00,2026-07-26,5,2.0,1.2,1.5,0.3,27,0.4074074074074074,12.672102204498685,0.4693371186851365
2026-07-26 12:46:26.357126,VOYG,30m,2026-05-01 09:30:00-04:00,2026-07-26,5,2.0,1.2,1.5,0.5,24,0.4166666666666667,9.174974370478175,0.38229059876992394
2026-07-26 12:46:26.357126,VOYG,30m,2026-05-01 09:30:00-04:00,2026-07-26,5,2.0,1.2,1.5,0.7,16,0.5625,29.701593287300092,1.8563495804562558
2026-07-26 12:46:26.357126,VOYG,30m,2026-05-01 09:30:00-04:00,2026-07-26,5,2.0,1.2,2.0,0.3,27,0.4444444444444444,39.35509695488381,1.4575961835142153
2026-07-26 12:46:26.357126,VOYG,30m,2026-05-01 09:30:00-04:00,2026-07-26,5,2.0,1.2,2.0,0.5,24,0.4166666666666667,10.999987738554253,0.45833282243976053
2026-07-26 12:46:26.357126,VOYG,30m,2026-05-01 09:30:00-04:00,2026-07-26,5,2.0,1.2,2.0,0.7,16,0.625,41.985479627650335,2.624092476728146
2026-07-26 12:46:26.357126,VOYG,30m,2026-05-01 09:30:00-04:00,2026-07-26,5,2.0,1.2,2.5,0.3,27,0.37037037037037035,15.47911817714322,0.5733006732275266
2026-07-26 12:46:26.357126,VOYG,30m,2026-05-01 09:30:00-04:00,2026-07-26,5,2.0,1.2,2.5,0.5,24,0.3333333333333333,-11.527268343268737,-0.4803028476361974
2026-07-26 12:46:26.357126,VOYG,30m,2026-05-01 09:30:00-04:00,2026-07-26,5,2.0,1.2,2.5,0.7,16,0.5,29.91709651810133,1.8698185323813332
2026-07-26 12:46:26.357126,VOYG,30m,2026-05-01 09:30:00-04:00,2026-07-26,5,2.0,1.2,3.0,0.3,26,0.34615384615384615,23.15146383136323,0.8904409165908935
2026-07-26 12:46:26.357126,VOYG,30m,2026-05-01 09:30:00-04:00,2026-07-26,5,2.0,1.2,3.0,0.5,23,0.30434782608695654,-2.5061999931310197,-0.10896521709265303
2026-07-26 12:46:26.357126,VOYG,30m,2026-05-01 09:30:00-04:00,2026-07-26,5,2.0,1.2,3.0,0.7,15,0.4666666666666667,46.80496418117702,3.1203309454118013
2026-07-26 12:46:26.357126,VOYG,30m,2026-05-01 09:30:00-04:00,2026-07-26,5,2.0,1.2,3.5,0.3,26,0.4230769230769231,20.22955250732977,0.7780597118203758
2026-07-26 12:46:26.357126,VOYG,30m,2026-05-01 09:30:00-04:00,2026-07-26,5,2.0,1.2,3.5,0.5,23,0.391304347826087,-4.079388621246842,-0.17736472266290618
2026-07-26 12:46:26.357126,VOYG,30m,2026-05-01 09:30:00-04:00,2026-07-26,5,2.0,1.2,3.5,0.7,15,0.6,52.81663624877918,3.5211090832519454
2026-07-26 12:46:26.357126,VOYG,30m,2026-05-01 09:30:00-04:00,2026-07-26,5,2.0,1.5,1.0,0.3,25,0.44,14.839199960904637,0.5935679984361855
2026-07-26 12:46:26.357126,VOYG,30m,2026-05-01 09:30:00-04:00,2026-07-26,5,2.0,1.5,1.0,0.5,22,0.45454545454545453,11.14899996090461,0.5067727254956641
2026-07-26 12:46:26.357126,VOYG,30m,2026-05-01 09:30:00-04:00,2026-07-26,5,2.0,1.5,1.0,0.7,14,0.6428571428571429,25.915063838496515,1.8510759884640369
2026-07-26 12:46:26.357126,VOYG,30m,2026-05-01 09:30:00-04:00,2026-07-26,5,2.0,1.5,1.5,0.3,25,0.36,-3.761162761356225,-0.150446510454249
2026-07-26 12:46:26.357126,VOYG,30m,2026-05-01 09:30:00-04:00,2026-07-26,5,2.0,1.5,1.5,0.5,22,0.36363636363636365,-7.258290595376735,-0.3299222997898516
2026-07-26 12:46:26.357126,VOYG,30m,2026-05-01 09:30:00-04:00,2026-07-26,5,2.0,1.5,1.5,0.7,14,0.5,13.268328321445182,0.9477377372460845
2026-07-26 12:46:26.357126,VOYG,30m,2026-05-01 09:30:00-04:00,2026-07-26,5,2.0,1.5,2.0,0.3,25,0.4,25.22741033374391,1.0090964133497564
2026-07-26 12:46:26.357126,VOYG,30m,2026-05-01 09:30:00-04:00,2026-07-26,5,2.0,1.5,2.0,0.5,22,0.36363636363636365,-3.1276988825856478,-0.14216813102662035
2026-07-26 12:46:26.357126,VOYG,30m,2026-05-01 09:30:00-04:00,2026-07-26,5,2.0,1.5,2.0,0.7,14,0.5714285714285714,27.857793006510434,1.989842357607888
2026-07-26 12:46:26.357126,VOYG,30m,2026-05-01 09:30:00-04:00,2026-07-26,5,2.0,1.5,2.5,0.3,25,0.36,3.6570099007183288,0.14628039602873316
2026-07-26 12:46:26.357126,VOYG,30m,2026-05-01 09:30:00-04:00,2026-07-26,5,2.0,1.5,2.5,0.5,22,0.3181818181818182,-23.34937661969363,-1.061335300895165
2026-07-26 12:46:26.357126,VOYG,30m,2026-05-01 09:30:00-04:00,2026-07-26,5,2.0,1.5,2.5,0.7,14,0.5,18.09498824167644,1.2924991601197457
2026-07-26 12:46:26.357126,VOYG,30m,2026-05-01 09:30:00-04:00,2026-07-26,5,2.0,1.5,3.0,0.3,25,0.32,0.7547570472749854,0.030190281890999416
2026-07-26 12:46:26.357126,VOYG,30m,2026-05-01 09:30:00-04:00,2026-07-26,5,2.0,1.5,3.0,0.5,22,0.2727272727272727,-24.902906777219265,-1.1319503080554212
2026-07-26 12:46:26.357126,VOYG,30m,2026-05-01 09:30:00-04:00,2026-07-26,5,2.0,1.5,3.0,0.7,14,0.42857142857142855,24.408257397088775,1.7434469569349125
2026-07-26 12:46:26.357126,VOYG,30m,2026-05-01 09:30:00-04:00,2026-07-26,5,2.0,1.5,3.5,0.3,25,0.4,0.0667279258934883,0.0026691170357395324
2026-07-26 12:46:26.357126,VOYG,30m,2026-05-01 09:30:00-04:00,2026-07-26,5,2.0,1.5,3.5,0.5,22,0.36363636363636365,-24.242213202683125,-1.1019187819401421
2026-07-26 12:46:26.357126,VOYG,30m,2026-05-01 09:30:00-04:00,2026-07-26,5,2.0,1.5,3.5,0.7,14,0.5714285714285714,32.6538116673429,2.3324151190959213
2026-07-26 12:46:26.357126,VOYG,30m,2026-05-01 09:30:00-04:00,2026-07-26,5,2.0,1.8,1.0,0.3,20,0.45,13.396389633898345,0.6698194816949172
2026-07-26 12:46:26.357126,VOYG,30m,2026-05-01 09:30:00-04:00,2026-07-26,5,2.0,1.8,1.0,0.5,18,0.5,16.495389633898334,0.9164105352165741
2026-07-26 12:46:26.357126,VOYG,30m,2026-05-01 09:30:00-04:00,2026-07-26,5,2.0,1.8,1.0,0.7,13,0.6923076923076923,27.881216167881213,2.1447089359908627
2026-07-26 12:46:26.357126,VOYG,30m,2026-05-01 09:30:00-04:00,2026-07-26,5,2.0,1.8,1.5,0.3,20,0.35,-1.106052243012634,-0.0553026121506317
2026-07-26 12:46:26.357126,VOYG,30m,2026-05-01 09:30:00-04:00,2026-07-26,5,2.0,1.8,1.5,0.5,18,0.3888888888888889,2.0958801048867315,0.11643778360481842
2026-07-26 12:46:26.357126,VOYG,30m,2026-05-01 09:30:00-04:00,2026-07-26,5,2.0,1.8,1.5,0.7,13,0.5384615384615384,16.492556815522192,1.2686582165786302
2026-07-26 12:46:26.357126,VOYG,30m,2026-05-01 09:30:00-04:00,2026-07-26,5,2.0,1.8,2.0,0.3,20,0.45,32.38422435820219,1.6192112179101095
2026-07-26 12:46:26.357126,VOYG,30m,2026-05-01 09:30:00-04:00,2026-07-26,5,2.0,1.8,2.0,0.5,18,0.4444444444444444,10.361195384432449,0.5756219658018027
2026-07-26 12:46:26.357126,VOYG,30m,2026-05-01 09:30:00-04:00,2026-07-26,5,2.0,1.8,2.0,0.7,13,0.6153846153846154,32.34009766527983,2.4876998204061405
2026-07-26 12:46:26.357126,VOYG,30m,2026-05-01 09:30:00-04:00,2026-07-26,5,2.0,1.8,2.5,0.3,20,0.4,15.315527431291045,0.7657763715645522
2026-07-26 12:46:26.357126,VOYG,30m,2026-05-01 09:30:00-04:00,2026-07-26,5,2.0,1.8,2.5,0.5,18,0.3888888888888889,-5.725758785921116,-0.31809771032895084
2026-07-26 12:46:26.357126,VOYG,30m,2026-05-01 09:30:00-04:00,2026-07-26,5,2.0,1.8,2.5,0.7,13,0.5384615384615384,23.835369065138146,1.8334899280875496
2026-07-26 12:46:26.357126,VOYG,30m,2026-05-01 09:30:00-04:00,2026-07-26,5,2.0,1.8,3.0,0.3,20,0.35,16.914978083962247,0.8457489041981123
2026-07-26 12:46:26.357126,VOYG,30m,2026-05-01 09:30:00-04:00,2026-07-26,5,2.0,1.8,3.0,0.5,18,0.3333333333333333,-3.144565376692263,-0.1746980764829035
2026-07-26 12:46:26.357126,VOYG,30m,2026-05-01 09:30:00-04:00,2026-07-26,5,2.0,1.8,3.0,0.7,13,0.46153846153846156,31.406714385242864,2.4159011065571434
2026-07-26 12:46:26.357126,VOYG,30m,2026-05-01 09:30:00-04:00,2026-07-26,5,2.0,1.8,3.5,0.3,20,0.45,20.728652468695294,1.0364326234347647
2026-07-26 12:46:26.357126,VOYG,30m,2026-05-01 09:30:00-04:00,2026-07-26,5,2.0,1.8,3.5,0.5,18,0.4444444444444444,1.6508517645983645,0.09171398692213135
2026-07-26 12:46:26.357126,VOYG,30m,2026-05-01 09:30:00-04:00,2026-07-26,5,2.0,1.8,3.5,0.7,13,0.6153846153846154,40.9103448201893,3.146949601553023
2026-07-26 12:46:26.357126,VOYG,30m,2026-05-01 09:30:00-04:00,2026-07-26,5,2.0,2.0,1.0,0.3,17,0.47058823529411764,21.902966580721603,1.2884097988659766
2026-07-26 12:46:26.357126,VOYG,30m,2026-05-01 09:30:00-04:00,2026-07-26,5,2.0,2.0,1.0,0.5,15,0.5333333333333333,25.001966580721593,1.6667977720481062
2026-07-26 12:46:26.357126,VOYG,30m,2026-05-01 09:30:00-04:00,2026-07-26,5,2.0,2.0,1.0,0.7,12,0.6666666666666666,27.64149255294864,2.30345771274572
2026-07-26 12:46:26.357126,VOYG,30m,2026-05-01 09:30:00-04:00,2026-07-26,5,2.0,2.0,1.5,0.3,17,0.4117647058823529,8.776458400003229,0.5162622588237193
2026-07-26 12:46:26.357126,VOYG,30m,2026-05-01 09:30:00-04:00,2026-07-26,5,2.0,2.0,1.5,0.5,15,0.4666666666666667,11.978390747902594,0.7985593831935063
2026-07-26 12:46:26.357126,VOYG,30m,2026-05-01 09:30:00-04:00,2026-07-26,5,2.0,2.0,1.5,0.7,12,0.5833333333333334,17.48297139312328,1.4569142827602732
2026-07-26 12:46:26.357126,VOYG,30m,2026-05-01 09:30:00-04:00,2026-07-26,5,2.0,2.0,2.0,0.3,17,0.5294117647058824,48.077571882223324,2.8280924636601954
2026-07-26 12:46:26.357126,VOYG,30m,2026-05-01 09:30:00-04:00,2026-07-26,5,2.0,2.0,2.0,0.5,15,0.5333333333333333,26.054542908453584,1.736969527230239
2026-07-26 12:46:26.357126,VOYG,30m,2026-05-01 09:30:00-04:00,2026-07-26,5,2.0,2.0,2.0,0.7,12,0.6666666666666666,34.56065043541457,2.8800542029512144
2026-07-26 12:46:26.357126,VOYG,30m,2026-05-01 09:30:00-04:00,2026-07-26,5,2.0,2.0,2.5,0.3,17,0.47058823529411764,36.81971183631752,2.165865402136325
2026-07-26 12:46:26.357126,VOYG,30m,2026-05-01 09:30:00-04:00,2026-07-26,5,2.0,2.0,2.5,0.5,15,0.4666666666666667,15.778425619105363,1.051895041273691
2026-07-26 12:46:26.357126,VOYG,30m,2026-05-01 09:30:00-04:00,2026-07-26,5,2.0,2.0,2.5,0.7,12,0.5833333333333334,27.28606002780662,2.273838335650552
2026-07-26 12:46:26.357126,VOYG,30m,2026-05-01 09:30:00-04:00,2026-07-26,5,2.0,2.0,3.0,0.3,17,0.4117647058823529,41.63792571065809,2.44928974768577
2026-07-26 12:46:26.357126,VOYG,30m,2026-05-01 09:30:00-04:00,2026-07-26,5,2.0,2.0,3.0,0.5,15,0.4,21.57838225000358,1.4385588166669052
2026-07-26 12:46:26.357126,VOYG,30m,2026-05-01 09:30:00-04:00,2026-07-26,5,2.0,2.0,3.0,0.7,12,0.5,36.08754354044507,3.007295295037089
2026-07-26 12:46:26.357126,VOYG,30m,2026-05-01 09:30:00-04:00,2026-07-26,5,2.0,2.0,3.5,0.3,17,0.5294117647058824,48.38842469984041,2.846377923520024
2026-07-26 12:46:26.357126,VOYG,30m,2026-05-01 09:30:00-04:00,2026-07-26,5,2.0,2.0,3.5,0.5,15,0.5333333333333333,29.310623995743477,1.9540415997162317
2026-07-26 12:46:26.357126,VOYG,30m,2026-05-01 09:30:00-04:00,2026-07-26,5,2.0,2.0,3.5,0.7,12,0.6666666666666666,46.821312167925235,3.9017760139937696
2026-07-26 12:46:26.357126,VOYG,30m,2026-05-01 09:30:00-04:00,2026-07-26,5,2.0,2.5,1.0,0.3,13,0.5384615384615384,25.771235352858994,1.982402719450692
2026-07-26 12:46:26.357126,VOYG,30m,2026-05-01 09:30:00-04:00,2026-07-26,5,2.0,2.5,1.0,0.5,13,0.5384615384615384,25.771235352858994,1.982402719450692
2026-07-26 12:46:26.357126,VOYG,30m,2026-05-01 09:30:00-04:00,2026-07-26,5,2.0,2.5,1.0,0.7,11,0.6363636363636364,27.526771609049447,2.5024337826408587
2026-07-26 12:46:26.357126,VOYG,30m,2026-05-01 09:30:00-04:00,2026-07-26,5,2.0,2.5,1.5,0.3,13,0.5384615384615384,15.58229390610876,1.198637992777597
2026-07-26 12:46:26.357126,VOYG,30m,2026-05-01 09:30:00-04:00,2026-07-26,5,2.0,2.5,1.5,0.5,13,0.5384615384615384,15.58229390610876,1.198637992777597
2026-07-26 12:46:26.357126,VOYG,30m,2026-05-01 09:30:00-04:00,2026-07-26,5,2.0,2.5,1.5,0.7,11,0.6363636363636364,18.98588997727451,1.7259899979340465
2026-07-26 12:46:26.357126,VOYG,30m,2026-05-01 09:30:00-04:00,2026-07-26,5,2.0,2.5,2.0,0.3,13,0.5384615384615384,22.765049262300643,1.7511576355615879
2026-07-26 12:46:26.357126,VOYG,30m,2026-05-01 09:30:00-04:00,2026-07-26,5,2.0,2.5,2.0,0.5,13,0.5384615384615384,22.765049262300643,1.7511576355615879
2026-07-26 12:46:26.357126,VOYG,30m,2026-05-01 09:30:00-04:00,2026-07-26,5,2.0,2.5,2.0,0.7,11,0.6363636363636364,27.95317735718836,2.541197941562578
2026-07-26 12:46:26.357126,VOYG,30m,2026-05-01 09:30:00-04:00,2026-07-26,5,2.0,2.5,2.5,0.3,13,0.46153846153846156,15.379058561414212,1.1830045047241702
2026-07-26 12:46:26.357126,VOYG,30m,2026-05-01 09:30:00-04:00,2026-07-26,5,2.0,2.5,2.5,0.5,13,0.46153846153846156,15.379058561414212,1.1830045047241702
2026-07-26 12:46:26.357126,VOYG,30m,2026-05-01 09:30:00-04:00,2026-07-26,5,2.0,2.5,2.5,0.7,11,0.5454545454545454,22.351718680023858,2.0319744254567143
2026-07-26 12:46:26.357126,VOYG,30m,2026-05-01 09:30:00-04:00,2026-07-26,5,2.0,2.5,3.0,0.3,13,0.38461538461538464,23.030351398113496,1.7715654921625765
2026-07-26 12:46:26.357126,VOYG,30m,2026-05-01 09:30:00-04:00,2026-07-26,5,2.0,2.5,3.0,0.5,13,0.38461538461538464,23.030351398113496,1.7715654921625765
2026-07-26 12:46:26.357126,VOYG,30m,2026-05-01 09:30:00-04:00,2026-07-26,5,2.0,2.5,3.0,0.7,11,0.45454545454545453,31.787543540445107,2.8897766854950095
2026-07-26 12:46:26.357126,VOYG,30m,2026-05-01 09:30:00-04:00,2026-07-26,5,2.0,2.5,3.5,0.3,13,0.5384615384615384,31.979588001871733,2.459968307836287
2026-07-26 12:46:26.357126,VOYG,30m,2026-05-01 09:30:00-04:00,2026-07-26,5,2.0,2.5,3.5,0.5,13,0.5384615384615384,31.979588001871733,2.459968307836287
2026-07-26 12:46:26.357126,VOYG,30m,2026-05-01 09:30:00-04:00,2026-07-26,5,2.0,2.5,3.5,0.7,11,0.6363636363636364,42.521312167925274,3.865573833447752
2026-07-26 12:46:26.357126,VOYG,30m,2026-05-01 09:30:00-04:00,2026-07-26,5,2.0,3.0,1.0,0.3,9,0.5555555555555556,12.275238320367343,1.3639153689297048
2026-07-26 12:46:26.357126,VOYG,30m,2026-05-01 09:30:00-04:00,2026-07-26,5,2.0,3.0,1.0,0.5,9,0.5555555555555556,12.275238320367343,1.3639153689297048
2026-07-26 12:46:26.357126,VOYG,30m,2026-05-01 09:30:00-04:00,2026-07-26,5,2.0,3.0,1.0,0.7,7,0.7142857142857143,14.030774576557796,2.0043963680796852
2026-07-26 12:46:26.357126,VOYG,30m,2026-05-01 09:30:00-04:00,2026-07-26,5,2.0,3.0,1.5,0.3,9,0.5555555555555556,7.023170310331963,0.7803522567035515
2026-07-26 12:46:26.357126,VOYG,30m,2026-05-01 09:30:00-04:00,2026-07-26,5,2.0,3.0,1.5,0.5,9,0.5555555555555556,7.023170310331963,0.7803522567035515
2026-07-26 12:46:26.357126,VOYG,30m,2026-05-01 09:30:00-04:00,2026-07-26,5,2.0,3.0,1.5,0.7,7,0.7142857142857143,10.426766381497714,1.4895380544996735
2026-07-26 12:46:26.357126,VOYG,30m,2026-05-01 09:30:00-04:00,2026-07-26,5,2.0,3.0,2.0,0.3,9,0.5555555555555556,12.153314467374727,1.3503682741527474
2026-07-26 12:46:26.357126,VOYG,30m,2026-05-01 09:30:00-04:00,2026-07-26,5,2.0,3.0,2.0,0.5,9,0.5555555555555556,12.153314467374727,1.3503682741527474
2026-07-26 12:46:26.357126,VOYG,30m,2026-05-01 09:30:00-04:00,2026-07-26,5,2.0,3.0,2.0,0.7,7,0.7142857142857143,17.341442562262444,2.4773489374660635
2026-07-26 12:46:26.357126,VOYG,30m,2026-05-01 09:30:00-04:00,2026-07-26,5,2.0,3.0,2.5,0.3,9,0.5555555555555556,9.54334594027479,1.0603717711416434
2026-07-26 12:46:26.357126,VOYG,30m,2026-05-01 09:30:00-04:00,2026-07-26,5,2.0,3.0,2.5,0.5,9,0.5555555555555556,9.54334594027479,1.0603717711416434
2026-07-26 12:46:26.357126,VOYG,30m,2026-05-01 09:30:00-04:00,2026-07-26,5,2.0,3.0,2.5,0.7,7,0.7142857142857143,16.516006058884436,2.3594294369834907
2026-07-26 12:46:26.357126,VOYG,30m,2026-05-01 09:30:00-04:00,2026-07-26,5,2.0,3.0,3.0,0.3,9,0.4444444444444444,21.104469514606237,2.344941057178471
2026-07-26 12:46:26.357126,VOYG,30m,2026-05-01 09:30:00-04:00,2026-07-26,5,2.0,3.0,3.0,0.5,9,0.4444444444444444,21.104469514606237,2.344941057178471
2026-07-26 12:46:26.357126,VOYG,30m,2026-05-01 09:30:00-04:00,2026-07-26,5,2.0,3.0,3.0,0.7,7,0.5714285714285714,29.861661656937848,4.265951665276836
2026-07-26 12:46:26.357126,VOYG,30m,2026-05-01 09:30:00-04:00,2026-07-26,5,2.0,3.0,3.5,0.3,9,0.6666666666666666,32.45652110802915,3.60628012311435
2026-07-26 12:46:26.357126,VOYG,30m,2026-05-01 09:30:00-04:00,2026-07-26,5,2.0,3.0,3.5,0.5,9,0.6666666666666666,32.45652110802915,3.60628012311435
2026-07-26 12:46:26.357126,VOYG,30m,2026-05-01 09:30:00-04:00,2026-07-26,5,2.0,3.0,3.5,0.7,7,0.8571428571428571,42.99824527408269,6.1426064677260985
2026-07-26 12:46:26.357126,VOYG,30m,2026-05-01 09:30:00-04:00,2026-07-26,5,2.0,3.5,1.0,0.3,6,0.5,9.576004003049654,1.5960006671749423
2026-07-26 12:46:26.357126,VOYG,30m,2026-05-01 09:30:00-04:00,2026-07-26,5,2.0,3.5,1.0,0.5,6,0.5,9.576004003049654,1.5960006671749423
2026-07-26 12:46:26.357126,VOYG,30m,2026-05-01 09:30:00-04:00,2026-07-26,5,2.0,3.5,1.0,0.7,5,0.6,10.293940259240095,2.058788051848019
2026-07-26 12:46:26.357126,VOYG,30m,2026-05-01 09:30:00-04:00,2026-07-26,5,2.0,3.5,1.5,0.3,6,0.5,5.942206004574615,0.9903676674291025
2026-07-26 12:46:26.357126,VOYG,30m,2026-05-01 09:30:00-04:00,2026-07-26,5,2.0,3.5,1.5,0.5,6,0.5,5.942206004574615,0.9903676674291025
2026-07-26 12:46:26.357126,VOYG,30m,2026-05-01 09:30:00-04:00,2026-07-26,5,2.0,3.5,1.5,0.7,5,0.6,7.994110388860207,1.5988220777720414
2026-07-26 12:46:26.357126,VOYG,30m,2026-05-01 09:30:00-04:00,2026-07-26,5,2.0,3.5,2.0,0.3,6,0.5,12.978695393031678,2.163115898838613
2026-07-26 12:46:26.357126,VOYG,30m,2026-05-01 09:30:00-04:00,2026-07-26,5,2.0,3.5,2.0,0.5,6,0.5,12.978695393031678,2.163115898838613
2026-07-26 12:46:26.357126,VOYG,30m,2026-05-01 09:30:00-04:00,2026-07-26,5,2.0,3.5,2.0,0.7,5,0.6,16.364567905412493,3.2729135810824985
2026-07-26 12:46:26.357126,VOYG,30m,2026-05-01 09:30:00-04:00,2026-07-26,5,2.0,3.5,2.5,0.3,6,0.6666666666666666,12.27507209734597,2.0458453495576614
2026-07-26 12:46:26.357126,VOYG,30m,2026-05-01 09:30:00-04:00,2026-07-26,5,2.0,3.5,2.5,0.5,6,0.6666666666666666,12.27507209734597,2.0458453495576614
2026-07-26 12:46:26.357126,VOYG,30m,2026-05-01 09:30:00-04:00,2026-07-26,5,2.0,3.5,2.5,0.7,5,0.8,16.994912737822006,3.398982547564401
2026-07-26 12:46:26.357126,VOYG,30m,2026-05-01 09:30:00-04:00,2026-07-26,5,2.0,3.5,3.0,0.3,6,0.5,8.625343562163579,1.4375572603605964
2026-07-26 12:46:26.357126,VOYG,30m,2026-05-01 09:30:00-04:00,2026-07-26,5,2.0,3.5,3.0,0.5,6,0.5,8.625343562163579,1.4375572603605964
2026-07-26 12:46:26.357126,VOYG,30m,2026-05-01 09:30:00-04:00,2026-07-26,5,2.0,3.5,3.0,0.7,5,0.6,14.679152330734837,2.9358304661469674
2026-07-26 12:46:26.357126,VOYG,30m,2026-05-01 09:30:00-04:00,2026-07-26,5,2.0,3.5,3.5,0.3,6,0.6666666666666666,17.594635652634416,2.9324392754390693
2026-07-26 12:46:26.357126,VOYG,30m,2026-05-01 09:30:00-04:00,2026-07-26,5,2.0,3.5,3.5,0.5,6,0.6666666666666666,17.594635652634416,2.9324392754390693
2026-07-26 12:46:26.357126,VOYG,30m,2026-05-01 09:30:00-04:00,2026-07-26,5,2.0,3.5,3.5,0.7,5,0.8,24.982412549300896,4.996482509860179
2026-07-26 12:46:26.357126,VOYG,30m,2026-05-01 09:30:00-04:00,2026-07-26,5,2.5,0.5,1.0,0.3,24,0.5416666666666666,29.883769724089184,1.2451570718370493
2026-07-26 12:46:26.357126,VOYG,30m,2026-05-01 09:30:00-04:00,2026-07-26,5,2.5,0.5,1.0,0.5,18,0.5555555555555556,6.665250703455925,0.3702917057475514
2026-07-26 12:46:26.357126,VOYG,30m,2026-05-01 09:30:00-04:00,2026-07-26,5,2.5,0.5,1.0,0.7,13,0.6923076923076923,13.471553771745377,1.0362733670573367
2026-07-26 12:46:26.357126,VOYG,30m,2026-05-01 09:30:00-04:00,2026-07-26,5,2.5,0.5,1.5,0.3,24,0.4583333333333333,19.05162445205903,0.7938176855024596
2026-07-26 12:46:26.357126,VOYG,30m,2026-05-01 09:30:00-04:00,2026-07-26,5,2.5,0.5,1.5,0.5,18,0.4444444444444444,-0.5382998610722112,-0.029905547837345066
2026-07-26 12:46:26.357126,VOYG,30m,2026-05-01 09:30:00-04:00,2026-07-26,5,2.5,0.5,1.5,0.7,13,0.5384615384615384,7.039091651023135,0.5414685885402412
2026-07-26 12:46:26.357126,VOYG,30m,2026-05-01 09:30:00-04:00,2026-07-26,5,2.5,0.5,2.0,0.3,24,0.5,42.8147864653258,1.7839494360552417
2026-07-26 12:46:26.357126,VOYG,30m,2026-05-01 09:30:00-04:00,2026-07-26,5,2.5,0.5,2.0,0.5,18,0.4444444444444444,1.8526152768487236,0.1029230709360402
2026-07-26 12:46:26.357126,VOYG,30m,2026-05-01 09:30:00-04:00,2026-07-26,5,2.5,0.5,2.0,0.7,13,0.6153846153846154,14.7724706263093,1.1363438943314845
2026-07-26 12:46:26.357126,VOYG,30m,2026-05-01 09:30:00-04:00,2026-07-26,5,2.5,0.5,2.5,0.3,24,0.375,19.5020272091395,0.8125844670474791
2026-07-26 12:46:26.357126,VOYG,30m,2026-05-01 09:30:00-04:00,2026-07-26,5,2.5,0.5,2.5,0.5,18,0.2777777777777778,-16.62568677645705,-0.923649265358725
2026-07-26 12:46:26.357126,VOYG,30m,2026-05-01 09:30:00-04:00,2026-07-26,5,2.5,0.5,2.5,0.7,13,0.38461538461538464,1.636632410368648,0.1258948007975883
2026-07-26 12:46:26.357126,VOYG,30m,2026-05-01 09:30:00-04:00,2026-07-26,5,2.5,0.5,3.0,0.3,23,0.391304347826087,28.09162396507425,1.2213749550032282
2026-07-26 12:46:26.357126,VOYG,30m,2026-05-01 09:30:00-04:00,2026-07-26,5,2.5,0.5,3.0,0.5,17,0.29411764705882354,-3.201632817641382,-0.18833134221419895
2026-07-26 12:46:26.357126,VOYG,30m,2026-05-01 09:30:00-04:00,2026-07-26,5,2.5,0.5,3.0,0.7,12,0.4166666666666667,20.403150206549405,1.7002625172124504
2026-07-26 12:46:26.357126,VOYG,30m,2026-05-01 09:30:00-04:00,2026-07-26,5,2.5,0.5,3.5,0.3,23,0.43478260869565216,13.186004499882387,0.5733045434731473
2026-07-26 12:46:26.357126,VOYG,30m,2026-05-01 09:30:00-04:00,2026-07-26,5,2.5,0.5,3.5,0.5,17,0.35294117647058826,-13.272795079952537,-0.780752651761914
2026-07-26 12:46:26.357126,VOYG,30m,2026-05-01 09:30:00-04:00,2026-07-26,5,2.5,0.5,3.5,0.7,12,0.5,15.674451781603302,1.3062043151336085
2026-07-26 12:46:26.357126,VOYG,30m,2026-05-01 09:30:00-04:00,2026-07-26,5,2.5,0.8,1.0,0.3,22,0.5,8.96146796101231,0.4073394527732868
2026-07-26 12:46:26.357126,VOYG,30m,2026-05-01 09:30:00-04:00,2026-07-26,5,2.5,0.8,1.0,0.5,18,0.5555555555555556,6.665250703455925,0.3702917057475514
2026-07-26 12:46:26.357126,VOYG,30m,2026-05-01 09:30:00-04:00,2026-07-26,5,2.5,0.8,1.0,0.7,13,0.6923076923076923,13.471553771745377,1.0362733670573367
2026-07-26 12:46:26.357126,VOYG,30m,2026-05-01 09:30:00-04:00,2026-07-26,5,2.5,0.8,1.5,0.3,22,0.4090909090909091,0.5931718074437242,0.026962354883805648
2026-07-26 12:46:26.357126,VOYG,30m,2026-05-01 09:30:00-04:00,2026-07-26,5,2.5,0.8,1.5,0.5,18,0.4444444444444444,-0.5382998610722112,-0.029905547837345066
2026-07-26 12:46:26.357126,VOYG,30m,2026-05-01 09:30:00-04:00,2026-07-26,5,2.5,0.8,1.5,0.7,13,0.5384615384615384,7.039091651023135,0.5414685885402412
2026-07-26 12:46:26.357126,VOYG,30m,2026-05-01 09:30:00-04:00,2026-07-26,5,2.5,0.8,2.0,0.3,22,0.45454545454545453,26.820182939172135,1.2190992245078243
2026-07-26 12:46:26.357126,VOYG,30m,2026-05-01 09:30:00-04:00,2026-07-26,5,2.5,0.8,2.0,0.5,18,0.4444444444444444,1.8526152768487236,0.1029230709360402
2026-07-26 12:46:26.357126,VOYG,30m,2026-05-01 09:30:00-04:00,2026-07-26,5,2.5,0.8,2.0,0.7,13,0.6153846153846154,14.7724706263093,1.1363438943314845
2026-07-26 12:46:26.357126,VOYG,30m,2026-05-01 09:30:00-04:00,2026-07-26,5,2.5,0.8,2.5,0.3,22,0.3181818181818182,5.971272801447185,0.27142149097487206
2026-07-26 12:46:26.357126,VOYG,30m,2026-05-01 09:30:00-04:00,2026-07-26,5,2.5,0.8,2.5,0.5,18,0.2777777777777778,-16.62568677645705,-0.923649265358725
2026-07-26 12:46:26.357126,VOYG,30m,2026-05-01 09:30:00-04:00,2026-07-26,5,2.5,0.8,2.5,0.7,13,0.38461538461538464,1.636632410368648,0.1258948007975883
2026-07-26 12:46:26.357126,VOYG,30m,2026-05-01 09:30:00-04:00,2026-07-26,5,2.5,0.8,3.0,0.3,21,0.3333333333333333,17.024718675843573,0.8107008893258845
2026-07-26 12:46:26.357126,VOYG,30m,2026-05-01 09:30:00-04:00,2026-07-26,5,2.5,0.8,3.0,0.5,17,0.29411764705882354,-3.201632817641382,-0.18833134221419895
2026-07-26 12:46:26.357126,VOYG,30m,2026-05-01 09:30:00-04:00,2026-07-26,5,2.5,0.8,3.0,0.7,12,0.4166666666666667,20.403150206549405,1.7002625172124504
2026-07-26 12:46:26.357126,VOYG,30m,2026-05-01 09:30:00-04:00,2026-07-26,5,2.5,0.8,3.5,0.3,21,0.38095238095238093,4.582948329113279,0.21823563471967994
2026-07-26 12:46:26.357126,VOYG,30m,2026-05-01 09:30:00-04:00,2026-07-26,5,2.5,0.8,3.5,0.5,17,0.35294117647058826,-13.272795079952537,-0.780752651761914
2026-07-26 12:46:26.357126,VOYG,30m,2026-05-01 09:30:00-04:00,2026-07-26,5,2.5,0.8,3.5,0.7,12,0.5,15.674451781603302,1.3062043151336085
2026-07-26 12:46:26.357126,VOYG,30m,2026-05-01 09:30:00-04:00,2026-07-26,5,2.5,1.0,1.0,0.3,21,0.5238095238095238,10.35545070345595,0.4931167001645691
2026-07-26 12:46:26.357126,VOYG,30m,2026-05-01 09:30:00-04:00,2026-07-26,5,2.5,1.0,1.0,0.5,18,0.5555555555555556,6.665250703455925,0.3702917057475514
2026-07-26 12:46:26.357126,VOYG,30m,2026-05-01 09:30:00-04:00,2026-07-26,5,2.5,1.0,1.0,0.7,13,0.6923076923076923,13.471553771745377,1.0362733670573367
2026-07-26 12:46:26.357126,VOYG,30m,2026-05-01 09:30:00-04:00,2026-07-26,5,2.5,1.0,1.5,0.3,21,0.42857142857142855,2.958827972948299,0.1408965701403952
2026-07-26 12:46:26.357126,VOYG,30m,2026-05-01 09:30:00-04:00,2026-07-26,5,2.5,1.0,1.5,0.5,18,0.4444444444444444,-0.5382998610722112,-0.029905547837345066
2026-07-26 12:46:26.357126,VOYG,30m,2026-05-01 09:30:00-04:00,2026-07-26,5,2.5,1.0,1.5,0.7,13,0.5384615384615384,7.039091651023135,0.5414685885402412
2026-07-26 12:46:26.357126,VOYG,30m,2026-05-01 09:30:00-04:00,2026-07-26,5,2.5,1.0,2.0,0.3,21,0.47619047619047616,30.207724493178283,1.4384630711037278
2026-07-26 12:46:26.357126,VOYG,30m,2026-05-01 09:30:00-04:00,2026-07-26,5,2.5,1.0,2.0,0.5,18,0.4444444444444444,1.8526152768487236,0.1029230709360402
2026-07-26 12:46:26.357126,VOYG,30m,2026-05-01 09:30:00-04:00,2026-07-26,5,2.5,1.0,2.0,0.7,13,0.6153846153846154,14.7724706263093,1.1363438943314845
2026-07-26 12:46:26.357126,VOYG,30m,2026-05-01 09:30:00-04:00,2026-07-26,5,2.5,1.0,2.5,0.3,21,0.3333333333333333,10.380699743954906,0.49431903542642414
2026-07-26 12:46:26.357126,VOYG,30m,2026-05-01 09:30:00-04:00,2026-07-26,5,2.5,1.0,2.5,0.5,18,0.2777777777777778,-16.62568677645705,-0.923649265358725
2026-07-26 12:46:26.357126,VOYG,30m,2026-05-01 09:30:00-04:00,2026-07-26,5,2.5,1.0,2.5,0.7,13,0.38461538461538464,1.636632410368648,0.1258948007975883
2026-07-26 12:46:26.357126,VOYG,30m,2026-05-01 09:30:00-04:00,2026-07-26,5,2.5,1.0,3.0,0.3,20,0.35,22.456031006852868,1.1228015503426434
2026-07-26 12:46:26.357126,VOYG,30m,2026-05-01 09:30:00-04:00,2026-07-26,5,2.5,1.0,3.0,0.5,17,0.29411764705882354,-3.201632817641382,-0.18833134221419895
2026-07-26 12:46:26.357126,VOYG,30m,2026-05-01 09:30:00-04:00,2026-07-26,5,2.5,1.0,3.0,0.7,12,0.4166666666666667,20.403150206549405,1.7002625172124504
2026-07-26 12:46:26.357126,VOYG,30m,2026-05-01 09:30:00-04:00,2026-07-26,5,2.5,1.0,3.5,0.3,20,0.4,11.036146048624076,0.5518073024312038
2026-07-26 12:46:26.357126,VOYG,30m,2026-05-01 09:30:00-04:00,2026-07-26,5,2.5,1.0,3.5,0.5,17,0.35294117647058826,-13.272795079952537,-0.780752651761914
2026-07-26 12:46:26.357126,VOYG,30m,2026-05-01 09:30:00-04:00,2026-07-26,5,2.5,1.0,3.5,0.7,12,0.5,15.674451781603302,1.3062043151336085
2026-07-26 12:46:26.357126,VOYG,30m,2026-05-01 09:30:00-04:00,2026-07-26,5,2.5,1.2,1.0,0.3,21,0.5238095238095238,10.35545070345595,0.4931167001645691
2026-07-26 12:46:26.357126,VOYG,30m,2026-05-01 09:30:00-04:00,2026-07-26,5,2.5,1.2,1.0,0.5,18,0.5555555555555556,6.665250703455925,0.3702917057475514
2026-07-26 12:46:26.357126,VOYG,30m,2026-05-01 09:30:00-04:00,2026-07-26,5,2.5,1.2,1.0,0.7,13,0.6923076923076923,13.471553771745377,1.0362733670573367
2026-07-26 12:46:26.357126,VOYG,30m,2026-05-01 09:30:00-04:00,2026-07-26,5,2.5,1.2,1.5,0.3,21,0.42857142857142855,2.958827972948299,0.1408965701403952
2026-07-26 12:46:26.357126,VOYG,30m,2026-05-01 09:30:00-04:00,2026-07-26,5,2.5,1.2,1.5,0.5,18,0.4444444444444444,-0.5382998610722112,-0.029905547837345066
2026-07-26 12:46:26.357126,VOYG,30m,2026-05-01 09:30:00-04:00,2026-07-26,5,2.5,1.2,1.5,0.7,13,0.5384615384615384,7.039091651023135,0.5414685885402412
2026-07-26 12:46:26.357126,VOYG,30m,2026-05-01 09:30:00-04:00,2026-07-26,5,2.5,1.2,2.0,0.3,21,0.47619047619047616,30.207724493178283,1.4384630711037278
2026-07-26 12:46:26.357126,VOYG,30m,2026-05-01 09:30:00-04:00,2026-07-26,5,2.5,1.2,2.0,0.5,18,0.4444444444444444,1.8526152768487236,0.1029230709360402
2026-07-26 12:46:26.357126,VOYG,30m,2026-05-01 09:30:00-04:00,2026-07-26,5,2.5,1.2,2.0,0.7,13,0.6153846153846154,14.7724706263093,1.1363438943314845
2026-07-26 12:46:26.357126,VOYG,30m,2026-05-01 09:30:00-04:00,2026-07-26,5,2.5,1.2,2.5,0.3,21,0.3333333333333333,10.380699743954906,0.49431903542642414
2026-07-26 12:46:26.357126,VOYG,30m,2026-05-01 09:30:00-04:00,2026-07-26,5,2.5,1.2,2.5,0.5,18,0.2777777777777778,-16.62568677645705,-0.923649265358725
2026-07-26 12:46:26.357126,VOYG,30m,2026-05-01 09:30:00-04:00,2026-07-26,5,2.5,1.2,2.5,0.7,13,0.38461538461538464,1.636632410368648,0.1258948007975883
2026-07-26 12:46:26.357126,VOYG,30m,2026-05-01 09:30:00-04:00,2026-07-26,5,2.5,1.2,3.0,0.3,20,0.35,22.456031006852868,1.1228015503426434
2026-07-26 12:46:26.357126,VOYG,30m,2026-05-01 09:30:00-04:00,2026-07-26,5,2.5,1.2,3.0,0.5,17,0.29411764705882354,-3.201632817641382,-0.18833134221419895
2026-07-26 12:46:26.357126,VOYG,30m,2026-05-01 09:30:00-04:00,2026-07-26,5,2.5,1.2,3.0,0.7,12,0.4166666666666667,20.403150206549405,1.7002625172124504
2026-07-26 12:46:26.357126,VOYG,30m,2026-05-01 09:30:00-04:00,2026-07-26,5,2.5,1.2,3.5,0.3,20,0.4,11.036146048624076,0.5518073024312038
2026-07-26 12:46:26.357126,VOYG,30m,2026-05-01 09:30:00-04:00,2026-07-26,5,2.5,1.2,3.5,0.5,17,0.35294117647058826,-13.272795079952537,-0.780752651761914
2026-07-26 12:46:26.357126,VOYG,30m,2026-05-01 09:30:00-04:00,2026-07-26,5,2.5,1.2,3.5,0.7,12,0.5,15.674451781603302,1.3062043151336085
2026-07-26 12:46:26.357126,VOYG,30m,2026-05-01 09:30:00-04:00,2026-07-26,5,2.5,1.5,1.0,0.3,19,0.47368421052631576,-2.0419069873107887,-0.10746878880583098
2026-07-26 12:46:26.357126,VOYG,30m,2026-05-01 09:30:00-04:00,2026-07-26,5,2.5,1.5,1.0,0.5,16,0.5,-5.732106987310814,-0.3582566867069259
2026-07-26 12:46:26.357126,VOYG,30m,2026-05-01 09:30:00-04:00,2026-07-26,5,2.5,1.5,1.0,0.7,11,0.6363636363636364,1.0741960809786377,0.09765418917987616
2026-07-26 12:46:26.357126,VOYG,30m,2026-05-01 09:30:00-04:00,2026-07-26,5,2.5,1.5,1.5,0.3,19,0.3684210526315789,-13.474436992906611,-0.7091808943635058
2026-07-26 12:46:26.357126,VOYG,30m,2026-05-01 09:30:00-04:00,2026-07-26,5,2.5,1.5,1.5,0.5,16,0.375,-16.97156482692712,-1.060722801682945
2026-07-26 12:46:26.357126,VOYG,30m,2026-05-01 09:30:00-04:00,2026-07-26,5,2.5,1.5,1.5,0.7,11,0.45454545454545453,-9.394173314831775,-0.8540157558937977
2026-07-26 12:46:26.357126,VOYG,30m,2026-05-01 09:30:00-04:00,2026-07-26,5,2.5,1.5,2.0,0.3,19,0.42105263157894735,16.080037872038382,0.8463177827388622
2026-07-26 12:46:26.357126,VOYG,30m,2026-05-01 09:30:00-04:00,2026-07-26,5,2.5,1.5,2.0,0.5,16,0.375,-12.275071344291177,-0.7671919590181986
2026-07-26 12:46:26.357126,VOYG,30m,2026-05-01 09:30:00-04:00,2026-07-26,5,2.5,1.5,2.0,0.7,11,0.5454545454545454,0.6447840051693987,0.05861672774267261
2026-07-26 12:46:26.357126,VOYG,30m,2026-05-01 09:30:00-04:00,2026-07-26,5,2.5,1.5,2.5,0.3,19,0.3157894736842105,-1.4414085324699855,-0.0758636069721045
2026-07-26 12:46:26.357126,VOYG,30m,2026-05-01 09:30:00-04:00,2026-07-26,5,2.5,1.5,2.5,0.5,16,0.25,-28.447795052881943,-1.7779871908051215
2026-07-26 12:46:26.357126,VOYG,30m,2026-05-01 09:30:00-04:00,2026-07-26,5,2.5,1.5,2.5,0.7,11,0.36363636363636365,-10.185475866056244,-0.9259523514596585
2026-07-26 12:46:26.357126,VOYG,30m,2026-05-01 09:30:00-04:00,2026-07-26,5,2.5,1.5,3.0,0.3,19,0.3157894736842105,0.0593242227646229,0.003122327513927521
2026-07-26 12:46:26.357126,VOYG,30m,2026-05-01 09:30:00-04:00,2026-07-26,5,2.5,1.5,3.0,0.5,16,0.25,-25.598339601729627,-1.5998962251081017
2026-07-26 12:46:26.357126,VOYG,30m,2026-05-01 09:30:00-04:00,2026-07-26,5,2.5,1.5,3.0,0.7,11,0.36363636363636365,-1.9935565775388397,-0.18123241613989452
2026-07-26 12:46:26.357126,VOYG,30m,2026-05-01 09:30:00-04:00,2026-07-26,5,2.5,1.5,3.5,0.3,19,0.3684210526315789,-9.126678532812207,-0.48035150172695823
2026-07-26 12:46:26.357126,VOYG,30m,2026-05-01 09:30:00-04:00,2026-07-26,5,2.5,1.5,3.5,0.5,16,0.3125,-33.43561966138882,-2.0897262288368013
2026-07-26 12:46:26.357126,VOYG,30m,2026-05-01 09:30:00-04:00,2026-07-26,5,2.5,1.5,3.5,0.7,11,0.45454545454545453,-4.48837279983298,-0.4080338908939073
2026-07-26 12:46:26.357126,VOYG,30m,2026-05-01 09:30:00-04:00,2026-07-26,5,2.5,1.8,1.0,0.3,15,0.4666666666666667,-5.428517314317105,-0.361901154287807
2026-07-26 12:46:26.357126,VOYG,30m,2026-05-01 09:30:00-04:00,2026-07-26,5,2.5,1.8,1.0,0.5,13,0.5384615384615384,-2.3295173143171155,-0.17919363956285503
2026-07-26 12:46:26.357126,VOYG,30m,2026-05-01 09:30:00-04:00,2026-07-26,5,2.5,1.8,1.0,0.7,10,0.7,3.040348410363336,0.3040348410363336
2026-07-26 12:46:26.357126,VOYG,30m,2026-05-01 09:30:00-04:00,2026-07-26,5,2.5,1.8,1.5,0.3,15,0.3333333333333333,-13.544612665336011,-0.9029741776890674
2026-07-26 12:46:26.357126,VOYG,30m,2026-05-01 09:30:00-04:00,2026-07-26,5,2.5,1.8,1.5,0.5,13,0.38461538461538464,-10.342680317436646,-0.7955907936489728
2026-07-26 12:46:26.357126,VOYG,30m,2026-05-01 09:30:00-04:00,2026-07-26,5,2.5,1.8,1.5,0.7,10,0.5,-6.169944820754765,-0.6169944820754765
2026-07-26 12:46:26.357126,VOYG,30m,2026-05-01 09:30:00-04:00,2026-07-26,5,2.5,1.8,2.0,0.3,15,0.4666666666666667,19.603136975465958,1.3068757983643973
2026-07-26 12:46:26.357126,VOYG,30m,2026-05-01 09:30:00-04:00,2026-07-26,5,2.5,1.8,2.0,0.5,13,0.46153846153846156,-2.4198919983037825,-0.1861455383310602
2026-07-26 12:46:26.357126,VOYG,30m,2026-05-01 09:30:00-04:00,2026-07-26,5,2.5,1.8,2.0,0.7,10,0.6,5.1270886639387925,0.5127088663938792
2026-07-26 12:46:26.357126,VOYG,30m,2026-05-01 09:30:00-04:00,2026-07-26,5,2.5,1.8,2.5,0.3,15,0.3333333333333333,5.674965346814389,0.3783310231209593
2026-07-26 12:46:26.357126,VOYG,30m,2026-05-01 09:30:00-04:00,2026-07-26,5,2.5,1.8,2.5,0.5,13,0.3076923076923077,-15.366320870397772,-1.18202468233829
2026-07-26 12:46:26.357126,VOYG,30m,2026-05-01 09:30:00-04:00,2026-07-26,5,2.5,1.8,2.5,0.7,10,0.4,-4.445095042594538,-0.4445095042594538
2026-07-26 12:46:26.357126,VOYG,30m,2026-05-01 09:30:00-04:00,2026-07-26,5,2.5,1.8,3.0,0.3,15,0.3333333333333333,10.768972877905902,0.7179315251937268
2026-07-26 12:46:26.357126,VOYG,30m,2026-05-01 09:30:00-04:00,2026-07-26,5,2.5,1.8,3.0,0.5,13,0.3076923076923077,-9.290570582748607,-0.7146592755960467
2026-07-26 12:46:26.357126,VOYG,30m,2026-05-01 09:30:00-04:00,2026-07-26,5,2.5,1.8,3.0,0.7,10,0.4,5.0049004106152495,0.500490041061525
2026-07-26 12:46:26.357126,VOYG,30m,2026-05-01 09:30:00-04:00,2026-07-26,5,2.5,1.8,3.5,0.3,15,0.4,5.176244898185907,0.3450829932123938
2026-07-26 12:46:26.357126,VOYG,30m,2026-05-01 09:30:00-04:00,2026-07-26,5,2.5,1.8,3.5,0.5,13,0.38461538461538464,-13.901555805911023,-1.0693504466085402
2026-07-26 12:46:26.357126,VOYG,30m,2026-05-01 09:30:00-04:00,2026-07-26,5,2.5,1.8,3.5,0.7,10,0.5,3.768160353013421,0.3768160353013421
2026-07-26 12:46:26.357126,VOYG,30m,2026-05-01 09:30:00-04:00,2026-07-26,5,2.5,2.0,1.0,0.3,13,0.46153846153846156,-2.2199649206058325,-0.17076653235429481
2026-07-26 12:46:26.357126,VOYG,30m,2026-05-01 09:30:00-04:00,2026-07-26,5,2.5,2.0,1.0,0.5,11,0.5454545454545454,0.879035079394157,0.07991227994492336
2026-07-26 12:46:26.357126,VOYG,30m,2026-05-01 09:30:00-04:00,2026-07-26,5,2.5,2.0,1.0,0.7,9,0.6666666666666666,2.800624795430764,0.31118053282564045
2026-07-26 12:46:26.357126,VOYG,30m,2026-05-01 09:30:00-04:00,2026-07-26,5,2.5,2.0,1.5,0.3,13,0.38461538461538464,-11.834138851988136,-0.9103183732298566
2026-07-26 12:46:26.357126,VOYG,30m,2026-05-01 09:30:00-04:00,2026-07-26,5,2.5,2.0,1.5,0.5,11,0.45454545454545453,-8.63220650408877,-0.7847460458262518
2026-07-26 12:46:26.357126,VOYG,30m,2026-05-01 09:30:00-04:00,2026-07-26,5,2.5,2.0,1.5,0.7,9,0.5555555555555556,-5.179530243153678,-0.5755033603504087
2026-07-26 12:46:26.357126,VOYG,30m,2026-05-01 09:30:00-04:00,2026-07-26,5,2.5,2.0,2.0,0.3,13,0.5384615384615384,24.250435393263103,1.865418107174085
2026-07-26 12:46:26.357126,VOYG,30m,2026-05-01 09:30:00-04:00,2026-07-26,5,2.5,2.0,2.0,0.5,11,0.5454545454545454,2.227406419493363,0.2024914926812148
2026-07-26 12:46:26.357126,VOYG,30m,2026-05-01 09:30:00-04:00,2026-07-26,5,2.5,2.0,2.0,0.7,9,0.6666666666666666,7.347641434073537,0.8164046037859486
2026-07-26 12:46:26.357126,VOYG,30m,2026-05-01 09:30:00-04:00,2026-07-26,5,2.5,2.0,2.5,0.3,13,0.38461538461538464,13.259088369060876,1.0199298745431444
2026-07-26 12:46:26.357126,VOYG,30m,2026-05-01 09:30:00-04:00,2026-07-26,5,2.5,2.0,2.5,0.5,11,0.36363636363636365,-7.782197848151284,-0.7074725316501168
2026-07-26 12:46:26.357126,VOYG,30m,2026-05-01 09:30:00-04:00,2026-07-26,5,2.5,2.0,2.5,0.7,9,0.4444444444444444,-0.9944040799260634,-0.11048934221400704
2026-07-26 12:46:26.357126,VOYG,30m,2026-05-01 09:30:00-04:00,2026-07-26,5,2.5,2.0,3.0,0.3,13,0.38461538461538464,21.28992050460173,1.6376861926616717
2026-07-26 12:46:26.357126,VOYG,30m,2026-05-01 09:30:00-04:00,2026-07-26,5,2.5,2.0,3.0,0.5,11,0.36363636363636365,1.2303770439472217,0.11185245854065652
2026-07-26 12:46:26.357126,VOYG,30m,2026-05-01 09:30:00-04:00,2026-07-26,5,2.5,2.0,3.0,0.7,9,0.4444444444444444,9.685729565817454,1.0761921739797171
2026-07-26 12:46:26.357126,VOYG,30m,2026-05-01 09:30:00-04:00,2026-07-26,5,2.5,2.0,3.5,0.3,13,0.46153846153846156,18.634017129331006,1.4333859330254621
2026-07-26 12:46:26.357126,VOYG,30m,2026-05-01 09:30:00-04:00,2026-07-26,5,2.5,2.0,3.5,0.5,11,0.45454545454545453,-0.44378357476592356,-0.04034396134235669
2026-07-26 12:46:26.357126,VOYG,30m,2026-05-01 09:30:00-04:00,2026-07-26,5,2.5,2.0,3.5,0.7,9,0.5555555555555556,9.679127700749355,1.075458633416595
2026-07-26 12:46:26.357126,VOYG,30m,2026-05-01 09:30:00-04:00,2026-07-26,5,2.5,2.5,1.0,0.3,9,0.5555555555555556,1.6483038515315585,0.18314487239239538
2026-07-26 12:46:26.357126,VOYG,30m,2026-05-01 09:30:00-04:00,2026-07-26,5,2.5,2.5,1.0,0.5,9,0.5555555555555556,1.6483038515315585,0.18314487239239538
2026-07-26 12:46:26.357126,VOYG,30m,2026-05-01 09:30:00-04:00,2026-07-26,5,2.5,2.5,1.0,0.7,8,0.625,2.6859038515315703,0.3357379814414463
2026-07-26 12:46:26.357126,VOYG,30m,2026-05-01 09:30:00-04:00,2026-07-26,5,2.5,2.5,1.5,0.3,9,0.5555555555555556,-5.028303345882605,-0.558700371764734
2026-07-26 12:46:26.357126,VOYG,30m,2026-05-01 09:30:00-04:00,2026-07-26,5,2.5,2.5,1.5,0.5,9,0.5555555555555556,-5.028303345882605,-0.558700371764734
2026-07-26 12:46:26.357126,VOYG,30m,2026-05-01 09:30:00-04:00,2026-07-26,5,2.5,2.5,1.5,0.7,8,0.625,-3.6766116590024467,-0.45957645737530584
2026-07-26 12:46:26.357126,VOYG,30m,2026-05-01 09:30:00-04:00,2026-07-26,5,2.5,2.5,2.0,0.3,9,0.5555555555555556,-1.0620872266595782,-0.11800969185106425
2026-07-26 12:46:26.357126,VOYG,30m,2026-05-01 09:30:00-04:00,2026-07-26,5,2.5,2.5,2.0,0.5,9,0.5555555555555556,-1.0620872266595782,-0.11800969185106425
2026-07-26 12:46:26.357126,VOYG,30m,2026-05-01 09:30:00-04:00,2026-07-26,5,2.5,2.5,2.0,0.7,8,0.625,0.7401683558473238,0.09252104448091547
2026-07-26 12:46:26.357126,VOYG,30m,2026-05-01 09:30:00-04:00,2026-07-26,5,2.5,2.5,2.5,0.3,9,0.3333333333333333,-8.181564905842436,-0.9090627673158261
2026-07-26 12:46:26.357126,VOYG,30m,2026-05-01 09:30:00-04:00,2026-07-26,5,2.5,2.5,2.5,0.5,9,0.3333333333333333,-8.181564905842436,-0.9090627673158261
2026-07-26 12:46:26.357126,VOYG,30m,2026-05-01 09:30:00-04:00,2026-07-26,5,2.5,2.5,2.5,0.7,8,0.375,-5.928745427708826,-0.7410931784636032
2026-07-26 12:46:26.357126,VOYG,30m,2026-05-01 09:30:00-04:00,2026-07-26,5,2.5,2.5,3.0,0.3,9,0.3333333333333333,2.682346192057139,0.29803846578412657
2026-07-26 12:46:26.357126,VOYG,30m,2026-05-01 09:30:00-04:00,2026-07-26,5,2.5,2.5,3.0,0.5,9,0.3333333333333333,2.682346192057139,0.29803846578412657
2026-07-26 12:46:26.357126,VOYG,30m,2026-05-01 09:30:00-04:00,2026-07-26,5,2.5,2.5,3.0,0.7,8,0.375,5.385729565817492,0.6732161957271865
2026-07-26 12:46:26.357126,VOYG,30m,2026-05-01 09:30:00-04:00,2026-07-26,5,2.5,2.5,3.5,0.3,9,0.4444444444444444,2.2251804313623325,0.24724227015137026
2026-07-26 12:46:26.357126,VOYG,30m,2026-05-01 09:30:00-04:00,2026-07-26,5,2.5,2.5,3.5,0.5,9,0.4444444444444444,2.2251804313623325,0.24724227015137026
2026-07-26 12:46:26.357126,VOYG,30m,2026-05-01 09:30:00-04:00,2026-07-26,5,2.5,2.5,3.5,0.7,8,0.5,5.379127700749393,0.6723909625936741
2026-07-26 12:46:26.357126,VOYG,30m,2026-05-01 09:30:00-04:00,2026-07-26,5,2.5,3.0,1.0,0.3,6,0.6666666666666666,6.481233325841842,1.0802055543069737
2026-07-26 12:46:26.357126,VOYG,30m,2026-05-01 09:30:00-04:00,2026-07-26,5,2.5,3.0,1.0,0.5,6,0.6666666666666666,6.481233325841842,1.0802055543069737
2026-07-26 12:46:26.357126,VOYG,30m,2026-05-01 09:30:00-04:00,2026-07-26,5,2.5,3.0,1.0,0.7,5,0.8,7.518833325841854,1.5037666651683708
2026-07-26 12:46:26.357126,VOYG,30m,2026-05-01 09:30:00-04:00,2026-07-26,5,2.5,3.0,1.5,0.3,6,0.6666666666666666,3.4059628185435997,0.5676604697572666
2026-07-26 12:46:26.357126,VOYG,30m,2026-05-01 09:30:00-04:00,2026-07-26,5,2.5,3.0,1.5,0.5,6,0.6666666666666666,3.4059628185435997,0.5676604697572666
2026-07-26 12:46:26.357126,VOYG,30m,2026-05-01 09:30:00-04:00,2026-07-26,5,2.5,3.0,1.5,0.7,5,0.8,4.7576545054237585,0.9515309010847517
2026-07-26 12:46:26.357126,VOYG,30m,2026-05-01 09:30:00-04:00,2026-07-26,5,2.5,3.0,2.0,0.3,6,0.6666666666666666,10.983600992575333,1.830600165429222
2026-07-26 12:46:26.357126,VOYG,30m,2026-05-01 09:30:00-04:00,2026-07-26,5,2.5,3.0,2.0,0.5,6,0.6666666666666666,10.983600992575333,1.830600165429222
2026-07-26 12:46:26.357126,VOYG,30m,2026-05-01 09:30:00-04:00,2026-07-26,5,2.5,3.0,2.0,0.7,5,0.8,12.785856575082235,2.557171315016447
2026-07-26 12:46:26.357126,VOYG,30m,2026-05-01 09:30:00-04:00,2026-07-26,5,2.5,3.0,2.5,0.3,6,0.5,7.329501240719196,1.221583540119866
2026-07-26 12:46:26.357126,VOYG,30m,2026-05-01 09:30:00-04:00,2026-07-26,5,2.5,3.0,2.5,0.5,6,0.5,7.329501240719196,1.221583540119866
2026-07-26 12:46:26.357126,VOYG,30m,2026-05-01 09:30:00-04:00,2026-07-26,5,2.5,3.0,2.5,0.7,5,0.6,9.582320718852806,1.9164641437705612
2026-07-26 12:46:26.357126,VOYG,30m,2026-05-01 09:30:00-04:00,2026-07-26,5,2.5,3.0,3.0,0.3,6,0.5,20.79259882979109,3.465433138298515
2026-07-26 12:46:26.357126,VOYG,30m,2026-05-01 09:30:00-04:00,2026-07-26,5,2.5,3.0,3.0,0.5,6,0.5,20.79259882979109,3.465433138298515
2026-07-26 12:46:26.357126,VOYG,30m,2026-05-01 09:30:00-04:00,2026-07-26,5,2.5,3.0,3.0,0.7,5,0.6,23.495982203551442,4.699196440710288
2026-07-26 12:46:26.357126,VOYG,30m,2026-05-01 09:30:00-04:00,2026-07-26,5,2.5,3.0,3.5,0.3,6,0.6666666666666666,21.427603812301186,3.5712673020501975
2026-07-26 12:46:26.357126,VOYG,30m,2026-05-01 09:30:00-04:00,2026-07-26,5,2.5,3.0,3.5,0.5,6,0.6666666666666666,21.427603812301186,3.5712673020501975
2026-07-26 12:46:26.357126,VOYG,30m,2026-05-01 09:30:00-04:00,2026-07-26,5,2.5,3.0,3.5,0.7,5,0.8,24.581551081688247,4.916310216337649
2026-07-26 12:46:26.357126,VOYG,30m,2026-05-01 09:30:00-04:00,2026-07-26,5,2.5,3.5,1.0,0.3,3,0.6666666666666666,3.781999008524153,1.2606663361747177
2026-07-26 12:46:26.357126,VOYG,30m,2026-05-01 09:30:00-04:00,2026-07-26,5,2.5,3.5,1.0,0.5,3,0.6666666666666666,3.781999008524153,1.2606663361747177
2026-07-26 12:46:26.357126,VOYG,30m,2026-05-01 09:30:00-04:00,2026-07-26,5,2.5,3.5,1.0,0.7,3,0.6666666666666666,3.781999008524153,1.2606663361747177
2026-07-26 12:46:26.357126,VOYG,30m,2026-05-01 09:30:00-04:00,2026-07-26,5,2.5,3.5,1.5,0.3,3,0.6666666666666666,2.3249985127862516,0.7749995042620839
2026-07-26 12:46:26.357126,VOYG,30m,2026-05-01 09:30:00-04:00,2026-07-26,5,2.5,3.5,1.5,0.5,3,0.6666666666666666,2.3249985127862516,0.7749995042620839
2026-07-26 12:46:26.357126,VOYG,30m,2026-05-01 09:30:00-04:00,2026-07-26,5,2.5,3.5,1.5,0.7,3,0.6666666666666666,2.3249985127862516,0.7749995042620839
2026-07-26 12:46:26.357126,VOYG,30m,2026-05-01 09:30:00-04:00,2026-07-26,5,2.5,3.5,2.0,0.3,3,0.6666666666666666,11.808981918232284,3.936327306077428
2026-07-26 12:46:26.357126,VOYG,30m,2026-05-01 09:30:00-04:00,2026-07-26,5,2.5,3.5,2.0,0.5,3,0.6666666666666666,11.808981918232284,3.936327306077428
2026-07-26 12:46:26.357126,VOYG,30m,2026-05-01 09:30:00-04:00,2026-07-26,5,2.5,3.5,2.0,0.7,3,0.6666666666666666,11.808981918232284,3.936327306077428
2026-07-26 12:46:26.357126,VOYG,30m,2026-05-01 09:30:00-04:00,2026-07-26,5,2.5,3.5,2.5,0.3,3,0.6666666666666666,10.061227397790375,3.353742465930125
2026-07-26 12:46:26.357126,VOYG,30m,2026-05-01 09:30:00-04:00,2026-07-26,5,2.5,3.5,2.5,0.5,3,0.6666666666666666,10.061227397790375,3.353742465930125
2026-07-26 12:46:26.357126,VOYG,30m,2026-05-01 09:30:00-04:00,2026-07-26,5,2.5,3.5,2.5,0.7,3,0.6666666666666666,10.061227397790375,3.353742465930125
2026-07-26 12:46:26.357126,VOYG,30m,2026-05-01 09:30:00-04:00,2026-07-26,5,2.5,3.5,3.0,0.3,3,0.6666666666666666,8.313472877348431,2.7711576257828106
2026-07-26 12:46:26.357126,VOYG,30m,2026-05-01 09:30:00-04:00,2026-07-26,5,2.5,3.5,3.0,0.5,3,0.6666666666666666,8.313472877348431,2.7711576257828106
2026-07-26 12:46:26.357126,VOYG,30m,2026-05-01 09:30:00-04:00,2026-07-26,5,2.5,3.5,3.0,0.7,3,0.6666666666666666,8.313472877348431,2.7711576257828106
2026-07-26 12:46:26.357126,VOYG,30m,2026-05-01 09:30:00-04:00,2026-07-26,5,2.5,3.5,3.5,0.3,3,0.6666666666666666,6.5657183569064514,2.188572785635484
2026-07-26 12:46:26.357126,VOYG,30m,2026-05-01 09:30:00-04:00,2026-07-26,5,2.5,3.5,3.5,0.5,3,0.6666666666666666,6.5657183569064514,2.188572785635484
2026-07-26 12:46:26.357126,VOYG,30m,2026-05-01 09:30:00-04:00,2026-07-26,5,2.5,3.5,3.5,0.7,3,0.6666666666666666,6.5657183569064514,2.188572785635484
2026-07-26 12:46:26.357126,VOYG,30m,2026-05-01 09:30:00-04:00,2026-07-26,5,3.0,0.5,1.0,0.3,9,0.3333333333333333,4.87535882106382,0.5417065356737578
2026-07-26 12:46:26.357126,VOYG,30m,2026-05-01 09:30:00-04:00,2026-07-26,5,3.0,0.5,1.0,0.5,8,0.375,6.112558821063807,0.7640698526329759
2026-07-26 12:46:26.357126,VOYG,30m,2026-05-01 09:30:00-04:00,2026-07-26,5,3.0,0.5,1.0,0.7,6,0.5,10.598434829707664,1.7664058049512772
2026-07-26 12:46:26.357126,VOYG,30m,2026-05-01 09:30:00-04:00,2026-07-26,5,3.0,0.5,1.5,0.3,9,0.3333333333333333,8.49999740373999,0.94444415597111
2026-07-26 12:46:26.357126,VOYG,30m,2026-05-01 09:30:00-04:00,2026-07-26,5,3.0,0.5,1.5,0.5,8,0.375,9.840129751639353,1.230016218954919
2026-07-26 12:46:26.357126,VOYG,30m,2026-05-01 09:30:00-04:00,2026-07-26,5,3.0,0.5,1.5,0.7,6,0.5,11.9118806742663,1.98531344571105
2026-07-26 12:46:26.357126,VOYG,30m,2026-05-01 09:30:00-04:00,2026-07-26,5,3.0,0.5,2.0,0.3,9,0.3333333333333333,0.8141666076681986,0.09046295640757762
2026-07-26 12:46:26.357126,VOYG,30m,2026-05-01 09:30:00-04:00,2026-07-26,5,3.0,0.5,2.0,0.5,8,0.375,2.601009738200659,0.3251262172750824
2026-07-26 12:46:26.357126,VOYG,30m,2026-05-01 09:30:00-04:00,2026-07-26,5,3.0,0.5,2.0,0.7,6,0.5,6.830010968369962,1.1383351613949937
2026-07-26 12:46:26.357126,VOYG,30m,2026-05-01 09:30:00-04:00,2026-07-26,5,3.0,0.5,2.5,0.3,9,0.2222222222222222,-7.082291740414703,-0.7869213044905226
2026-07-26 12:46:26.357126,VOYG,30m,2026-05-01 09:30:00-04:00,2026-07-26,5,3.0,0.5,2.5,0.5,8,0.25,-4.84873782724911,-0.6060922284061387
2026-07-26 12:46:26.357126,VOYG,30m,2026-05-01 09:30:00-04:00,2026-07-26,5,3.0,0.5,2.5,0.7,6,0.3333333333333333,1.5375137104625125,0.2562522850770854
2026-07-26 12:46:26.357126,VOYG,30m,2026-05-01 09:30:00-04:00,2026-07-26,5,3.0,0.5,3.0,0.3,9,0.2222222222222222,-14.978750088497641,-1.6643055653886267
2026-07-26 12:46:26.357126,VOYG,30m,2026-05-01 09:30:00-04:00,2026-07-26,5,3.0,0.5,3.0,0.5,8,0.25,-12.298485392698915,-1.5373106740873643
2026-07-26 12:46:26.357126,VOYG,30m,2026-05-01 09:30:00-04:00,2026-07-26,5,3.0,0.5,3.0,0.7,6,0.3333333333333333,-3.7549835474449367,-0.6258305912408227
2026-07-26 12:46:26.357126,VOYG,30m,2026-05-01 09:30:00-04:00,2026-07-26,5,3.0,0.5,3.5,0.3,9,0.3333333333333333,-18.555636592368927,-2.061737399152103
2026-07-26 12:46:26.357126,VOYG,30m,2026-05-01 09:30:00-04:00,2026-07-26,5,3.0,0.5,3.5,0.5,8,0.375,-15.428661113937068,-1.9285826392421335
2026-07-26 12:46:26.357126,VOYG,30m,2026-05-01 09:30:00-04:00,2026-07-26,5,3.0,0.5,3.5,0.7,6,0.5,-4.727908961140841,-0.7879848268568068
2026-07-26 12:46:26.357126,VOYG,30m,2026-05-01 09:30:00-04:00,2026-07-26,5,3.0,0.8,1.0,0.3,9,0.3333333333333333,4.87535882106382,0.5417065356737578
2026-07-26 12:46:26.357126,VOYG,30m,2026-05-01 09:30:00-04:00,2026-07-26,5,3.0,0.8,1.0,0.5,8,0.375,6.112558821063807,0.7640698526329759
2026-07-26 12:46:26.357126,VOYG,30m,2026-05-01 09:30:00-04:00,2026-07-26,5,3.0,0.8,1.0,0.7,6,0.5,10.598434829707664,1.7664058049512772
2026-07-26 12:46:26.357126,VOYG,30m,2026-05-01 09:30:00-04:00,2026-07-26,5,3.0,0.8,1.5,0.3,9,0.3333333333333333,8.49999740373999,0.94444415597111
2026-07-26 12:46:26.357126,VOYG,30m,2026-05-01 09:30:00-04:00,2026-07-26,5,3.0,0.8,1.5,0.5,8,0.375,9.840129751639353,1.230016218954919
2026-07-26 12:46:26.357126,VOYG,30m,2026-05-01 09:30:00-04:00,2026-07-26,5,3.0,0.8,1.5,0.7,6,0.5,11.9118806742663,1.98531344571105
2026-07-26 12:46:26.357126,VOYG,30m,2026-05-01 09:30:00-04:00,2026-07-26,5,3.0,0.8,2.0,0.3,9,0.3333333333333333,0.8141666076681986,0.09046295640757762
2026-07-26 12:46:26.357126,VOYG,30m,2026-05-01 09:30:00-04:00,2026-07-26,5,3.0,0.8,2.0,0.5,8,0.375,2.601009738200659,0.3251262172750824
2026-07-26 12:46:26.357126,VOYG,30m,2026-05-01 09:30:00-04:00,2026-07-26,5,3.0,0.8,2.0,0.7,6,0.5,6.830010968369962,1.1383351613949937
2026-07-26 12:46:26.357126,VOYG,30m,2026-05-01 09:30:00-04:00,2026-07-26,5,3.0,0.8,2.5,0.3,9,0.2222222222222222,-7.082291740414703,-0.7869213044905226
2026-07-26 12:46:26.357126,VOYG,30m,2026-05-01 09:30:00-04:00,2026-07-26,5,3.0,0.8,2.5,0.5,8,0.25,-4.84873782724911,-0.6060922284061387
2026-07-26 12:46:26.357126,VOYG,30m,2026-05-01 09:30:00-04:00,2026-07-26,5,3.0,0.8,2.5,0.7,6,0.3333333333333333,1.5375137104625125,0.2562522850770854
2026-07-26 12:46:26.357126,VOYG,30m,2026-05-01 09:30:00-04:00,2026-07-26,5,3.0,0.8,3.0,0.3,9,0.2222222222222222,-14.978750088497641,-1.6643055653886267
2026-07-26 12:46:26.357126,VOYG,30m,2026-05-01 09:30:00-04:00,2026-07-26,5,3.0,0.8,3.0,0.5,8,0.25,-12.298485392698915,-1.5373106740873643
2026-07-26 12:46:26.357126,VOYG,30m,2026-05-01 09:30:00-04:00,2026-07-26,5,3.0,0.8,3.0,0.7,6,0.3333333333333333,-3.7549835474449367,-0.6258305912408227
2026-07-26 12:46:26.357126,VOYG,30m,2026-05-01 09:30:00-04:00,2026-07-26,5,3.0,0.8,3.5,0.3,9,0.3333333333333333,-18.555636592368927,-2.061737399152103
2026-07-26 12:46:26.357126,VOYG,30m,2026-05-01 09:30:00-04:00,2026-07-26,5,3.0,0.8,3.5,0.5,8,0.375,-15.428661113937068,-1.9285826392421335
2026-07-26 12:46:26.357126,VOYG,30m,2026-05-01 09:30:00-04:00,2026-07-26,5,3.0,0.8,3.5,0.7,6,0.5,-4.727908961140841,-0.7879848268568068
2026-07-26 12:46:26.357126,VOYG,30m,2026-05-01 09:30:00-04:00,2026-07-26,5,3.0,1.0,1.0,0.3,9,0.3333333333333333,4.87535882106382,0.5417065356737578
2026-07-26 12:46:26.357126,VOYG,30m,2026-05-01 09:30:00-04:00,2026-07-26,5,3.0,1.0,1.0,0.5,8,0.375,6.112558821063807,0.7640698526329759
2026-07-26 12:46:26.357126,VOYG,30m,2026-05-01 09:30:00-04:00,2026-07-26,5,3.0,1.0,1.0,0.7,6,0.5,10.598434829707664,1.7664058049512772
2026-07-26 12:46:26.357126,VOYG,30m,2026-05-01 09:30:00-04:00,2026-07-26,5,3.0,1.0,1.5,0.3,9,0.3333333333333333,8.49999740373999,0.94444415597111
2026-07-26 12:46:26.357126,VOYG,30m,2026-05-01 09:30:00-04:00,2026-07-26,5,3.0,1.0,1.5,0.5,8,0.375,9.840129751639353,1.230016218954919
2026-07-26 12:46:26.357126,VOYG,30m,2026-05-01 09:30:00-04:00,2026-07-26,5,3.0,1.0,1.5,0.7,6,0.5,11.9118806742663,1.98531344571105
2026-07-26 12:46:26.357126,VOYG,30m,2026-05-01 09:30:00-04:00,2026-07-26,5,3.0,1.0,2.0,0.3,9,0.3333333333333333,0.8141666076681986,0.09046295640757762
2026-07-26 12:46:26.357126,VOYG,30m,2026-05-01 09:30:00-04:00,2026-07-26,5,3.0,1.0,2.0,0.5,8,0.375,2.601009738200659,0.3251262172750824
2026-07-26 12:46:26.357126,VOYG,30m,2026-05-01 09:30:00-04:00,2026-07-26,5,3.0,1.0,2.0,0.7,6,0.5,6.830010968369962,1.1383351613949937
2026-07-26 12:46:26.357126,VOYG,30m,2026-05-01 09:30:00-04:00,2026-07-26,5,3.0,1.0,2.5,0.3,9,0.2222222222222222,-7.082291740414703,-0.7869213044905226
2026-07-26 12:46:26.357126,VOYG,30m,2026-05-01 09:30:00-04:00,2026-07-26,5,3.0,1.0,2.5,0.5,8,0.25,-4.84873782724911,-0.6060922284061387
2026-07-26 12:46:26.357126,VOYG,30m,2026-05-01 09:30:00-04:00,2026-07-26,5,3.0,1.0,2.5,0.7,6,0.3333333333333333,1.5375137104625125,0.2562522850770854
2026-07-26 12:46:26.357126,VOYG,30m,2026-05-01 09:30:00-04:00,2026-07-26,5,3.0,1.0,3.0,0.3,9,0.2222222222222222,-14.978750088497641,-1.6643055653886267
2026-07-26 12:46:26.357126,VOYG,30m,2026-05-01 09:30:00-04:00,2026-07-26,5,3.0,1.0,3.0,0.5,8,0.25,-12.298485392698915,-1.5373106740873643
2026-07-26 12:46:26.357126,VOYG,30m,2026-05-01 09:30:00-04:00,2026-07-26,5,3.0,1.0,3.0,0.7,6,0.3333333333333333,-3.7549835474449367,-0.6258305912408227
2026-07-26 12:46:26.357126,VOYG,30m,2026-05-01 09:30:00-04:00,2026-07-26,5,3.0,1.0,3.5,0.3,9,0.3333333333333333,-18.555636592368927,-2.061737399152103
2026-07-26 12:46:26.357126,VOYG,30m,2026-05-01 09:30:00-04:00,2026-07-26,5,3.0,1.0,3.5,0.5,8,0.375,-15.428661113937068,-1.9285826392421335
2026-07-26 12:46:26.357126,VOYG,30m,2026-05-01 09:30:00-04:00,2026-07-26,5,3.0,1.0,3.5,0.7,6,0.5,-4.727908961140841,-0.7879848268568068
2026-07-26 12:46:26.357126,VOYG,30m,2026-05-01 09:30:00-04:00,2026-07-26,5,3.0,1.2,1.0,0.3,9,0.3333333333333333,4.87535882106382,0.5417065356737578
2026-07-26 12:46:26.357126,VOYG,30m,2026-05-01 09:30:00-04:00,2026-07-26,5,3.0,1.2,1.0,0.5,8,0.375,6.112558821063807,0.7640698526329759
2026-07-26 12:46:26.357126,VOYG,30m,2026-05-01 09:30:00-04:00,2026-07-26,5,3.0,1.2,1.0,0.7,6,0.5,10.598434829707664,1.7664058049512772
2026-07-26 12:46:26.357126,VOYG,30m,2026-05-01 09:30:00-04:00,2026-07-26,5,3.0,1.2,1.5,0.3,9,0.3333333333333333,8.49999740373999,0.94444415597111
2026-07-26 12:46:26.357126,VOYG,30m,2026-05-01 09:30:00-04:00,2026-07-26,5,3.0,1.2,1.5,0.5,8,0.375,9.840129751639353,1.230016218954919
2026-07-26 12:46:26.357126,VOYG,30m,2026-05-01 09:30:00-04:00,2026-07-26,5,3.0,1.2,1.5,0.7,6,0.5,11.9118806742663,1.98531344571105
2026-07-26 12:46:26.357126,VOYG,30m,2026-05-01 09:30:00-04:00,2026-07-26,5,3.0,1.2,2.0,0.3,9,0.3333333333333333,0.8141666076681986,0.09046295640757762
2026-07-26 12:46:26.357126,VOYG,30m,2026-05-01 09:30:00-04:00,2026-07-26,5,3.0,1.2,2.0,0.5,8,0.375,2.601009738200659,0.3251262172750824
2026-07-26 12:46:26.357126,VOYG,30m,2026-05-01 09:30:00-04:00,2026-07-26,5,3.0,1.2,2.0,0.7,6,0.5,6.830010968369962,1.1383351613949937
2026-07-26 12:46:26.357126,VOYG,30m,2026-05-01 09:30:00-04:00,2026-07-26,5,3.0,1.2,2.5,0.3,9,0.2222222222222222,-7.082291740414703,-0.7869213044905226
2026-07-26 12:46:26.357126,VOYG,30m,2026-05-01 09:30:00-04:00,2026-07-26,5,3.0,1.2,2.5,0.5,8,0.25,-4.84873782724911,-0.6060922284061387
2026-07-26 12:46:26.357126,VOYG,30m,2026-05-01 09:30:00-04:00,2026-07-26,5,3.0,1.2,2.5,0.7,6,0.3333333333333333,1.5375137104625125,0.2562522850770854
2026-07-26 12:46:26.357126,VOYG,30m,2026-05-01 09:30:00-04:00,2026-07-26,5,3.0,1.2,3.0,0.3,9,0.2222222222222222,-14.978750088497641,-1.6643055653886267
2026-07-26 12:46:26.357126,VOYG,30m,2026-05-01 09:30:00-04:00,2026-07-26,5,3.0,1.2,3.0,0.5,8,0.25,-12.298485392698915,-1.5373106740873643
2026-07-26 12:46:26.357126,VOYG,30m,2026-05-01 09:30:00-04:00,2026-07-26,5,3.0,1.2,3.0,0.7,6,0.3333333333333333,-3.7549835474449367,-0.6258305912408227
2026-07-26 12:46:26.357126,VOYG,30m,2026-05-01 09:30:00-04:00,2026-07-26,5,3.0,1.2,3.5,0.3,9,0.3333333333333333,-18.555636592368927,-2.061737399152103
2026-07-26 12:46:26.357126,VOYG,30m,2026-05-01 09:30:00-04:00,2026-07-26,5,3.0,1.2,3.5,0.5,8,0.375,-15.428661113937068,-1.9285826392421335
2026-07-26 12:46:26.357126,VOYG,30m,2026-05-01 09:30:00-04:00,2026-07-26,5,3.0,1.2,3.5,0.7,6,0.5,-4.727908961140841,-0.7879848268568068
2026-07-26 12:46:26.357126,VOYG,30m,2026-05-01 09:30:00-04:00,2026-07-26,5,3.0,1.5,1.0,0.3,8,0.25,-4.905628203986936,-0.613203525498367
2026-07-26 12:46:26.357126,VOYG,30m,2026-05-01 09:30:00-04:00,2026-07-26,5,3.0,1.5,1.0,0.5,7,0.2857142857142857,-3.6684282039869487,-0.5240611719981355
2026-07-26 12:46:26.357126,VOYG,30m,2026-05-01 09:30:00-04:00,2026-07-26,5,3.0,1.5,1.0,0.7,5,0.4,0.8174478046569078,0.16348956093138156
2026-07-26 12:46:26.357126,VOYG,30m,2026-05-01 09:30:00-04:00,2026-07-26,5,3.0,1.5,1.5,0.3,8,0.25,-6.608711563540979,-0.8260889454426223
2026-07-26 12:46:26.357126,VOYG,30m,2026-05-01 09:30:00-04:00,2026-07-26,5,3.0,1.5,1.5,0.5,7,0.2857142857142857,-5.268579215641616,-0.752654173663088
2026-07-26 12:46:26.357126,VOYG,30m,2026-05-01 09:30:00-04:00,2026-07-26,5,3.0,1.5,1.5,0.7,5,0.4,-3.1968282930146685,-0.6393656586029337
2026-07-26 12:46:26.357126,VOYG,30m,2026-05-01 09:30:00-04:00,2026-07-26,5,3.0,1.5,2.0,0.3,8,0.25,-13.280778682039802,-1.6600973352549753
2026-07-26 12:46:26.357126,VOYG,30m,2026-05-01 09:30:00-04:00,2026-07-26,5,3.0,1.5,2.0,0.5,7,0.2857142857142857,-11.493935551507342,-1.6419907930724773
2026-07-26 12:46:26.357126,VOYG,30m,2026-05-01 09:30:00-04:00,2026-07-26,5,3.0,1.5,2.0,0.7,5,0.4,-7.264934321338039,-1.4529868642676078
2026-07-26 12:46:26.357126,VOYG,30m,2026-05-01 09:30:00-04:00,2026-07-26,5,3.0,1.5,2.5,0.3,8,0.125,-20.1634733525497,-2.5204341690687126
2026-07-26 12:46:26.357126,VOYG,30m,2026-05-01 09:30:00-04:00,2026-07-26,5,3.0,1.5,2.5,0.5,7,0.14285714285714285,-17.929919439384108,-2.5614170627691584
2026-07-26 12:46:26.357126,VOYG,30m,2026-05-01 09:30:00-04:00,2026-07-26,5,3.0,1.5,2.5,0.7,5,0.2,-11.543667901672485,-2.308733580334497
2026-07-26 12:46:26.357126,VOYG,30m,2026-05-01 09:30:00-04:00,2026-07-26,5,3.0,1.5,3.0,0.3,8,0.125,-27.04616802305967,-3.380771002882459
2026-07-26 12:46:26.357126,VOYG,30m,2026-05-01 09:30:00-04:00,2026-07-26,5,3.0,1.5,3.0,0.5,7,0.14285714285714285,-24.365903327260945,-3.480843332465849
2026-07-26 12:46:26.357126,VOYG,30m,2026-05-01 09:30:00-04:00,2026-07-26,5,3.0,1.5,3.0,0.7,5,0.2,-15.822401482006967,-3.1644802964013934
2026-07-26 12:46:26.357126,VOYG,30m,2026-05-01 09:30:00-04:00,2026-07-26,5,3.0,1.5,3.5,0.3,8,0.25,-29.60929084935799,-3.7011613561697487
2026-07-26 12:46:26.357126,VOYG,30m,2026-05-01 09:30:00-04:00,2026-07-26,5,3.0,1.5,3.5,0.5,7,0.2857142857142857,-26.48231537092613,-3.7831879101323045
2026-07-26 12:46:26.357126,VOYG,30m,2026-05-01 09:30:00-04:00,2026-07-26,5,3.0,1.5,3.5,0.7,5,0.4,-15.781563218129904,-3.1563126436259807
2026-07-26 12:46:26.357126,VOYG,30m,2026-05-01 09:30:00-04:00,2026-07-26,5,3.0,1.8,1.0,0.3,7,0.2857142857142857,-2.9394758746022376,-0.4199251249431768
2026-07-26 12:46:26.357126,VOYG,30m,2026-05-01 09:30:00-04:00,2026-07-26,5,3.0,1.8,1.0,0.5,6,0.3333333333333333,-1.7022758746022504,-0.28371264576704175
2026-07-26 12:46:26.357126,VOYG,30m,2026-05-01 09:30:00-04:00,2026-07-26,5,3.0,1.8,1.0,0.7,4,0.5,2.783600134041606,0.6959000335104015
2026-07-26 12:46:26.357126,VOYG,30m,2026-05-01 09:30:00-04:00,2026-07-26,5,3.0,1.8,1.5,0.3,7,0.2857142857142857,-3.3844830694639683,-0.48349758135199544
2026-07-26 12:46:26.357126,VOYG,30m,2026-05-01 09:30:00-04:00,2026-07-26,5,3.0,1.8,1.5,0.5,6,0.3333333333333333,-2.044350721564605,-0.3407251202607675
2026-07-26 12:46:26.357126,VOYG,30m,2026-05-01 09:30:00-04:00,2026-07-26,5,3.0,1.8,1.5,0.7,4,0.5,0.027400201062341978,0.0068500502655854945
2026-07-26 12:46:26.357126,VOYG,30m,2026-05-01 09:30:00-04:00,2026-07-26,5,3.0,1.8,2.0,0.3,7,0.2857142857142857,-8.798474023270408,-1.2569248604672012
2026-07-26 12:46:26.357126,VOYG,30m,2026-05-01 09:30:00-04:00,2026-07-26,5,3.0,1.8,2.0,0.5,6,0.3333333333333333,-7.011630892737948,-1.168605148789658
2026-07-26 12:46:26.357126,VOYG,30m,2026-05-01 09:30:00-04:00,2026-07-26,5,3.0,1.8,2.0,0.7,4,0.5,-2.7826296625686453,-0.6956574156421613
2026-07-26 12:46:26.357126,VOYG,30m,2026-05-01 09:30:00-04:00,2026-07-26,5,3.0,1.8,2.5,0.3,7,0.14285714285714285,-14.423092529087995,-2.0604417898697136
2026-07-26 12:46:26.357126,VOYG,30m,2026-05-01 09:30:00-04:00,2026-07-26,5,3.0,1.8,2.5,0.5,6,0.16666666666666666,-12.189538615922402,-2.0315897693204
2026-07-26 12:46:26.357126,VOYG,30m,2026-05-01 09:30:00-04:00,2026-07-26,5,3.0,1.8,2.5,0.7,4,0.25,-5.803287078210779,-1.4508217695526948
2026-07-26 12:46:26.357126,VOYG,30m,2026-05-01 09:30:00-04:00,2026-07-26,5,3.0,1.8,3.0,0.3,7,0.14285714285714285,-20.047711034905582,-2.863958719272226
2026-07-26 12:46:26.357126,VOYG,30m,2026-05-01 09:30:00-04:00,2026-07-26,5,3.0,1.8,3.0,0.5,6,0.16666666666666666,-17.367446339106856,-2.8945743898511425
2026-07-26 12:46:26.357126,VOYG,30m,2026-05-01 09:30:00-04:00,2026-07-26,5,3.0,1.8,3.0,0.7,4,0.25,-8.823944493852878,-2.2059861234632194
2026-07-26 12:46:26.357126,VOYG,30m,2026-05-01 09:30:00-04:00,2026-07-26,5,3.0,1.8,3.5,0.3,7,0.2857142857142857,-21.35275769651159,-3.0503939566445126
2026-07-26 12:46:26.357126,VOYG,30m,2026-05-01 09:30:00-04:00,2026-07-26,5,3.0,1.8,3.5,0.5,6,0.3333333333333333,-18.22578221807973,-3.0376303696799547
2026-07-26 12:46:26.357126,VOYG,30m,2026-05-01 09:30:00-04:00,2026-07-26,5,3.0,1.8,3.5,0.7,4,0.5,-7.525030065283502,-1.8812575163208756
2026-07-26 12:46:26.357126,VOYG,30m,2026-05-01 09:30:00-04:00,2026-07-26,5,3.0,2.0,1.0,0.3,6,0.3333333333333333,0.5088001340416071,0.08480002234026784
2026-07-26 12:46:26.357126,VOYG,30m,2026-05-01 09:30:00-04:00,2026-07-26,5,3.0,2.0,1.0,0.5,5,0.4,1.7460001340415943,0.34920002680831885
2026-07-26 12:46:26.357126,VOYG,30m,2026-05-01 09:30:00-04:00,2026-07-26,5,3.0,2.0,1.0,0.7,4,0.5,2.783600134041606,0.6959000335104015
2026-07-26 12:46:26.357126,VOYG,30m,2026-05-01 09:30:00-04:00,2026-07-26,5,3.0,2.0,1.5,0.3,6,0.3333333333333333,-2.66442383371718,-0.4440706389528633
2026-07-26 12:46:26.357126,VOYG,30m,2026-05-01 09:30:00-04:00,2026-07-26,5,3.0,2.0,1.5,0.5,5,0.4,-1.3242914858178167,-0.26485829716356335
2026-07-26 12:46:26.357126,VOYG,30m,2026-05-01 09:30:00-04:00,2026-07-26,5,3.0,2.0,1.5,0.7,4,0.5,0.027400201062341978,0.0068500502655854945
2026-07-26 12:46:26.357126,VOYG,30m,2026-05-01 09:30:00-04:00,2026-07-26,5,3.0,2.0,2.0,0.3,6,0.3333333333333333,-6.371728375608008,-1.0619547292680014
2026-07-26 12:46:26.357126,VOYG,30m,2026-05-01 09:30:00-04:00,2026-07-26,5,3.0,2.0,2.0,0.5,5,0.4,-4.584885245075547,-0.9169770490151095
2026-07-26 12:46:26.357126,VOYG,30m,2026-05-01 09:30:00-04:00,2026-07-26,5,3.0,2.0,2.0,0.7,4,0.5,-2.7826296625686453,-0.6956574156421613
2026-07-26 12:46:26.357126,VOYG,30m,2026-05-01 09:30:00-04:00,2026-07-26,5,3.0,2.0,2.5,0.3,6,0.16666666666666666,-10.289660469509982,-1.714943411584997
2026-07-26 12:46:26.357126,VOYG,30m,2026-05-01 09:30:00-04:00,2026-07-26,5,3.0,2.0,2.5,0.5,5,0.2,-8.056106556344389,-1.6112213112688778
2026-07-26 12:46:26.357126,VOYG,30m,2026-05-01 09:30:00-04:00,2026-07-26,5,3.0,2.0,2.5,0.7,4,0.25,-5.803287078210779,-1.4508217695526948
2026-07-26 12:46:26.357126,VOYG,30m,2026-05-01 09:30:00-04:00,2026-07-26,5,3.0,2.0,3.0,0.3,6,0.16666666666666666,-14.207592563411957,-2.367932093901993
2026-07-26 12:46:26.357126,VOYG,30m,2026-05-01 09:30:00-04:00,2026-07-26,5,3.0,2.0,3.0,0.5,5,0.2,-11.52732786761323,-2.305465573522646
2026-07-26 12:46:26.357126,VOYG,30m,2026-05-01 09:30:00-04:00,2026-07-26,5,3.0,2.0,3.0,0.7,4,0.25,-8.823944493852878,-2.2059861234632194
2026-07-26 12:46:26.357126,VOYG,30m,2026-05-01 09:30:00-04:00,2026-07-26,5,3.0,2.0,3.5,0.3,6,0.3333333333333333,-13.805952813102422,-2.3009921355170704
2026-07-26 12:46:26.357126,VOYG,30m,2026-05-01 09:30:00-04:00,2026-07-26,5,3.0,2.0,3.5,0.5,5,0.4,-10.678977334670563,-2.1357954669341126
2026-07-26 12:46:26.357126,VOYG,30m,2026-05-01 09:30:00-04:00,2026-07-26,5,3.0,2.0,3.5,0.7,4,0.5,-7.525030065283502,-1.8812575163208756
2026-07-26 12:46:26.357126,VOYG,30m,2026-05-01 09:30:00-04:00,2026-07-26,5,3.0,2.5,1.0,0.3,5,0.4,1.7460001340415943,0.34920002680831885
2026-07-26 12:46:26.357126,VOYG,30m,2026-05-01 09:30:00-04:00,2026-07-26,5,3.0,2.5,1.0,0.5,5,0.4,1.7460001340415943,0.34920002680831885
2026-07-26 12:46:26.357126,VOYG,30m,2026-05-01 09:30:00-04:00,2026-07-26,5,3.0,2.5,1.0,0.7,4,0.5,2.783600134041606,0.6959000335104015
2026-07-26 12:46:26.357126,VOYG,30m,2026-05-01 09:30:00-04:00,2026-07-26,5,3.0,2.5,1.5,0.3,5,0.4,-1.3242914858178167,-0.26485829716356335
2026-07-26 12:46:26.357126,VOYG,30m,2026-05-01 09:30:00-04:00,2026-07-26,5,3.0,2.5,1.5,0.5,5,0.4,-1.3242914858178167,-0.26485829716356335
2026-07-26 12:46:26.357126,VOYG,30m,2026-05-01 09:30:00-04:00,2026-07-26,5,3.0,2.5,1.5,0.7,4,0.5,0.027400201062341978,0.0068500502655854945
2026-07-26 12:46:26.357126,VOYG,30m,2026-05-01 09:30:00-04:00,2026-07-26,5,3.0,2.5,2.0,0.3,5,0.4,-4.584885245075547,-0.9169770490151095
2026-07-26 12:46:26.357126,VOYG,30m,2026-05-01 09:30:00-04:00,2026-07-26,5,3.0,2.5,2.0,0.5,5,0.4,-4.584885245075547,-0.9169770490151095
2026-07-26 12:46:26.357126,VOYG,30m,2026-05-01 09:30:00-04:00,2026-07-26,5,3.0,2.5,2.0,0.7,4,0.5,-2.7826296625686453,-0.6956574156421613
2026-07-26 12:46:26.357126,VOYG,30m,2026-05-01 09:30:00-04:00,2026-07-26,5,3.0,2.5,2.5,0.3,5,0.2,-8.056106556344389,-1.6112213112688778
2026-07-26 12:46:26.357126,VOYG,30m,2026-05-01 09:30:00-04:00,2026-07-26,5,3.0,2.5,2.5,0.5,5,0.2,-8.056106556344389,-1.6112213112688778
2026-07-26 12:46:26.357126,VOYG,30m,2026-05-01 09:30:00-04:00,2026-07-26,5,3.0,2.5,2.5,0.7,4,0.25,-5.803287078210779,-1.4508217695526948
2026-07-26 12:46:26.357126,VOYG,30m,2026-05-01 09:30:00-04:00,2026-07-26,5,3.0,2.5,3.0,0.3,5,0.2,-11.52732786761323,-2.305465573522646
2026-07-26 12:46:26.357126,VOYG,30m,2026-05-01 09:30:00-04:00,2026-07-26,5,3.0,2.5,3.0,0.5,5,0.2,-11.52732786761323,-2.305465573522646
2026-07-26 12:46:26.357126,VOYG,30m,2026-05-01 09:30:00-04:00,2026-07-26,5,3.0,2.5,3.0,0.7,4,0.25,-8.823944493852878,-2.2059861234632194
2026-07-26 12:46:26.357126,VOYG,30m,2026-05-01 09:30:00-04:00,2026-07-26,5,3.0,2.5,3.5,0.3,5,0.4,-10.678977334670563,-2.1357954669341126
2026-07-26 12:46:26.357126,VOYG,30m,2026-05-01 09:30:00-04:00,2026-07-26,5,3.0,2.5,3.5,0.5,5,0.4,-10.678977334670563,-2.1357954669341126
2026-07-26 12:46:26.357126,VOYG,30m,2026-05-01 09:30:00-04:00,2026-07-26,5,3.0,2.5,3.5,0.7,4,0.5,-7.525030065283502,-1.8812575163208756
2026-07-26 12:46:26.357126,VOYG,30m,2026-05-01 09:30:00-04:00,2026-07-26,5,3.0,3.0,1.0,0.3,4,0.5,3.9353845400052023,0.9838461350013006
2026-07-26 12:46:26.357126,VOYG,30m,2026-05-01 09:30:00-04:00,2026-07-26,5,3.0,3.0,1.0,0.5,4,0.5,3.9353845400052023,0.9838461350013006
2026-07-26 12:46:26.357126,VOYG,30m,2026-05-01 09:30:00-04:00,2026-07-26,5,3.0,3.0,1.0,0.7,3,0.6666666666666666,4.972984540005214,1.6576615133350714
2026-07-26 12:46:26.357126,VOYG,30m,2026-05-01 09:30:00-04:00,2026-07-26,5,3.0,3.0,1.5,0.3,4,0.5,1.9597851231276664,0.4899462807819166
2026-07-26 12:46:26.357126,VOYG,30m,2026-05-01 09:30:00-04:00,2026-07-26,5,3.0,3.0,1.5,0.5,4,0.5,1.9597851231276664,0.4899462807819166
2026-07-26 12:46:26.357126,VOYG,30m,2026-05-01 09:30:00-04:00,2026-07-26,5,3.0,3.0,1.5,0.7,3,0.6666666666666666,3.311476810007825,1.1038256033359417
2026-07-26 12:46:26.357126,VOYG,30m,2026-05-01 09:30:00-04:00,2026-07-26,5,3.0,3.0,2.0,0.3,4,0.5,-0.20611643314826011,-0.05152910828706503
2026-07-26 12:46:26.357126,VOYG,30m,2026-05-01 09:30:00-04:00,2026-07-26,5,3.0,3.0,2.0,0.5,4,0.5,-0.20611643314826011,-0.05152910828706503
2026-07-26 12:46:26.357126,VOYG,30m,2026-05-01 09:30:00-04:00,2026-07-26,5,3.0,3.0,2.0,0.7,3,0.6666666666666666,1.5961391493586419,0.5320463831195473
2026-07-26 12:46:26.357126,VOYG,30m,2026-05-01 09:30:00-04:00,2026-07-26,5,3.0,3.0,2.5,0.3,4,0.25,-2.582645541435298,-0.6456613853588244
2026-07-26 12:46:26.357126,VOYG,30m,2026-05-01 09:30:00-04:00,2026-07-26,5,3.0,3.0,2.5,0.5,4,0.25,-2.582645541435298,-0.6456613853588244
2026-07-26 12:46:26.357126,VOYG,30m,2026-05-01 09:30:00-04:00,2026-07-26,5,3.0,3.0,2.5,0.7,3,0.3333333333333333,-0.32982606330168807,-0.10994202110056268
2026-07-26 12:46:26.357126,VOYG,30m,2026-05-01 09:30:00-04:00,2026-07-26,5,3.0,3.0,3.0,0.3,4,0.25,-4.9591746497223355,-1.2397936624305839
2026-07-26 12:46:26.357126,VOYG,30m,2026-05-01 09:30:00-04:00,2026-07-26,5,3.0,3.0,3.0,0.5,4,0.25,-4.9591746497223355,-1.2397936624305839
2026-07-26 12:46:26.357126,VOYG,30m,2026-05-01 09:30:00-04:00,2026-07-26,5,3.0,3.0,3.0,0.7,3,0.3333333333333333,-2.2557912759619825,-0.7519304253206608
2026-07-26 12:46:26.357126,VOYG,30m,2026-05-01 09:30:00-04:00,2026-07-26,5,3.0,3.0,3.5,0.3,4,0.5,-3.0161319137978637,-0.7540329784494659
2026-07-26 12:46:26.357126,VOYG,30m,2026-05-01 09:30:00-04:00,2026-07-26,5,3.0,3.0,3.5,0.5,4,0.5,-3.0161319137978637,-0.7540329784494659
2026-07-26 12:46:26.357126,VOYG,30m,2026-05-01 09:30:00-04:00,2026-07-26,5,3.0,3.0,3.5,0.7,3,0.6666666666666666,0.137815355589197,0.045938451863065666
2026-07-26 12:46:26.357126,VOYG,30m,2026-05-01 09:30:00-04:00,2026-07-26,5,3.0,3.5,1.0,0.3,2,0.5,2.866950222687521,1.4334751113437605
2026-07-26 12:46:26.357126,VOYG,30m,2026-05-01 09:30:00-04:00,2026-07-26,5,3.0,3.5,1.0,0.5,2,0.5,2.866950222687521,1.4334751113437605
2026-07-26 12:46:26.357126,VOYG,30m,2026-05-01 09:30:00-04:00,2026-07-26,5,3.0,3.5,1.0,0.7,2,0.5,2.866950222687521,1.4334751113437605
2026-07-26 12:46:26.357126,VOYG,30m,2026-05-01 09:30:00-04:00,2026-07-26,5,3.0,3.5,1.5,0.3,2,0.5,2.102425334031288,1.051212667015644
2026-07-26 12:46:26.357126,VOYG,30m,2026-05-01 09:30:00-04:00,2026-07-26,5,3.0,3.5,1.5,0.5,2,0.5,2.102425334031288,1.051212667015644
2026-07-26 12:46:26.357126,VOYG,30m,2026-05-01 09:30:00-04:00,2026-07-26,5,3.0,3.5,1.5,0.7,2,0.5,2.102425334031288,1.051212667015644
2026-07-26 12:46:26.357126,VOYG,30m,2026-05-01 09:30:00-04:00,2026-07-26,5,3.0,3.5,2.0,0.3,2,0.5,1.2840705147233322,0.6420352573616661
2026-07-26 12:46:26.357126,VOYG,30m,2026-05-01 09:30:00-04:00,2026-07-26,5,3.0,3.5,2.0,0.5,2,0.5,1.2840705147233322,0.6420352573616661
2026-07-26 12:46:26.357126,VOYG,30m,2026-05-01 09:30:00-04:00,2026-07-26,5,3.0,3.5,2.0,0.7,2,0.5,1.2840705147233322,0.6420352573616661
2026-07-26 12:46:26.357126,VOYG,30m,2026-05-01 09:30:00-04:00,2026-07-26,5,3.0,3.5,2.5,0.3,2,0.5,0.25508814340415853,0.12754407170207926
2026-07-26 12:46:26.357126,VOYG,30m,2026-05-01 09:30:00-04:00,2026-07-26,5,3.0,3.5,2.5,0.5,2,0.5,0.25508814340415853,0.12754407170207926
2026-07-26 12:46:26.357126,VOYG,30m,2026-05-01 09:30:00-04:00,2026-07-26,5,3.0,3.5,2.5,0.7,2,0.5,0.25508814340415853,0.12754407170207926
2026-07-26 12:46:26.357126,VOYG,30m,2026-05-01 09:30:00-04:00,2026-07-26,5,3.0,3.5,3.0,0.3,2,0.5,-0.7738942279149796,-0.3869471139574898
2026-07-26 12:46:26.357126,VOYG,30m,2026-05-01 09:30:00-04:00,2026-07-26,5,3.0,3.5,3.0,0.5,2,0.5,-0.7738942279149796,-0.3869471139574898
2026-07-26 12:46:26.357126,VOYG,30m,2026-05-01 09:30:00-04:00,2026-07-26,5,3.0,3.5,3.0,0.7,2,0.5,-0.7738942279149796,-0.3869471139574898
2026-07-26 12:46:26.357126,VOYG,30m,2026-05-01 09:30:00-04:00,2026-07-26,5,3.0,3.5,3.5,0.3,2,0.5,-1.8028765992342244,-0.9014382996171122
2026-07-26 12:46:26.357126,VOYG,30m,2026-05-01 09:30:00-04:00,2026-07-26,5,3.0,3.5,3.5,0.5,2,0.5,-1.8028765992342244,-0.9014382996171122
2026-07-26 12:46:26.357126,VOYG,30m,2026-05-01 09:30:00-04:00,2026-07-26,5,3.0,3.5,3.5,0.7,2,0.5,-1.8028765992342244,-0.9014382996171122
2026-07-26 12:46:26.357126,VOYG,30m,2026-05-01 09:30:00-04:00,2026-07-26,5,3.5,0.5,1.0,0.3,2,0.5,3.3583999999999747,1.6791999999999874
2026-07-26 12:46:26.357126,VOYG,30m,2026-05-01 09:30:00-04:00,2026-07-26,5,3.5,0.5,1.0,0.5,2,0.5,3.3583999999999747,1.6791999999999874
2026-07-26 12:46:26.357126,VOYG,30m,2026-05-01 09:30:00-04:00,2026-07-26,5,3.5,0.5,1.0,0.7,1,1.0,4.395999999999987,4.395999999999987
2026-07-26 12:46:26.357126,VOYG,30m,2026-05-01 09:30:00-04:00,2026-07-26,5,3.5,0.5,1.5,0.3,2,0.5,3.044308313119828,1.522154156559914
2026-07-26 12:46:26.357126,VOYG,30m,2026-05-01 09:30:00-04:00,2026-07-26,5,3.5,0.5,1.5,0.5,2,0.5,3.044308313119828,1.522154156559914
2026-07-26 12:46:26.357126,VOYG,30m,2026-05-01 09:30:00-04:00,2026-07-26,5,3.5,0.5,1.5,0.7,1,1.0,4.395999999999987,4.395999999999987
2026-07-26 12:46:26.357126,VOYG,30m,2026-05-01 09:30:00-04:00,2026-07-26,5,3.5,0.5,2.0,0.3,2,0.5,2.5399144868413615,1.2699572434206807
2026-07-26 12:46:26.357126,VOYG,30m,2026-05-01 09:30:00-04:00,2026-07-26,5,3.5,0.5,2.0,0.5,2,0.5,2.5399144868413615,1.2699572434206807
2026-07-26 12:46:26.357126,VOYG,30m,2026-05-01 09:30:00-04:00,2026-07-26,5,3.5,0.5,2.0,0.7,1,1.0,4.342170069348263,4.342170069348263
2026-07-26 12:46:26.357126,VOYG,30m,2026-05-01 09:30:00-04:00,2026-07-26,5,3.5,0.5,2.5,0.3,2,0.5,1.8248931085517128,0.9124465542758564
2026-07-26 12:46:26.357126,VOYG,30m,2026-05-01 09:30:00-04:00,2026-07-26,5,3.5,0.5,2.5,0.5,2,0.5,1.8248931085517128,0.9124465542758564
2026-07-26 12:46:26.357126,VOYG,30m,2026-05-01 09:30:00-04:00,2026-07-26,5,3.5,0.5,2.5,0.7,1,1.0,4.0777125866853225,4.0777125866853225
2026-07-26 12:46:26.357126,VOYG,30m,2026-05-01 09:30:00-04:00,2026-07-26,5,3.5,0.5,3.0,0.3,2,0.5,1.1098717302620642,0.5549358651310321
2026-07-26 12:46:26.357126,VOYG,30m,2026-05-01 09:30:00-04:00,2026-07-26,5,3.5,0.5,3.0,0.5,2,0.5,1.1098717302620642,0.5549358651310321
2026-07-26 12:46:26.357126,VOYG,30m,2026-05-01 09:30:00-04:00,2026-07-26,5,3.5,0.5,3.0,0.7,1,1.0,3.813255104022417,3.813255104022417
2026-07-26 12:46:26.357126,VOYG,30m,2026-05-01 09:30:00-04:00,2026-07-26,5,3.5,0.5,3.5,0.3,2,0.5,0.3948503519724156,0.1974251759862078
2026-07-26 12:46:26.357126,VOYG,30m,2026-05-01 09:30:00-04:00,2026-07-26,5,3.5,0.5,3.5,0.5,2,0.5,0.3948503519724156,0.1974251759862078
2026-07-26 12:46:26.357126,VOYG,30m,2026-05-01 09:30:00-04:00,2026-07-26,5,3.5,0.5,3.5,0.7,1,1.0,3.5487976213594763,3.5487976213594763
2026-07-26 12:46:26.357126,VOYG,30m,2026-05-01 09:30:00-04:00,2026-07-26,5,3.5,0.8,1.0,0.3,2,0.5,3.3583999999999747,1.6791999999999874
2026-07-26 12:46:26.357126,VOYG,30m,2026-05-01 09:30:00-04:00,2026-07-26,5,3.5,0.8,1.0,0.5,2,0.5,3.3583999999999747,1.6791999999999874
2026-07-26 12:46:26.357126,VOYG,30m,2026-05-01 09:30:00-04:00,2026-07-26,5,3.5,0.8,1.0,0.7,1,1.0,4.395999999999987,4.395999999999987
2026-07-26 12:46:26.357126,VOYG,30m,2026-05-01 09:30:00-04:00,2026-07-26,5,3.5,0.8,1.5,0.3,2,0.5,3.044308313119828,1.522154156559914
2026-07-26 12:46:26.357126,VOYG,30m,2026-05-01 09:30:00-04:00,2026-07-26,5,3.5,0.8,1.5,0.5,2,0.5,3.044308313119828,1.522154156559914
2026-07-26 12:46:26.357126,VOYG,30m,2026-05-01 09:30:00-04:00,2026-07-26,5,3.5,0.8,1.5,0.7,1,1.0,4.395999999999987,4.395999999999987
2026-07-26 12:46:26.357126,VOYG,30m,2026-05-01 09:30:00-04:00,2026-07-26,5,3.5,0.8,2.0,0.3,2,0.5,2.5399144868413615,1.2699572434206807
2026-07-26 12:46:26.357126,VOYG,30m,2026-05-01 09:30:00-04:00,2026-07-26,5,3.5,0.8,2.0,0.5,2,0.5,2.5399144868413615,1.2699572434206807
2026-07-26 12:46:26.357126,VOYG,30m,2026-05-01 09:30:00-04:00,2026-07-26,5,3.5,0.8,2.0,0.7,1,1.0,4.342170069348263,4.342170069348263
2026-07-26 12:46:26.357126,VOYG,30m,2026-05-01 09:30:00-04:00,2026-07-26,5,3.5,0.8,2.5,0.3,2,0.5,1.8248931085517128,0.9124465542758564
2026-07-26 12:46:26.357126,VOYG,30m,2026-05-01 09:30:00-04:00,2026-07-26,5,3.5,0.8,2.5,0.5,2,0.5,1.8248931085517128,0.9124465542758564
2026-07-26 12:46:26.357126,VOYG,30m,2026-05-01 09:30:00-04:00,2026-07-26,5,3.5,0.8,2.5,0.7,1,1.0,4.0777125866853225,4.0777125866853225
2026-07-26 12:46:26.357126,VOYG,30m,2026-05-01 09:30:00-04:00,2026-07-26,5,3.5,0.8,3.0,0.3,2,0.5,1.1098717302620642,0.5549358651310321
2026-07-26 12:46:26.357126,VOYG,30m,2026-05-01 09:30:00-04:00,2026-07-26,5,3.5,0.8,3.0,0.5,2,0.5,1.1098717302620642,0.5549358651310321
2026-07-26 12:46:26.357126,VOYG,30m,2026-05-01 09:30:00-04:00,2026-07-26,5,3.5,0.8,3.0,0.7,1,1.0,3.813255104022417,3.813255104022417
2026-07-26 12:46:26.357126,VOYG,30m,2026-05-01 09:30:00-04:00,2026-07-26,5,3.5,0.8,3.5,0.3,2,0.5,0.3948503519724156,0.1974251759862078
2026-07-26 12:46:26.357126,VOYG,30m,2026-05-01 09:30:00-04:00,2026-07-26,5,3.5,0.8,3.5,0.5,2,0.5,0.3948503519724156,0.1974251759862078
2026-07-26 12:46:26.357126,VOYG,30m,2026-05-01 09:30:00-04:00,2026-07-26,5,3.5,0.8,3.5,0.7,1,1.0,3.5487976213594763,3.5487976213594763
2026-07-26 12:46:26.357126,VOYG,30m,2026-05-01 09:30:00-04:00,2026-07-26,5,3.5,1.0,1.0,0.3,2,0.5,3.3583999999999747,1.6791999999999874
2026-07-26 12:46:26.357126,VOYG,30m,2026-05-01 09:30:00-04:00,2026-07-26,5,3.5,1.0,1.0,0.5,2,0.5,3.3583999999999747,1.6791999999999874
2026-07-26 12:46:26.357126,VOYG,30m,2026-05-01 09:30:00-04:00,2026-07-26,5,3.5,1.0,1.0,0.7,1,1.0,4.395999999999987,4.395999999999987
2026-07-26 12:46:26.357126,VOYG,30m,2026-05-01 09:30:00-04:00,2026-07-26,5,3.5,1.0,1.5,0.3,2,0.5,3.044308313119828,1.522154156559914
2026-07-26 12:46:26.357126,VOYG,30m,2026-05-01 09:30:00-04:00,2026-07-26,5,3.5,1.0,1.5,0.5,2,0.5,3.044308313119828,1.522154156559914
2026-07-26 12:46:26.357126,VOYG,30m,2026-05-01 09:30:00-04:00,2026-07-26,5,3.5,1.0,1.5,0.7,1,1.0,4.395999999999987,4.395999999999987
2026-07-26 12:46:26.357126,VOYG,30m,2026-05-01 09:30:00-04:00,2026-07-26,5,3.5,1.0,2.0,0.3,2,0.5,2.5399144868413615,1.2699572434206807
2026-07-26 12:46:26.357126,VOYG,30m,2026-05-01 09:30:00-04:00,2026-07-26,5,3.5,1.0,2.0,0.5,2,0.5,2.5399144868413615,1.2699572434206807
2026-07-26 12:46:26.357126,VOYG,30m,2026-05-01 09:30:00-04:00,2026-07-26,5,3.5,1.0,2.0,0.7,1,1.0,4.342170069348263,4.342170069348263
2026-07-26 12:46:26.357126,VOYG,30m,2026-05-01 09:30:00-04:00,2026-07-26,5,3.5,1.0,2.5,0.3,2,0.5,1.8248931085517128,0.9124465542758564
2026-07-26 12:46:26.357126,VOYG,30m,2026-05-01 09:30:00-04:00,2026-07-26,5,3.5,1.0,2.5,0.5,2,0.5,1.8248931085517128,0.9124465542758564
2026-07-26 12:46:26.357126,VOYG,30m,2026-05-01 09:30:00-04:00,2026-07-26,5,3.5,1.0,2.5,0.7,1,1.0,4.0777125866853225,4.0777125866853225
2026-07-26 12:46:26.357126,VOYG,30m,2026-05-01 09:30:00-04:00,2026-07-26,5,3.5,1.0,3.0,0.3,2,0.5,1.1098717302620642,0.5549358651310321
2026-07-26 12:46:26.357126,VOYG,30m,2026-05-01 09:30:00-04:00,2026-07-26,5,3.5,1.0,3.0,0.5,2,0.5,1.1098717302620642,0.5549358651310321
2026-07-26 12:46:26.357126,VOYG,30m,2026-05-01 09:30:00-04:00,2026-07-26,5,3.5,1.0,3.0,0.7,1,1.0,3.813255104022417,3.813255104022417
2026-07-26 12:46:26.357126,VOYG,30m,2026-05-01 09:30:00-04:00,2026-07-26,5,3.5,1.0,3.5,0.3,2,0.5,0.3948503519724156,0.1974251759862078
2026-07-26 12:46:26.357126,VOYG,30m,2026-05-01 09:30:00-04:00,2026-07-26,5,3.5,1.0,3.5,0.5,2,0.5,0.3948503519724156,0.1974251759862078
2026-07-26 12:46:26.357126,VOYG,30m,2026-05-01 09:30:00-04:00,2026-07-26,5,3.5,1.0,3.5,0.7,1,1.0,3.5487976213594763,3.5487976213594763
2026-07-26 12:46:26.357126,VOYG,30m,2026-05-01 09:30:00-04:00,2026-07-26,5,3.5,1.2,1.0,0.3,2,0.5,3.3583999999999747,1.6791999999999874
2026-07-26 12:46:26.357126,VOYG,30m,2026-05-01 09:30:00-04:00,2026-07-26,5,3.5,1.2,1.0,0.5,2,0.5,3.3583999999999747,1.6791999999999874
2026-07-26 12:46:26.357126,VOYG,30m,2026-05-01 09:30:00-04:00,2026-07-26,5,3.5,1.2,1.0,0.7,1,1.0,4.395999999999987,4.395999999999987
2026-07-26 12:46:26.357126,VOYG,30m,2026-05-01 09:30:00-04:00,2026-07-26,5,3.5,1.2,1.5,0.3,2,0.5,3.044308313119828,1.522154156559914
2026-07-26 12:46:26.357126,VOYG,30m,2026-05-01 09:30:00-04:00,2026-07-26,5,3.5,1.2,1.5,0.5,2,0.5,3.044308313119828,1.522154156559914
2026-07-26 12:46:26.357126,VOYG,30m,2026-05-01 09:30:00-04:00,2026-07-26,5,3.5,1.2,1.5,0.7,1,1.0,4.395999999999987,4.395999999999987
2026-07-26 12:46:26.357126,VOYG,30m,2026-05-01 09:30:00-04:00,2026-07-26,5,3.5,1.2,2.0,0.3,2,0.5,2.5399144868413615,1.2699572434206807
2026-07-26 12:46:26.357126,VOYG,30m,2026-05-01 09:30:00-04:00,2026-07-26,5,3.5,1.2,2.0,0.5,2,0.5,2.5399144868413615,1.2699572434206807
2026-07-26 12:46:26.357126,VOYG,30m,2026-05-01 09:30:00-04:00,2026-07-26,5,3.5,1.2,2.0,0.7,1,1.0,4.342170069348263,4.342170069348263
2026-07-26 12:46:26.357126,VOYG,30m,2026-05-01 09:30:00-04:00,2026-07-26,5,3.5,1.2,2.5,0.3,2,0.5,1.8248931085517128,0.9124465542758564
2026-07-26 12:46:26.357126,VOYG,30m,2026-05-01 09:30:00-04:00,2026-07-26,5,3.5,1.2,2.5,0.5,2,0.5,1.8248931085517128,0.9124465542758564
2026-07-26 12:46:26.357126,VOYG,30m,2026-05-01 09:30:00-04:00,2026-07-26,5,3.5,1.2,2.5,0.7,1,1.0,4.0777125866853225,4.0777125866853225
2026-07-26 12:46:26.357126,VOYG,30m,2026-05-01 09:30:00-04:00,2026-07-26,5,3.5,1.2,3.0,0.3,2,0.5,1.1098717302620642,0.5549358651310321
2026-07-26 12:46:26.357126,VOYG,30m,2026-05-01 09:30:00-04:00,2026-07-26,5,3.5,1.2,3.0,0.5,2,0.5,1.1098717302620642,0.5549358651310321
2026-07-26 12:46:26.357126,VOYG,30m,2026-05-01 09:30:00-04:00,2026-07-26,5,3.5,1.2,3.0,0.7,1,1.0,3.813255104022417,3.813255104022417
2026-07-26 12:46:26.357126,VOYG,30m,2026-05-01 09:30:00-04:00,2026-07-26,5,3.5,1.2,3.5,0.3,2,0.5,0.3948503519724156,0.1974251759862078
2026-07-26 12:46:26.357126,VOYG,30m,2026-05-01 09:30:00-04:00,2026-07-26,5,3.5,1.2,3.5,0.5,2,0.5,0.3948503519724156,0.1974251759862078
2026-07-26 12:46:26.357126,VOYG,30m,2026-05-01 09:30:00-04:00,2026-07-26,5,3.5,1.2,3.5,0.7,1,1.0,3.5487976213594763,3.5487976213594763
2026-07-26 12:46:26.357126,VOYG,30m,2026-05-01 09:30:00-04:00,2026-07-26,5,3.5,1.5,1.0,0.3,2,0.5,3.3583999999999747,1.6791999999999874
2026-07-26 12:46:26.357126,VOYG,30m,2026-05-01 09:30:00-04:00,2026-07-26,5,3.5,1.5,1.0,0.5,2,0.5,3.3583999999999747,1.6791999999999874
2026-07-26 12:46:26.357126,VOYG,30m,2026-05-01 09:30:00-04:00,2026-07-26,5,3.5,1.5,1.0,0.7,1,1.0,4.395999999999987,4.395999999999987
2026-07-26 12:46:26.357126,VOYG,30m,2026-05-01 09:30:00-04:00,2026-07-26,5,3.5,1.5,1.5,0.3,2,0.5,3.044308313119828,1.522154156559914
2026-07-26 12:46:26.357126,VOYG,30m,2026-05-01 09:30:00-04:00,2026-07-26,5,3.5,1.5,1.5,0.5,2,0.5,3.044308313119828,1.522154156559914
2026-07-26 12:46:26.357126,VOYG,30m,2026-05-01 09:30:00-04:00,2026-07-26,5,3.5,1.5,1.5,0.7,1,1.0,4.395999999999987,4.395999999999987
2026-07-26 12:46:26.357126,VOYG,30m,2026-05-01 09:30:00-04:00,2026-07-26,5,3.5,1.5,2.0,0.3,2,0.5,2.5399144868413615,1.2699572434206807
2026-07-26 12:46:26.357126,VOYG,30m,2026-05-01 09:30:00-04:00,2026-07-26,5,3.5,1.5,2.0,0.5,2,0.5,2.5399144868413615,1.2699572434206807
2026-07-26 12:46:26.357126,VOYG,30m,2026-05-01 09:30:00-04:00,2026-07-26,5,3.5,1.5,2.0,0.7,1,1.0,4.342170069348263,4.342170069348263
2026-07-26 12:46:26.357126,VOYG,30m,2026-05-01 09:30:00-04:00,2026-07-26,5,3.5,1.5,2.5,0.3,2,0.5,1.8248931085517128,0.9124465542758564
2026-07-26 12:46:26.357126,VOYG,30m,2026-05-01 09:30:00-04:00,2026-07-26,5,3.5,1.5,2.5,0.5,2,0.5,1.8248931085517128,0.9124465542758564
2026-07-26 12:46:26.357126,VOYG,30m,2026-05-01 09:30:00-04:00,2026-07-26,5,3.5,1.5,2.5,0.7,1,1.0,4.0777125866853225,4.0777125866853225
2026-07-26 12:46:26.357126,VOYG,30m,2026-05-01 09:30:00-04:00,2026-07-26,5,3.5,1.5,3.0,0.3,2,0.5,1.1098717302620642,0.5549358651310321
2026-07-26 12:46:26.357126,VOYG,30m,2026-05-01 09:30:00-04:00,2026-07-26,5,3.5,1.5,3.0,0.5,2,0.5,1.1098717302620642,0.5549358651310321
2026-07-26 12:46:26.357126,VOYG,30m,2026-05-01 09:30:00-04:00,2026-07-26,5,3.5,1.5,3.0,0.7,1,1.0,3.813255104022417,3.813255104022417
2026-07-26 12:46:26.357126,VOYG,30m,2026-05-01 09:30:00-04:00,2026-07-26,5,3.5,1.5,3.5,0.3,2,0.5,0.3948503519724156,0.1974251759862078
2026-07-26 12:46:26.357126,VOYG,30m,2026-05-01 09:30:00-04:00,2026-07-26,5,3.5,1.5,3.5,0.5,2,0.5,0.3948503519724156,0.1974251759862078
2026-07-26 12:46:26.357126,VOYG,30m,2026-05-01 09:30:00-04:00,2026-07-26,5,3.5,1.5,3.5,0.7,1,1.0,3.5487976213594763,3.5487976213594763
2026-07-26 12:46:26.357126,VOYG,30m,2026-05-01 09:30:00-04:00,2026-07-26,5,3.5,1.8,1.0,0.3,2,0.5,3.3583999999999747,1.6791999999999874
2026-07-26 12:46:26.357126,VOYG,30m,2026-05-01 09:30:00-04:00,2026-07-26,5,3.5,1.8,1.0,0.5,2,0.5,3.3583999999999747,1.6791999999999874
2026-07-26 12:46:26.357126,VOYG,30m,2026-05-01 09:30:00-04:00,2026-07-26,5,3.5,1.8,1.0,0.7,1,1.0,4.395999999999987,4.395999999999987
2026-07-26 12:46:26.357126,VOYG,30m,2026-05-01 09:30:00-04:00,2026-07-26,5,3.5,1.8,1.5,0.3,2,0.5,3.044308313119828,1.522154156559914
2026-07-26 12:46:26.357126,VOYG,30m,2026-05-01 09:30:00-04:00,2026-07-26,5,3.5,1.8,1.5,0.5,2,0.5,3.044308313119828,1.522154156559914
2026-07-26 12:46:26.357126,VOYG,30m,2026-05-01 09:30:00-04:00,2026-07-26,5,3.5,1.8,1.5,0.7,1,1.0,4.395999999999987,4.395999999999987
2026-07-26 12:46:26.357126,VOYG,30m,2026-05-01 09:30:00-04:00,2026-07-26,5,3.5,1.8,2.0,0.3,2,0.5,2.5399144868413615,1.2699572434206807
2026-07-26 12:46:26.357126,VOYG,30m,2026-05-01 09:30:00-04:00,2026-07-26,5,3.5,1.8,2.0,0.5,2,0.5,2.5399144868413615,1.2699572434206807
2026-07-26 12:46:26.357126,VOYG,30m,2026-05-01 09:30:00-04:00,2026-07-26,5,3.5,1.8,2.0,0.7,1,1.0,4.342170069348263,4.342170069348263
2026-07-26 12:46:26.357126,VOYG,30m,2026-05-01 09:30:00-04:00,2026-07-26,5,3.5,1.8,2.5,0.3,2,0.5,1.8248931085517128,0.9124465542758564
2026-07-26 12:46:26.357126,VOYG,30m,2026-05-01 09:30:00-04:00,2026-07-26,5,3.5,1.8,2.5,0.5,2,0.5,1.8248931085517128,0.9124465542758564
2026-07-26 12:46:26.357126,VOYG,30m,2026-05-01 09:30:00-04:00,2026-07-26,5,3.5,1.8,2.5,0.7,1,1.0,4.0777125866853225,4.0777125866853225
2026-07-26 12:46:26.357126,VOYG,30m,2026-05-01 09:30:00-04:00,2026-07-26,5,3.5,1.8,3.0,0.3,2,0.5,1.1098717302620642,0.5549358651310321
2026-07-26 12:46:26.357126,VOYG,30m,2026-05-01 09:30:00-04:00,2026-07-26,5,3.5,1.8,3.0,0.5,2,0.5,1.1098717302620642,0.5549358651310321
2026-07-26 12:46:26.357126,VOYG,30m,2026-05-01 09:30:00-04:00,2026-07-26,5,3.5,1.8,3.0,0.7,1,1.0,3.813255104022417,3.813255104022417
2026-07-26 12:46:26.357126,VOYG,30m,2026-05-01 09:30:00-04:00,2026-07-26,5,3.5,1.8,3.5,0.3,2,0.5,0.3948503519724156,0.1974251759862078
2026-07-26 12:46:26.357126,VOYG,30m,2026-05-01 09:30:00-04:00,2026-07-26,5,3.5,1.8,3.5,0.5,2,0.5,0.3948503519724156,0.1974251759862078
2026-07-26 12:46:26.357126,VOYG,30m,2026-05-01 09:30:00-04:00,2026-07-26,5,3.5,1.8,3.5,0.7,1,1.0,3.5487976213594763,3.5487976213594763
2026-07-26 12:46:26.357126,VOYG,30m,2026-05-01 09:30:00-04:00,2026-07-26,5,3.5,2.0,1.0,0.3,2,0.5,3.3583999999999747,1.6791999999999874
2026-07-26 12:46:26.357126,VOYG,30m,2026-05-01 09:30:00-04:00,2026-07-26,5,3.5,2.0,1.0,0.5,2,0.5,3.3583999999999747,1.6791999999999874
2026-07-26 12:46:26.357126,VOYG,30m,2026-05-01 09:30:00-04:00,2026-07-26,5,3.5,2.0,1.0,0.7,1,1.0,4.395999999999987,4.395999999999987
2026-07-26 12:46:26.357126,VOYG,30m,2026-05-01 09:30:00-04:00,2026-07-26,5,3.5,2.0,1.5,0.3,2,0.5,3.044308313119828,1.522154156559914
2026-07-26 12:46:26.357126,VOYG,30m,2026-05-01 09:30:00-04:00,2026-07-26,5,3.5,2.0,1.5,0.5,2,0.5,3.044308313119828,1.522154156559914
2026-07-26 12:46:26.357126,VOYG,30m,2026-05-01 09:30:00-04:00,2026-07-26,5,3.5,2.0,1.5,0.7,1,1.0,4.395999999999987,4.395999999999987
2026-07-26 12:46:26.357126,VOYG,30m,2026-05-01 09:30:00-04:00,2026-07-26,5,3.5,2.0,2.0,0.3,2,0.5,2.5399144868413615,1.2699572434206807
2026-07-26 12:46:26.357126,VOYG,30m,2026-05-01 09:30:00-04:00,2026-07-26,5,3.5,2.0,2.0,0.5,2,0.5,2.5399144868413615,1.2699572434206807
2026-07-26 12:46:26.357126,VOYG,30m,2026-05-01 09:30:00-04:00,2026-07-26,5,3.5,2.0,2.0,0.7,1,1.0,4.342170069348263,4.342170069348263
2026-07-26 12:46:26.357126,VOYG,30m,2026-05-01 09:30:00-04:00,2026-07-26,5,3.5,2.0,2.5,0.3,2,0.5,1.8248931085517128,0.9124465542758564
2026-07-26 12:46:26.357126,VOYG,30m,2026-05-01 09:30:00-04:00,2026-07-26,5,3.5,2.0,2.5,0.5,2,0.5,1.8248931085517128,0.9124465542758564
2026-07-26 12:46:26.357126,VOYG,30m,2026-05-01 09:30:00-04:00,2026-07-26,5,3.5,2.0,2.5,0.7,1,1.0,4.0777125866853225,4.0777125866853225
2026-07-26 12:46:26.357126,VOYG,30m,2026-05-01 09:30:00-04:00,2026-07-26,5,3.5,2.0,3.0,0.3,2,0.5,1.1098717302620642,0.5549358651310321
2026-07-26 12:46:26.357126,VOYG,30m,2026-05-01 09:30:00-04:00,2026-07-26,5,3.5,2.0,3.0,0.5,2,0.5,1.1098717302620642,0.5549358651310321
2026-07-26 12:46:26.357126,VOYG,30m,2026-05-01 09:30:00-04:00,2026-07-26,5,3.5,2.0,3.0,0.7,1,1.0,3.813255104022417,3.813255104022417
2026-07-26 12:46:26.357126,VOYG,30m,2026-05-01 09:30:00-04:00,2026-07-26,5,3.5,2.0,3.5,0.3,2,0.5,0.3948503519724156,0.1974251759862078
2026-07-26 12:46:26.357126,VOYG,30m,2026-05-01 09:30:00-04:00,2026-07-26,5,3.5,2.0,3.5,0.5,2,0.5,0.3948503519724156,0.1974251759862078
2026-07-26 12:46:26.357126,VOYG,30m,2026-05-01 09:30:00-04:00,2026-07-26,5,3.5,2.0,3.5,0.7,1,1.0,3.5487976213594763,3.5487976213594763
2026-07-26 12:46:26.357126,VOYG,30m,2026-05-01 09:30:00-04:00,2026-07-26,5,3.5,2.5,1.0,0.3,2,0.5,3.3583999999999747,1.6791999999999874
2026-07-26 12:46:26.357126,VOYG,30m,2026-05-01 09:30:00-04:00,2026-07-26,5,3.5,2.5,1.0,0.5,2,0.5,3.3583999999999747,1.6791999999999874
2026-07-26 12:46:26.357126,VOYG,30m,2026-05-01 09:30:00-04:00,2026-07-26,5,3.5,2.5,1.0,0.7,1,1.0,4.395999999999987,4.395999999999987
2026-07-26 12:46:26.357126,VOYG,30m,2026-05-01 09:30:00-04:00,2026-07-26,5,3.5,2.5,1.5,0.3,2,0.5,3.044308313119828,1.522154156559914
2026-07-26 12:46:26.357126,VOYG,30m,2026-05-01 09:30:00-04:00,2026-07-26,5,3.5,2.5,1.5,0.5,2,0.5,3.044308313119828,1.522154156559914
2026-07-26 12:46:26.357126,VOYG,30m,2026-05-01 09:30:00-04:00,2026-07-26,5,3.5,2.5,1.5,0.7,1,1.0,4.395999999999987,4.395999999999987
2026-07-26 12:46:26.357126,VOYG,30m,2026-05-01 09:30:00-04:00,2026-07-26,5,3.5,2.5,2.0,0.3,2,0.5,2.5399144868413615,1.2699572434206807
2026-07-26 12:46:26.357126,VOYG,30m,2026-05-01 09:30:00-04:00,2026-07-26,5,3.5,2.5,2.0,0.5,2,0.5,2.5399144868413615,1.2699572434206807
2026-07-26 12:46:26.357126,VOYG,30m,2026-05-01 09:30:00-04:00,2026-07-26,5,3.5,2.5,2.0,0.7,1,1.0,4.342170069348263,4.342170069348263
2026-07-26 12:46:26.357126,VOYG,30m,2026-05-01 09:30:00-04:00,2026-07-26,5,3.5,2.5,2.5,0.3,2,0.5,1.8248931085517128,0.9124465542758564
2026-07-26 12:46:26.357126,VOYG,30m,2026-05-01 09:30:00-04:00,2026-07-26,5,3.5,2.5,2.5,0.5,2,0.5,1.8248931085517128,0.9124465542758564
2026-07-26 12:46:26.357126,VOYG,30m,2026-05-01 09:30:00-04:00,2026-07-26,5,3.5,2.5,2.5,0.7,1,1.0,4.0777125866853225,4.0777125866853225
2026-07-26 12:46:26.357126,VOYG,30m,2026-05-01 09:30:00-04:00,2026-07-26,5,3.5,2.5,3.0,0.3,2,0.5,1.1098717302620642,0.5549358651310321
2026-07-26 12:46:26.357126,VOYG,30m,2026-05-01 09:30:00-04:00,2026-07-26,5,3.5,2.5,3.0,0.5,2,0.5,1.1098717302620642,0.5549358651310321
2026-07-26 12:46:26.357126,VOYG,30m,2026-05-01 09:30:00-04:00,2026-07-26,5,3.5,2.5,3.0,0.7,1,1.0,3.813255104022417,3.813255104022417
2026-07-26 12:46:26.357126,VOYG,30m,2026-05-01 09:30:00-04:00,2026-07-26,5,3.5,2.5,3.5,0.3,2,0.5,0.3948503519724156,0.1974251759862078
2026-07-26 12:46:26.357126,VOYG,30m,2026-05-01 09:30:00-04:00,2026-07-26,5,3.5,2.5,3.5,0.5,2,0.5,0.3948503519724156,0.1974251759862078
2026-07-26 12:46:26.357126,VOYG,30m,2026-05-01 09:30:00-04:00,2026-07-26,5,3.5,2.5,3.5,0.7,1,1.0,3.5487976213594763,3.5487976213594763
2026-07-26 12:46:26.357126,VOYG,30m,2026-05-01 09:30:00-04:00,2026-07-26,5,3.5,3.0,1.0,0.3,2,0.5,3.3583999999999747,1.6791999999999874
2026-07-26 12:46:26.357126,VOYG,30m,2026-05-01 09:30:00-04:00,2026-07-26,5,3.5,3.0,1.0,0.5,2,0.5,3.3583999999999747,1.6791999999999874
2026-07-26 12:46:26.357126,VOYG,30m,2026-05-01 09:30:00-04:00,2026-07-26,5,3.5,3.0,1.0,0.7,1,1.0,4.395999999999987,4.395999999999987
2026-07-26 12:46:26.357126,VOYG,30m,2026-05-01 09:30:00-04:00,2026-07-26,5,3.5,3.0,1.5,0.3,2,0.5,3.044308313119828,1.522154156559914
2026-07-26 12:46:26.357126,VOYG,30m,2026-05-01 09:30:00-04:00,2026-07-26,5,3.5,3.0,1.5,0.5,2,0.5,3.044308313119828,1.522154156559914
2026-07-26 12:46:26.357126,VOYG,30m,2026-05-01 09:30:00-04:00,2026-07-26,5,3.5,3.0,1.5,0.7,1,1.0,4.395999999999987,4.395999999999987
2026-07-26 12:46:26.357126,VOYG,30m,2026-05-01 09:30:00-04:00,2026-07-26,5,3.5,3.0,2.0,0.3,2,0.5,2.5399144868413615,1.2699572434206807
2026-07-26 12:46:26.357126,VOYG,30m,2026-05-01 09:30:00-04:00,2026-07-26,5,3.5,3.0,2.0,0.5,2,0.5,2.5399144868413615,1.2699572434206807
2026-07-26 12:46:26.357126,VOYG,30m,2026-05-01 09:30:00-04:00,2026-07-26,5,3.5,3.0,2.0,0.7,1,1.0,4.342170069348263,4.342170069348263
2026-07-26 12:46:26.357126,VOYG,30m,2026-05-01 09:30:00-04:00,2026-07-26,5,3.5,3.0,2.5,0.3,2,0.5,1.8248931085517128,0.9124465542758564
2026-07-26 12:46:26.357126,VOYG,30m,2026-05-01 09:30:00-04:00,2026-07-26,5,3.5,3.0,2.5,0.5,2,0.5,1.8248931085517128,0.9124465542758564
2026-07-26 12:46:26.357126,VOYG,30m,2026-05-01 09:30:00-04:00,2026-07-26,5,3.5,3.0,2.5,0.7,1,1.0,4.0777125866853225,4.0777125866853225
2026-07-26 12:46:26.357126,VOYG,30m,2026-05-01 09:30:00-04:00,2026-07-26,5,3.5,3.0,3.0,0.3,2,0.5,1.1098717302620642,0.5549358651310321
2026-07-26 12:46:26.357126,VOYG,30m,2026-05-01 09:30:00-04:00,2026-07-26,5,3.5,3.0,3.0,0.5,2,0.5,1.1098717302620642,0.5549358651310321
2026-07-26 12:46:26.357126,VOYG,30m,2026-05-01 09:30:00-04:00,2026-07-26,5,3.5,3.0,3.0,0.7,1,1.0,3.813255104022417,3.813255104022417
2026-07-26 12:46:26.357126,VOYG,30m,2026-05-01 09:30:00-04:00,2026-07-26,5,3.5,3.0,3.5,0.3,2,0.5,0.3948503519724156,0.1974251759862078
2026-07-26 12:46:26.357126,VOYG,30m,2026-05-01 09:30:00-04:00,2026-07-26,5,3.5,3.0,3.5,0.5,2,0.5,0.3948503519724156,0.1974251759862078
2026-07-26 12:46:26.357126,VOYG,30m,2026-05-01 09:30:00-04:00,2026-07-26,5,3.5,3.0,3.5,0.7,1,1.0,3.5487976213594763,3.5487976213594763
2026-07-26 12:46:26.357126,VOYG,30m,2026-05-01 09:30:00-04:00,2026-07-26,5,3.5,3.5,1.0,0.3,1,1.0,4.395999999999987,4.395999999999987
2026-07-26 12:46:26.357126,VOYG,30m,2026-05-01 09:30:00-04:00,2026-07-26,5,3.5,3.5,1.0,0.5,1,1.0,4.395999999999987,4.395999999999987
2026-07-26 12:46:26.357126,VOYG,30m,2026-05-01 09:30:00-04:00,2026-07-26,5,3.5,3.5,1.0,0.7,1,1.0,4.395999999999987,4.395999999999987
2026-07-26 12:46:26.357126,VOYG,30m,2026-05-01 09:30:00-04:00,2026-07-26,5,3.5,3.5,1.5,0.3,1,1.0,4.395999999999987,4.395999999999987
2026-07-26 12:46:26.357126,VOYG,30m,2026-05-01 09:30:00-04:00,2026-07-26,5,3.5,3.5,1.5,0.5,1,1.0,4.395999999999987,4.395999999999987
2026-07-26 12:46:26.357126,VOYG,30m,2026-05-01 09:30:00-04:00,2026-07-26,5,3.5,3.5,1.5,0.7,1,1.0,4.395999999999987,4.395999999999987
2026-07-26 12:46:26.357126,VOYG,30m,2026-05-01 09:30:00-04:00,2026-07-26,5,3.5,3.5,2.0,0.3,1,1.0,4.342170069348263,4.342170069348263
2026-07-26 12:46:26.357126,VOYG,30m,2026-05-01 09:30:00-04:00,2026-07-26,5,3.5,3.5,2.0,0.5,1,1.0,4.342170069348263,4.342170069348263
2026-07-26 12:46:26.357126,VOYG,30m,2026-05-01 09:30:00-04:00,2026-07-26,5,3.5,3.5,2.0,0.7,1,1.0,4.342170069348263,4.342170069348263
2026-07-26 12:46:26.357126,VOYG,30m,2026-05-01 09:30:00-04:00,2026-07-26,5,3.5,3.5,2.5,0.3,1,1.0,4.0777125866853225,4.0777125866853225
2026-07-26 12:46:26.357126,VOYG,30m,2026-05-01 09:30:00-04:00,2026-07-26,5,3.5,3.5,2.5,0.5,1,1.0,4.0777125866853225,4.0777125866853225
2026-07-26 12:46:26.357126,VOYG,30m,2026-05-01 09:30:00-04:00,2026-07-26,5,3.5,3.5,2.5,0.7,1,1.0,4.0777125866853225,4.0777125866853225
2026-07-26 12:46:26.357126,VOYG,30m,2026-05-01 09:30:00-04:00,2026-07-26,5,3.5,3.5,3.0,0.3,1,1.0,3.813255104022417,3.813255104022417
2026-07-26 12:46:26.357126,VOYG,30m,2026-05-01 09:30:00-04:00,2026-07-26,5,3.5,3.5,3.0,0.5,1,1.0,3.813255104022417,3.813255104022417
2026-07-26 12:46:26.357126,VOYG,30m,2026-05-01 09:30:00-04:00,2026-07-26,5,3.5,3.5,3.0,0.7,1,1.0,3.813255104022417,3.813255104022417
2026-07-26 12:46:26.357126,VOYG,30m,2026-05-01 09:30:00-04:00,2026-07-26,5,3.5,3.5,3.5,0.3,1,1.0,3.5487976213594763,3.5487976213594763
2026-07-26 12:46:26.357126,VOYG,30m,2026-05-01 09:30:00-04:00,2026-07-26,5,3.5,3.5,3.5,0.5,1,1.0,3.5487976213594763,3.5487976213594763
2026-07-26 12:46:26.357126,VOYG,30m,2026-05-01 09:30:00-04:00,2026-07-26,5,3.5,3.5,3.5,0.7,1,1.0,3.5487976213594763,3.5487976213594763
2026-07-26 12:46:26.357126,VOYG,30m,2026-05-01 09:30:00-04:00,2026-07-26,7,0.5,0.5,1.0,0.3,187,0.42780748663101603,103.73223900385551,0.554717855635591
2026-07-26 12:46:26.357126,VOYG,30m,2026-05-01 09:30:00-04:00,2026-07-26,7,0.5,0.5,1.0,0.5,168,0.39285714285714285,14.055332258917339,0.08366269201736512
2026-07-26 12:46:26.357126,VOYG,30m,2026-05-01 09:30:00-04:00,2026-07-26,7,0.5,0.5,1.0,0.7,133,0.41353383458646614,19.997103112237085,0.1503541587386247
2026-07-26 12:46:26.357126,VOYG,30m,2026-05-01 09:30:00-04:00,2026-07-26,7,0.5,0.5,1.5,0.3,150,0.4533333333333333,211.36025099041603,1.4090683399361068
2026-07-26 12:46:26.357126,VOYG,30m,2026-05-01 09:30:00-04:00,2026-07-26,7,0.5,0.5,1.5,0.5,140,0.39285714285714285,98.09575409882396,0.7006839578487426
2026-07-26 12:46:26.357126,VOYG,30m,2026-05-01 09:30:00-04:00,2026-07-26,7,0.5,0.5,1.5,0.7,117,0.39316239316239315,48.737388567284334,0.41655887664345587
2026-07-26 12:46:26.357126,VOYG,30m,2026-05-01 09:30:00-04:00,2026-07-26,7,0.5,0.5,2.0,0.3,123,0.4878048780487805,244.62596762075785,1.9888290050468118
2026-07-26 12:46:26.357126,VOYG,30m,2026-05-01 09:30:00-04:00,2026-07-26,7,0.5,0.5,2.0,0.5,118,0.4406779661016949,152.67889405067456,1.2938889326328353
2026-07-26 12:46:26.357126,VOYG,30m,2026-05-01 09:30:00-04:00,2026-07-26,7,0.5,0.5,2.0,0.7,103,0.4368932038834951,65.97667047341405,0.6405501987710102
2026-07-26 12:46:26.357126,VOYG,30m,2026-05-01 09:30:00-04:00,2026-07-26,7,0.5,0.5,2.5,0.3,113,0.4778761061946903,284.78204097008427,2.5201950528326043
2026-07-26 12:46:26.357126,VOYG,30m,2026-05-01 09:30:00-04:00,2026-07-26,7,0.5,0.5,2.5,0.5,108,0.42592592592592593,185.10713928741723,1.7139549934020113
2026-07-26 12:46:26.357126,VOYG,30m,2026-05-01 09:30:00-04:00,2026-07-26,7,0.5,0.5,2.5,0.7,98,0.40816326530612246,96.29388430374107,0.9825906561606231
2026-07-26 12:46:26.357126,VOYG,30m,2026-05-01 09:30:00-04:00,2026-07-26,7,0.5,0.5,3.0,0.3,99,0.48484848484848486,358.7700131734922,3.6239395270049717
2026-07-26 12:46:26.357126,VOYG,30m,2026-05-01 09:30:00-04:00,2026-07-26,7,0.5,0.5,3.0,0.5,96,0.4166666666666667,242.5140467697061,2.526187987184439
2026-07-26 12:46:26.357126,VOYG,30m,2026-05-01 09:30:00-04:00,2026-07-26,7,0.5,0.5,3.0,0.7,87,0.42528735632183906,171.26076330161504,1.9685145207082189
2026-07-26 12:46:26.357126,VOYG,30m,2026-05-01 09:30:00-04:00,2026-07-26,7,0.5,0.5,3.5,0.3,97,0.4742268041237113,323.49575710937773,3.335007805251317
2026-07-26 12:46:26.357126,VOYG,30m,2026-05-01 09:30:00-04:00,2026-07-26,7,0.5,0.5,3.5,0.5,94,0.4148936170212766,207.13487963829417,2.203562549343555
2026-07-26 12:46:26.357126,VOYG,30m,2026-05-01 09:30:00-04:00,2026-07-26,7,0.5,0.5,3.5,0.7,86,0.4186046511627907,136.25957350473533,1.584413645403899
2026-07-26 12:46:26.357126,VOYG,30m,2026-05-01 09:30:00-04:00,2026-07-26,7,0.5,0.8,1.0,0.3,173,0.3930635838150289,0.9383231595600776,0.005423833292254784
2026-07-26 12:46:26.357126,VOYG,30m,2026-05-01 09:30:00-04:00,2026-07-26,7,0.5,0.8,1.0,0.5,163,0.3803680981595092,-10.586794166031346,-0.064949657460315
2026-07-26 12:46:26.357126,VOYG,30m,2026-05-01 09:30:00-04:00,2026-07-26,7,0.5,0.8,1.0,0.7,132,0.3939393939393939,-4.981202155068729,-0.03773637996264189
2026-07-26 12:46:26.357126,VOYG,30m,2026-05-01 09:30:00-04:00,2026-07-26,7,0.5,0.8,1.5,0.3,142,0.4225352112676056,92.80686567628851,0.653569476593581
2026-07-26 12:46:26.357126,VOYG,30m,2026-05-01 09:30:00-04:00,2026-07-26,7,0.5,0.8,1.5,0.5,137,0.40145985401459855,73.86171910991823,0.5391366358388192
2026-07-26 12:46:26.357126,VOYG,30m,2026-05-01 09:30:00-04:00,2026-07-26,7,0.5,0.8,1.5,0.7,117,0.39316239316239315,41.75643641671318,0.3568926189462665
2026-07-26 12:46:26.357126,VOYG,30m,2026-05-01 09:30:00-04:00,2026-07-26,7,0.5,0.8,2.0,0.3,118,0.4830508474576271,152.33000388637757,1.2909322363252336
2026-07-26 12:46:26.357126,VOYG,30m,2026-05-01 09:30:00-04:00,2026-07-26,7,0.5,0.8,2.0,0.5,115,0.46956521739130436,104.82648689804138,0.9115346686786207
2026-07-26 12:46:26.357126,VOYG,30m,2026-05-01 09:30:00-04:00,2026-07-26,7,0.5,0.8,2.0,0.7,106,0.44339622641509435,67.67146009967252,0.6384100009403068
2026-07-26 12:46:26.357126,VOYG,30m,2026-05-01 09:30:00-04:00,2026-07-26,7,0.5,0.8,2.5,0.3,108,0.4537037037037037,181.33258281129395,1.6790053964008698
2026-07-26 12:46:26.357126,VOYG,30m,2026-05-01 09:30:00-04:00,2026-07-26,7,0.5,0.8,2.5,0.5,105,0.4380952380952381,141.84311537393307,1.3508868130850769
2026-07-26 12:46:26.357126,VOYG,30m,2026-05-01 09:30:00-04:00,2026-07-26,7,0.5,0.8,2.5,0.7,98,0.41836734693877553,106.21832049099967,1.0838604131734662
2026-07-26 12:46:26.357126,VOYG,30m,2026-05-01 09:30:00-04:00,2026-07-26,7,0.5,0.8,3.0,0.3,97,0.4536082474226804,281.8382771971285,2.905549249454933
2026-07-26 12:46:26.357126,VOYG,30m,2026-05-01 09:30:00-04:00,2026-07-26,7,0.5,0.8,3.0,0.5,96,0.4270833333333333,219.43359352731667,2.285766599242882
2026-07-26 12:46:26.357126,VOYG,30m,2026-05-01 09:30:00-04:00,2026-07-26,7,0.5,0.8,3.0,0.7,88,0.4318181818181818,172.71124220912415,1.9626277523764109
2026-07-26 12:46:26.357126,VOYG,30m,2026-05-01 09:30:00-04:00,2026-07-26,7,0.5,0.8,3.5,0.3,93,0.43010752688172044,254.99172867216012,2.7418465448619367
2026-07-26 12:46:26.357126,VOYG,30m,2026-05-01 09:30:00-04:00,2026-07-26,7,0.5,0.8,3.5,0.5,92,0.40217391304347827,192.141921051121,2.088499141860011
2026-07-26 12:46:26.357126,VOYG,30m,2026-05-01 09:30:00-04:00,2026-07-26,7,0.5,0.8,3.5,0.7,87,0.40229885057471265,137.60113223016248,1.5816222095420975
2026-07-26 12:46:26.357126,VOYG,30m,2026-05-01 09:30:00-04:00,2026-07-26,7,0.5,1.0,1.0,0.3,159,0.41509433962264153,40.955132828368725,0.2575794517507467
2026-07-26 12:46:26.357126,VOYG,30m,2026-05-01 09:30:00-04:00,2026-07-26,7,0.5,1.0,1.0,0.5,149,0.4161073825503356,53.370951290468476,0.35819430396287566
2026-07-26 12:46:26.357126,VOYG,30m,2026-05-01 09:30:00-04:00,2026-07-26,7,0.5,1.0,1.0,0.7,119,0.42016806722689076,41.77305962453236,0.35103411449186855
2026-07-26 12:46:26.357126,VOYG,30m,2026-05-01 09:30:00-04:00,2026-07-26,7,0.5,1.0,1.5,0.3,135,0.42962962962962964,84.74908656860394,0.6277710116192885
2026-07-26 12:46:26.357126,VOYG,30m,2026-05-01 09:30:00-04:00,2026-07-26,7,0.5,1.0,1.5,0.5,128,0.4140625,84.38565890401269,0.6592629601875991
2026-07-26 12:46:26.357126,VOYG,30m,2026-05-01 09:30:00-04:00,2026-07-26,7,0.5,1.0,1.5,0.7,108,0.4074074074074074,44.42745875357044,0.41136535882935593
2026-07-26 12:46:26.357126,VOYG,30m,2026-05-01 09:30:00-04:00,2026-07-26,7,0.5,1.0,2.0,0.3,114,0.47368421052631576,132.75762176463056,1.164540541795005
2026-07-26 12:46:26.357126,VOYG,30m,2026-05-01 09:30:00-04:00,2026-07-26,7,0.5,1.0,2.0,0.5,110,0.4636363636363636,104.1222524496528,0.9465659313604801
2026-07-26 12:46:26.357126,VOYG,30m,2026-05-01 09:30:00-04:00,2026-07-26,7,0.5,1.0,2.0,0.7,101,0.44554455445544555,66.65537323472648,0.6599541904428364
2026-07-26 12:46:26.357126,VOYG,30m,2026-05-01 09:30:00-04:00,2026-07-26,7,0.5,1.0,2.5,0.3,107,0.4392523364485981,124.13212385961317,1.1601133070991885
2026-07-26 12:46:26.357126,VOYG,30m,2026-05-01 09:30:00-04:00,2026-07-26,7,0.5,1.0,2.5,0.5,103,0.42718446601941745,101.98538346528146,0.9901493540318588
2026-07-26 12:46:26.357126,VOYG,30m,2026-05-01 09:30:00-04:00,2026-07-26,7,0.5,1.0,2.5,0.7,96,0.40625,62.240364227763735,0.6483371273725389
2026-07-26 12:46:26.357126,VOYG,30m,2026-05-01 09:30:00-04:00,2026-07-26,7,0.5,1.0,3.0,0.3,95,0.43157894736842106,232.71638217153142,2.4496461281213833
2026-07-26 12:46:26.357126,VOYG,30m,2026-05-01 09:30:00-04:00,2026-07-26,7,0.5,1.0,3.0,0.5,93,0.40860215053763443,187.18718037539227,2.012765380380562
2026-07-26 12:46:26.357126,VOYG,30m,2026-05-01 09:30:00-04:00,2026-07-26,7,0.5,1.0,3.0,0.7,86,0.4186046511627907,142.76848548229592,1.6600986683987897
2026-07-26 12:46:26.357126,VOYG,30m,2026-05-01 09:30:00-04:00,2026-07-26,7,0.5,1.0,3.5,0.3,92,0.41304347826086957,209.81283019620147,2.2805742412630594
2026-07-26 12:46:26.357126,VOYG,30m,2026-05-01 09:30:00-04:00,2026-07-26,7,0.5,1.0,3.5,0.5,90,0.3888888888888889,161.57242216636175,1.7952491351817972
2026-07-26 12:46:26.357126,VOYG,30m,2026-05-01 09:30:00-04:00,2026-07-26,7,0.5,1.0,3.5,0.7,85,0.38823529411764707,102.33449938219619,1.203935286849367
2026-07-26 12:46:26.357126,VOYG,30m,2026-05-01 09:30:00-04:00,2026-07-26,7,0.5,1.2,1.0,0.3,141,0.41134751773049644,42.23269334358502,0.2995226478268441
2026-07-26 12:46:26.357126,VOYG,30m,2026-05-01 09:30:00-04:00,2026-07-26,7,0.5,1.2,1.0,0.5,132,0.4166666666666667,59.37128122611956,0.4497824335312088
2026-07-26 12:46:26.357126,VOYG,30m,2026-05-01 09:30:00-04:00,2026-07-26,7,0.5,1.2,1.0,0.7,106,0.4339622641509434,64.45186668203473,0.6080364781324031
2026-07-26 12:46:26.357126,VOYG,30m,2026-05-01 09:30:00-04:00,2026-07-26,7,0.5,1.2,1.5,0.3,126,0.4126984126984127,96.5225355427438,0.7660518693868555
2026-07-26 12:46:26.357126,VOYG,30m,2026-05-01 09:30:00-04:00,2026-07-26,7,0.5,1.2,1.5,0.5,119,0.4117647058823529,79.902636432779,0.671450726325874
2026-07-26 12:46:26.357126,VOYG,30m,2026-05-01 09:30:00-04:00,2026-07-26,7,0.5,1.2,1.5,0.7,98,0.40816326530612246,49.992926903663886,0.5101319071802437
2026-07-26 12:46:26.357126,VOYG,30m,2026-05-01 09:30:00-04:00,2026-07-26,7,0.5,1.2,2.0,0.3,112,0.41964285714285715,63.105722532186334,0.5634439511802352
2026-07-26 12:46:26.357126,VOYG,30m,2026-05-01 09:30:00-04:00,2026-07-26,7,0.5,1.2,2.0,0.5,106,0.4339622641509434,51.85644064719405,0.48921170421881177
2026-07-26 12:46:26.357126,VOYG,30m,2026-05-01 09:30:00-04:00,2026-07-26,7,0.5,1.2,2.0,0.7,93,0.41935483870967744,32.39921543127228,0.34837866055131483
2026-07-26 12:46:26.357126,VOYG,30m,2026-05-01 09:30:00-04:00,2026-07-26,7,0.5,1.2,2.5,0.3,106,0.39622641509433965,82.03282647228083,0.77389458936114
2026-07-26 12:46:26.357126,VOYG,30m,2026-05-01 09:30:00-04:00,2026-07-26,7,0.5,1.2,2.5,0.5,99,0.41414141414141414,80.87633262999908,0.8169326528282735
2026-07-26 12:46:26.357126,VOYG,30m,2026-05-01 09:30:00-04:00,2026-07-26,7,0.5,1.2,2.5,0.7,88,0.3977272727272727,42.20380264274205,0.47958866639479597
2026-07-26 12:46:26.357126,VOYG,30m,2026-05-01 09:30:00-04:00,2026-07-26,7,0.5,1.2,3.0,0.3,97,0.3711340206185567,159.13120166492527,1.6405278522157245
2026-07-26 12:46:26.357126,VOYG,30m,2026-05-01 09:30:00-04:00,2026-07-26,7,0.5,1.2,3.0,0.5,91,0.3956043956043956,148.32558163641156,1.629951446553973
2026-07-26 12:46:26.357126,VOYG,30m,2026-05-01 09:30:00-04:00,2026-07-26,7,0.5,1.2,3.0,0.7,82,0.4024390243902439,115.71420839906924,1.4111488829154786
2026-07-26 12:46:26.357126,VOYG,30m,2026-05-01 09:30:00-04:00,2026-07-26,7,0.5,1.2,3.5,0.3,93,0.3655913978494624,155.30922859321603,1.6699917053033981
2026-07-26 12:46:26.357126,VOYG,30m,2026-05-01 09:30:00-04:00,2026-07-26,7,0.5,1.2,3.5,0.5,88,0.375,114.5829175762056,1.3020786088205183
2026-07-26 12:46:26.357126,VOYG,30m,2026-05-01 09:30:00-04:00,2026-07-26,7,0.5,1.2,3.5,0.7,81,0.37037037037037035,68.49754741503915,0.8456487335190018
2026-07-26 12:46:26.357126,VOYG,30m,2026-05-01 09:30:00-04:00,2026-07-26,7,0.5,1.5,1.0,0.3,117,0.4188034188034188,51.02805619011022,0.43613723239410446
2026-07-26 12:46:26.357126,VOYG,30m,2026-05-01 09:30:00-04:00,2026-07-26,7,0.5,1.5,1.0,0.5,111,0.40540540540540543,51.056648743733604,0.45996980850210456
2026-07-26 12:46:26.357126,VOYG,30m,2026-05-01 09:30:00-04:00,2026-07-26,7,0.5,1.5,1.0,0.7,97,0.44329896907216493,63.488068952881314,0.6545161747719723
2026-07-26 12:46:26.357126,VOYG,30m,2026-05-01 09:30:00-04:00,2026-07-26,7,0.5,1.5,1.5,0.3,113,0.39823008849557523,61.47480068446867,0.5440247848183069
2026-07-26 12:46:26.357126,VOYG,30m,2026-05-01 09:30:00-04:00,2026-07-26,7,0.5,1.5,1.5,0.5,108,0.3888888888888889,33.71258675451603,0.31215358106033364
2026-07-26 12:46:26.357126,VOYG,30m,2026-05-01 09:30:00-04:00,2026-07-26,7,0.5,1.5,1.5,0.7,93,0.3978494623655914,31.880577985654135,0.342801913824238
2026-07-26 12:46:26.357126,VOYG,30m,2026-05-01 09:30:00-04:00,2026-07-26,7,0.5,1.5,2.0,0.3,102,0.4117647058823529,94.34941491497374,0.9249942638722916
2026-07-26 12:46:26.357126,VOYG,30m,2026-05-01 09:30:00-04:00,2026-07-26,7,0.5,1.5,2.0,0.5,98,0.41836734693877553,67.19583918230673,0.6856718283908849
2026-07-26 12:46:26.357126,VOYG,30m,2026-05-01 09:30:00-04:00,2026-07-26,7,0.5,1.5,2.0,0.7,88,0.4090909090909091,50.23546618203692,0.5708575702504196
2026-07-26 12:46:26.357126,VOYG,30m,2026-05-01 09:30:00-04:00,2026-07-26,7,0.5,1.5,2.5,0.3,98,0.3979591836734694,138.59335803603454,1.4142179391432097
2026-07-26 12:46:26.357126,VOYG,30m,2026-05-01 09:30:00-04:00,2026-07-26,7,0.5,1.5,2.5,0.5,94,0.40425531914893614,113.96847258578974,1.2124305594232951
2026-07-26 12:46:26.357126,VOYG,30m,2026-05-01 09:30:00-04:00,2026-07-26,7,0.5,1.5,2.5,0.7,85,0.4,81.42346929948604,0.9579231682292476
2026-07-26 12:46:26.357126,VOYG,30m,2026-05-01 09:30:00-04:00,2026-07-26,7,0.5,1.5,3.0,0.3,88,0.4090909090909091,232.36967617976217,2.6405645020427517
2026-07-26 12:46:26.357126,VOYG,30m,2026-05-01 09:30:00-04:00,2026-07-26,7,0.5,1.5,3.0,0.5,85,0.4117647058823529,195.40511820650437,2.2988837436059337
2026-07-26 12:46:26.357126,VOYG,30m,2026-05-01 09:30:00-04:00,2026-07-26,7,0.5,1.5,3.0,0.7,80,0.4125,150.95480178638095,1.8869350223297618
2026-07-26 12:46:26.357126,VOYG,30m,2026-05-01 09:30:00-04:00,2026-07-26,7,0.5,1.5,3.5,0.3,88,0.4090909090909091,185.33342578212338,2.1060616566150383
2026-07-26 12:46:26.357126,VOYG,30m,2026-05-01 09:30:00-04:00,2026-07-26,7,0.5,1.5,3.5,0.5,85,0.4117647058823529,151.25405259173343,1.7794594422556873
2026-07-26 12:46:26.357126,VOYG,30m,2026-05-01 09:30:00-04:00,2026-07-26,7,0.5,1.5,3.5,0.7,80,0.4125,94.93280344907592,1.186660043113449
2026-07-26 12:46:26.357126,VOYG,30m,2026-05-01 09:30:00-04:00,2026-07-26,7,0.5,1.8,1.0,0.3,103,0.4368932038834951,66.1963540343747,0.6426830488774243
2026-07-26 12:46:26.357126,VOYG,30m,2026-05-01 09:30:00-04:00,2026-07-26,7,0.5,1.8,1.0,0.5,99,0.41414141414141414,60.83347644566622,0.6144795600572346
2026-07-26 12:46:26.357126,VOYG,30m,2026-05-01 09:30:00-04:00,2026-07-26,7,0.5,1.8,1.0,0.7,88,0.4772727272727273,76.26054594550882,0.8665971130171457
2026-07-26 12:46:26.357126,VOYG,30m,2026-05-01 09:30:00-04:00,2026-07-26,7,0.5,1.8,1.5,0.3,100,0.39,30.892960153497704,0.30892960153497706
2026-07-26 12:46:26.357126,VOYG,30m,2026-05-01 09:30:00-04:00,2026-07-26,7,0.5,1.8,1.5,0.5,96,0.3854166666666667,34.19909310627283,0.3562405531903419
2026-07-26 12:46:26.357126,VOYG,30m,2026-05-01 09:30:00-04:00,2026-07-26,7,0.5,1.8,1.5,0.7,85,0.4235294117647059,52.11045430429149,0.6130641682857823
2026-07-26 12:46:26.357126,VOYG,30m,2026-05-01 09:30:00-04:00,2026-07-26,7,0.5,1.8,2.0,0.3,91,0.4175824175824176,82.90089345133242,0.9109988291355211
2026-07-26 12:46:26.357126,VOYG,30m,2026-05-01 09:30:00-04:00,2026-07-26,7,0.5,1.8,2.0,0.5,88,0.4318181818181818,76.18952042997552,0.8657900048860854
2026-07-26 12:46:26.357126,VOYG,30m,2026-05-01 09:30:00-04:00,2026-07-26,7,0.5,1.8,2.0,0.7,80,0.45,83.61646171549651,1.0452057714437064
2026-07-26 12:46:26.357126,VOYG,30m,2026-05-01 09:30:00-04:00,2026-07-26,7,0.5,1.8,2.5,0.3,88,0.4090909090909091,149.34107909560223,1.69705771699548
2026-07-26 12:46:26.357126,VOYG,30m,2026-05-01 09:30:00-04:00,2026-07-26,7,0.5,1.8,2.5,0.5,85,0.4235294117647059,137.51043942769803,1.6177698756199768
2026-07-26 12:46:26.357126,VOYG,30m,2026-05-01 09:30:00-04:00,2026-07-26,7,0.5,1.8,2.5,0.7,77,0.42857142857142855,124.01888605857641,1.6106348838776157
2026-07-26 12:46:26.357126,VOYG,30m,2026-05-01 09:30:00-04:00,2026-07-26,7,0.5,1.8,3.0,0.3,81,0.4444444444444444,253.09628323829014,3.124645472077656
2026-07-26 12:46:26.357126,VOYG,30m,2026-05-01 09:30:00-04:00,2026-07-26,7,0.5,1.8,3.0,0.5,79,0.45569620253164556,228.41046134469087,2.8912716625910235
2026-07-26 12:46:26.357126,VOYG,30m,2026-05-01 09:30:00-04:00,2026-07-26,7,0.5,1.8,3.0,0.7,74,0.44594594594594594,190.92715246164505,2.5800966548870954
2026-07-26 12:46:26.357126,VOYG,30m,2026-05-01 09:30:00-04:00,2026-07-26,7,0.5,1.8,3.5,0.3,81,0.4444444444444444,212.42092341202508,2.6224805359509267
2026-07-26 12:46:26.357126,VOYG,30m,2026-05-01 09:30:00-04:00,2026-07-26,7,0.5,1.8,3.5,0.5,79,0.45569620253164556,188.63558565416204,2.3877922234704054
2026-07-26 12:46:26.357126,VOYG,30m,2026-05-01 09:30:00-04:00,2026-07-26,7,0.5,1.8,3.5,0.7,74,0.44594594594594594,138.87100196516988,1.876635161691485
2026-07-26 12:46:26.357126,VOYG,30m,2026-05-01 09:30:00-04:00,2026-07-26,7,0.5,2.0,1.0,0.3,97,0.4329896907216495,45.98527408603438,0.474074990577674
2026-07-26 12:46:26.357126,VOYG,30m,2026-05-01 09:30:00-04:00,2026-07-26,7,0.5,2.0,1.0,0.5,93,0.40860215053763443,40.12950093742148,0.4315000100798009
2026-07-26 12:46:26.357126,VOYG,30m,2026-05-01 09:30:00-04:00,2026-07-26,7,0.5,2.0,1.0,0.7,83,0.46987951807228917,53.19627713893109,0.6409190016738685
2026-07-26 12:46:26.357126,VOYG,30m,2026-05-01 09:30:00-04:00,2026-07-26,7,0.5,2.0,1.5,0.3,94,0.40425531914893614,44.829482838641574,0.4769093919004423
2026-07-26 12:46:26.357126,VOYG,30m,2026-05-01 09:30:00-04:00,2026-07-26,7,0.5,2.0,1.5,0.5,90,0.37777777777777777,36.72121513149399,0.40801350146104437
2026-07-26 12:46:26.357126,VOYG,30m,2026-05-01 09:30:00-04:00,2026-07-26,7,0.5,2.0,1.5,0.7,80,0.4125,51.092136382013145,0.6386517047751643
2026-07-26 12:46:26.357126,VOYG,30m,2026-05-01 09:30:00-04:00,2026-07-26,7,0.5,2.0,2.0,0.3,86,0.4186046511627907,97.17409269743405,1.1299313104352797
2026-07-26 12:46:26.357126,VOYG,30m,2026-05-01 09:30:00-04:00,2026-07-26,7,0.5,2.0,2.0,0.5,83,0.40963855421686746,79.08889411953206,0.9528782424040007
2026-07-26 12:46:26.357126,VOYG,30m,2026-05-01 09:30:00-04:00,2026-07-26,7,0.5,2.0,2.0,0.7,75,0.4266666666666667,90.5501009596316,1.2073346794617548
2026-07-26 12:46:26.357126,VOYG,30m,2026-05-01 09:30:00-04:00,2026-07-26,7,0.5,2.0,2.5,0.3,82,0.4268292682926829,186.98023788984702,2.2802468035347196
2026-07-26 12:46:26.357126,VOYG,30m,2026-05-01 09:30:00-04:00,2026-07-26,7,0.5,2.0,2.5,0.5,79,0.4177215189873418,164.01981627626142,2.0762002060286258
2026-07-26 12:46:26.357126,VOYG,30m,2026-05-01 09:30:00-04:00,2026-07-26,7,0.5,2.0,2.5,0.7,71,0.4225352112676056,154.596094850363,2.177409786624831
2026-07-26 12:46:26.357126,VOYG,30m,2026-05-01 09:30:00-04:00,2026-07-26,7,0.5,2.0,3.0,0.3,76,0.47368421052631576,288.05838741295423,3.7902419396441345
2026-07-26 12:46:26.357126,VOYG,30m,2026-05-01 09:30:00-04:00,2026-07-26,7,0.5,2.0,3.0,0.5,74,0.4594594594594595,248.82518658323886,3.3625025213951196
2026-07-26 12:46:26.357126,VOYG,30m,2026-05-01 09:30:00-04:00,2026-07-26,7,0.5,2.0,3.0,0.7,68,0.4411764705882353,212.01527603206085,3.117871706353836
2026-07-26 12:46:26.357126,VOYG,30m,2026-05-01 09:30:00-04:00,2026-07-26,7,0.5,2.0,3.5,0.3,76,0.4605263157894737,244.27371533722254,3.214127833384507
2026-07-26 12:46:26.357126,VOYG,30m,2026-05-01 09:30:00-04:00,2026-07-26,7,0.5,2.0,3.5,0.5,74,0.44594594594594594,205.92664770255482,2.782792536521011
2026-07-26 12:46:26.357126,VOYG,30m,2026-05-01 09:30:00-04:00,2026-07-26,7,0.5,2.0,3.5,0.7,68,0.4264705882352941,156.86902873407502,2.306897481383456
2026-07-26 12:46:26.357126,VOYG,30m,2026-05-01 09:30:00-04:00,2026-07-26,7,0.5,2.5,1.0,0.3,75,0.4,7.825232233637323,0.10433642978183097
2026-07-26 12:46:26.357126,VOYG,30m,2026-05-01 09:30:00-04:00,2026-07-26,7,0.5,2.5,1.0,0.5,73,0.3835616438356164,3.1051670865033643,0.04253653543155293
2026-07-26 12:46:26.357126,VOYG,30m,2026-05-01 09:30:00-04:00,2026-07-26,7,0.5,2.5,1.0,0.7,65,0.4461538461538462,14.609010455614708,0.22475400700945705
2026-07-26 12:46:26.357126,VOYG,30m,2026-05-01 09:30:00-04:00,2026-07-26,7,0.5,2.5,1.5,0.3,73,0.3698630136986301,-18.997357536719157,-0.26023777447560487
2026-07-26 12:46:26.357126,VOYG,30m,2026-05-01 09:30:00-04:00,2026-07-26,7,0.5,2.5,1.5,0.5,71,0.352112676056338,-27.053533818465603,-0.38103568758402256
2026-07-26 12:46:26.357126,VOYG,30m,2026-05-01 09:30:00-04:00,2026-07-26,7,0.5,2.5,1.5,0.7,64,0.40625,1.296538107142382,0.02025840792409972
2026-07-26 12:46:26.357126,VOYG,30m,2026-05-01 09:30:00-04:00,2026-07-26,7,0.5,2.5,2.0,0.3,71,0.4084507042253521,-4.036013314493303,-0.0568452579506099
2026-07-26 12:46:26.357126,VOYG,30m,2026-05-01 09:30:00-04:00,2026-07-26,7,0.5,2.5,2.0,0.5,69,0.391304347826087,-20.837083864278192,-0.3019867226706984
2026-07-26 12:46:26.357126,VOYG,30m,2026-05-01 09:30:00-04:00,2026-07-26,7,0.5,2.5,2.0,0.7,63,0.4126984126984127,0.9912439749761148,0.01573403134882722
2026-07-26 12:46:26.357126,VOYG,30m,2026-05-01 09:30:00-04:00,2026-07-26,7,0.5,2.5,2.5,0.3,67,0.43283582089552236,72.37078632038856,1.0801609898565456
2026-07-26 12:46:26.357126,VOYG,30m,2026-05-01 09:30:00-04:00,2026-07-26,7,0.5,2.5,2.5,0.5,65,0.4307692307692308,58.18194813315739,0.8951068943562676
2026-07-26 12:46:26.357126,VOYG,30m,2026-05-01 09:30:00-04:00,2026-07-26,7,0.5,2.5,2.5,0.7,60,0.43333333333333335,62.877528107503835,1.0479588017917305
2026-07-26 12:46:26.357126,VOYG,30m,2026-05-01 09:30:00-04:00,2026-07-26,7,0.5,2.5,3.0,0.3,63,0.4603174603174603,154.30864678748807,2.449343599801398
2026-07-26 12:46:26.357126,VOYG,30m,2026-05-01 09:30:00-04:00,2026-07-26,7,0.5,2.5,3.0,0.5,62,0.45161290322580644,123.451346069398,1.9911507430548065
2026-07-26 12:46:26.357126,VOYG,30m,2026-05-01 09:30:00-04:00,2026-07-26,7,0.5,2.5,3.0,0.7,58,0.43103448275862066,130.4195829368348,2.2486134989109448
2026-07-26 12:46:26.357126,VOYG,30m,2026-05-01 09:30:00-04:00,2026-07-26,7,0.5,2.5,3.5,0.3,63,0.47619047619047616,111.94584058289311,1.7769181044903668
2026-07-26 12:46:26.357126,VOYG,30m,2026-05-01 09:30:00-04:00,2026-07-26,7,0.5,2.5,3.5,0.5,62,0.46774193548387094,81.57898974512148,1.3157901571793786
2026-07-26 12:46:26.357126,VOYG,30m,2026-05-01 09:30:00-04:00,2026-07-26,7,0.5,2.5,3.5,0.7,58,0.4482758620689655,91.3479006055421,1.5749638035438291
2026-07-26 12:46:26.357126,VOYG,30m,2026-05-01 09:30:00-04:00,2026-07-26,7,0.5,3.0,1.0,0.3,63,0.38095238095238093,10.464244313755131,0.16609911609135128
2026-07-26 12:46:26.357126,VOYG,30m,2026-05-01 09:30:00-04:00,2026-07-26,7,0.5,3.0,1.0,0.5,62,0.3709677419354839,7.353554629486645,0.11860571983042975
2026-07-26 12:46:26.357126,VOYG,30m,2026-05-01 09:30:00-04:00,2026-07-26,7,0.5,3.0,1.0,0.7,54,0.4444444444444444,18.85739799859799,0.3492110740481109
2026-07-26 12:46:26.357126,VOYG,30m,2026-05-01 09:30:00-04:00,2026-07-26,7,0.5,3.0,1.5,0.3,61,0.36065573770491804,-12.793779905636953,-0.20973409681372054
2026-07-26 12:46:26.357126,VOYG,30m,2026-05-01 09:30:00-04:00,2026-07-26,7,0.5,3.0,1.5,0.5,60,0.35,-15.384814432039633,-0.2564135738673272
2026-07-26 12:46:26.357126,VOYG,30m,2026-05-01 09:30:00-04:00,2026-07-26,7,0.5,3.0,1.5,0.7,53,0.41509433962264153,12.965257493568352,0.24462749987864815
2026-07-26 12:46:26.357126,VOYG,30m,2026-05-01 09:30:00-04:00,2026-07-26,7,0.5,3.0,2.0,0.3,59,0.423728813559322,4.092588019493277,0.06936589863547928
2026-07-26 12:46:26.357126,VOYG,30m,2026-05-01 09:30:00-04:00,2026-07-26,7,0.5,3.0,2.0,0.5,58,0.41379310344827586,2.021208650956403,0.03484842501648971
2026-07-26 12:46:26.357126,VOYG,30m,2026-05-01 09:30:00-04:00,2026-07-26,7,0.5,3.0,2.0,0.7,52,0.4423076923076923,23.84953649021071,0.45864493250405214
2026-07-26 12:46:26.357126,VOYG,30m,2026-05-01 09:30:00-04:00,2026-07-26,7,0.5,3.0,2.5,0.3,57,0.45614035087719296,74.32062159286406,1.303870554260773
2026-07-26 12:46:26.357126,VOYG,30m,2026-05-01 09:30:00-04:00,2026-07-26,7,0.5,3.0,2.5,0.5,56,0.4642857142857143,72.76889738219293,1.299444596110588
2026-07-26 12:46:26.357126,VOYG,30m,2026-05-01 09:30:00-04:00,2026-07-26,7,0.5,3.0,2.5,0.7,50,0.48,78.86955179142461,1.5773910358284922
2026-07-26 12:46:26.357126,VOYG,30m,2026-05-01 09:30:00-04:00,2026-07-26,7,0.5,3.0,3.0,0.3,57,0.45614035087719296,111.19378531677938,1.9507681634522698
2026-07-26 12:46:26.357126,VOYG,30m,2026-05-01 09:30:00-04:00,2026-07-26,7,0.5,3.0,3.0,0.5,56,0.4642857142857143,110.16171626397403,1.967173504713822
2026-07-26 12:46:26.357126,VOYG,30m,2026-05-01 09:30:00-04:00,2026-07-26,7,0.5,3.0,3.0,0.7,50,0.44,104.05334277506512,2.0810668555013025
2026-07-26 12:46:26.357126,VOYG,30m,2026-05-01 09:30:00-04:00,2026-07-26,7,0.5,3.0,3.5,0.3,57,0.45614035087719296,73.6116294721138,1.2914320960019965
2026-07-26 12:46:26.357126,VOYG,30m,2026-05-01 09:30:00-04:00,2026-07-26,7,0.5,3.0,3.5,0.5,56,0.4642857142857143,73.0992155771743,1.305343135306684
2026-07-26 12:46:26.357126,VOYG,30m,2026-05-01 09:30:00-04:00,2026-07-26,7,0.5,3.0,3.5,0.7,50,0.44,71.8620810218583,1.437241620437166
2026-07-26 12:46:26.357126,VOYG,30m,2026-05-01 09:30:00-04:00,2026-07-26,7,0.5,3.5,1.0,0.3,48,0.4166666666666667,29.106191598933755,0.6063789916444532
2026-07-26 12:46:26.357126,VOYG,30m,2026-05-01 09:30:00-04:00,2026-07-26,7,0.5,3.5,1.0,0.5,47,0.40425531914893614,27.053922641312873,0.5756153753470824
2026-07-26 12:46:26.357126,VOYG,30m,2026-05-01 09:30:00-04:00,2026-07-26,7,0.5,3.5,1.0,0.7,40,0.475,30.903187398078202,0.7725796849519551
2026-07-26 12:46:26.357126,VOYG,30m,2026-05-01 09:30:00-04:00,2026-07-26,7,0.5,3.5,1.5,0.3,48,0.4166666666666667,16.680469482159594,0.3475097808783249
2026-07-26 12:46:26.357126,VOYG,30m,2026-05-01 09:30:00-04:00,2026-07-26,7,0.5,3.5,1.5,0.5,47,0.40425531914893614,15.377066045728256,0.32717161799421823
2026-07-26 12:46:26.357126,VOYG,30m,2026-05-01 09:30:00-04:00,2026-07-26,7,0.5,3.5,1.5,0.7,40,0.45,26.3170517557327,0.6579262938933175
2026-07-26 12:46:26.357126,VOYG,30m,2026-05-01 09:30:00-04:00,2026-07-26,7,0.5,3.5,2.0,0.3,48,0.3958333333333333,16.34165991129084,0.3404512481518925
2026-07-26 12:46:26.357126,VOYG,30m,2026-05-01 09:30:00-04:00,2026-07-26,7,0.5,3.5,2.0,0.5,47,0.3829787234042553,15.787121996049116,0.33589621268189607
2026-07-26 12:46:26.357126,VOYG,30m,2026-05-01 09:30:00-04:00,2026-07-26,7,0.5,3.5,2.0,0.7,40,0.425,29.309452458191032,0.7327363114547758
2026-07-26 12:46:26.357126,VOYG,30m,2026-05-01 09:30:00-04:00,2026-07-26,7,0.5,3.5,2.5,0.3,48,0.4166666666666667,47.12841888999961,0.9818420602083252
2026-07-26 12:46:26.357126,VOYG,30m,2026-05-01 09:30:00-04:00,2026-07-26,7,0.5,3.5,2.5,0.5,47,0.425531914893617,47.32274649594743,1.0068669467222857
2026-07-26 12:46:26.357126,VOYG,30m,2026-05-01 09:30:00-04:00,2026-07-26,7,0.5,3.5,2.5,0.7,40,0.45,46.88465543789171,1.1721163859472927
2026-07-26 12:46:26.357126,VOYG,30m,2026-05-01 09:30:00-04:00,2026-07-26,7,0.5,3.5,3.0,0.3,47,0.40425531914893614,69.59326913105076,1.4807078538521439
2026-07-26 12:46:26.357126,VOYG,30m,2026-05-01 09:30:00-04:00,2026-07-26,7,0.5,3.5,3.0,0.5,46,0.41304347826086957,70.53646225818818,1.5334013534388735
2026-07-26 12:46:26.357126,VOYG,30m,2026-05-01 09:30:00-04:00,2026-07-26,7,0.5,3.5,3.0,0.7,40,0.4,65.53486175065079,1.6383715437662698
2026-07-26 12:46:26.357126,VOYG,30m,2026-05-01 09:30:00-04:00,2026-07-26,7,0.5,3.5,3.5,0.3,46,0.41304347826086957,42.62374827018597,0.9266032232649124
2026-07-26 12:46:26.357126,VOYG,30m,2026-05-01 09:30:00-04:00,2026-07-26,7,0.5,3.5,3.5,0.5,45,0.4222222222222222,44.31580691851302,0.9847957093002893
2026-07-26 12:46:26.357126,VOYG,30m,2026-05-01 09:30:00-04:00,2026-07-26,7,0.5,3.5,3.5,0.7,39,0.41025641025641024,44.544907508130365,1.1421771155930862
2026-07-26 12:46:26.357126,VOYG,30m,2026-05-01 09:30:00-04:00,2026-07-26,7,0.7,0.5,1.0,0.3,161,0.43478260869565216,28.56427628639711,0.1774178651329013
2026-07-26 12:46:26.357126,VOYG,30m,2026-05-01 09:30:00-04:00,2026-07-26,7,0.7,0.5,1.0,0.5,144,0.4027777777777778,-3.581124200708068,-0.024868918060472693
2026-07-26 12:46:26.357126,VOYG,30m,2026-05-01 09:30:00-04:00,2026-07-26,7,0.7,0.5,1.0,0.7,111,0.4144144144144144,10.586887972997516,0.09537736912610376
2026-07-26 12:46:26.357126,VOYG,30m,2026-05-01 09:30:00-04:00,2026-07-26,7,0.7,0.5,1.5,0.3,131,0.3816793893129771,121.06647858613948,0.9241715922606067
2026-07-26 12:46:26.357126,VOYG,30m,2026-05-01 09:30:00-04:00,2026-07-26,7,0.7,0.5,1.5,0.5,124,0.3467741935483871,65.00839079816056,0.5242612161141981
2026-07-26 12:46:26.357126,VOYG,30m,2026-05-01 09:30:00-04:00,2026-07-26,7,0.7,0.5,1.5,0.7,97,0.3402061855670103,41.36867961818645,0.4264812331771799
2026-07-26 12:46:26.357126,VOYG,30m,2026-05-01 09:30:00-04:00,2026-07-26,7,0.7,0.5,2.0,0.3,113,0.3893805309734513,89.83860609403274,0.7950319123365729
2026-07-26 12:46:26.357126,VOYG,30m,2026-05-01 09:30:00-04:00,2026-07-26,7,0.7,0.5,2.0,0.5,109,0.3394495412844037,12.012396210854774,0.11020546982435572
2026-07-26 12:46:26.357126,VOYG,30m,2026-05-01 09:30:00-04:00,2026-07-26,7,0.7,0.5,2.0,0.7,90,0.34444444444444444,10.679648520551055,0.11866276133945616
2026-07-26 12:46:26.357126,VOYG,30m,2026-05-01 09:30:00-04:00,2026-07-26,7,0.7,0.5,2.5,0.3,104,0.4326923076923077,115.40407046800186,1.109654523730787
2026-07-26 12:46:26.357126,VOYG,30m,2026-05-01 09:30:00-04:00,2026-07-26,7,0.7,0.5,2.5,0.5,100,0.41,60.88425505577632,0.6088425505577633
2026-07-26 12:46:26.357126,VOYG,30m,2026-05-01 09:30:00-04:00,2026-07-26,7,0.7,0.5,2.5,0.7,84,0.39285714285714285,47.057648641904244,0.5602101028798124
2026-07-26 12:46:26.357126,VOYG,30m,2026-05-01 09:30:00-04:00,2026-07-26,7,0.7,0.5,3.0,0.3,93,0.43010752688172044,213.50473190630788,2.2957498054441707
2026-07-26 12:46:26.357126,VOYG,30m,2026-05-01 09:30:00-04:00,2026-07-26,7,0.7,0.5,3.0,0.5,90,0.4111111111111111,131.78477091175785,1.464275232352865
2026-07-26 12:46:26.357126,VOYG,30m,2026-05-01 09:30:00-04:00,2026-07-26,7,0.7,0.5,3.0,0.7,74,0.4189189189189189,146.93390318086693,1.9855932862279315
2026-07-26 12:46:26.357126,VOYG,30m,2026-05-01 09:30:00-04:00,2026-07-26,7,0.7,0.5,3.5,0.3,90,0.4222222222222222,167.86534532134536,1.865170503570504
2026-07-26 12:46:26.357126,VOYG,30m,2026-05-01 09:30:00-04:00,2026-07-26,7,0.7,0.5,3.5,0.5,87,0.40229885057471265,88.50701587555483,1.0173220215581014
2026-07-26 12:46:26.357126,VOYG,30m,2026-05-01 09:30:00-04:00,2026-07-26,7,0.7,0.5,3.5,0.7,73,0.3972602739726027,114.9776149114775,1.5750358207051713
2026-07-26 12:46:26.357126,VOYG,30m,2026-05-01 09:30:00-04:00,2026-07-26,7,0.7,0.8,1.0,0.3,143,0.4125874125874126,-8.327182067800862,-0.058232042432173864
2026-07-26 12:46:26.357126,VOYG,30m,2026-05-01 09:30:00-04:00,2026-07-26,7,0.7,0.8,1.0,0.5,135,0.37777777777777777,-30.646897954277797,-0.22701405892057627
2026-07-26 12:46:26.357126,VOYG,30m,2026-05-01 09:30:00-04:00,2026-07-26,7,0.7,0.8,1.0,0.7,107,0.38317757009345793,-21.573061147284882,-0.20161739389985872
2026-07-26 12:46:26.357126,VOYG,30m,2026-05-01 09:30:00-04:00,2026-07-26,7,0.7,0.8,1.5,0.3,122,0.36885245901639346,23.458005709120542,0.19227873532066017
2026-07-26 12:46:26.357126,VOYG,30m,2026-05-01 09:30:00-04:00,2026-07-26,7,0.7,0.8,1.5,0.5,119,0.3445378151260504,7.171280486669438,0.06026286123251629
2026-07-26 12:46:26.357126,VOYG,30m,2026-05-01 09:30:00-04:00,2026-07-26,7,0.7,0.8,1.5,0.7,97,0.32989690721649484,-10.958829951292927,-0.1129776283638446
2026-07-26 12:46:26.357126,VOYG,30m,2026-05-01 09:30:00-04:00,2026-07-26,7,0.7,0.8,2.0,0.3,106,0.36792452830188677,25.115587738322382,0.2369395069653055
2026-07-26 12:46:26.357126,VOYG,30m,2026-05-01 09:30:00-04:00,2026-07-26,7,0.7,0.8,2.0,0.5,103,0.34951456310679613,3.799059908387825,0.03688407678046432
2026-07-26 12:46:26.357126,VOYG,30m,2026-05-01 09:30:00-04:00,2026-07-26,7,0.7,0.8,2.0,0.7,89,0.33707865168539325,-33.193584145864456,-0.3729616196164546
2026-07-26 12:46:26.357126,VOYG,30m,2026-05-01 09:30:00-04:00,2026-07-26,7,0.7,0.8,2.5,0.3,99,0.3838383838383838,51.11484406672975,0.5163115562295935
2026-07-26 12:46:26.357126,VOYG,30m,2026-05-01 09:30:00-04:00,2026-07-26,7,0.7,0.8,2.5,0.5,96,0.3854166666666667,42.26301144034192,0.44023970250356165
2026-07-26 12:46:26.357126,VOYG,30m,2026-05-01 09:30:00-04:00,2026-07-26,7,0.7,0.8,2.5,0.7,83,0.37349397590361444,-9.207553999275937,-0.11093438553344503
2026-07-26 12:46:26.357126,VOYG,30m,2026-05-01 09:30:00-04:00,2026-07-26,7,0.7,0.8,3.0,0.3,90,0.3888888888888889,155.65698893942974,1.729522099326997
2026-07-26 12:46:26.357126,VOYG,30m,2026-05-01 09:30:00-04:00,2026-07-26,7,0.7,0.8,3.0,0.5,88,0.38636363636363635,130.5984537535019,1.484073338107976
2026-07-26 12:46:26.357126,VOYG,30m,2026-05-01 09:30:00-04:00,2026-07-26,7,0.7,0.8,3.0,0.7,73,0.3972602739726027,89.70722382925948,1.2288660798528694
2026-07-26 12:46:26.357126,VOYG,30m,2026-05-01 09:30:00-04:00,2026-07-26,7,0.7,0.8,3.5,0.3,86,0.37209302325581395,119.73705660813829,1.3922913559085848
2026-07-26 12:46:26.357126,VOYG,30m,2026-05-01 09:30:00-04:00,2026-07-26,7,0.7,0.8,3.5,0.5,84,0.36904761904761907,97.09992221829717,1.155951454979728
2026-07-26 12:46:26.357126,VOYG,30m,2026-05-01 09:30:00-04:00,2026-07-26,7,0.7,0.8,3.5,0.7,72,0.3611111111111111,57.65848900126876,0.800812347239844
2026-07-26 12:46:26.357126,VOYG,30m,2026-05-01 09:30:00-04:00,2026-07-26,7,0.7,1.0,1.0,0.3,132,0.4318181818181818,33.530426432253826,0.25401838206252897
2026-07-26 12:46:26.357126,VOYG,30m,2026-05-01 09:30:00-04:00,2026-07-26,7,0.7,1.0,1.0,0.5,123,0.4146341463414634,26.987163287074267,0.21940783160222982
2026-07-26 12:46:26.357126,VOYG,30m,2026-05-01 09:30:00-04:00,2026-07-26,7,0.7,1.0,1.0,0.7,98,0.40816326530612246,16.78319829453173,0.1712571254544054
2026-07-26 12:46:26.357126,VOYG,30m,2026-05-01 09:30:00-04:00,2026-07-26,7,0.7,1.0,1.5,0.3,117,0.38461538461538464,53.07190590694848,0.45360603339272204
2026-07-26 12:46:26.357126,VOYG,30m,2026-05-01 09:30:00-04:00,2026-07-26,7,0.7,1.0,1.5,0.5,111,0.3783783783783784,43.10608047888081,0.3883430673773046
2026-07-26 12:46:26.357126,VOYG,30m,2026-05-01 09:30:00-04:00,2026-07-26,7,0.7,1.0,1.5,0.7,91,0.3626373626373626,9.82220691486635,0.10793633972380604
2026-07-26 12:46:26.357126,VOYG,30m,2026-05-01 09:30:00-04:00,2026-07-26,7,0.7,1.0,2.0,0.3,103,0.36893203883495146,71.036810964336,0.6896777763527767
2026-07-26 12:46:26.357126,VOYG,30m,2026-05-01 09:30:00-04:00,2026-07-26,7,0.7,1.0,2.0,0.5,98,0.37755102040816324,67.06393719434989,0.6843258897382641
2026-07-26 12:46:26.357126,VOYG,30m,2026-05-01 09:30:00-04:00,2026-07-26,7,0.7,1.0,2.0,0.7,85,0.36470588235294116,16.10058139773802,0.1894186046792708
2026-07-26 12:46:26.357126,VOYG,30m,2026-05-01 09:30:00-04:00,2026-07-26,7,0.7,1.0,2.5,0.3,97,0.4020618556701031,75.67568186414017,0.780161668702476
2026-07-26 12:46:26.357126,VOYG,30m,2026-05-01 09:30:00-04:00,2026-07-26,7,0.7,1.0,2.5,0.5,92,0.42391304347826086,83.54845926401894,0.9081354267828147
2026-07-26 12:46:26.357126,VOYG,30m,2026-05-01 09:30:00-04:00,2026-07-26,7,0.7,1.0,2.5,0.7,80,0.4125,16.866004146451594,0.21082505183064493
2026-07-26 12:46:26.357126,VOYG,30m,2026-05-01 09:30:00-04:00,2026-07-26,7,0.7,1.0,3.0,0.3,87,0.39080459770114945,165.80891775183076,1.905849629331388
2026-07-26 12:46:26.357126,VOYG,30m,2026-05-01 09:30:00-04:00,2026-07-26,7,0.7,1.0,3.0,0.5,83,0.40963855421686746,159.40991459742278,1.9206013806918407
2026-07-26 12:46:26.357126,VOYG,30m,2026-05-01 09:30:00-04:00,2026-07-26,7,0.7,1.0,3.0,0.7,70,0.42857142857142855,103.08436531987059,1.4726337902838655
2026-07-26 12:46:26.357126,VOYG,30m,2026-05-01 09:30:00-04:00,2026-07-26,7,0.7,1.0,3.5,0.3,84,0.38095238095238093,137.4781085852246,1.6366441498241022
2026-07-26 12:46:26.357126,VOYG,30m,2026-05-01 09:30:00-04:00,2026-07-26,7,0.7,1.0,3.5,0.5,80,0.4,132.63822008874067,1.6579777511092584
2026-07-26 12:46:26.357126,VOYG,30m,2026-05-01 09:30:00-04:00,2026-07-26,7,0.7,1.0,3.5,0.7,69,0.391304347826087,70.52969185831773,1.0221694472219962
2026-07-26 12:46:26.357126,VOYG,30m,2026-05-01 09:30:00-04:00,2026-07-26,7,0.7,1.2,1.0,0.3,120,0.4166666666666667,22.55957366506614,0.1879964472088845
2026-07-26 12:46:26.357126,VOYG,30m,2026-05-01 09:30:00-04:00,2026-07-26,7,0.7,1.2,1.0,0.5,112,0.4107142857142857,25.54826300531115,0.22810949111884954
2026-07-26 12:46:26.357126,VOYG,30m,2026-05-01 09:30:00-04:00,2026-07-26,7,0.7,1.2,1.0,0.7,90,0.43333333333333335,38.26802351934049,0.4252002613260054
2026-07-26 12:46:26.357126,VOYG,30m,2026-05-01 09:30:00-04:00,2026-07-26,7,0.7,1.2,1.5,0.3,110,0.4,56.788630339851984,0.5162602758168362
2026-07-26 12:46:26.357126,VOYG,30m,2026-05-01 09:30:00-04:00,2026-07-26,7,0.7,1.2,1.5,0.5,103,0.3883495145631068,23.196104269765527,0.2252048958229663
2026-07-26 12:46:26.357126,VOYG,30m,2026-05-01 09:30:00-04:00,2026-07-26,7,0.7,1.2,1.5,0.7,84,0.38095238095238093,8.003751862459588,0.09528276026737605
2026-07-26 12:46:26.357126,VOYG,30m,2026-05-01 09:30:00-04:00,2026-07-26,7,0.7,1.2,2.0,0.3,100,0.39,54.137397870258745,0.5413739787025874
2026-07-26 12:46:26.357126,VOYG,30m,2026-05-01 09:30:00-04:00,2026-07-26,7,0.7,1.2,2.0,0.5,93,0.3870967741935484,25.82726834937815,0.2777125628965393
2026-07-26 12:46:26.357126,VOYG,30m,2026-05-01 09:30:00-04:00,2026-07-26,7,0.7,1.2,2.0,0.7,80,0.3625,-30.321596497448326,-0.3790199562181041
2026-07-26 12:46:26.357126,VOYG,30m,2026-05-01 09:30:00-04:00,2026-07-26,7,0.7,1.2,2.5,0.3,94,0.39361702127659576,39.200449380886866,0.4170260572434773
2026-07-26 12:46:26.357126,VOYG,30m,2026-05-01 09:30:00-04:00,2026-07-26,7,0.7,1.2,2.5,0.5,87,0.40229885057471265,24.401657092147566,0.28047881715112144
2026-07-26 12:46:26.357126,VOYG,30m,2026-05-01 09:30:00-04:00,2026-07-26,7,0.7,1.2,2.5,0.7,76,0.39473684210526316,-29.03240165678521,-0.38200528495770014
2026-07-26 12:46:26.357126,VOYG,30m,2026-05-01 09:30:00-04:00,2026-07-26,7,0.7,1.2,3.0,0.3,86,0.37209302325581395,128.9034589087395,1.4988774291713896
2026-07-26 12:46:26.357126,VOYG,30m,2026-05-01 09:30:00-04:00,2026-07-26,7,0.7,1.2,3.0,0.5,80,0.3875,101.49857212798989,1.2687321515998735
2026-07-26 12:46:26.357126,VOYG,30m,2026-05-01 09:30:00-04:00,2026-07-26,7,0.7,1.2,3.0,0.7,69,0.391304347826087,53.47403546248344,0.7749860211954122
2026-07-26 12:46:26.357126,VOYG,30m,2026-05-01 09:30:00-04:00,2026-07-26,7,0.7,1.2,3.5,0.3,82,0.3780487804878049,134.75521048636674,1.6433562254434968
2026-07-26 12:46:26.357126,VOYG,30m,2026-05-01 09:30:00-04:00,2026-07-26,7,0.7,1.2,3.5,0.5,77,0.37662337662337664,78.66758825841444,1.0216569903690187
2026-07-26 12:46:26.357126,VOYG,30m,2026-05-01 09:30:00-04:00,2026-07-26,7,0.7,1.2,3.5,0.7,68,0.35294117647058826,19.26121048118202,0.2832530953115003
2026-07-26 12:46:26.357126,VOYG,30m,2026-05-01 09:30:00-04:00,2026-07-26,7,0.7,1.5,1.0,0.3,99,0.3939393939393939,16.80735217409964,0.16977123408181455
2026-07-26 12:46:26.357126,VOYG,30m,2026-05-01 09:30:00-04:00,2026-07-26,7,0.7,1.5,1.0,0.5,93,0.3870967741935484,21.307186472780906,0.22910953196538608
2026-07-26 12:46:26.357126,VOYG,30m,2026-05-01 09:30:00-04:00,2026-07-26,7,0.7,1.5,1.0,0.7,82,0.4146341463414634,29.909856543865132,0.3647543480959162
2026-07-26 12:46:26.357126,VOYG,30m,2026-05-01 09:30:00-04:00,2026-07-26,7,0.7,1.5,1.5,0.3,96,0.3645833333333333,30.506875967483715,0.31777995799462205
2026-07-26 12:46:26.357126,VOYG,30m,2026-05-01 09:30:00-04:00,2026-07-26,7,0.7,1.5,1.5,0.5,91,0.3516483516483517,-3.2939326649483647,-0.036197062252179835
2026-07-26 12:46:26.357126,VOYG,30m,2026-05-01 09:30:00-04:00,2026-07-26,7,0.7,1.5,1.5,0.7,79,0.35443037974683544,-8.054180566558642,-0.10195165274124864
2026-07-26 12:46:26.357126,VOYG,30m,2026-05-01 09:30:00-04:00,2026-07-26,7,0.7,1.5,2.0,0.3,89,0.3595505617977528,18.059708374778403,0.20291807162672362
2026-07-26 12:46:26.357126,VOYG,30m,2026-05-01 09:30:00-04:00,2026-07-26,7,0.7,1.5,2.0,0.5,84,0.35714285714285715,-12.178131229229798,-0.14497775272892616
2026-07-26 12:46:26.357126,VOYG,30m,2026-05-01 09:30:00-04:00,2026-07-26,7,0.7,1.5,2.0,0.7,76,0.32894736842105265,-29.421172513178874,-0.38712069096287993
2026-07-26 12:46:26.357126,VOYG,30m,2026-05-01 09:30:00-04:00,2026-07-26,7,0.7,1.5,2.5,0.3,85,0.3764705882352941,28.093318533026732,0.3305096298003145
2026-07-26 12:46:26.357126,VOYG,30m,2026-05-01 09:30:00-04:00,2026-07-26,7,0.7,1.5,2.5,0.5,80,0.3875,9.992026634813485,0.12490033293516856
2026-07-26 12:46:26.357126,VOYG,30m,2026-05-01 09:30:00-04:00,2026-07-26,7,0.7,1.5,2.5,0.7,73,0.3698630136986301,-12.125795199374629,-0.16610678355307712
2026-07-26 12:46:26.357126,VOYG,30m,2026-05-01 09:30:00-04:00,2026-07-26,7,0.7,1.5,3.0,0.3,77,0.38961038961038963,143.45730938829146,1.8630819401076812
2026-07-26 12:46:26.357126,VOYG,30m,2026-05-01 09:30:00-04:00,2026-07-26,7,0.7,1.5,3.0,0.5,73,0.3972602739726027,111.07942307617319,1.5216359325503177
2026-07-26 12:46:26.357126,VOYG,30m,2026-05-01 09:30:00-04:00,2026-07-26,7,0.7,1.5,3.0,0.7,67,0.3880597014925373,76.64792797136775,1.1439989249457874
2026-07-26 12:46:26.357126,VOYG,30m,2026-05-01 09:30:00-04:00,2026-07-26,7,0.7,1.5,3.5,0.3,77,0.38961038961038963,101.25991452540748,1.315063825005292
2026-07-26 12:46:26.357126,VOYG,30m,2026-05-01 09:30:00-04:00,2026-07-26,7,0.7,1.5,3.5,0.5,73,0.3972602739726027,73.4816582730137,1.006598058534434
2026-07-26 12:46:26.357126,VOYG,30m,2026-05-01 09:30:00-04:00,2026-07-26,7,0.7,1.5,3.5,0.7,67,0.3880597014925373,28.41536733156054,0.4241099601725454
2026-07-26 12:46:26.357126,VOYG,30m,2026-05-01 09:30:00-04:00,2026-07-26,7,0.7,1.8,1.0,0.3,84,0.40476190476190477,25.27762990351107,0.30092416551798895
2026-07-26 12:46:26.357126,VOYG,30m,2026-05-01 09:30:00-04:00,2026-07-26,7,0.7,1.8,1.0,0.5,80,0.3875,24.385994059860465,0.3048249257482558
2026-07-26 12:46:26.357126,VOYG,30m,2026-05-01 09:30:00-04:00,2026-07-26,7,0.7,1.8,1.0,0.7,73,0.4383561643835616,33.81509324254008,0.46322045537726136
2026-07-26 12:46:26.357126,VOYG,30m,2026-05-01 09:30:00-04:00,2026-07-26,7,0.7,1.8,1.5,0.3,81,0.35802469135802467,-12.187905072930256,-0.1504679638633365
2026-07-26 12:46:26.357126,VOYG,30m,2026-05-01 09:30:00-04:00,2026-07-26,7,0.7,1.8,1.5,0.5,77,0.35064935064935066,-14.92036682263457,-0.19377099769655284
2026-07-26 12:46:26.357126,VOYG,30m,2026-05-01 09:30:00-04:00,2026-07-26,7,0.7,1.8,1.5,0.7,70,0.38571428571428573,-3.775749084415878,-0.05393927263451254
2026-07-26 12:46:26.357126,VOYG,30m,2026-05-01 09:30:00-04:00,2026-07-26,7,0.7,1.8,2.0,0.3,77,0.36363636363636365,-7.922230530819121,-0.10288611078985871
2026-07-26 12:46:26.357126,VOYG,30m,2026-05-01 09:30:00-04:00,2026-07-26,7,0.7,1.8,2.0,0.5,73,0.3698630136986301,-17.71786742351722,-0.2427105126509208
2026-07-26 12:46:26.357126,VOYG,30m,2026-05-01 09:30:00-04:00,2026-07-26,7,0.7,1.8,2.0,0.7,67,0.373134328358209,-11.164562851068709,-0.16663526643386134
2026-07-26 12:46:26.357126,VOYG,30m,2026-05-01 09:30:00-04:00,2026-07-26,7,0.7,1.8,2.5,0.3,74,0.36486486486486486,9.911354370091843,0.13393722121745733
2026-07-26 12:46:26.357126,VOYG,30m,2026-05-01 09:30:00-04:00,2026-07-26,7,0.7,1.8,2.5,0.5,70,0.38571428571428573,4.604308254219163,0.0657758322031309
2026-07-26 12:46:26.357126,VOYG,30m,2026-05-01 09:30:00-04:00,2026-07-26,7,0.7,1.8,2.5,0.7,64,0.390625,12.177713129489973,0.19027676764828083
2026-07-26 12:46:26.357126,VOYG,30m,2026-05-01 09:30:00-04:00,2026-07-26,7,0.7,1.8,3.0,0.3,69,0.37681159420289856,107.83810645149174,1.5628711079926338
2026-07-26 12:46:26.357126,VOYG,30m,2026-05-01 09:30:00-04:00,2026-07-26,7,0.7,1.8,3.0,0.5,66,0.3939393939393939,87.73895621903208,1.329378124530789
2026-07-26 12:46:26.357126,VOYG,30m,2026-05-01 09:30:00-04:00,2026-07-26,7,0.7,1.8,3.0,0.7,61,0.39344262295081966,66.69190341179106,1.0933098919965747
2026-07-26 12:46:26.357126,VOYG,30m,2026-05-01 09:30:00-04:00,2026-07-26,7,0.7,1.8,3.5,0.3,69,0.37681159420289856,72.76063382742689,1.0545019395279258
2026-07-26 12:46:26.357126,VOYG,30m,2026-05-01 09:30:00-04:00,2026-07-26,7,0.7,1.8,3.5,0.5,66,0.3939393939393939,55.27641300756006,0.8375214092054555
2026-07-26 12:46:26.357126,VOYG,30m,2026-05-01 09:30:00-04:00,2026-07-26,7,0.7,1.8,3.5,0.7,61,0.39344262295081966,23.798128073673475,0.3901332471094012
2026-07-26 12:46:26.357126,VOYG,30m,2026-05-01 09:30:00-04:00,2026-07-26,7,0.7,2.0,1.0,0.3,78,0.4230769230769231,28.34404254203598,0.36338516079533306
2026-07-26 12:46:26.357126,VOYG,30m,2026-05-01 09:30:00-04:00,2026-07-26,7,0.7,2.0,1.0,0.5,75,0.4,24.353198121549582,0.32470930828732775
2026-07-26 12:46:26.357126,VOYG,30m,2026-05-01 09:30:00-04:00,2026-07-26,7,0.7,2.0,1.0,0.7,68,0.45588235294117646,33.782297304229196,0.4967984897680764
2026-07-26 12:46:26.357126,VOYG,30m,2026-05-01 09:30:00-04:00,2026-07-26,7,0.7,2.0,1.5,0.3,75,0.38666666666666666,2.0725429221105074,0.0276339056281401
2026-07-26 12:46:26.357126,VOYG,30m,2026-05-01 09:30:00-04:00,2026-07-26,7,0.7,2.0,1.5,0.5,72,0.3611111111111111,-4.738331692847488,-0.06581016240065957
2026-07-26 12:46:26.357126,VOYG,30m,2026-05-01 09:30:00-04:00,2026-07-26,7,0.7,2.0,1.5,0.7,65,0.4,6.406286045371203,0.09855824685186466
2026-07-26 12:46:26.357126,VOYG,30m,2026-05-01 09:30:00-04:00,2026-07-26,7,0.7,2.0,2.0,0.3,71,0.38028169014084506,12.168811378661921,0.1713917095586186
2026-07-26 12:46:26.357126,VOYG,30m,2026-05-01 09:30:00-04:00,2026-07-26,7,0.7,2.0,2.0,0.5,68,0.36764705882352944,-2.9360006776892433,-0.04317648055425358
2026-07-26 12:46:26.357126,VOYG,30m,2026-05-01 09:30:00-04:00,2026-07-26,7,0.7,2.0,2.0,0.7,62,0.3709677419354839,3.6173038947592673,0.058343611205794635
2026-07-26 12:46:26.357126,VOYG,30m,2026-05-01 09:30:00-04:00,2026-07-26,7,0.7,2.0,2.5,0.3,68,0.39705882352941174,35.00117729228997,0.5147231954748525
2026-07-26 12:46:26.357126,VOYG,30m,2026-05-01 09:30:00-04:00,2026-07-26,7,0.7,2.0,2.5,0.5,65,0.4,23.35766222185093,0.3593486495669374
2026-07-26 12:46:26.357126,VOYG,30m,2026-05-01 09:30:00-04:00,2026-07-26,7,0.7,2.0,2.5,0.7,59,0.4067796610169492,30.93106709712174,0.5242553745274872
2026-07-26 12:46:26.357126,VOYG,30m,2026-05-01 09:30:00-04:00,2026-07-26,7,0.7,2.0,3.0,0.3,64,0.421875,138.99450571798292,2.171789151843483
2026-07-26 12:46:26.357126,VOYG,30m,2026-05-01 09:30:00-04:00,2026-07-26,7,0.7,2.0,3.0,0.5,62,0.41935483870967744,111.53159274004355,1.7988966570974767
2026-07-26 12:46:26.357126,VOYG,30m,2026-05-01 09:30:00-04:00,2026-07-26,7,0.7,2.0,3.0,0.7,56,0.4107142857142857,87.05653993280251,1.5545810702286162
2026-07-26 12:46:26.357126,VOYG,30m,2026-05-01 09:30:00-04:00,2026-07-26,7,0.7,2.0,3.5,0.3,64,0.40625,100.99893669308943,1.5781083858295224
2026-07-26 12:46:26.357126,VOYG,30m,2026-05-01 09:30:00-04:00,2026-07-26,7,0.7,2.0,3.5,0.5,62,0.4032258064516129,74.8755382188269,1.2076699712714016
2026-07-26 12:46:26.357126,VOYG,30m,2026-05-01 09:30:00-04:00,2026-07-26,7,0.7,2.0,3.5,0.7,56,0.39285714285714285,39.96925328494026,0.7137366658025046
2026-07-26 12:46:26.357126,VOYG,30m,2026-05-01 09:30:00-04:00,2026-07-26,7,0.7,2.5,1.0,0.3,61,0.39344262295081966,12.408252895279013,0.20341398188981988
2026-07-26 12:46:26.357126,VOYG,30m,2026-05-01 09:30:00-04:00,2026-07-26,7,0.7,2.5,1.0,0.5,59,0.3728813559322034,8.746608474792659,0.14824760126767217
2026-07-26 12:46:26.357126,VOYG,30m,2026-05-01 09:30:00-04:00,2026-07-26,7,0.7,2.5,1.0,0.7,53,0.41509433962264153,10.780143294751383,0.20339893008964874
2026-07-26 12:46:26.357126,VOYG,30m,2026-05-01 09:30:00-04:00,2026-07-26,7,0.7,2.5,1.5,0.3,59,0.3559322033898305,-27.50038476618105,-0.46610821637595
2026-07-26 12:46:26.357126,VOYG,30m,2026-05-01 09:30:00-04:00,2026-07-26,7,0.7,2.5,1.5,0.5,57,0.3333333333333333,-34.26892995795615,-0.6012092975080027
2026-07-26 12:46:26.357126,VOYG,30m,2026-05-01 09:30:00-04:00,2026-07-26,7,0.7,2.5,1.5,0.7,52,0.38461538461538464,-11.094108840132648,-0.21334824692562784
2026-07-26 12:46:26.357126,VOYG,30m,2026-05-01 09:30:00-04:00,2026-07-26,7,0.7,2.5,2.0,0.3,59,0.3559322033898305,-24.82843070524023,-0.42082085941085134
2026-07-26 12:46:26.357126,VOYG,30m,2026-05-01 09:30:00-04:00,2026-07-26,7,0.7,2.5,2.0,0.5,57,0.3333333333333333,-40.11265980172997,-0.7037308737145609
2026-07-26 12:46:26.357126,VOYG,30m,2026-05-01 09:30:00-04:00,2026-07-26,7,0.7,2.5,2.0,0.7,52,0.34615384615384615,-23.178234230126655,-0.44573527365628185
2026-07-26 12:46:26.357126,VOYG,30m,2026-05-01 09:30:00-04:00,2026-07-26,7,0.7,2.5,2.5,0.3,56,0.39285714285714285,-11.157583695806075,-0.19924256599653706
2026-07-26 12:46:26.357126,VOYG,30m,2026-05-01 09:30:00-04:00,2026-07-26,7,0.7,2.5,2.5,0.5,54,0.3888888888888889,-23.600370066418286,-0.43704389011885714
2026-07-26 12:46:26.357126,VOYG,30m,2026-05-01 09:30:00-04:00,2026-07-26,7,0.7,2.5,2.5,0.7,50,0.4,-1.8936637909024867,-0.03787327581804974
2026-07-26 12:46:26.357126,VOYG,30m,2026-05-01 09:30:00-04:00,2026-07-26,7,0.7,2.5,3.0,0.3,53,0.41509433962264153,76.5062252937609,1.4435136847879417
2026-07-26 12:46:26.357126,VOYG,30m,2026-05-01 09:30:00-04:00,2026-07-26,7,0.7,2.5,3.0,0.5,52,0.40384615384615385,47.624186755613636,0.9158497453002622
2026-07-26 12:46:26.357126,VOYG,30m,2026-05-01 09:30:00-04:00,2026-07-26,7,0.7,2.5,3.0,0.7,48,0.3958333333333333,63.50331972652586,1.3229858276359554
2026-07-26 12:46:26.357126,VOYG,30m,2026-05-01 09:30:00-04:00,2026-07-26,7,0.7,2.5,3.5,0.3,53,0.4339622641509434,41.88576550687806,0.7902974623939256
2026-07-26 12:46:26.357126,VOYG,30m,2026-05-01 09:30:00-04:00,2026-07-26,7,0.7,2.5,3.5,0.5,52,0.4230769230769231,13.723387212372991,0.26391129254563445
2026-07-26 12:46:26.357126,VOYG,30m,2026-05-01 09:30:00-04:00,2026-07-26,7,0.7,2.5,3.5,0.7,48,0.4166666666666667,32.913343526848315,0.6856946568093399
2026-07-26 12:46:26.357126,VOYG,30m,2026-05-01 09:30:00-04:00,2026-07-26,7,0.7,3.0,1.0,0.3,51,0.39215686274509803,18.01852722348496,0.3533044553624502
2026-07-26 12:46:26.357126,VOYG,30m,2026-05-01 09:30:00-04:00,2026-07-26,7,0.7,3.0,1.0,0.5,50,0.38,15.966258265864077,0.31932516531728156
2026-07-26 12:46:26.357126,VOYG,30m,2026-05-01 09:30:00-04:00,2026-07-26,7,0.7,3.0,1.0,0.7,44,0.4318181818181818,17.9997930858228,0.40908620649597277
2026-07-26 12:46:26.357126,VOYG,30m,2026-05-01 09:30:00-04:00,2026-07-26,7,0.7,3.0,1.5,0.3,49,0.3469387755102041,-16.941289813083387,-0.3457406084302732
2026-07-26 12:46:26.357126,VOYG,30m,2026-05-01 09:30:00-04:00,2026-07-26,7,0.7,3.0,1.5,0.5,48,0.3333333333333333,-18.244693249514725,-0.38009777603155676
2026-07-26 12:46:26.357126,VOYG,30m,2026-05-01 09:30:00-04:00,2026-07-26,7,0.7,3.0,1.5,0.7,43,0.3953488372093023,4.93012786830878,0.11465413647229722
2026-07-26 12:46:26.357126,VOYG,30m,2026-05-01 09:30:00-04:00,2026-07-26,7,0.7,3.0,2.0,0.3,49,0.3673469387755102,-14.442472941899744,-0.294744345753056
2026-07-26 12:46:26.357126,VOYG,30m,2026-05-01 09:30:00-04:00,2026-07-26,7,0.7,3.0,2.0,0.5,48,0.3541666666666667,-14.997010857141468,-0.31243772619044724
2026-07-26 12:46:26.357126,VOYG,30m,2026-05-01 09:30:00-04:00,2026-07-26,7,0.7,3.0,2.0,0.7,43,0.37209302325581395,1.9374147144618448,0.04505615615027546
2026-07-26 12:46:26.357126,VOYG,30m,2026-05-01 09:30:00-04:00,2026-07-26,7,0.7,3.0,2.5,0.3,48,0.4166666666666667,-9.048552886638142,-0.18851151847162795
2026-07-26 12:46:26.357126,VOYG,30m,2026-05-01 09:30:00-04:00,2026-07-26,7,0.7,3.0,2.5,0.5,47,0.425531914893617,-8.854225280690322,-0.1883877719295813
2026-07-26 12:46:26.357126,VOYG,30m,2026-05-01 09:30:00-04:00,2026-07-26,7,0.7,3.0,2.5,0.7,42,0.4523809523809524,14.257555429710713,0.3394656054693027
2026-07-26 12:46:26.357126,VOYG,30m,2026-05-01 09:30:00-04:00,2026-07-26,7,0.7,3.0,3.0,0.3,48,0.3958333333333333,23.758165776953,0.49496178701985416
2026-07-26 12:46:26.357126,VOYG,30m,2026-05-01 09:30:00-04:00,2026-07-26,7,0.7,3.0,3.0,0.5,47,0.40425531914893614,24.701358904090434,0.525560827746605
2026-07-26 12:46:26.357126,VOYG,30m,2026-05-01 09:30:00-04:00,2026-07-26,7,0.7,3.0,3.0,0.7,42,0.40476190476190477,42.486581196864925,1.011585266592022
2026-07-26 12:46:26.357126,VOYG,30m,2026-05-01 09:30:00-04:00,2026-07-26,7,0.7,3.0,3.5,0.3,48,0.3958333333333333,-6.6288433243503775,-0.13810090259063287
2026-07-26 12:46:26.357126,VOYG,30m,2026-05-01 09:30:00-04:00,2026-07-26,7,0.7,3.0,3.5,0.5,47,0.40425531914893614,-4.936784676023329,-0.1050379718302836
2026-07-26 12:46:26.357126,VOYG,30m,2026-05-01 09:30:00-04:00,2026-07-26,7,0.7,3.0,3.5,0.7,42,0.40476190476190477,16.66027584729136,0.39667323445931807
2026-07-26 12:46:26.357126,VOYG,30m,2026-05-01 09:30:00-04:00,2026-07-26,7,0.7,3.5,1.0,0.3,40,0.425,29.629210140289572,0.7407302535072393
2026-07-26 12:46:26.357126,VOYG,30m,2026-05-01 09:30:00-04:00,2026-07-26,7,0.7,3.5,1.0,0.5,39,0.41025641025641024,27.57694118266869,0.7071010559658638
2026-07-26 12:46:26.357126,VOYG,30m,2026-05-01 09:30:00-04:00,2026-07-26,7,0.7,3.5,1.0,0.7,33,0.45454545454545453,27.41208408155881,0.8306692145926912
2026-07-26 12:46:26.357126,VOYG,30m,2026-05-01 09:30:00-04:00,2026-07-26,7,0.7,3.5,1.5,0.3,40,0.4,10.608879279615486,0.26522198199038716
2026-07-26 12:46:26.357126,VOYG,30m,2026-05-01 09:30:00-04:00,2026-07-26,7,0.7,3.5,1.5,0.5,39,0.38461538461538464,9.305475843184148,0.23860194469702942
2026-07-26 12:46:26.357126,VOYG,30m,2026-05-01 09:30:00-04:00,2026-07-26,7,0.7,3.5,1.5,0.7,33,0.42424242424242425,16.325034852450386,0.49469802583182987
2026-07-26 12:46:26.357126,VOYG,30m,2026-05-01 09:30:00-04:00,2026-07-26,7,0.7,3.5,2.0,0.3,40,0.375,17.32127297456543,0.4330318243641358
2026-07-26 12:46:26.357126,VOYG,30m,2026-05-01 09:30:00-04:00,2026-07-26,7,0.7,3.5,2.0,0.5,39,0.358974358974359,16.766735059323707,0.42991628357240275
2026-07-26 12:46:26.357126,VOYG,30m,2026-05-01 09:30:00-04:00,2026-07-26,7,0.7,3.5,2.0,0.7,33,0.3939393939393939,25.39516325381463,0.7695504016307464
2026-07-26 12:46:26.357126,VOYG,30m,2026-05-01 09:30:00-04:00,2026-07-26,7,0.7,3.5,2.5,0.3,40,0.4,28.738775485567984,0.7184693871391996
2026-07-26 12:46:26.357126,VOYG,30m,2026-05-01 09:30:00-04:00,2026-07-26,7,0.7,3.5,2.5,0.5,39,0.41025641025641024,28.933103091515804,0.741874438243995
2026-07-26 12:46:26.357126,VOYG,30m,2026-05-01 09:30:00-04:00,2026-07-26,7,0.7,3.5,2.5,0.7,33,0.45454545454545453,45.50613833462943,1.3789738889281646
2026-07-26 12:46:26.357126,VOYG,30m,2026-05-01 09:30:00-04:00,2026-07-26,7,0.7,3.5,3.0,0.3,39,0.358974358974359,46.783376054526116,1.1995737449878492
2026-07-26 12:46:26.357126,VOYG,30m,2026-05-01 09:30:00-04:00,2026-07-26,7,0.7,3.5,3.0,0.5,38,0.3684210526315789,47.72656918166355,1.255962346885883
2026-07-26 12:46:26.357126,VOYG,30m,2026-05-01 09:30:00-04:00,2026-07-26,7,0.7,3.5,3.0,0.7,33,0.3939393939393939,66.61856445580955,2.0187443774487743
2026-07-26 12:46:26.357126,VOYG,30m,2026-05-01 09:30:00-04:00,2026-07-26,7,0.7,3.5,3.5,0.3,38,0.3684210526315789,27.162206347573843,0.7147949038835222
2026-07-26 12:46:26.357126,VOYG,30m,2026-05-01 09:30:00-04:00,2026-07-26,7,0.7,3.5,3.5,0.5,37,0.3783783783783784,28.85426499590089,0.7798449998892133
2026-07-26 12:46:26.357126,VOYG,30m,2026-05-01 09:30:00-04:00,2026-07-26,7,0.7,3.5,3.5,0.7,32,0.40625,51.917560664148965,1.6224237707546552
2026-07-26 12:46:26.357126,VOYG,30m,2026-05-01 09:30:00-04:00,2026-07-26,7,1.0,0.5,1.0,0.3,122,0.39344262295081966,12.511364356193937,0.10255216685404867
2026-07-26 12:46:26.357126,VOYG,30m,2026-05-01 09:30:00-04:00,2026-07-26,7,1.0,0.5,1.0,0.5,105,0.38095238095238093,-12.678467157309008,-0.12074730626008578
2026-07-26 12:46:26.357126,VOYG,30m,2026-05-01 09:30:00-04:00,2026-07-26,7,1.0,0.5,1.0,0.7,79,0.3670886075949367,-8.845149271895671,-0.11196391483412242
2026-07-26 12:46:26.357126,VOYG,30m,2026-05-01 09:30:00-04:00,2026-07-26,7,1.0,0.5,1.5,0.3,104,0.40384615384615385,118.16547599510773,1.1362064999529589
2026-07-26 12:46:26.357126,VOYG,30m,2026-05-01 09:30:00-04:00,2026-07-26,7,1.0,0.5,1.5,0.5,95,0.3473684210526316,48.511145953301664,0.5106436416137017
2026-07-26 12:46:26.357126,VOYG,30m,2026-05-01 09:30:00-04:00,2026-07-26,7,1.0,0.5,1.5,0.7,72,0.3333333333333333,49.66623027243326,0.6898087537837952
2026-07-26 12:46:26.357126,VOYG,30m,2026-05-01 09:30:00-04:00,2026-07-26,7,1.0,0.5,2.0,0.3,92,0.3695652173913043,122.70887692194356,1.3337921404559083
2026-07-26 12:46:26.357126,VOYG,30m,2026-05-01 09:30:00-04:00,2026-07-26,7,1.0,0.5,2.0,0.5,85,0.3058823529411765,38.21754307763225,0.44961815385449705
2026-07-26 12:46:26.357126,VOYG,30m,2026-05-01 09:30:00-04:00,2026-07-26,7,1.0,0.5,2.0,0.7,67,0.26865671641791045,27.39593816259009,0.40889459944164314
2026-07-26 12:46:26.357126,VOYG,30m,2026-05-01 09:30:00-04:00,2026-07-26,7,1.0,0.5,2.5,0.3,84,0.39285714285714285,93.13331969524646,1.1087299963719817
2026-07-26 12:46:26.357126,VOYG,30m,2026-05-01 09:30:00-04:00,2026-07-26,7,1.0,0.5,2.5,0.5,78,0.358974358974359,38.18880298812459,0.48960003830928966
2026-07-26 12:46:26.357126,VOYG,30m,2026-05-01 09:30:00-04:00,2026-07-26,7,1.0,0.5,2.5,0.7,63,0.31746031746031744,35.150612886395116,0.5579462362919859
2026-07-26 12:46:26.357126,VOYG,30m,2026-05-01 09:30:00-04:00,2026-07-26,7,1.0,0.5,3.0,0.3,80,0.4125,163.91232498401348,2.0489040623001684
2026-07-26 12:46:26.357126,VOYG,30m,2026-05-01 09:30:00-04:00,2026-07-26,7,1.0,0.5,3.0,0.5,76,0.3815789473684211,96.94308293509762,1.2755668807249687
2026-07-26 12:46:26.357126,VOYG,30m,2026-05-01 09:30:00-04:00,2026-07-26,7,1.0,0.5,3.0,0.7,61,0.36065573770491804,104.55571245847408,1.714028073089739
2026-07-26 12:46:26.357126,VOYG,30m,2026-05-01 09:30:00-04:00,2026-07-26,7,1.0,0.5,3.5,0.3,78,0.4230769230769231,154.88916293181396,1.98575849912582
2026-07-26 12:46:26.357126,VOYG,30m,2026-05-01 09:30:00-04:00,2026-07-26,7,1.0,0.5,3.5,0.5,74,0.3918918918918919,91.890589911744,1.2417647285370812
2026-07-26 12:46:26.357126,VOYG,30m,2026-05-01 09:30:00-04:00,2026-07-26,7,1.0,0.5,3.5,0.7,60,0.38333333333333336,85.07449802705199,1.4179083004508664
2026-07-26 12:46:26.357126,VOYG,30m,2026-05-01 09:30:00-04:00,2026-07-26,7,1.0,0.8,1.0,0.3,103,0.3786407766990291,-31.672785438060707,-0.3075027712433078
2026-07-26 12:46:26.357126,VOYG,30m,2026-05-01 09:30:00-04:00,2026-07-26,7,1.0,0.8,1.0,0.5,97,0.36082474226804123,-42.31831300654174,-0.4362712681086778
2026-07-26 12:46:26.357126,VOYG,30m,2026-05-01 09:30:00-04:00,2026-07-26,7,1.0,0.8,1.0,0.7,77,0.36363636363636365,-23.936520134383095,-0.3108638978491311
2026-07-26 12:46:26.357126,VOYG,30m,2026-05-01 09:30:00-04:00,2026-07-26,7,1.0,0.8,1.5,0.3,93,0.3118279569892473,-35.04308680249058,-0.37680738497301697
2026-07-26 12:46:26.357126,VOYG,30m,2026-05-01 09:30:00-04:00,2026-07-26,7,1.0,0.8,1.5,0.5,89,0.3146067415730337,-26.9228826287344,-0.3025042991992629
2026-07-26 12:46:26.357126,VOYG,30m,2026-05-01 09:30:00-04:00,2026-07-26,7,1.0,0.8,1.5,0.7,72,0.3333333333333333,8.891398221984694,0.12349164197200964
2026-07-26 12:46:26.357126,VOYG,30m,2026-05-01 09:30:00-04:00,2026-07-26,7,1.0,0.8,2.0,0.3,84,0.30952380952380953,-28.868618991625922,-0.3436740356145943
2026-07-26 12:46:26.357126,VOYG,30m,2026-05-01 09:30:00-04:00,2026-07-26,7,1.0,0.8,2.0,0.5,80,0.3,-25.29915284538862,-0.3162394105673577
2026-07-26 12:46:26.357126,VOYG,30m,2026-05-01 09:30:00-04:00,2026-07-26,7,1.0,0.8,2.0,0.7,67,0.29850746268656714,-2.657146282329819,-0.039658899736265955
2026-07-26 12:46:26.357126,VOYG,30m,2026-05-01 09:30:00-04:00,2026-07-26,7,1.0,0.8,2.5,0.3,79,0.31645569620253167,-38.48356672490788,-0.48713375601149217
2026-07-26 12:46:26.357126,VOYG,30m,2026-05-01 09:30:00-04:00,2026-07-26,7,1.0,0.8,2.5,0.5,75,0.32,-25.55586442974966,-0.3407448590633288
2026-07-26 12:46:26.357126,VOYG,30m,2026-05-01 09:30:00-04:00,2026-07-26,7,1.0,0.8,2.5,0.7,63,0.31746031746031744,-4.96990447791557,-0.0788873726653265
2026-07-26 12:46:26.357126,VOYG,30m,2026-05-01 09:30:00-04:00,2026-07-26,7,1.0,0.8,3.0,0.3,77,0.33766233766233766,12.887736254806555,0.16737319811437085
2026-07-26 12:46:26.357126,VOYG,30m,2026-05-01 09:30:00-04:00,2026-07-26,7,1.0,0.8,3.0,0.5,73,0.3561643835616438,28.342579008996303,0.3882545069725521
2026-07-26 12:46:26.357126,VOYG,30m,2026-05-01 09:30:00-04:00,2026-07-26,7,1.0,0.8,3.0,0.7,61,0.36065573770491804,64.67689162130137,1.0602769118246125
2026-07-26 12:46:26.357126,VOYG,30m,2026-05-01 09:30:00-04:00,2026-07-26,7,1.0,0.8,3.5,0.3,76,0.35526315789473684,4.267748643986877,0.05615458742087996
2026-07-26 12:46:26.357126,VOYG,30m,2026-05-01 09:30:00-04:00,2026-07-26,7,1.0,0.8,3.5,0.5,72,0.3611111111111111,-1.8761335716136074,-0.026057410716855658
2026-07-26 12:46:26.357126,VOYG,30m,2026-05-01 09:30:00-04:00,2026-07-26,7,1.0,0.8,3.5,0.7,60,0.36666666666666664,44.619683666352614,0.7436613944392102
2026-07-26 12:46:26.357126,VOYG,30m,2026-05-01 09:30:00-04:00,2026-07-26,7,1.0,1.0,1.0,0.3,96,0.3958333333333333,-8.332322576270812,-0.0867950268361543
2026-07-26 12:46:26.357126,VOYG,30m,2026-05-01 09:30:00-04:00,2026-07-26,7,1.0,1.0,1.0,0.5,89,0.39325842696629215,-8.114663017877639,-0.0911759889649173
2026-07-26 12:46:26.357126,VOYG,30m,2026-05-01 09:30:00-04:00,2026-07-26,7,1.0,1.0,1.0,0.7,71,0.39436619718309857,7.0642374896179305,0.09949630267067508
2026-07-26 12:46:26.357126,VOYG,30m,2026-05-01 09:30:00-04:00,2026-07-26,7,1.0,1.0,1.5,0.3,88,0.32954545454545453,-16.565421944747392,-0.18824343119031128
2026-07-26 12:46:26.357126,VOYG,30m,2026-05-01 09:30:00-04:00,2026-07-26,7,1.0,1.0,1.5,0.5,84,0.34523809523809523,-13.973901143627955,-0.1663559659955709
2026-07-26 12:46:26.357126,VOYG,30m,2026-05-01 09:30:00-04:00,2026-07-26,7,1.0,1.0,1.5,0.7,68,0.36764705882352944,17.65623546656471,0.2596505215671281
2026-07-26 12:46:26.357126,VOYG,30m,2026-05-01 09:30:00-04:00,2026-07-26,7,1.0,1.0,2.0,0.3,83,0.3373493975903614,7.78256681600827,0.09376586525311169
2026-07-26 12:46:26.357126,VOYG,30m,2026-05-01 09:30:00-04:00,2026-07-26,7,1.0,1.0,2.0,0.5,79,0.3291139240506329,7.006729282807072,0.08869277573173509
2026-07-26 12:46:26.357126,VOYG,30m,2026-05-01 09:30:00-04:00,2026-07-26,7,1.0,1.0,2.0,0.7,66,0.3333333333333333,29.44768220882179,0.44617700316396647
2026-07-26 12:46:26.357126,VOYG,30m,2026-05-01 09:30:00-04:00,2026-07-26,7,1.0,1.0,2.5,0.3,78,0.34615384615384615,-4.833584465365277,-0.06196903160724714
2026-07-26 12:46:26.357126,VOYG,30m,2026-05-01 09:30:00-04:00,2026-07-26,7,1.0,1.0,2.5,0.5,74,0.36486486486486486,3.849988230494894,0.05202686797966073
2026-07-26 12:46:26.357126,VOYG,30m,2026-05-01 09:30:00-04:00,2026-07-26,7,1.0,1.0,2.5,0.7,62,0.3709677419354839,24.234631136023843,0.3908811473552233
2026-07-26 12:46:26.357126,VOYG,30m,2026-05-01 09:30:00-04:00,2026-07-26,7,1.0,1.0,3.0,0.3,76,0.3684210526315789,49.63554140335087,0.6530992289914588
2026-07-26 12:46:26.357126,VOYG,30m,2026-05-01 09:30:00-04:00,2026-07-26,7,1.0,1.0,3.0,0.5,72,0.4027777777777778,60.94742863838305,0.8464920644219869
2026-07-26 12:46:26.357126,VOYG,30m,2026-05-01 09:30:00-04:00,2026-07-26,7,1.0,1.0,3.0,0.7,60,0.4166666666666667,97.28174125068816,1.621362354178136
2026-07-26 12:46:26.357126,VOYG,30m,2026-05-01 09:30:00-04:00,2026-07-26,7,1.0,1.0,3.5,0.3,75,0.38666666666666666,36.80350043516967,0.49071333913559556
2026-07-26 12:46:26.357126,VOYG,30m,2026-05-01 09:30:00-04:00,2026-07-26,7,1.0,1.0,3.5,0.5,71,0.4084507042253521,28.067812114006898,0.39532129738037886
2026-07-26 12:46:26.357126,VOYG,30m,2026-05-01 09:30:00-04:00,2026-07-26,7,1.0,1.0,3.5,0.7,59,0.423728813559322,74.5636293519731,1.2637903279995442
2026-07-26 12:46:26.357126,VOYG,30m,2026-05-01 09:30:00-04:00,2026-07-26,7,1.0,1.2,1.0,0.3,86,0.3953488372093023,-5.66503564269528,-0.06587250747320093
2026-07-26 12:46:26.357126,VOYG,30m,2026-05-01 09:30:00-04:00,2026-07-26,7,1.0,1.2,1.0,0.5,80,0.4125,4.084576401122462,0.05105720501403077
2026-07-26 12:46:26.357126,VOYG,30m,2026-05-01 09:30:00-04:00,2026-07-26,7,1.0,1.2,1.0,0.7,65,0.4307692307692308,23.094102624561188,0.35529388653171057
2026-07-26 12:46:26.357126,VOYG,30m,2026-05-01 09:30:00-04:00,2026-07-26,7,1.0,1.2,1.5,0.3,82,0.36585365853658536,-2.8357352734882753,-0.03458213748156433
2026-07-26 12:46:26.357126,VOYG,30m,2026-05-01 09:30:00-04:00,2026-07-26,7,1.0,1.2,1.5,0.5,77,0.37662337662337664,-23.97538672861674,-0.3113686588132044
2026-07-26 12:46:26.357126,VOYG,30m,2026-05-01 09:30:00-04:00,2026-07-26,7,1.0,1.2,1.5,0.7,63,0.38095238095238093,6.180340279359626,0.0981006393549147
2026-07-26 12:46:26.357126,VOYG,30m,2026-05-01 09:30:00-04:00,2026-07-26,7,1.0,1.2,2.0,0.3,78,0.34615384615384615,-14.862100018393932,-0.1905397438255632
2026-07-26 12:46:26.357126,VOYG,30m,2026-05-01 09:30:00-04:00,2026-07-26,7,1.0,1.2,2.0,0.5,73,0.3424657534246575,-31.96228837974263,-0.43783956684578945
2026-07-26 12:46:26.357126,VOYG,30m,2026-05-01 09:30:00-04:00,2026-07-26,7,1.0,1.2,2.0,0.7,62,0.3387096774193548,-11.209561611610155,-0.18079938083242186
2026-07-26 12:46:26.357126,VOYG,30m,2026-05-01 09:30:00-04:00,2026-07-26,7,1.0,1.2,2.5,0.3,74,0.33783783783783783,-29.145328928187944,-0.3938557963268641
2026-07-26 12:46:26.357126,VOYG,30m,2026-05-01 09:30:00-04:00,2026-07-26,7,1.0,1.2,2.5,0.5,69,0.34782608695652173,-35.94219476751225,-0.5209013734422066
2026-07-26 12:46:26.357126,VOYG,30m,2026-05-01 09:30:00-04:00,2026-07-26,7,1.0,1.2,2.5,0.7,59,0.3559322033898305,-8.481058922120184,-0.1437467613918675
2026-07-26 12:46:26.357126,VOYG,30m,2026-05-01 09:30:00-04:00,2026-07-26,7,1.0,1.2,3.0,0.3,73,0.3424657534246575,3.6808638437001306,0.050422792379453844
2026-07-26 12:46:26.357126,VOYG,30m,2026-05-01 09:30:00-04:00,2026-07-26,7,1.0,1.2,3.0,0.5,68,0.36764705882352944,0.35622483651096104,0.005238600536925897
2026-07-26 12:46:26.357126,VOYG,30m,2026-05-01 09:30:00-04:00,2026-07-26,7,1.0,1.2,3.0,0.7,58,0.3793103448275862,39.6323289766519,0.6833160168388258
2026-07-26 12:46:26.357126,VOYG,30m,2026-05-01 09:30:00-04:00,2026-07-26,7,1.0,1.2,3.5,0.3,72,0.3611111111111111,-5.0573108834885545,-0.07024042893734103
2026-07-26 12:46:26.357126,VOYG,30m,2026-05-01 09:30:00-04:00,2026-07-26,7,1.0,1.2,3.5,0.5,67,0.373134328358209,-28.787467369361742,-0.429663692080026
2026-07-26 12:46:26.357126,VOYG,30m,2026-05-01 09:30:00-04:00,2026-07-26,7,1.0,1.2,3.5,0.7,57,0.38596491228070173,17.159481698930776,0.3010435385777329
2026-07-26 12:46:26.357126,VOYG,30m,2026-05-01 09:30:00-04:00,2026-07-26,7,1.0,1.5,1.0,0.3,76,0.3815789473684211,6.938722929483099,0.0912989859142513
2026-07-26 12:46:26.357126,VOYG,30m,2026-05-01 09:30:00-04:00,2026-07-26,7,1.0,1.5,1.0,0.5,72,0.4027777777777778,18.199479931737095,0.2527705546074597
2026-07-26 12:46:26.357126,VOYG,30m,2026-05-01 09:30:00-04:00,2026-07-26,7,1.0,1.5,1.0,0.7,62,0.41935483870967744,23.317409526905628,0.37608725043396174
2026-07-26 12:46:26.357126,VOYG,30m,2026-05-01 09:30:00-04:00,2026-07-26,7,1.0,1.5,1.5,0.3,74,0.35135135135135137,11.037082190903789,0.14914975933653768
2026-07-26 12:46:26.357126,VOYG,30m,2026-05-01 09:30:00-04:00,2026-07-26,7,1.0,1.5,1.5,0.5,71,0.36619718309859156,-10.3108518265703,-0.14522326516296197
2026-07-26 12:46:26.357126,VOYG,30m,2026-05-01 09:30:00-04:00,2026-07-26,7,1.0,1.5,1.5,0.7,61,0.36065573770491804,-0.29714461163408146,-0.004871223141542319
2026-07-26 12:46:26.357126,VOYG,30m,2026-05-01 09:30:00-04:00,2026-07-26,7,1.0,1.5,2.0,0.3,72,0.3611111111111111,11.438603630552365,0.15886949486878285
2026-07-26 12:46:26.357126,VOYG,30m,2026-05-01 09:30:00-04:00,2026-07-26,7,1.0,1.5,2.0,0.5,69,0.36231884057971014,-7.589294813923956,-0.1099897799119414
2026-07-26 12:46:26.357126,VOYG,30m,2026-05-01 09:30:00-04:00,2026-07-26,7,1.0,1.5,2.0,0.7,60,0.3333333333333333,-12.36287479960162,-0.20604791332669367
2026-07-26 12:46:26.357126,VOYG,30m,2026-05-01 09:30:00-04:00,2026-07-26,7,1.0,1.5,2.5,0.3,69,0.36231884057971014,13.819395415265987,0.20028109297486937
2026-07-26 12:46:26.357126,VOYG,30m,2026-05-01 09:30:00-04:00,2026-07-26,7,1.0,1.5,2.5,0.5,66,0.3787878787878788,3.720029966467706,0.05636409040102585
2026-07-26 12:46:26.357126,VOYG,30m,2026-05-01 09:30:00-04:00,2026-07-26,7,1.0,1.5,2.5,0.7,57,0.3684210526315789,10.145788487069538,0.177996289246834
2026-07-26 12:46:26.357126,VOYG,30m,2026-05-01 09:30:00-04:00,2026-07-26,7,1.0,1.5,3.0,0.3,67,0.3880597014925373,63.199033055844865,0.9432691500872368
2026-07-26 12:46:26.357126,VOYG,30m,2026-05-01 09:30:00-04:00,2026-07-26,7,1.0,1.5,3.0,0.5,64,0.40625,54.90139451728705,0.8578342893326102
2026-07-26 12:46:26.357126,VOYG,30m,2026-05-01 09:30:00-04:00,2026-07-26,7,1.0,1.5,3.0,0.7,56,0.39285714285714285,62.23220486418722,1.1112893725747717
2026-07-26 12:46:26.357126,VOYG,30m,2026-05-01 09:30:00-04:00,2026-07-26,7,1.0,1.5,3.5,0.3,67,0.3880597014925373,26.898811261008262,0.4014747949404218
2026-07-26 12:46:26.357126,VOYG,30m,2026-05-01 09:30:00-04:00,2026-07-26,7,1.0,1.5,3.5,0.5,64,0.40625,20.651020750693505,0.322672199229586
2026-07-26 12:46:26.357126,VOYG,30m,2026-05-01 09:30:00-04:00,2026-07-26,7,1.0,1.5,3.5,0.7,55,0.38181818181818183,13.226610676746667,0.24048383048630304
2026-07-26 12:46:26.357126,VOYG,30m,2026-05-01 09:30:00-04:00,2026-07-26,7,1.0,1.8,1.0,0.3,64,0.390625,9.676132710586849,0.1511895736029195
2026-07-26 12:46:26.357126,VOYG,30m,2026-05-01 09:30:00-04:00,2026-07-26,7,1.0,1.8,1.0,0.5,63,0.3968253968253968,12.775341287422641,0.20278319503845463
2026-07-26 12:46:26.357126,VOYG,30m,2026-05-01 09:30:00-04:00,2026-07-26,7,1.0,1.8,1.0,0.7,54,0.42592592592592593,14.490117071666724,0.26833550132716155
2026-07-26 12:46:26.357126,VOYG,30m,2026-05-01 09:30:00-04:00,2026-07-26,7,1.0,1.8,1.5,0.3,63,0.3492063492063492,-8.361076200483133,-0.132715495245764
2026-07-26 12:46:26.357126,VOYG,30m,2026-05-01 09:30:00-04:00,2026-07-26,7,1.0,1.8,1.5,0.5,62,0.3709677419354839,-4.282663335229451,-0.06907521508434598
2026-07-26 12:46:26.357126,VOYG,30m,2026-05-01 09:30:00-04:00,2026-07-26,7,1.0,1.8,1.5,0.7,53,0.37735849056603776,1.3818325947483956,0.026072313108460293
2026-07-26 12:46:26.357126,VOYG,30m,2026-05-01 09:30:00-04:00,2026-07-26,7,1.0,1.8,2.0,0.3,62,0.3548387096774194,-2.604598182436355,-0.04200964810381218
2026-07-26 12:46:26.357126,VOYG,30m,2026-05-01 09:30:00-04:00,2026-07-26,7,1.0,1.8,2.0,0.5,61,0.3770491803278688,2.704576981216711,0.04433732756092969
2026-07-26 12:46:26.357126,VOYG,30m,2026-05-01 09:30:00-04:00,2026-07-26,7,1.0,1.8,2.0,0.7,52,0.36538461538461536,1.649594808908219,0.03172297709438883
2026-07-26 12:46:26.357126,VOYG,30m,2026-05-01 09:30:00-04:00,2026-07-26,7,1.0,1.8,2.5,0.3,59,0.3559322033898305,12.39155059417726,0.2100262812572417
2026-07-26 12:46:26.357126,VOYG,30m,2026-05-01 09:30:00-04:00,2026-07-26,7,1.0,1.8,2.5,0.5,58,0.3793103448275862,18.728019548743617,0.3228968887714417
2026-07-26 12:46:26.357126,VOYG,30m,2026-05-01 09:30:00-04:00,2026-07-26,7,1.0,1.8,2.5,0.7,49,0.3673469387755102,27.65202533605688,0.5643270476746302
2026-07-26 12:46:26.357126,VOYG,30m,2026-05-01 09:30:00-04:00,2026-07-26,7,1.0,1.8,3.0,0.3,58,0.3793103448275862,35.89826904587401,0.6189356732047243
2026-07-26 12:46:26.357126,VOYG,30m,2026-05-01 09:30:00-04:00,2026-07-26,7,1.0,1.8,3.0,0.5,57,0.40350877192982454,43.26203179135373,0.7589830138833987
2026-07-26 12:46:26.357126,VOYG,30m,2026-05-01 09:30:00-04:00,2026-07-26,7,1.0,1.8,3.0,0.7,48,0.3958333333333333,64.63323932798335,1.3465258193329863
2026-07-26 12:46:26.357126,VOYG,30m,2026-05-01 09:30:00-04:00,2026-07-26,7,1.0,1.8,3.5,0.3,58,0.3793103448275862,7.436219317253297,0.12821067788367754
2026-07-26 12:46:26.357126,VOYG,30m,2026-05-01 09:30:00-04:00,2026-07-26,7,1.0,1.8,3.5,0.5,57,0.40350877192982454,16.07539697164902,0.28202450827454423
2026-07-26 12:46:26.357126,VOYG,30m,2026-05-01 09:30:00-04:00,2026-07-26,7,1.0,1.8,3.5,0.7,47,0.3829787234042553,22.926606946127954,0.48780014778995645
2026-07-26 12:46:26.357126,VOYG,30m,2026-05-01 09:30:00-04:00,2026-07-26,7,1.0,2.0,1.0,0.3,59,0.4067796610169492,8.284353563250342,0.14041277225848037
2026-07-26 12:46:26.357126,VOYG,30m,2026-05-01 09:30:00-04:00,2026-07-26,7,1.0,2.0,1.0,0.5,59,0.4067796610169492,8.284353563250342,0.14041277225848037
2026-07-26 12:46:26.357126,VOYG,30m,2026-05-01 09:30:00-04:00,2026-07-26,7,1.0,2.0,1.0,0.7,50,0.44,9.999129347494424,0.1999825869498885
2026-07-26 12:46:26.357126,VOYG,30m,2026-05-01 09:30:00-04:00,2026-07-26,7,1.0,2.0,1.5,0.3,58,0.3793103448275862,-0.9379158842344637,-0.016170963521283856
2026-07-26 12:46:26.357126,VOYG,30m,2026-05-01 09:30:00-04:00,2026-07-26,7,1.0,2.0,1.5,0.5,58,0.3793103448275862,-0.9379158842344637,-0.016170963521283856
2026-07-26 12:46:26.357126,VOYG,30m,2026-05-01 09:30:00-04:00,2026-07-26,7,1.0,2.0,1.5,0.7,49,0.3877551020408163,4.726580045743383,0.09646081726006904
2026-07-26 12:46:26.357126,VOYG,30m,2026-05-01 09:30:00-04:00,2026-07-26,7,1.0,2.0,2.0,0.3,57,0.3684210526315789,8.270060155321985,0.14508877465477169
2026-07-26 12:46:26.357126,VOYG,30m,2026-05-01 09:30:00-04:00,2026-07-26,7,1.0,2.0,2.0,0.5,57,0.3684210526315789,8.270060155321985,0.14508877465477169
2026-07-26 12:46:26.357126,VOYG,30m,2026-05-01 09:30:00-04:00,2026-07-26,7,1.0,2.0,2.0,0.7,48,0.3541666666666667,7.215077983013494,0.15031412464611446
2026-07-26 12:46:26.357126,VOYG,30m,2026-05-01 09:30:00-04:00,2026-07-26,7,1.0,2.0,2.5,0.3,54,0.3888888888888889,26.654373516375287,0.4935995095625053
2026-07-26 12:46:26.357126,VOYG,30m,2026-05-01 09:30:00-04:00,2026-07-26,7,1.0,2.0,2.5,0.5,54,0.3888888888888889,26.654373516375287,0.4935995095625053
2026-07-26 12:46:26.357126,VOYG,30m,2026-05-01 09:30:00-04:00,2026-07-26,7,1.0,2.0,2.5,0.7,45,0.37777777777777777,35.57837930368855,0.7906306511930788
2026-07-26 12:46:26.357126,VOYG,30m,2026-05-01 09:30:00-04:00,2026-07-26,7,1.0,2.0,3.0,0.3,53,0.41509433962264153,52.79966831236507,0.9962201568370768
2026-07-26 12:46:26.357126,VOYG,30m,2026-05-01 09:30:00-04:00,2026-07-26,7,1.0,2.0,3.0,0.5,53,0.41509433962264153,52.79966831236507,0.9962201568370768
2026-07-26 12:46:26.357126,VOYG,30m,2026-05-01 09:30:00-04:00,2026-07-26,7,1.0,2.0,3.0,0.7,44,0.4090909090909091,74.17087584899468,1.6857017238407883
2026-07-26 12:46:26.357126,VOYG,30m,2026-05-01 09:30:00-04:00,2026-07-26,7,1.0,2.0,3.5,0.3,53,0.39622641509433965,21.41952218291572,0.4041419279795419
2026-07-26 12:46:26.357126,VOYG,30m,2026-05-01 09:30:00-04:00,2026-07-26,7,1.0,2.0,3.5,0.5,53,0.39622641509433965,21.41952218291572,0.4041419279795419
2026-07-26 12:46:26.357126,VOYG,30m,2026-05-01 09:30:00-04:00,2026-07-26,7,1.0,2.0,3.5,0.7,43,0.37209302325581395,28.27073215739464,0.6574588873812707
2026-07-26 12:46:26.357126,VOYG,30m,2026-05-01 09:30:00-04:00,2026-07-26,7,1.0,2.5,1.0,0.3,48,0.375,-6.015622531291633,-0.12532546940190903
2026-07-26 12:46:26.357126,VOYG,30m,2026-05-01 09:30:00-04:00,2026-07-26,7,1.0,2.5,1.0,0.5,48,0.375,-6.015622531291633,-0.12532546940190903
2026-07-26 12:46:26.357126,VOYG,30m,2026-05-01 09:30:00-04:00,2026-07-26,7,1.0,2.5,1.0,0.7,39,0.38461538461538464,-7.2135929461781245,-0.18496392169687498
2026-07-26 12:46:26.357126,VOYG,30m,2026-05-01 09:30:00-04:00,2026-07-26,7,1.0,2.5,1.5,0.3,47,0.3404255319148936,-20.922527735773322,-0.4451601645909217
2026-07-26 12:46:26.357126,VOYG,30m,2026-05-01 09:30:00-04:00,2026-07-26,7,1.0,2.5,1.5,0.5,47,0.3404255319148936,-20.922527735773322,-0.4451601645909217
2026-07-26 12:46:26.357126,VOYG,30m,2026-05-01 09:30:00-04:00,2026-07-26,7,1.0,2.5,1.5,0.7,38,0.34210526315789475,-14.066915222679519,-0.37018197954419785
2026-07-26 12:46:26.357126,VOYG,30m,2026-05-01 09:30:00-04:00,2026-07-26,7,1.0,2.5,2.0,0.3,47,0.3191489361702128,-23.079460736950708,-0.4910523561053342
2026-07-26 12:46:26.357126,VOYG,30m,2026-05-01 09:30:00-04:00,2026-07-26,7,1.0,2.5,2.0,0.5,47,0.3191489361702128,-23.079460736950708,-0.4910523561053342
2026-07-26 12:46:26.357126,VOYG,30m,2026-05-01 09:30:00-04:00,2026-07-26,7,1.0,2.5,2.0,0.7,38,0.3157894736842105,-18.67594491146729,-0.4914722345122971
2026-07-26 12:46:26.357126,VOYG,30m,2026-05-01 09:30:00-04:00,2026-07-26,7,1.0,2.5,2.5,0.3,44,0.36363636363636365,-8.577527893298296,-0.19494381575677944
2026-07-26 12:46:26.357126,VOYG,30m,2026-05-01 09:30:00-04:00,2026-07-26,7,1.0,2.5,2.5,0.5,44,0.36363636363636365,-8.577527893298296,-0.19494381575677944
2026-07-26 12:46:26.357126,VOYG,30m,2026-05-01 09:30:00-04:00,2026-07-26,7,1.0,2.5,2.5,0.7,36,0.3611111111111111,3.809292453670743,0.10581367926863175
2026-07-26 12:46:26.357126,VOYG,30m,2026-05-01 09:30:00-04:00,2026-07-26,7,1.0,2.5,3.0,0.3,43,0.3953488372093023,37.05329729371236,0.8617045882258689
2026-07-26 12:46:26.357126,VOYG,30m,2026-05-01 09:30:00-04:00,2026-07-26,7,1.0,2.5,3.0,0.5,43,0.3953488372093023,37.05329729371236,0.8617045882258689
2026-07-26 12:46:26.357126,VOYG,30m,2026-05-01 09:30:00-04:00,2026-07-26,7,1.0,2.5,3.0,0.7,35,0.37142857142857144,55.223599722015244,1.5778171349147212
2026-07-26 12:46:26.357126,VOYG,30m,2026-05-01 09:30:00-04:00,2026-07-26,7,1.0,2.5,3.5,0.3,43,0.4186046511627907,9.490089327821003,0.2206997518097908
2026-07-26 12:46:26.357126,VOYG,30m,2026-05-01 09:30:00-04:00,2026-07-26,7,1.0,2.5,3.5,0.5,43,0.4186046511627907,9.490089327821003,0.2206997518097908
2026-07-26 12:46:26.357126,VOYG,30m,2026-05-01 09:30:00-04:00,2026-07-26,7,1.0,2.5,3.5,0.7,35,0.4,33.94474334258536,0.9698498097881532
2026-07-26 12:46:26.357126,VOYG,30m,2026-05-01 09:30:00-04:00,2026-07-26,7,1.0,3.0,1.0,0.3,40,0.375,-1.1899550542930015,-0.029748876357325038
2026-07-26 12:46:26.357126,VOYG,30m,2026-05-01 09:30:00-04:00,2026-07-26,7,1.0,3.0,1.0,0.5,40,0.375,-1.1899550542930015,-0.029748876357325038
2026-07-26 12:46:26.357126,VOYG,30m,2026-05-01 09:30:00-04:00,2026-07-26,7,1.0,3.0,1.0,0.7,31,0.3870967741935484,-2.3879254691794927,-0.07702985384449976
2026-07-26 12:46:26.357126,VOYG,30m,2026-05-01 09:30:00-04:00,2026-07-26,7,1.0,3.0,1.5,0.3,39,0.3333333333333333,-8.614264498441031,-0.22087857688310336
2026-07-26 12:46:26.357126,VOYG,30m,2026-05-01 09:30:00-04:00,2026-07-26,7,1.0,3.0,1.5,0.5,39,0.3333333333333333,-8.614264498441031,-0.22087857688310336
2026-07-26 12:46:26.357126,VOYG,30m,2026-05-01 09:30:00-04:00,2026-07-26,7,1.0,3.0,1.5,0.7,30,0.3333333333333333,-1.7586519853472282,-0.058621732844907605
2026-07-26 12:46:26.357126,VOYG,30m,2026-05-01 09:30:00-04:00,2026-07-26,7,1.0,3.0,2.0,0.3,39,0.3333333333333333,-3.0017764205076958,-0.076968626166864
2026-07-26 12:46:26.357126,VOYG,30m,2026-05-01 09:30:00-04:00,2026-07-26,7,1.0,3.0,2.0,0.5,39,0.3333333333333333,-3.0017764205076958,-0.076968626166864
2026-07-26 12:46:26.357126,VOYG,30m,2026-05-01 09:30:00-04:00,2026-07-26,7,1.0,3.0,2.0,0.7,30,0.3333333333333333,1.4017394049757215,0.04672464683252405
2026-07-26 12:46:26.357126,VOYG,30m,2026-05-01 09:30:00-04:00,2026-07-26,7,1.0,3.0,2.5,0.3,38,0.42105263157894735,8.382960932294665,0.22060423506038593
2026-07-26 12:46:26.357126,VOYG,30m,2026-05-01 09:30:00-04:00,2026-07-26,7,1.0,3.0,2.5,0.5,38,0.42105263157894735,8.382960932294665,0.22060423506038593
2026-07-26 12:46:26.357126,VOYG,30m,2026-05-01 09:30:00-04:00,2026-07-26,7,1.0,3.0,2.5,0.7,29,0.4482758620689655,22.17485571414894,0.7646501970396187
2026-07-26 12:46:26.357126,VOYG,30m,2026-05-01 09:30:00-04:00,2026-07-26,7,1.0,3.0,3.0,0.3,38,0.39473684210526316,19.74038662554115,0.5194838585668723
2026-07-26 12:46:26.357126,VOYG,30m,2026-05-01 09:30:00-04:00,2026-07-26,7,1.0,3.0,3.0,0.5,38,0.39473684210526316,19.74038662554115,0.5194838585668723
2026-07-26 12:46:26.357126,VOYG,30m,2026-05-01 09:30:00-04:00,2026-07-26,7,1.0,3.0,3.0,0.7,29,0.3793103448275862,39.81677837570629,1.3729923577829757
2026-07-26 12:46:26.357126,VOYG,30m,2026-05-01 09:30:00-04:00,2026-07-26,7,1.0,3.0,3.5,0.3,38,0.42105263157894735,-3.675179179997876,-0.09671524157889148
2026-07-26 12:46:26.357126,VOYG,30m,2026-05-01 09:30:00-04:00,2026-07-26,7,1.0,3.0,3.5,0.5,38,0.42105263157894735,-3.675179179997876,-0.09671524157889148
2026-07-26 12:46:26.357126,VOYG,30m,2026-05-01 09:30:00-04:00,2026-07-26,7,1.0,3.0,3.5,0.7,29,0.41379310344827586,23.186579043605846,0.7995372084002016
2026-07-26 12:46:26.357126,VOYG,30m,2026-05-01 09:30:00-04:00,2026-07-26,7,1.0,3.5,1.0,0.3,31,0.3870967741935484,16.245329024210236,0.5240428717487172
2026-07-26 12:46:26.357126,VOYG,30m,2026-05-01 09:30:00-04:00,2026-07-26,7,1.0,3.5,1.0,0.5,31,0.3870967741935484,16.245329024210236,0.5240428717487172
2026-07-26 12:46:26.357126,VOYG,30m,2026-05-01 09:30:00-04:00,2026-07-26,7,1.0,3.5,1.0,0.7,23,0.391304347826087,13.580651627116502,0.5904631142224567
2026-07-26 12:46:26.357126,VOYG,30m,2026-05-01 09:30:00-04:00,2026-07-26,7,1.0,3.5,1.5,0.3,31,0.3548387096774194,2.6370555843438126,0.08506630917238105
2026-07-26 12:46:26.357126,VOYG,30m,2026-05-01 09:30:00-04:00,2026-07-26,7,1.0,3.5,1.5,0.5,31,0.3548387096774194,2.6370555843438126,0.08506630917238105
2026-07-26 12:46:26.357126,VOYG,30m,2026-05-01 09:30:00-04:00,2026-07-26,7,1.0,3.5,1.5,0.7,23,0.34782608695652173,8.020684149634327,0.34872539781018813
2026-07-26 12:46:26.357126,VOYG,30m,2026-05-01 09:30:00-04:00,2026-07-26,7,1.0,3.5,2.0,0.3,31,0.3225806451612903,10.511400792826961,0.339077444929902
2026-07-26 12:46:26.357126,VOYG,30m,2026-05-01 09:30:00-04:00,2026-07-26,7,1.0,3.5,2.0,0.5,31,0.3225806451612903,10.511400792826961,0.339077444929902
2026-07-26 12:46:26.357126,VOYG,30m,2026-05-01 09:30:00-04:00,2026-07-26,7,1.0,3.5,2.0,0.7,23,0.34782608695652173,18.553290122203308,0.8066647879218829
2026-07-26 12:46:26.357126,VOYG,30m,2026-05-01 09:30:00-04:00,2026-07-26,7,1.0,3.5,2.5,0.3,31,0.3870967741935484,26.40507842558769,0.8517767234060545
2026-07-26 12:46:26.357126,VOYG,30m,2026-05-01 09:30:00-04:00,2026-07-26,7,1.0,3.5,2.5,0.5,31,0.3870967741935484,26.40507842558769,0.8517767234060545
2026-07-26 12:46:26.357126,VOYG,30m,2026-05-01 09:30:00-04:00,2026-07-26,7,1.0,3.5,2.5,0.7,23,0.43478260869565216,43.56994008730805,1.8943452211873064
2026-07-26 12:46:26.357126,VOYG,30m,2026-05-01 09:30:00-04:00,2026-07-26,7,1.0,3.5,3.0,0.3,31,0.3548387096774194,34.21731199756824,1.1037842579860722
2026-07-26 12:46:26.357126,VOYG,30m,2026-05-01 09:30:00-04:00,2026-07-26,7,1.0,3.5,3.0,0.5,31,0.3548387096774194,34.21731199756824,1.1037842579860722
2026-07-26 12:46:26.357126,VOYG,30m,2026-05-01 09:30:00-04:00,2026-07-26,7,1.0,3.5,3.0,0.7,23,0.34782608695652173,53.79860500706506,2.3390697829158724
2026-07-26 12:46:26.357126,VOYG,30m,2026-05-01 09:30:00-04:00,2026-07-26,7,1.0,3.5,3.5,0.3,30,0.4,20.04445476878928,0.668148492292976
2026-07-26 12:46:26.357126,VOYG,30m,2026-05-01 09:30:00-04:00,2026-07-26,7,1.0,3.5,3.5,0.5,30,0.4,20.04445476878928,0.668148492292976
2026-07-26 12:46:26.357126,VOYG,30m,2026-05-01 09:30:00-04:00,2026-07-26,7,1.0,3.5,3.5,0.7,22,0.4090909090909091,46.136931128279954,2.097133233103634
2026-07-26 12:46:26.357126,VOYG,30m,2026-05-01 09:30:00-04:00,2026-07-26,7,1.2,0.5,1.0,0.3,98,0.3673469387755102,20.80078383915847,0.21225289631794356
2026-07-26 12:46:26.357126,VOYG,30m,2026-05-01 09:30:00-04:00,2026-07-26,7,1.2,0.5,1.0,0.5,82,0.34146341463414637,-19.48253300826206,-0.23759186595441537
2026-07-26 12:46:26.357126,VOYG,30m,2026-05-01 09:30:00-04:00,2026-07-26,7,1.2,0.5,1.0,0.7,60,0.38333333333333336,6.276286558656814,0.10460477597761357
2026-07-26 12:46:26.357126,VOYG,30m,2026-05-01 09:30:00-04:00,2026-07-26,7,1.2,0.5,1.5,0.3,90,0.36666666666666664,77.47054132228126,0.8607837924697919
2026-07-26 12:46:26.357126,VOYG,30m,2026-05-01 09:30:00-04:00,2026-07-26,7,1.2,0.5,1.5,0.5,77,0.3246753246753247,-5.387939327955742,-0.06997323802539925
2026-07-26 12:46:26.357126,VOYG,30m,2026-05-01 09:30:00-04:00,2026-07-26,7,1.2,0.5,1.5,0.7,57,0.3508771929824561,21.207353746785245,0.37205883766289904
2026-07-26 12:46:26.357126,VOYG,30m,2026-05-01 09:30:00-04:00,2026-07-26,7,1.2,0.5,2.0,0.3,82,0.3902439024390244,91.94235810037998,1.1212482695168289
2026-07-26 12:46:26.357126,VOYG,30m,2026-05-01 09:30:00-04:00,2026-07-26,7,1.2,0.5,2.0,0.5,73,0.3287671232876712,-7.532274547006317,-0.10318184310967557
2026-07-26 12:46:26.357126,VOYG,30m,2026-05-01 09:30:00-04:00,2026-07-26,7,1.2,0.5,2.0,0.7,55,0.32727272727272727,-1.2160210421045292,-0.02210947349280962
2026-07-26 12:46:26.357126,VOYG,30m,2026-05-01 09:30:00-04:00,2026-07-26,7,1.2,0.5,2.5,0.3,75,0.41333333333333333,80.56548170446305,1.074206422726174
2026-07-26 12:46:26.357126,VOYG,30m,2026-05-01 09:30:00-04:00,2026-07-26,7,1.2,0.5,2.5,0.5,67,0.373134328358209,4.60633388670022,0.06875125204030179
2026-07-26 12:46:26.357126,VOYG,30m,2026-05-01 09:30:00-04:00,2026-07-26,7,1.2,0.5,2.5,0.7,51,0.39215686274509803,42.19847668139014,0.8274211113998067
2026-07-26 12:46:26.357126,VOYG,30m,2026-05-01 09:30:00-04:00,2026-07-26,7,1.2,0.5,3.0,0.3,74,0.43243243243243246,124.79844302400146,1.68646544627029
2026-07-26 12:46:26.357126,VOYG,30m,2026-05-01 09:30:00-04:00,2026-07-26,7,1.2,0.5,3.0,0.5,66,0.3939393939393939,44.65826630602528,0.6766403985761407
2026-07-26 12:46:26.357126,VOYG,30m,2026-05-01 09:30:00-04:00,2026-07-26,7,1.2,0.5,3.0,0.7,50,0.42,96.394646930597,1.92789293861194
2026-07-26 12:46:26.357126,VOYG,30m,2026-05-01 09:30:00-04:00,2026-07-26,7,1.2,0.5,3.5,0.3,73,0.4383561643835616,116.95988296620129,1.6021901776191958
2026-07-26 12:46:26.357126,VOYG,30m,2026-05-01 09:30:00-04:00,2026-07-26,7,1.2,0.5,3.5,0.5,65,0.4,39.25447258166109,0.603914962794786
2026-07-26 12:46:26.357126,VOYG,30m,2026-05-01 09:30:00-04:00,2026-07-26,7,1.2,0.5,3.5,0.7,49,0.42857142857142855,74.46432019223647,1.5196800039231932
2026-07-26 12:46:26.357126,VOYG,30m,2026-05-01 09:30:00-04:00,2026-07-26,7,1.2,0.8,1.0,0.3,84,0.36904761904761907,-8.192983960725932,-0.09753552334197539
2026-07-26 12:46:26.357126,VOYG,30m,2026-05-01 09:30:00-04:00,2026-07-26,7,1.2,0.8,1.0,0.5,77,0.37662337662337664,-12.424184366596798,-0.16135304372203632
2026-07-26 12:46:26.357126,VOYG,30m,2026-05-01 09:30:00-04:00,2026-07-26,7,1.2,0.8,1.0,0.7,60,0.4,8.267265553380696,0.1377877592230116
2026-07-26 12:46:26.357126,VOYG,30m,2026-05-01 09:30:00-04:00,2026-07-26,7,1.2,0.8,1.5,0.3,79,0.34177215189873417,6.923742796302328,0.08764231387724465
2026-07-26 12:46:26.357126,VOYG,30m,2026-05-01 09:30:00-04:00,2026-07-26,7,1.2,0.8,1.5,0.5,73,0.3424657534246575,-12.907970003631881,-0.17682150689906687
2026-07-26 12:46:26.357126,VOYG,30m,2026-05-01 09:30:00-04:00,2026-07-26,7,1.2,0.8,1.5,0.7,57,0.3684210526315789,23.851161980580997,0.418441438255807
2026-07-26 12:46:26.357126,VOYG,30m,2026-05-01 09:30:00-04:00,2026-07-26,7,1.2,0.8,2.0,0.3,75,0.3466666666666667,-4.045097556917227,-0.0539346340922297
2026-07-26 12:46:26.357126,VOYG,30m,2026-05-01 09:30:00-04:00,2026-07-26,7,1.2,0.8,2.0,0.5,69,0.34782608695652173,-19.680944357580003,-0.285231077646087
2026-07-26 12:46:26.357126,VOYG,30m,2026-05-01 09:30:00-04:00,2026-07-26,7,1.2,0.8,2.0,0.7,55,0.34545454545454546,1.7590566029565124,0.031982847326482045
2026-07-26 12:46:26.357126,VOYG,30m,2026-05-01 09:30:00-04:00,2026-07-26,7,1.2,0.8,2.5,0.3,69,0.391304347826087,28.40222559670373,0.4116264579232425
2026-07-26 12:46:26.357126,VOYG,30m,2026-05-01 09:30:00-04:00,2026-07-26,7,1.2,0.8,2.5,0.5,63,0.3968253968253968,16.800279101439592,0.2666710968482475
2026-07-26 12:46:26.357126,VOYG,30m,2026-05-01 09:30:00-04:00,2026-07-26,7,1.2,0.8,2.5,0.7,51,0.39215686274509803,35.16841192955571,0.6895767045010923
2026-07-26 12:46:26.357126,VOYG,30m,2026-05-01 09:30:00-04:00,2026-07-26,7,1.2,0.8,3.0,0.3,68,0.4117647058823529,68.91266762559121,1.0134215827292825
2026-07-26 12:46:26.357126,VOYG,30m,2026-05-01 09:30:00-04:00,2026-07-26,7,1.2,0.8,3.0,0.5,62,0.41935483870967744,55.033890759898085,0.8876433993531949
2026-07-26 12:46:26.357126,VOYG,30m,2026-05-01 09:30:00-04:00,2026-07-26,7,1.2,0.8,3.0,0.7,50,0.42,89.66856922839568,1.7933713845679136
2026-07-26 12:46:26.357126,VOYG,30m,2026-05-01 09:30:00-04:00,2026-07-26,7,1.2,0.8,3.5,0.3,67,0.417910447761194,55.79863533369395,0.8328154527417008
2026-07-26 12:46:26.357126,VOYG,30m,2026-05-01 09:30:00-04:00,2026-07-26,7,1.2,0.8,3.5,0.5,61,0.4098360655737705,22.114196894896672,0.36252781794912575
2026-07-26 12:46:26.357126,VOYG,30m,2026-05-01 09:30:00-04:00,2026-07-26,7,1.2,0.8,3.5,0.7,49,0.40816326530612246,68.04222953966826,1.388616929380985
2026-07-26 12:46:26.357126,VOYG,30m,2026-05-01 09:30:00-04:00,2026-07-26,7,1.2,1.0,1.0,0.3,77,0.4025974025974026,5.33931845914104,0.06934179817066286
2026-07-26 12:46:26.357126,VOYG,30m,2026-05-01 09:30:00-04:00,2026-07-26,7,1.2,1.0,1.0,0.5,72,0.4027777777777778,-0.4523630210035279,-0.00628281973616011
2026-07-26 12:46:26.357126,VOYG,30m,2026-05-01 09:30:00-04:00,2026-07-26,7,1.2,1.0,1.0,0.7,56,0.42857142857142855,17.449657405289685,0.31160102509445864
2026-07-26 12:46:26.357126,VOYG,30m,2026-05-01 09:30:00-04:00,2026-07-26,7,1.2,1.0,1.5,0.3,73,0.3698630136986301,8.563419019707403,0.11730710985900553
2026-07-26 12:46:26.357126,VOYG,30m,2026-05-01 09:30:00-04:00,2026-07-26,7,1.2,1.0,1.5,0.5,69,0.36231884057971014,-13.677127445736659,-0.19821923834400954
2026-07-26 12:46:26.357126,VOYG,30m,2026-05-01 09:30:00-04:00,2026-07-26,7,1.2,1.0,1.5,0.7,54,0.3888888888888889,18.897860297949798,0.3499603758879592
2026-07-26 12:46:26.357126,VOYG,30m,2026-05-01 09:30:00-04:00,2026-07-26,7,1.2,1.0,2.0,0.3,72,0.375,7.257613147656308,0.10080018260633761
2026-07-26 12:46:26.357126,VOYG,30m,2026-05-01 09:30:00-04:00,2026-07-26,7,1.2,1.0,2.0,0.5,68,0.35294117647058826,-18.72389072053589,-0.2753513341255278
2026-07-26 12:46:26.357126,VOYG,30m,2026-05-01 09:30:00-04:00,2026-07-26,7,1.2,1.0,2.0,0.7,54,0.35185185185185186,2.515056602956527,0.04657512227697272
2026-07-26 12:46:26.357126,VOYG,30m,2026-05-01 09:30:00-04:00,2026-07-26,7,1.2,1.0,2.5,0.3,66,0.4090909090909091,41.079113977420576,0.6224108178397056
2026-07-26 12:46:26.357126,VOYG,30m,2026-05-01 09:30:00-04:00,2026-07-26,7,1.2,1.0,2.5,0.5,62,0.4032258064516129,17.757596147744756,0.28641284109265736
2026-07-26 12:46:26.357126,VOYG,30m,2026-05-01 09:30:00-04:00,2026-07-26,7,1.2,1.0,2.5,0.7,50,0.4,35.924411929555724,0.7184882385911144
2026-07-26 12:46:26.357126,VOYG,30m,2026-05-01 09:30:00-04:00,2026-07-26,7,1.2,1.0,3.0,0.3,65,0.4153846153846154,76.7922121555091,1.1814186485462939
2026-07-26 12:46:26.357126,VOYG,30m,2026-05-01 09:30:00-04:00,2026-07-26,7,1.2,1.0,3.0,0.5,61,0.4262295081967213,56.42639075989809,0.9250227993425917
2026-07-26 12:46:26.357126,VOYG,30m,2026-05-01 09:30:00-04:00,2026-07-26,7,1.2,1.0,3.0,0.7,49,0.42857142857142855,90.42456922839568,1.8453993720080752
2026-07-26 12:46:26.357126,VOYG,30m,2026-05-01 09:30:00-04:00,2026-07-26,7,1.2,1.0,3.5,0.3,64,0.421875,63.84083306981265,0.9975130167158227
2026-07-26 12:46:26.357126,VOYG,30m,2026-05-01 09:30:00-04:00,2026-07-26,7,1.2,1.0,3.5,0.5,60,0.4166666666666667,23.50669689489667,0.39177828158161115
2026-07-26 12:46:26.357126,VOYG,30m,2026-05-01 09:30:00-04:00,2026-07-26,7,1.2,1.0,3.5,0.7,48,0.4166666666666667,68.79822953966826,1.4332964487430886
2026-07-26 12:46:26.357126,VOYG,30m,2026-05-01 09:30:00-04:00,2026-07-26,7,1.2,1.2,1.0,0.3,72,0.4305555555555556,5.603291120155198,0.07782348777993331
2026-07-26 12:46:26.357126,VOYG,30m,2026-05-01 09:30:00-04:00,2026-07-26,7,1.2,1.2,1.0,0.5,68,0.4411764705882353,7.0273461617189525,0.10334332590763165
2026-07-26 12:46:26.357126,VOYG,30m,2026-05-01 09:30:00-04:00,2026-07-26,7,1.2,1.2,1.0,0.7,54,0.46296296296296297,23.588485965690786,0.436823814179459
2026-07-26 12:46:26.357126,VOYG,30m,2026-05-01 09:30:00-04:00,2026-07-26,7,1.2,1.2,1.5,0.3,70,0.4,18.18599777597445,0.25979996822820645
2026-07-26 12:46:26.357126,VOYG,30m,2026-05-01 09:30:00-04:00,2026-07-26,7,1.2,1.2,1.5,0.5,66,0.3939393939393939,-4.159020303698711,-0.06301545914695016
2026-07-26 12:46:26.357126,VOYG,30m,2026-05-01 09:30:00-04:00,2026-07-26,7,1.2,1.2,1.5,0.7,53,0.41509433962264153,23.35464650650561,0.4406537076699172
2026-07-26 12:46:26.357126,VOYG,30m,2026-05-01 09:30:00-04:00,2026-07-26,7,1.2,1.2,2.0,0.3,69,0.37681159420289856,16.25383930916275,0.2355628885385906
2026-07-26 12:46:26.357126,VOYG,30m,2026-05-01 09:30:00-04:00,2026-07-26,7,1.2,1.2,2.0,0.5,65,0.36923076923076925,-3.199747864485296,-0.04922689022285071
2026-07-26 12:46:26.357126,VOYG,30m,2026-05-01 09:30:00-04:00,2026-07-26,7,1.2,1.2,2.0,0.7,53,0.3584905660377358,9.257438214364235,0.17466864555404218
2026-07-26 12:46:26.357126,VOYG,30m,2026-05-01 09:30:00-04:00,2026-07-26,7,1.2,1.2,2.5,0.3,63,0.3968253968253968,30.456378218532514,0.4834345748973415
2026-07-26 12:46:26.357126,VOYG,30m,2026-05-01 09:30:00-04:00,2026-07-26,7,1.2,1.2,2.5,0.5,59,0.3898305084745763,13.732256257036823,0.2327501060514716
2026-07-26 12:46:26.357126,VOYG,30m,2026-05-01 09:30:00-04:00,2026-07-26,7,1.2,1.2,2.5,0.7,49,0.3877551020408163,33.620735034525495,0.6861374496841938
2026-07-26 12:46:26.357126,VOYG,30m,2026-05-01 09:30:00-04:00,2026-07-26,7,1.2,1.2,3.0,0.3,62,0.4032258064516129,70.13092924484337,1.1311440200781189
2026-07-26 12:46:26.357126,VOYG,30m,2026-05-01 09:30:00-04:00,2026-07-26,7,1.2,1.2,3.0,0.5,58,0.41379310344827586,56.43198289104852,0.9729652222594573
2026-07-26 12:46:26.357126,VOYG,30m,2026-05-01 09:30:00-04:00,2026-07-26,7,1.2,1.2,3.0,0.7,48,0.4166666666666667,88.36615695435941,1.8409616032158211
2026-07-26 12:46:26.357126,VOYG,30m,2026-05-01 09:30:00-04:00,2026-07-26,7,1.2,1.2,3.5,0.3,61,0.4098360655737705,61.698815508303575,1.0114559919394028
2026-07-26 12:46:26.357126,VOYG,30m,2026-05-01 09:30:00-04:00,2026-07-26,7,1.2,1.2,3.5,0.5,57,0.40350877192982454,26.899179333387657,0.47191542690153787
2026-07-26 12:46:26.357126,VOYG,30m,2026-05-01 09:30:00-04:00,2026-07-26,7,1.2,1.2,3.5,0.7,47,0.40425531914893614,66.98508188662589,1.4252145082260828
2026-07-26 12:46:26.357126,VOYG,30m,2026-05-01 09:30:00-04:00,2026-07-26,7,1.2,1.5,1.0,0.3,62,0.41935483870967744,18.657228713602052,0.300923043767775
2026-07-26 12:46:26.357126,VOYG,30m,2026-05-01 09:30:00-04:00,2026-07-26,7,1.2,1.5,1.0,0.5,60,0.43333333333333335,21.59242871360206,0.3598738118933677
2026-07-26 12:46:26.357126,VOYG,30m,2026-05-01 09:30:00-04:00,2026-07-26,7,1.2,1.5,1.0,0.7,51,0.45098039215686275,24.2619718893037,0.4757249390059549
2026-07-26 12:46:26.357126,VOYG,30m,2026-05-01 09:30:00-04:00,2026-07-26,7,1.2,1.5,1.5,0.3,61,0.39344262295081966,32.72356802970471,0.536451934913192
2026-07-26 12:46:26.357126,VOYG,30m,2026-05-01 09:30:00-04:00,2026-07-26,7,1.2,1.5,1.5,0.5,59,0.3898305084745763,10.170267387685925,0.1723774133506089
2026-07-26 12:46:26.357126,VOYG,30m,2026-05-01 09:30:00-04:00,2026-07-26,7,1.2,1.5,1.5,0.7,50,0.4,17.54191440485009,0.3508382880970018
2026-07-26 12:46:26.357126,VOYG,30m,2026-05-01 09:30:00-04:00,2026-07-26,7,1.2,1.5,2.0,0.3,61,0.3770491803278688,37.92855048648086,0.6217795161718174
2026-07-26 12:46:26.357126,VOYG,30m,2026-05-01 09:30:00-04:00,2026-07-26,7,1.2,1.5,2.0,0.5,59,0.3728813559322034,16.547253229705206,0.28046191914754587
2026-07-26 12:46:26.357126,VOYG,30m,2026-05-01 09:30:00-04:00,2026-07-26,7,1.2,1.5,2.0,0.7,50,0.34,8.090462078823606,0.1618092415764721
2026-07-26 12:46:26.357126,VOYG,30m,2026-05-01 09:30:00-04:00,2026-07-26,7,1.2,1.5,2.5,0.3,57,0.40350877192982454,52.085039919960145,0.9137726301747394
2026-07-26 12:46:26.357126,VOYG,30m,2026-05-01 09:30:00-04:00,2026-07-26,7,1.2,1.5,2.5,0.5,55,0.4,32.05841834899051,0.5828803336180092
2026-07-26 12:46:26.357126,VOYG,30m,2026-05-01 09:30:00-04:00,2026-07-26,7,1.2,1.5,2.5,0.7,47,0.3829787234042553,31.913604975503276,0.6790128718192187
2026-07-26 12:46:26.357126,VOYG,30m,2026-05-01 09:30:00-04:00,2026-07-26,7,1.2,1.5,3.0,0.3,55,0.43636363636363634,110.01832328655664,2.000333150664666
2026-07-26 12:46:26.357126,VOYG,30m,2026-05-01 09:30:00-04:00,2026-07-26,7,1.2,1.5,3.0,0.5,53,0.4339622641509434,91.34637740139314,1.723516554743267
2026-07-26 12:46:26.357126,VOYG,30m,2026-05-01 09:30:00-04:00,2026-07-26,7,1.2,1.5,3.0,0.7,46,0.41304347826086957,91.2577598800404,1.9838643452182694
2026-07-26 12:46:26.357126,VOYG,30m,2026-05-01 09:30:00-04:00,2026-07-26,7,1.2,1.5,3.5,0.3,55,0.41818181818181815,76.27132268224946,1.3867513214954448
2026-07-26 12:46:26.357126,VOYG,30m,2026-05-01 09:30:00-04:00,2026-07-26,7,1.2,1.5,3.5,0.5,53,0.41509433962264153,58.954052482891974,1.1123406128847542
2026-07-26 12:46:26.357126,VOYG,30m,2026-05-01 09:30:00-04:00,2026-07-26,7,1.2,1.5,3.5,0.7,45,0.37777777777777777,43.96964240894512,0.9771031646432249
2026-07-26 12:46:26.357126,VOYG,30m,2026-05-01 09:30:00-04:00,2026-07-26,7,1.2,1.8,1.0,0.3,55,0.4,1.2017136830805697,0.021849339692373994
2026-07-26 12:46:26.357126,VOYG,30m,2026-05-01 09:30:00-04:00,2026-07-26,7,1.2,1.8,1.0,0.5,54,0.4074074074074074,2.2751136830805763,0.042131734871862524
2026-07-26 12:46:26.357126,VOYG,30m,2026-05-01 09:30:00-04:00,2026-07-26,7,1.2,1.8,1.0,0.7,45,0.4222222222222222,1.1482838847227228,0.025517419660504952
2026-07-26 12:46:26.357126,VOYG,30m,2026-05-01 09:30:00-04:00,2026-07-26,7,1.2,1.8,1.5,0.3,54,0.37037037037037035,-4.478334481112611,-0.08293212002060392
2026-07-26 12:46:26.357126,VOYG,30m,2026-05-01 09:30:00-04:00,2026-07-26,7,1.2,1.8,1.5,0.5,53,0.37735849056603776,-3.4049344811126048,-0.06424404681344538
2026-07-26 12:46:26.357126,VOYG,30m,2026-05-01 09:30:00-04:00,2026-07-26,7,1.2,1.8,1.5,0.7,44,0.38636363636363635,-1.0028469250377015,-0.02279197556903867
2026-07-26 12:46:26.357126,VOYG,30m,2026-05-01 09:30:00-04:00,2026-07-26,7,1.2,1.8,2.0,0.3,54,0.35185185185185186,3.7146700439028635,0.06879018599820118
2026-07-26 12:46:26.357126,VOYG,30m,2026-05-01 09:30:00-04:00,2026-07-26,7,1.2,1.8,2.0,0.5,53,0.3584905660377358,5.185640309818886,0.09784226999658276
2026-07-26 12:46:26.357126,VOYG,30m,2026-05-01 09:30:00-04:00,2026-07-26,7,1.2,1.8,2.0,0.7,44,0.3409090909090909,0.4474469723064445,0.010169249370601012
2026-07-26 12:46:26.357126,VOYG,30m,2026-05-01 09:30:00-04:00,2026-07-26,7,1.2,1.8,2.5,0.3,50,0.38,21.53218616441965,0.43064372328839295
2026-07-26 12:46:26.357126,VOYG,30m,2026-05-01 09:30:00-04:00,2026-07-26,7,1.2,1.8,2.5,0.5,49,0.3877551020408163,23.583398996814644,0.4812938570778499
2026-07-26 12:46:26.357126,VOYG,30m,2026-05-01 09:30:00-04:00,2026-07-26,7,1.2,1.8,2.5,0.7,41,0.36585365853658536,25.936832890038843,0.6326056802448499
2026-07-26 12:46:26.357126,VOYG,30m,2026-05-01 09:30:00-04:00,2026-07-26,7,1.2,1.8,3.0,0.3,49,0.40816326530612246,52.161648555243616,1.0645234399029309
2026-07-26 12:46:26.357126,VOYG,30m,2026-05-01 09:30:00-04:00,2026-07-26,7,1.2,1.8,3.0,0.5,48,0.4166666666666667,54.793103954117655,1.1415229990441178
2026-07-26 12:46:26.357126,VOYG,30m,2026-05-01 09:30:00-04:00,2026-07-26,7,1.2,1.8,3.0,0.7,40,0.4,68.74488362249437,1.7186220905623593
2026-07-26 12:46:26.357126,VOYG,30m,2026-05-01 09:30:00-04:00,2026-07-26,7,1.2,1.8,3.5,0.3,49,0.3877551020408163,24.28004550197624,0.49551113269339264
2026-07-26 12:46:26.357126,VOYG,30m,2026-05-01 09:30:00-04:00,2026-07-26,7,1.2,1.8,3.5,0.5,48,0.3958333333333333,27.49174346732925,0.5727446555693594
2026-07-26 12:46:26.357126,VOYG,30m,2026-05-01 09:30:00-04:00,2026-07-26,7,1.2,1.8,3.5,0.7,39,0.358974358974359,26.782953441808175,0.6867423959437994
2026-07-26 12:46:26.357126,VOYG,30m,2026-05-01 09:30:00-04:00,2026-07-26,7,1.2,2.0,1.0,0.3,52,0.4230769230769231,5.677376429796155,0.10918031595761836
2026-07-26 12:46:26.357126,VOYG,30m,2026-05-01 09:30:00-04:00,2026-07-26,7,1.2,2.0,1.0,0.5,52,0.4230769230769231,5.677376429796155,0.10918031595761836
2026-07-26 12:46:26.357126,VOYG,30m,2026-05-01 09:30:00-04:00,2026-07-26,7,1.2,2.0,1.0,0.7,43,0.4418604651162791,4.550546631438301,0.10582666584740236
2026-07-26 12:46:26.357126,VOYG,30m,2026-05-01 09:30:00-04:00,2026-07-26,7,1.2,2.0,1.5,0.3,51,0.39215686274509803,1.609592826522075,0.031560643657295585
2026-07-26 12:46:26.357126,VOYG,30m,2026-05-01 09:30:00-04:00,2026-07-26,7,1.2,2.0,1.5,0.5,51,0.39215686274509803,1.609592826522075,0.031560643657295585
2026-07-26 12:46:26.357126,VOYG,30m,2026-05-01 09:30:00-04:00,2026-07-26,7,1.2,2.0,1.5,0.7,42,0.40476190476190477,4.011680382596978,0.09551619958564234
2026-07-26 12:46:26.357126,VOYG,30m,2026-05-01 09:30:00-04:00,2026-07-26,7,1.2,2.0,2.0,0.3,51,0.37254901960784315,12.487990349101743,0.24486255586474007
2026-07-26 12:46:26.357126,VOYG,30m,2026-05-01 09:30:00-04:00,2026-07-26,7,1.2,2.0,2.0,0.5,51,0.37254901960784315,12.487990349101743,0.24486255586474007
2026-07-26 12:46:26.357126,VOYG,30m,2026-05-01 09:30:00-04:00,2026-07-26,7,1.2,2.0,2.0,0.7,42,0.35714285714285715,7.749797011589301,0.18451897646641194
2026-07-26 12:46:26.357126,VOYG,30m,2026-05-01 09:30:00-04:00,2026-07-26,7,1.2,2.0,2.5,0.3,47,0.40425531914893614,33.223836545918246,0.7068901392748563
2026-07-26 12:46:26.357126,VOYG,30m,2026-05-01 09:30:00-04:00,2026-07-26,7,1.2,2.0,2.5,0.5,47,0.40425531914893614,33.223836545918246,0.7068901392748563
2026-07-26 12:46:26.357126,VOYG,30m,2026-05-01 09:30:00-04:00,2026-07-26,7,1.2,2.0,2.5,0.7,39,0.38461538461538464,35.577270439142445,0.912237703567755
2026-07-26 12:46:26.357126,VOYG,30m,2026-05-01 09:30:00-04:00,2026-07-26,7,1.2,2.0,3.0,0.3,46,0.43478260869565216,66.02204077289535,1.4352617559325076
2026-07-26 12:46:26.357126,VOYG,30m,2026-05-01 09:30:00-04:00,2026-07-26,7,1.2,2.0,3.0,0.5,46,0.43478260869565216,66.02204077289535,1.4352617559325076
2026-07-26 12:46:26.357126,VOYG,30m,2026-05-01 09:30:00-04:00,2026-07-26,7,1.2,2.0,3.0,0.7,38,0.42105263157894735,79.97382044127207,2.1045742221387385
2026-07-26 12:46:26.357126,VOYG,30m,2026-05-01 09:30:00-04:00,2026-07-26,7,1.2,2.0,3.5,0.3,46,0.41304347826086957,39.18483642256984,0.851844270055866
2026-07-26 12:46:26.357126,VOYG,30m,2026-05-01 09:30:00-04:00,2026-07-26,7,1.2,2.0,3.5,0.5,46,0.41304347826086957,39.18483642256984,0.851844270055866
2026-07-26 12:46:26.357126,VOYG,30m,2026-05-01 09:30:00-04:00,2026-07-26,7,1.2,2.0,3.5,0.7,37,0.3783783783783784,38.47604639704876,1.0398931458661829
2026-07-26 12:46:26.357126,VOYG,30m,2026-05-01 09:30:00-04:00,2026-07-26,7,1.2,2.5,1.0,0.3,42,0.40476190476190477,-8.33836294971281,-0.19853245118363833
2026-07-26 12:46:26.357126,VOYG,30m,2026-05-01 09:30:00-04:00,2026-07-26,7,1.2,2.5,1.0,0.5,42,0.40476190476190477,-8.33836294971281,-0.19853245118363833
2026-07-26 12:46:26.357126,VOYG,30m,2026-05-01 09:30:00-04:00,2026-07-26,7,1.2,2.5,1.0,0.7,34,0.4117647058823529,-12.10456212223491,-0.3560165330069091
2026-07-26 12:46:26.357126,VOYG,30m,2026-05-01 09:30:00-04:00,2026-07-26,7,1.2,2.5,1.5,0.3,41,0.34146341463414637,-18.698663952467278,-0.45606497445042143
2026-07-26 12:46:26.357126,VOYG,30m,2026-05-01 09:30:00-04:00,2026-07-26,7,1.2,2.5,1.5,0.5,41,0.34146341463414637,-18.698663952467278,-0.45606497445042143
2026-07-26 12:46:26.357126,VOYG,30m,2026-05-01 09:30:00-04:00,2026-07-26,7,1.2,2.5,1.5,0.7,33,0.3333333333333333,-15.745394575826914,-0.47713316896445196
2026-07-26 12:46:26.357126,VOYG,30m,2026-05-01 09:30:00-04:00,2026-07-26,7,1.2,2.5,2.0,0.3,41,0.3170731707317073,-16.566727566022514,-0.40406652600054915
2026-07-26 12:46:26.357126,VOYG,30m,2026-05-01 09:30:00-04:00,2026-07-26,7,1.2,2.5,2.0,0.5,41,0.3170731707317073,-16.566727566022514,-0.40406652600054915
2026-07-26 12:46:26.357126,VOYG,30m,2026-05-01 09:30:00-04:00,2026-07-26,7,1.2,2.5,2.0,0.7,33,0.30303030303030304,-17.399669255810366,-0.5272627047215263
2026-07-26 12:46:26.357126,VOYG,30m,2026-05-01 09:30:00-04:00,2026-07-26,7,1.2,2.5,2.5,0.3,38,0.3684210526315789,-1.8436190799039665,-0.04851629157642017
2026-07-26 12:46:26.357126,VOYG,30m,2026-05-01 09:30:00-04:00,2026-07-26,7,1.2,2.5,2.5,0.5,38,0.3684210526315789,-1.8436190799039665,-0.04851629157642017
2026-07-26 12:46:26.357126,VOYG,30m,2026-05-01 09:30:00-04:00,2026-07-26,7,1.2,2.5,2.5,0.7,31,0.3548387096774194,3.9726293729760087,0.12814933461212932
2026-07-26 12:46:26.357126,VOYG,30m,2026-05-01 09:30:00-04:00,2026-07-26,7,1.2,2.5,3.0,0.3,38,0.39473684210526316,44.7485103742407,1.1775923782694921
2026-07-26 12:46:26.357126,VOYG,30m,2026-05-01 09:30:00-04:00,2026-07-26,7,1.2,2.5,3.0,0.5,38,0.39473684210526316,44.7485103742407,1.1775923782694921
2026-07-26 12:46:26.357126,VOYG,30m,2026-05-01 09:30:00-04:00,2026-07-26,7,1.2,2.5,3.0,0.7,31,0.3548387096774194,55.499384934290674,1.7903027398158282
2026-07-26 12:46:26.357126,VOYG,30m,2026-05-01 09:30:00-04:00,2026-07-26,7,1.2,2.5,3.5,0.3,38,0.42105263157894735,20.207050957472816,0.5317644988808636
2026-07-26 12:46:26.357126,VOYG,30m,2026-05-01 09:30:00-04:00,2026-07-26,7,1.2,2.5,3.5,0.5,38,0.42105263157894735,20.207050957472816,0.5317644988808636
2026-07-26 12:46:26.357126,VOYG,30m,2026-05-01 09:30:00-04:00,2026-07-26,7,1.2,2.5,3.5,0.7,31,0.3870967741935484,37.10170497223718,1.1968291926528123
2026-07-26 12:46:26.357126,VOYG,30m,2026-05-01 09:30:00-04:00,2026-07-26,7,1.2,3.0,1.0,0.3,35,0.37142857142857144,-5.332207984189914,-0.15234879954828326
2026-07-26 12:46:26.357126,VOYG,30m,2026-05-01 09:30:00-04:00,2026-07-26,7,1.2,3.0,1.0,0.5,35,0.37142857142857144,-5.332207984189914,-0.15234879954828326
2026-07-26 12:46:26.357126,VOYG,30m,2026-05-01 09:30:00-04:00,2026-07-26,7,1.2,3.0,1.0,0.7,27,0.37037037037037035,-9.098407156712014,-0.3369780428411857
2026-07-26 12:46:26.357126,VOYG,30m,2026-05-01 09:30:00-04:00,2026-07-26,7,1.2,3.0,1.5,0.3,34,0.3235294117647059,-8.518943893286384,-0.2505571733319525
2026-07-26 12:46:26.357126,VOYG,30m,2026-05-01 09:30:00-04:00,2026-07-26,7,1.2,3.0,1.5,0.5,34,0.3235294117647059,-8.518943893286384,-0.2505571733319525
2026-07-26 12:46:26.357126,VOYG,30m,2026-05-01 09:30:00-04:00,2026-07-26,7,1.2,3.0,1.5,0.7,26,0.3076923076923077,-5.56567451664602,-0.21406440448638536
2026-07-26 12:46:26.357126,VOYG,30m,2026-05-01 09:30:00-04:00,2026-07-26,7,1.2,3.0,2.0,0.3,34,0.3235294117647059,0.9728991795519093,0.028614681751526743
2026-07-26 12:46:26.357126,VOYG,30m,2026-05-01 09:30:00-04:00,2026-07-26,7,1.2,3.0,2.0,0.5,34,0.3235294117647059,0.9728991795519093,0.028614681751526743
2026-07-26 12:46:26.357126,VOYG,30m,2026-05-01 09:30:00-04:00,2026-07-26,7,1.2,3.0,2.0,0.7,26,0.3076923076923077,0.13995748976405764,0.005382980375540678
2026-07-26 12:46:26.357126,VOYG,30m,2026-05-01 09:30:00-04:00,2026-07-26,7,1.2,3.0,2.5,0.3,33,0.42424242424242425,12.466289009342546,0.3777663336164408
2026-07-26 12:46:26.357126,VOYG,30m,2026-05-01 09:30:00-04:00,2026-07-26,7,1.2,3.0,2.5,0.5,33,0.42424242424242425,12.466289009342546,0.3777663336164408
2026-07-26 12:46:26.357126,VOYG,30m,2026-05-01 09:30:00-04:00,2026-07-26,7,1.2,3.0,2.5,0.7,25,0.44,19.687611897107757,0.7875044758843103
2026-07-26 12:46:26.357126,VOYG,30m,2026-05-01 09:30:00-04:00,2026-07-26,7,1.2,3.0,3.0,0.3,33,0.3939393939393939,28.095121913344734,0.8513673307074162
2026-07-26 12:46:26.357126,VOYG,30m,2026-05-01 09:30:00-04:00,2026-07-26,7,1.2,3.0,3.0,0.5,33,0.3939393939393939,28.095121913344734,0.8513673307074162
2026-07-26 12:46:26.357126,VOYG,30m,2026-05-01 09:30:00-04:00,2026-07-26,7,1.2,3.0,3.0,0.7,25,0.36,40.75208579525697,1.6300834318102786
2026-07-26 12:46:26.357126,VOYG,30m,2026-05-01 09:30:00-04:00,2026-07-26,7,1.2,3.0,3.5,0.3,33,0.42424242424242425,7.994558358141788,0.24225934418611478
2026-07-26 12:46:26.357126,VOYG,30m,2026-05-01 09:30:00-04:00,2026-07-26,7,1.2,3.0,3.5,0.5,33,0.42424242424242425,7.994558358141788,0.24225934418611478
2026-07-26 12:46:26.357126,VOYG,30m,2026-05-01 09:30:00-04:00,2026-07-26,7,1.2,3.0,3.5,0.7,25,0.4,27.296316581745508,1.0918526632698202
2026-07-26 12:46:26.357126,VOYG,30m,2026-05-01 09:30:00-04:00,2026-07-26,7,1.2,3.5,1.0,0.3,27,0.37037037037037035,10.69422099930911,0.39608225923367074
2026-07-26 12:46:26.357126,VOYG,30m,2026-05-01 09:30:00-04:00,2026-07-26,7,1.2,3.5,1.0,0.5,27,0.37037037037037035,10.69422099930911,0.39608225923367074
2026-07-26 12:46:26.357126,VOYG,30m,2026-05-01 09:30:00-04:00,2026-07-26,7,1.2,3.5,1.0,0.7,20,0.35,5.461314844579768,0.2730657422289884
2026-07-26 12:46:26.357126,VOYG,30m,2026-05-01 09:30:00-04:00,2026-07-26,7,1.2,3.5,1.5,0.3,27,0.3333333333333333,0.6190935469921399,0.022929390629338516
2026-07-26 12:46:26.357126,VOYG,30m,2026-05-01 09:30:00-04:00,2026-07-26,7,1.2,3.5,1.5,0.5,27,0.3333333333333333,0.6190935469921399,0.022929390629338516
2026-07-26 12:46:26.357126,VOYG,30m,2026-05-01 09:30:00-04:00,2026-07-26,7,1.2,3.5,1.5,0.7,20,0.3,2.1003789758292157,0.10501894879146079
2026-07-26 12:46:26.357126,VOYG,30m,2026-05-01 09:30:00-04:00,2026-07-26,7,1.2,3.5,2.0,0.3,27,0.2962962962962963,12.172596998959229,0.45083692588737884
2026-07-26 12:46:26.357126,VOYG,30m,2026-05-01 09:30:00-04:00,2026-07-26,7,1.2,3.5,2.0,0.5,27,0.2962962962962963,12.172596998959229,0.45083692588737884
2026-07-26 12:46:26.357126,VOYG,30m,2026-05-01 09:30:00-04:00,2026-07-26,7,1.2,3.5,2.0,0.7,20,0.3,14.978028813064306,0.7489014406532153
2026-07-26 12:46:26.357126,VOYG,30m,2026-05-01 09:30:00-04:00,2026-07-26,7,1.2,3.5,2.5,0.3,27,0.37037037037037035,27.471557260226405,1.017465083712089
2026-07-26 12:46:26.357126,VOYG,30m,2026-05-01 09:30:00-04:00,2026-07-26,7,1.2,3.5,2.5,0.5,27,0.37037037037037035,27.471557260226405,1.017465083712089
2026-07-26 12:46:26.357126,VOYG,30m,2026-05-01 09:30:00-04:00,2026-07-26,7,1.2,3.5,2.5,0.7,20,0.4,38.0658470278577,1.903292351392885
2026-07-26 12:46:26.357126,VOYG,30m,2026-05-01 09:30:00-04:00,2026-07-26,7,1.2,3.5,3.0,0.3,27,0.3333333333333333,38.85182819448083,1.4389565997955864
2026-07-26 12:46:26.357126,VOYG,30m,2026-05-01 09:30:00-04:00,2026-07-26,7,1.2,3.5,3.0,0.5,27,0.3333333333333333,38.85182819448083,1.4389565997955864
2026-07-26 12:46:26.357126,VOYG,30m,2026-05-01 09:30:00-04:00,2026-07-26,7,1.2,3.5,3.0,0.7,20,0.3,51.013693335724746,2.5506846667862373
2026-07-26 12:46:26.357126,VOYG,30m,2026-05-01 09:30:00-04:00,2026-07-26,7,1.2,3.5,3.5,0.3,26,0.38461538461538464,27.290603367556123,1.049638591059851
2026-07-26 12:46:26.357126,VOYG,30m,2026-05-01 09:30:00-04:00,2026-07-26,7,1.2,3.5,3.5,0.5,26,0.38461538461538464,27.290603367556123,1.049638591059851
2026-07-26 12:46:26.357126,VOYG,30m,2026-05-01 09:30:00-04:00,2026-07-26,7,1.2,3.5,3.5,0.7,19,0.3684210526315789,45.823079727046796,2.411741038265621
2026-07-26 12:46:26.357126,VOYG,30m,2026-05-01 09:30:00-04:00,2026-07-26,7,1.5,0.5,1.0,0.3,64,0.375,19.262955263448163,0.30098367599137754
2026-07-26 12:46:26.357126,VOYG,30m,2026-05-01 09:30:00-04:00,2026-07-26,7,1.5,0.5,1.0,0.5,50,0.34,-9.340796466553343,-0.18681592933106686
2026-07-26 12:46:26.357126,VOYG,30m,2026-05-01 09:30:00-04:00,2026-07-26,7,1.5,0.5,1.0,0.7,35,0.42857142857142855,23.590977497449224,0.6740279284985492
2026-07-26 12:46:26.357126,VOYG,30m,2026-05-01 09:30:00-04:00,2026-07-26,7,1.5,0.5,1.5,0.3,58,0.3793103448275862,60.43451961847723,1.041974476180642
2026-07-26 12:46:26.357126,VOYG,30m,2026-05-01 09:30:00-04:00,2026-07-26,7,1.5,0.5,1.5,0.5,48,0.3125,-18.306414208404398,-0.3813836293417583
2026-07-26 12:46:26.357126,VOYG,30m,2026-05-01 09:30:00-04:00,2026-07-26,7,1.5,0.5,1.5,0.7,33,0.3939393939393939,27.8651982145934,0.8443999458967697
2026-07-26 12:46:26.357126,VOYG,30m,2026-05-01 09:30:00-04:00,2026-07-26,7,1.5,0.5,2.0,0.3,57,0.42105263157894735,28.34228884567736,0.49723313764346244
2026-07-26 12:46:26.357126,VOYG,30m,2026-05-01 09:30:00-04:00,2026-07-26,7,1.5,0.5,2.0,0.5,48,0.3333333333333333,-39.68711534621747,-0.8268149030461972
2026-07-26 12:46:26.357126,VOYG,30m,2026-05-01 09:30:00-04:00,2026-07-26,7,1.5,0.5,2.0,0.7,33,0.36363636363636365,3.5316461153927037,0.10701957925432436
2026-07-26 12:46:26.357126,VOYG,30m,2026-05-01 09:30:00-04:00,2026-07-26,7,1.5,0.5,2.5,0.3,55,0.41818181818181815,37.06096266731645,0.6738356848602991
2026-07-26 12:46:26.357126,VOYG,30m,2026-05-01 09:30:00-04:00,2026-07-26,7,1.5,0.5,2.5,0.5,47,0.3617021276595745,-6.614109937660864,-0.14072574335448645
2026-07-26 12:46:26.357126,VOYG,30m,2026-05-01 09:30:00-04:00,2026-07-26,7,1.5,0.5,2.5,0.7,33,0.3939393939393939,35.940527902985195,1.0891069061510665
2026-07-26 12:46:26.357126,VOYG,30m,2026-05-01 09:30:00-04:00,2026-07-26,7,1.5,0.5,3.0,0.3,54,0.4444444444444444,83.3675190547013,1.5438429454574316
2026-07-26 12:46:26.357126,VOYG,30m,2026-05-01 09:30:00-04:00,2026-07-26,7,1.5,0.5,3.0,0.5,46,0.391304347826087,29.725035472926002,0.6461964233244784
2026-07-26 12:46:26.357126,VOYG,30m,2026-05-01 09:30:00-04:00,2026-07-26,7,1.5,0.5,3.0,0.7,32,0.4375,88.26207092748054,2.7581897164837668
2026-07-26 12:46:26.357126,VOYG,30m,2026-05-01 09:30:00-04:00,2026-07-26,7,1.5,0.5,3.5,0.3,54,0.4444444444444444,72.06696956443801,1.3345735104525558
2026-07-26 12:46:26.357126,VOYG,30m,2026-05-01 09:30:00-04:00,2026-07-26,7,1.5,0.5,3.5,0.5,46,0.3695652173913043,-2.0316683286041126,-0.04416670279574158
2026-07-26 12:46:26.357126,VOYG,30m,2026-05-01 09:30:00-04:00,2026-07-26,7,1.5,0.5,3.5,0.7,32,0.40625,66.3314098601698,2.0728565581303062
2026-07-26 12:46:26.357126,VOYG,30m,2026-05-01 09:30:00-04:00,2026-07-26,7,1.5,0.8,1.0,0.3,54,0.37037037037037035,3.1310890312220963,0.0579831302078166
2026-07-26 12:46:26.357126,VOYG,30m,2026-05-01 09:30:00-04:00,2026-07-26,7,1.5,0.8,1.0,0.5,49,0.3673469387755102,-4.030265624225571,-0.08225031886174634
2026-07-26 12:46:26.357126,VOYG,30m,2026-05-01 09:30:00-04:00,2026-07-26,7,1.5,0.8,1.0,0.7,35,0.45714285714285713,25.581956492173106,0.7309130426335173
2026-07-26 12:46:26.357126,VOYG,30m,2026-05-01 09:30:00-04:00,2026-07-26,7,1.5,0.8,1.5,0.3,51,0.35294117647058826,12.738539004803364,0.24977527460398755
2026-07-26 12:46:26.357126,VOYG,30m,2026-05-01 09:30:00-04:00,2026-07-26,7,1.5,0.8,1.5,0.5,47,0.3404255319148936,-10.68327820320274,-0.2273037915575051
2026-07-26 12:46:26.357126,VOYG,30m,2026-05-01 09:30:00-04:00,2026-07-26,7,1.5,0.8,1.5,0.7,33,0.42424242424242425,30.50900644838915,0.9245153469208833
2026-07-26 12:46:26.357126,VOYG,30m,2026-05-01 09:30:00-04:00,2026-07-26,7,1.5,0.8,2.0,0.3,51,0.37254901960784315,-9.543844395273844,-0.1871342038288989
2026-07-26 12:46:26.357126,VOYG,30m,2026-05-01 09:30:00-04:00,2026-07-26,7,1.5,0.8,2.0,0.5,47,0.3617021276595745,-30.072934005948575,-0.6398496597010335
2026-07-26 12:46:26.357126,VOYG,30m,2026-05-01 09:30:00-04:00,2026-07-26,7,1.5,0.8,2.0,0.7,33,0.3939393939393939,6.506723760453745,0.19717344728647712
2026-07-26 12:46:26.357126,VOYG,30m,2026-05-01 09:30:00-04:00,2026-07-26,7,1.5,0.8,2.5,0.3,50,0.38,12.291066942857967,0.24582133885715934
2026-07-26 12:46:26.357126,VOYG,30m,2026-05-01 09:30:00-04:00,2026-07-26,7,1.5,0.8,2.5,0.5,46,0.3695652173913043,-5.345295070485427,-0.11620206674968321
2026-07-26 12:46:26.357126,VOYG,30m,2026-05-01 09:30:00-04:00,2026-07-26,7,1.5,0.8,2.5,0.7,33,0.3939393939393939,28.910463151150765,0.8760746409439626
2026-07-26 12:46:26.357126,VOYG,30m,2026-05-01 09:30:00-04:00,2026-07-26,7,1.5,0.8,3.0,0.3,49,0.40816326530612246,54.30768880092476,1.1083201796107094
2026-07-26 12:46:26.357126,VOYG,30m,2026-05-01 09:30:00-04:00,2026-07-26,7,1.5,0.8,3.0,0.5,45,0.4,32.95761331353649,0.7323914069674776
2026-07-26 12:46:26.357126,VOYG,30m,2026-05-01 09:30:00-04:00,2026-07-26,7,1.5,0.8,3.0,0.7,32,0.4375,81.53599322527921,2.5479997882899754
2026-07-26 12:46:26.357126,VOYG,30m,2026-05-01 09:30:00-04:00,2026-07-26,7,1.5,0.8,3.5,0.3,49,0.3877551020408163,44.53986118293596,0.9089767588354277
2026-07-26 12:46:26.357126,VOYG,30m,2026-05-01 09:30:00-04:00,2026-07-26,7,1.5,0.8,3.5,0.5,45,0.35555555555555557,1.9472410188276967,0.043272022640615485
2026-07-26 12:46:26.357126,VOYG,30m,2026-05-01 09:30:00-04:00,2026-07-26,7,1.5,0.8,3.5,0.7,32,0.375,59.90931920760158,1.8721662252375493
2026-07-26 12:46:26.357126,VOYG,30m,2026-05-01 09:30:00-04:00,2026-07-26,7,1.5,1.0,1.0,0.3,50,0.4,9.879292962597148,0.19758585925194297
2026-07-26 12:46:26.357126,VOYG,30m,2026-05-01 09:30:00-04:00,2026-07-26,7,1.5,1.0,1.0,0.5,46,0.391304347826087,2.570738307149476,0.055885615372814695
2026-07-26 12:46:26.357126,VOYG,30m,2026-05-01 09:30:00-04:00,2026-07-26,7,1.5,1.0,1.0,0.7,33,0.48484848484848486,29.39353092986387,0.8907130584807234
2026-07-26 12:46:26.357126,VOYG,30m,2026-05-01 09:30:00-04:00,2026-07-26,7,1.5,1.0,1.5,0.3,48,0.375,20.577092340014573,0.4286894237503036
2026-07-26 12:46:26.357126,VOYG,30m,2026-05-01 09:30:00-04:00,2026-07-26,7,1.5,1.0,1.5,0.5,44,0.36363636363636365,1.4275200658922316,0.032443637861187084
2026-07-26 12:46:26.357126,VOYG,30m,2026-05-01 09:30:00-04:00,2026-07-26,7,1.5,1.0,1.5,0.7,31,0.45161290322580644,38.4356604769577,1.2398600153857322
2026-07-26 12:46:26.357126,VOYG,30m,2026-05-01 09:30:00-04:00,2026-07-26,7,1.5,1.0,2.0,0.3,48,0.4166666666666667,5.542233527099292,0.11546319848123525
2026-07-26 12:46:26.357126,VOYG,30m,2026-05-01 09:30:00-04:00,2026-07-26,7,1.5,1.0,2.0,0.5,44,0.38636363636363635,-16.19107501858,-0.36797897769500004
2026-07-26 12:46:26.357126,VOYG,30m,2026-05-01 09:30:00-04:00,2026-07-26,7,1.5,1.0,2.0,0.7,31,0.41935483870967744,14.809723760453757,0.4777330245307663
2026-07-26 12:46:26.357126,VOYG,30m,2026-05-01 09:30:00-04:00,2026-07-26,7,1.5,1.0,2.5,0.3,47,0.40425531914893614,27.685414345824313,0.5890513690600918
2026-07-26 12:46:26.357126,VOYG,30m,2026-05-01 09:30:00-04:00,2026-07-26,7,1.5,1.0,2.5,0.5,43,0.3953488372093023,9.931278663725287,0.23095996892384388
2026-07-26 12:46:26.357126,VOYG,30m,2026-05-01 09:30:00-04:00,2026-07-26,7,1.5,1.0,2.5,0.7,31,0.41935483870967744,37.213463151150776,1.2004342951984122
2026-07-26 12:46:26.357126,VOYG,30m,2026-05-01 09:30:00-04:00,2026-07-26,7,1.5,1.0,3.0,0.3,46,0.41304347826086957,63.10107613205538,1.3717625246098997
2026-07-26 12:46:26.357126,VOYG,30m,2026-05-01 09:30:00-04:00,2026-07-26,7,1.5,1.0,3.0,0.5,42,0.42857142857142855,49.32611331353652,1.174431269369917
2026-07-26 12:46:26.357126,VOYG,30m,2026-05-01 09:30:00-04:00,2026-07-26,7,1.5,1.0,3.0,0.7,30,0.4666666666666667,89.83899322527921,2.994633107509307
2026-07-26 12:46:26.357126,VOYG,30m,2026-05-01 09:30:00-04:00,2026-07-26,7,1.5,1.0,3.5,0.3,46,0.391304347826087,52.43357515909672,1.139860329545581
2026-07-26 12:46:26.357126,VOYG,30m,2026-05-01 09:30:00-04:00,2026-07-26,7,1.5,1.0,3.5,0.5,42,0.38095238095238093,18.315741018827723,0.43608907187685053
2026-07-26 12:46:26.357126,VOYG,30m,2026-05-01 09:30:00-04:00,2026-07-26,7,1.5,1.0,3.5,0.7,30,0.4,68.21231920760161,2.27374397358672
2026-07-26 12:46:26.357126,VOYG,30m,2026-05-01 09:30:00-04:00,2026-07-26,7,1.5,1.2,1.0,0.3,46,0.41304347826086957,5.223873273948598,0.11356246247714344
2026-07-26 12:46:26.357126,VOYG,30m,2026-05-01 09:30:00-04:00,2026-07-26,7,1.5,1.2,1.0,0.5,43,0.4186046511627907,5.376673117738129,0.12503890971484022
2026-07-26 12:46:26.357126,VOYG,30m,2026-05-01 09:30:00-04:00,2026-07-26,7,1.5,1.2,1.0,0.7,32,0.5,30.858585118131145,0.9643307849415983
2026-07-26 12:46:26.357126,VOYG,30m,2026-05-01 09:30:00-04:00,2026-07-26,7,1.5,1.2,1.5,0.3,45,0.4,30.15404187570887,0.6700898194601971
2026-07-26 12:46:26.357126,VOYG,30m,2026-05-01 09:30:00-04:00,2026-07-26,7,1.5,1.2,1.5,0.5,42,0.38095238095238093,6.488840999374368,0.15449621427081828
2026-07-26 12:46:26.357126,VOYG,30m,2026-05-01 09:30:00-04:00,2026-07-26,7,1.5,1.2,1.5,0.7,31,0.45161290322580644,38.4356604769577,1.2398600153857322
2026-07-26 12:46:26.357126,VOYG,30m,2026-05-01 09:30:00-04:00,2026-07-26,7,1.5,1.2,2.0,0.3,45,0.4222222222222222,13.810954061175487,0.30691009024834415
2026-07-26 12:46:26.357126,VOYG,30m,2026-05-01 09:30:00-04:00,2026-07-26,7,1.5,1.2,2.0,0.5,42,0.40476190476190477,-7.409313773937107,-0.17641223271278828
2026-07-26 12:46:26.357126,VOYG,30m,2026-05-01 09:30:00-04:00,2026-07-26,7,1.5,1.2,2.0,0.7,31,0.41935483870967744,14.809723760453757,0.4777330245307663
2026-07-26 12:46:26.357126,VOYG,30m,2026-05-01 09:30:00-04:00,2026-07-26,7,1.5,1.2,2.5,0.3,44,0.4090909090909091,26.98495046193827,0.6132943286804152
2026-07-26 12:46:26.357126,VOYG,30m,2026-05-01 09:30:00-04:00,2026-07-26,7,1.5,1.2,2.5,0.5,41,0.3902439024390244,8.209615668047583,0.20023452848896545
2026-07-26 12:46:26.357126,VOYG,30m,2026-05-01 09:30:00-04:00,2026-07-26,7,1.5,1.2,2.5,0.7,31,0.41935483870967744,37.213463151150776,1.2004342951984122
2026-07-26 12:46:26.357126,VOYG,30m,2026-05-01 09:30:00-04:00,2026-07-26,7,1.5,1.2,3.0,0.3,43,0.4186046511627907,67.7205194713921,1.5748958016602812
2026-07-26 12:46:26.357126,VOYG,30m,2026-05-01 09:30:00-04:00,2026-07-26,7,1.5,1.2,3.0,0.5,40,0.425,51.390117718723225,1.2847529429680806
2026-07-26 12:46:26.357126,VOYG,30m,2026-05-01 09:30:00-04:00,2026-07-26,7,1.5,1.2,3.0,0.7,30,0.4666666666666667,89.83899322527921,2.994633107509307
2026-07-26 12:46:26.357126,VOYG,30m,2026-05-01 09:30:00-04:00,2026-07-26,7,1.5,1.2,3.5,0.3,43,0.3953488372093023,61.53270525063001,1.4309931453634885
2026-07-26 12:46:26.357126,VOYG,30m,2026-05-01 09:30:00-04:00,2026-07-26,7,1.5,1.2,3.5,0.5,40,0.375,23.521371110361073,0.5880342777590268
2026-07-26 12:46:26.357126,VOYG,30m,2026-05-01 09:30:00-04:00,2026-07-26,7,1.5,1.2,3.5,0.7,30,0.4,68.21231920760161,2.27374397358672
2026-07-26 12:46:26.357126,VOYG,30m,2026-05-01 09:30:00-04:00,2026-07-26,7,1.5,1.5,1.0,0.3,40,0.425,18.096435014236683,0.45241087535591706
2026-07-26 12:46:26.357126,VOYG,30m,2026-05-01 09:30:00-04:00,2026-07-26,7,1.5,1.5,1.0,0.5,39,0.4358974358974359,19.958235014236685,0.5117496157496586
2026-07-26 12:46:26.357126,VOYG,30m,2026-05-01 09:30:00-04:00,2026-07-26,7,1.5,1.5,1.0,0.7,31,0.5161290322580645,31.92441713394281,1.0298199075465422
2026-07-26 12:46:26.357126,VOYG,30m,2026-05-01 09:30:00-04:00,2026-07-26,7,1.5,1.5,1.5,0.3,40,0.4,44.75709253685,1.11892731342125
2026-07-26 12:46:26.357126,VOYG,30m,2026-05-01 09:30:00-04:00,2026-07-26,7,1.5,1.5,1.5,0.5,39,0.38461538461538464,21.130391894831213,0.5418049203802875
2026-07-26 12:46:26.357126,VOYG,30m,2026-05-01 09:30:00-04:00,2026-07-26,7,1.5,1.5,1.5,0.7,30,0.43333333333333335,35.488666884026365,1.1829555628008788
2026-07-26 12:46:26.357126,VOYG,30m,2026-05-01 09:30:00-04:00,2026-07-26,7,1.5,1.5,2.0,0.3,40,0.425,40.157287014077276,1.003932175351932
2026-07-26 12:46:26.357126,VOYG,30m,2026-05-01 09:30:00-04:00,2026-07-26,7,1.5,1.5,2.0,0.5,39,0.41025641025641024,17.3050194913856,0.44371844849706665
2026-07-26 12:46:26.357126,VOYG,30m,2026-05-01 09:30:00-04:00,2026-07-26,7,1.5,1.5,2.0,0.7,30,0.4,14.797065636545348,0.49323552121817826
2026-07-26 12:46:26.357126,VOYG,30m,2026-05-01 09:30:00-04:00,2026-07-26,7,1.5,1.5,2.5,0.3,39,0.4358974358974359,55.187564307951114,1.415065751485926
2026-07-26 12:46:26.357126,VOYG,30m,2026-05-01 09:30:00-04:00,2026-07-26,7,1.5,1.5,2.5,0.5,38,0.42105263157894735,33.10972990458648,0.8713086816996443
2026-07-26 12:46:26.357126,VOYG,30m,2026-05-01 09:30:00-04:00,2026-07-26,7,1.5,1.5,2.5,0.7,30,0.43333333333333335,37.87596315115081,1.2625321050383604
2026-07-26 12:46:26.357126,VOYG,30m,2026-05-01 09:30:00-04:00,2026-07-26,7,1.5,1.5,3.0,0.3,38,0.47368421052631576,97.10425608660759,2.555375160173884
2026-07-26 12:46:26.357126,VOYG,30m,2026-05-01 09:30:00-04:00,2026-07-26,7,1.5,1.5,3.0,0.5,37,0.4594594594594595,75.80085480257009,2.0486717514208133
2026-07-26 12:46:26.357126,VOYG,30m,2026-05-01 09:30:00-04:00,2026-07-26,7,1.5,1.5,3.0,0.7,29,0.4827586206896552,90.50149322527926,3.120741145699285
2026-07-26 12:46:26.357126,VOYG,30m,2026-05-01 09:30:00-04:00,2026-07-26,7,1.5,1.5,3.5,0.3,38,0.42105263157894735,67.97169920622616,1.7887289264796358
2026-07-26 12:46:26.357126,VOYG,30m,2026-05-01 09:30:00-04:00,2026-07-26,7,1.5,1.5,3.5,0.5,37,0.40540540540540543,47.44273104151567,1.2822359740950182
2026-07-26 12:46:26.357126,VOYG,30m,2026-05-01 09:30:00-04:00,2026-07-26,7,1.5,1.5,3.5,0.7,29,0.41379310344827586,68.87481920760163,2.3749937657793665
2026-07-26 12:46:26.357126,VOYG,30m,2026-05-01 09:30:00-04:00,2026-07-26,7,1.5,1.8,1.0,0.3,35,0.42857142857142855,17.75667737773876,0.5073336393639646
2026-07-26 12:46:26.357126,VOYG,30m,2026-05-01 09:30:00-04:00,2026-07-26,7,1.5,1.8,1.0,0.5,35,0.42857142857142855,17.75667737773876,0.5073336393639646
2026-07-26 12:46:26.357126,VOYG,30m,2026-05-01 09:30:00-04:00,2026-07-26,7,1.5,1.8,1.0,0.7,28,0.5,25.513023652406588,0.9111794161573782
2026-07-26 12:46:26.357126,VOYG,30m,2026-05-01 09:30:00-04:00,2026-07-26,7,1.5,1.8,1.5,0.3,35,0.4,14.210367967817596,0.406010513366217
2026-07-26 12:46:26.357126,VOYG,30m,2026-05-01 09:30:00-04:00,2026-07-26,7,1.5,1.8,1.5,0.5,35,0.4,14.210367967817596,0.406010513366217
2026-07-26 12:46:26.357126,VOYG,30m,2026-05-01 09:30:00-04:00,2026-07-26,7,1.5,1.8,1.5,0.7,27,0.4444444444444444,22.003889189455315,0.8149588588687153
2026-07-26 12:46:26.357126,VOYG,30m,2026-05-01 09:30:00-04:00,2026-07-26,7,1.5,1.8,2.0,0.3,35,0.4,7.300310493879252,0.20858029982512147
2026-07-26 12:46:26.357126,VOYG,30m,2026-05-01 09:30:00-04:00,2026-07-26,7,1.5,1.8,2.0,0.5,35,0.4,7.300310493879252,0.20858029982512147
2026-07-26 12:46:26.357126,VOYG,30m,2026-05-01 09:30:00-04:00,2026-07-26,7,1.5,1.8,2.0,0.7,27,0.4074074074074074,5.734028710450545,0.21237143372039055
2026-07-26 12:46:26.357126,VOYG,30m,2026-05-01 09:30:00-04:00,2026-07-26,7,1.5,1.8,2.5,0.3,34,0.38235294117647056,9.882050898041292,0.2906485558247439
2026-07-26 12:46:26.357126,VOYG,30m,2026-05-01 09:30:00-04:00,2026-07-26,7,1.5,1.8,2.5,0.5,34,0.38235294117647056,9.882050898041292,0.2906485558247439
2026-07-26 12:46:26.357126,VOYG,30m,2026-05-01 09:30:00-04:00,2026-07-26,7,1.5,1.8,2.5,0.7,27,0.37037037037037035,13.187874233870076,0.48843978643963243
2026-07-26 12:46:26.357126,VOYG,30m,2026-05-01 09:30:00-04:00,2026-07-26,7,1.5,1.8,3.0,0.3,33,0.42424242424242425,35.02119601699583,1.0612483641513888
2026-07-26 12:46:26.357126,VOYG,30m,2026-05-01 09:30:00-04:00,2026-07-26,7,1.5,1.8,3.0,0.5,33,0.42424242424242425,35.02119601699583,1.0612483641513888
2026-07-26 12:46:26.357126,VOYG,30m,2026-05-01 09:30:00-04:00,2026-07-26,7,1.5,1.8,3.0,0.7,26,0.4230769230769231,47.70584301649805,1.8348401160191559
2026-07-26 12:46:26.357126,VOYG,30m,2026-05-01 09:30:00-04:00,2026-07-26,7,1.5,1.8,3.5,0.3,33,0.36363636363636365,9.735305797937599,0.29500926660416965
2026-07-26 12:46:26.357126,VOYG,30m,2026-05-01 09:30:00-04:00,2026-07-26,7,1.5,1.8,3.5,0.5,33,0.36363636363636365,9.735305797937599,0.29500926660416965
2026-07-26 12:46:26.357126,VOYG,30m,2026-05-01 09:30:00-04:00,2026-07-26,7,1.5,1.8,3.5,0.7,26,0.34615384615384615,28.204893964023547,1.0848036140009056
2026-07-26 12:46:26.357126,VOYG,30m,2026-05-01 09:30:00-04:00,2026-07-26,7,1.5,2.0,1.0,0.3,34,0.4411764705882353,18.111077377738773,0.5326787464040815
2026-07-26 12:46:26.357126,VOYG,30m,2026-05-01 09:30:00-04:00,2026-07-26,7,1.5,2.0,1.0,0.5,34,0.4411764705882353,18.111077377738773,0.5326787464040815
2026-07-26 12:46:26.357126,VOYG,30m,2026-05-01 09:30:00-04:00,2026-07-26,7,1.5,2.0,1.0,0.7,27,0.5185185185185185,25.8674236524066,0.9580527278669111
2026-07-26 12:46:26.357126,VOYG,30m,2026-05-01 09:30:00-04:00,2026-07-26,7,1.5,2.0,1.5,0.3,34,0.4117647058823529,14.303101155378961,0.42067944574644
2026-07-26 12:46:26.357126,VOYG,30m,2026-05-01 09:30:00-04:00,2026-07-26,7,1.5,2.0,1.5,0.5,34,0.4117647058823529,14.303101155378961,0.42067944574644
2026-07-26 12:46:26.357126,VOYG,30m,2026-05-01 09:30:00-04:00,2026-07-26,7,1.5,2.0,1.5,0.7,26,0.46153846153846156,22.09662237701668,0.8498700914237184
2026-07-26 12:46:26.357126,VOYG,30m,2026-05-01 09:30:00-04:00,2026-07-26,7,1.5,2.0,2.0,0.3,34,0.4117647058823529,7.806935039731044,0.22961573646267777
2026-07-26 12:46:26.357126,VOYG,30m,2026-05-01 09:30:00-04:00,2026-07-26,7,1.5,2.0,2.0,0.5,34,0.4117647058823529,7.806935039731044,0.22961573646267777
2026-07-26 12:46:26.357126,VOYG,30m,2026-05-01 09:30:00-04:00,2026-07-26,7,1.5,2.0,2.0,0.7,26,0.4230769230769231,6.240653256302338,0.2400251252423976
2026-07-26 12:46:26.357126,VOYG,30m,2026-05-01 09:30:00-04:00,2026-07-26,7,1.5,2.0,2.5,0.3,33,0.3939393939393939,10.85283158035601,0.32887368425321245
2026-07-26 12:46:26.357126,VOYG,30m,2026-05-01 09:30:00-04:00,2026-07-26,7,1.5,2.0,2.5,0.5,33,0.3939393939393939,10.85283158035601,0.32887368425321245
2026-07-26 12:46:26.357126,VOYG,30m,2026-05-01 09:30:00-04:00,2026-07-26,7,1.5,2.0,2.5,0.7,26,0.38461538461538464,14.158654916184794,0.5445636506224921
2026-07-26 12:46:26.357126,VOYG,30m,2026-05-01 09:30:00-04:00,2026-07-26,7,1.5,2.0,3.0,0.3,32,0.4375,36.456132835773545,1.1392541511179233
2026-07-26 12:46:26.357126,VOYG,30m,2026-05-01 09:30:00-04:00,2026-07-26,7,1.5,2.0,3.0,0.5,32,0.4375,36.456132835773545,1.1392541511179233
2026-07-26 12:46:26.357126,VOYG,30m,2026-05-01 09:30:00-04:00,2026-07-26,7,1.5,2.0,3.0,0.7,25,0.44,49.140779835275765,1.9656311934110307
2026-07-26 12:46:26.357126,VOYG,30m,2026-05-01 09:30:00-04:00,2026-07-26,7,1.5,2.0,3.5,0.3,32,0.375,11.634398753178203,0.36357496103681886
2026-07-26 12:46:26.357126,VOYG,30m,2026-05-01 09:30:00-04:00,2026-07-26,7,1.5,2.0,3.5,0.5,32,0.375,11.634398753178203,0.36357496103681886
2026-07-26 12:46:26.357126,VOYG,30m,2026-05-01 09:30:00-04:00,2026-07-26,7,1.5,2.0,3.5,0.7,25,0.36,30.103986919264152,1.2041594767705661
2026-07-26 12:46:26.357126,VOYG,30m,2026-05-01 09:30:00-04:00,2026-07-26,7,1.5,2.5,1.0,0.3,27,0.4444444444444444,13.165407143306709,0.48760767197432253
2026-07-26 12:46:26.357126,VOYG,30m,2026-05-01 09:30:00-04:00,2026-07-26,7,1.5,2.5,1.0,0.5,27,0.4444444444444444,13.165407143306709,0.48760767197432253
2026-07-26 12:46:26.357126,VOYG,30m,2026-05-01 09:30:00-04:00,2026-07-26,7,1.5,2.5,1.0,0.7,22,0.5,17.793044729971292,0.8087747604532406
2026-07-26 12:46:26.357126,VOYG,30m,2026-05-01 09:30:00-04:00,2026-07-26,7,1.5,2.5,1.5,0.3,26,0.38461538461538464,8.931375822826553,0.3435144547240982
2026-07-26 12:46:26.357126,VOYG,30m,2026-05-01 09:30:00-04:00,2026-07-26,7,1.5,2.5,1.5,0.5,26,0.38461538461538464,8.931375822826553,0.3435144547240982
2026-07-26 12:46:26.357126,VOYG,30m,2026-05-01 09:30:00-04:00,2026-07-26,7,1.5,2.5,1.5,0.7,21,0.42857142857142855,16.17540033824696,0.7702571589641409
2026-07-26 12:46:26.357126,VOYG,30m,2026-05-01 09:30:00-04:00,2026-07-26,7,1.5,2.5,2.0,0.3,26,0.38461538461538464,4.989343820390388,0.19189783924578416
2026-07-26 12:46:26.357126,VOYG,30m,2026-05-01 09:30:00-04:00,2026-07-26,7,1.5,2.5,2.0,0.5,26,0.38461538461538464,4.989343820390388,0.19189783924578416
2026-07-26 12:46:26.357126,VOYG,30m,2026-05-01 09:30:00-04:00,2026-07-26,7,1.5,2.5,2.0,0.7,21,0.38095238095238093,4.3440756489759025,0.20686074518932868
2026-07-26 12:46:26.357126,VOYG,30m,2026-05-01 09:30:00-04:00,2026-07-26,7,1.5,2.5,2.5,0.3,25,0.36,14.48709255618013,0.5794837022472052
2026-07-26 12:46:26.357126,VOYG,30m,2026-05-01 09:30:00-04:00,2026-07-26,7,1.5,2.5,2.5,0.5,25,0.36,14.48709255618013,0.5794837022472052
2026-07-26 12:46:26.357126,VOYG,30m,2026-05-01 09:30:00-04:00,2026-07-26,7,1.5,2.5,2.5,0.7,21,0.3333333333333333,16.38793290702683,0.7803777574774681
2026-07-26 12:46:26.357126,VOYG,30m,2026-05-01 09:30:00-04:00,2026-07-26,7,1.5,2.5,3.0,0.3,25,0.4,41.42775168613884,1.6571100674455537
2026-07-26 12:46:26.357126,VOYG,30m,2026-05-01 09:30:00-04:00,2026-07-26,7,1.5,2.5,3.0,0.5,25,0.4,41.42775168613884,1.6571100674455537
2026-07-26 12:46:26.357126,VOYG,30m,2026-05-01 09:30:00-04:00,2026-07-26,7,1.5,2.5,3.0,0.7,21,0.38095238095238093,50.38141910366253,2.3991151954125014
2026-07-26 12:46:26.357126,VOYG,30m,2026-05-01 09:30:00-04:00,2026-07-26,7,1.5,2.5,3.5,0.3,25,0.4,22.11378741193773,0.8845514964775092
2026-07-26 12:46:26.357126,VOYG,30m,2026-05-01 09:30:00-04:00,2026-07-26,7,1.5,2.5,3.5,0.5,25,0.4,22.11378741193773,0.8845514964775092
2026-07-26 12:46:26.357126,VOYG,30m,2026-05-01 09:30:00-04:00,2026-07-26,7,1.5,2.5,3.5,0.7,21,0.38095238095238093,34.5263993990487,1.644114257097557
2026-07-26 12:46:26.357126,VOYG,30m,2026-05-01 09:30:00-04:00,2026-07-26,7,1.5,3.0,1.0,0.3,20,0.4,16.171562108829605,0.8085781054414802
2026-07-26 12:46:26.357126,VOYG,30m,2026-05-01 09:30:00-04:00,2026-07-26,7,1.5,3.0,1.0,0.5,20,0.4,16.171562108829605,0.8085781054414802
2026-07-26 12:46:26.357126,VOYG,30m,2026-05-01 09:30:00-04:00,2026-07-26,7,1.5,3.0,1.0,0.7,15,0.4666666666666667,20.79919969549419,1.3866133130329459
2026-07-26 12:46:26.357126,VOYG,30m,2026-05-01 09:30:00-04:00,2026-07-26,7,1.5,3.0,1.5,0.3,19,0.3684210526315789,19.111095882007447,1.0058471516846026
2026-07-26 12:46:26.357126,VOYG,30m,2026-05-01 09:30:00-04:00,2026-07-26,7,1.5,3.0,1.5,0.5,19,0.3684210526315789,19.111095882007447,1.0058471516846026
2026-07-26 12:46:26.357126,VOYG,30m,2026-05-01 09:30:00-04:00,2026-07-26,7,1.5,3.0,1.5,0.7,14,0.42857142857142855,26.355120397427854,1.8825085998162752
2026-07-26 12:46:26.357126,VOYG,30m,2026-05-01 09:30:00-04:00,2026-07-26,7,1.5,3.0,2.0,0.3,19,0.42105263157894735,22.528970565964812,1.1857352929455165
2026-07-26 12:46:26.357126,VOYG,30m,2026-05-01 09:30:00-04:00,2026-07-26,7,1.5,3.0,2.0,0.5,19,0.42105263157894735,22.528970565964812,1.1857352929455165
2026-07-26 12:46:26.357126,VOYG,30m,2026-05-01 09:30:00-04:00,2026-07-26,7,1.5,3.0,2.0,0.7,14,0.42857142857142855,21.883702394550326,1.5631215996107375
2026-07-26 12:46:26.357126,VOYG,30m,2026-05-01 09:30:00-04:00,2026-07-26,7,1.5,3.0,2.5,0.3,19,0.47368421052631576,37.43928949053885,1.9704889205546763
2026-07-26 12:46:26.357126,VOYG,30m,2026-05-01 09:30:00-04:00,2026-07-26,7,1.5,3.0,2.5,0.5,19,0.47368421052631576,37.43928949053885,1.9704889205546763
2026-07-26 12:46:26.357126,VOYG,30m,2026-05-01 09:30:00-04:00,2026-07-26,7,1.5,3.0,2.5,0.7,14,0.5,40.74520427627078,2.910371734019342
2026-07-26 12:46:26.357126,VOYG,30m,2026-05-01 09:30:00-04:00,2026-07-26,7,1.5,3.0,3.0,0.3,19,0.42105263157894735,35.175109839377505,1.8513215704935528
2026-07-26 12:46:26.357126,VOYG,30m,2026-05-01 09:30:00-04:00,2026-07-26,7,1.5,3.0,3.0,0.5,19,0.42105263157894735,35.175109839377505,1.8513215704935528
2026-07-26 12:46:26.357126,VOYG,30m,2026-05-01 09:30:00-04:00,2026-07-26,7,1.5,3.0,3.0,0.7,14,0.42857142857142855,46.034866578763456,3.2882047556259613
2026-07-26 12:46:26.357126,VOYG,30m,2026-05-01 09:30:00-04:00,2026-07-26,7,1.5,3.0,3.5,0.3,19,0.42105263157894735,21.004294812606723,1.1054892006635118
2026-07-26 12:46:26.357126,VOYG,30m,2026-05-01 09:30:00-04:00,2026-07-26,7,1.5,3.0,3.5,0.5,19,0.42105263157894735,21.004294812606723,1.1054892006635118
2026-07-26 12:46:26.357126,VOYG,30m,2026-05-01 09:30:00-04:00,2026-07-26,7,1.5,3.0,3.5,0.7,14,0.42857142857142855,35.82401100855705,2.5588579291826465
2026-07-26 12:46:26.357126,VOYG,30m,2026-05-01 09:30:00-04:00,2026-07-26,7,1.5,3.5,1.0,0.3,15,0.3333333333333333,10.232143346691522,0.6821428897794348
2026-07-26 12:46:26.357126,VOYG,30m,2026-05-01 09:30:00-04:00,2026-07-26,7,1.5,3.5,1.0,0.5,15,0.3333333333333333,10.232143346691522,0.6821428897794348
2026-07-26 12:46:26.357126,VOYG,30m,2026-05-01 09:30:00-04:00,2026-07-26,7,1.5,3.5,1.0,0.7,11,0.36363636363636365,13.393073951148864,1.2175521773771694
2026-07-26 12:46:26.357126,VOYG,30m,2026-05-01 09:30:00-04:00,2026-07-26,7,1.5,3.5,1.5,0.3,15,0.3333333333333333,4.745657553522307,0.3163771702348204
2026-07-26 12:46:26.357126,VOYG,30m,2026-05-01 09:30:00-04:00,2026-07-26,7,1.5,3.5,1.5,0.5,15,0.3333333333333333,4.745657553522307,0.3163771702348204
2026-07-26 12:46:26.357126,VOYG,30m,2026-05-01 09:30:00-04:00,2026-07-26,7,1.5,3.5,1.5,0.7,11,0.36363636363636365,10.517698121139425,0.9561543746490386
2026-07-26 12:46:26.357126,VOYG,30m,2026-05-01 09:30:00-04:00,2026-07-26,7,1.5,3.5,2.0,0.3,15,0.3333333333333333,0.04492577449013879,0.0029950516326759193
2026-07-26 12:46:26.357126,VOYG,30m,2026-05-01 09:30:00-04:00,2026-07-26,7,1.5,3.5,2.0,0.5,15,0.3333333333333333,0.04492577449013879,0.0029950516326759193
2026-07-26 12:46:26.357126,VOYG,30m,2026-05-01 09:30:00-04:00,2026-07-26,7,1.5,3.5,2.0,0.7,11,0.36363636363636365,3.0380311069685817,0.2761846460880529
2026-07-26 12:46:26.357126,VOYG,30m,2026-05-01 09:30:00-04:00,2026-07-26,7,1.5,3.5,2.5,0.3,15,0.3333333333333333,15.062493055904689,1.0041662037269792
2026-07-26 12:46:26.357126,VOYG,30m,2026-05-01 09:30:00-04:00,2026-07-26,7,1.5,3.5,2.5,0.5,15,0.3333333333333333,15.062493055904689,1.0041662037269792
2026-07-26 12:46:26.357126,VOYG,30m,2026-05-01 09:30:00-04:00,2026-07-26,7,1.5,3.5,2.5,0.7,11,0.36363636363636365,21.74137472150271,1.9764886110457007
2026-07-26 12:46:26.357126,VOYG,30m,2026-05-01 09:30:00-04:00,2026-07-26,7,1.5,3.5,3.0,0.3,15,0.26666666666666666,6.857683263152907,0.4571788842101938
2026-07-26 12:46:26.357126,VOYG,30m,2026-05-01 09:30:00-04:00,2026-07-26,7,1.5,3.5,3.0,0.5,15,0.26666666666666666,6.857683263152907,0.4571788842101938
2026-07-26 12:46:26.357126,VOYG,30m,2026-05-01 09:30:00-04:00,2026-07-26,7,1.5,3.5,3.0,0.7,11,0.2727272727272727,17.22234126187054,1.5656673874427762
2026-07-26 12:46:26.357126,VOYG,30m,2026-05-01 09:30:00-04:00,2026-07-26,7,1.5,3.5,3.5,0.3,15,0.26666666666666666,-4.871379287494548,-0.3247586191663032
2026-07-26 12:46:26.357126,VOYG,30m,2026-05-01 09:30:00-04:00,2026-07-26,7,1.5,3.5,3.5,0.5,15,0.26666666666666666,-4.871379287494548,-0.3247586191663032
2026-07-26 12:46:26.357126,VOYG,30m,2026-05-01 09:30:00-04:00,2026-07-26,7,1.5,3.5,3.5,0.7,11,0.2727272727272727,9.179055044342732,0.8344595494857029
2026-07-26 12:46:26.357126,VOYG,30m,2026-05-01 09:30:00-04:00,2026-07-26,7,1.8,0.5,1.0,0.3,48,0.4583333333333333,49.055564337743114,1.0219909237029816
2026-07-26 12:46:26.357126,VOYG,30m,2026-05-01 09:30:00-04:00,2026-07-26,7,1.8,0.5,1.0,0.5,35,0.42857142857142855,20.304612607741603,0.5801317887926173
2026-07-26 12:46:26.357126,VOYG,30m,2026-05-01 09:30:00-04:00,2026-07-26,7,1.8,0.5,1.0,0.7,26,0.5384615384615384,36.6845990765858,1.410946118330223
2026-07-26 12:46:26.357126,VOYG,30m,2026-05-01 09:30:00-04:00,2026-07-26,7,1.8,0.5,1.5,0.3,44,0.45454545454545453,93.65800943660992,2.1285911235593162
2026-07-26 12:46:26.357126,VOYG,30m,2026-05-01 09:30:00-04:00,2026-07-26,7,1.8,0.5,1.5,0.5,33,0.36363636363636365,10.341455545013503,0.3133774407579849
2026-07-26 12:46:26.357126,VOYG,30m,2026-05-01 09:30:00-04:00,2026-07-26,7,1.8,0.5,1.5,0.7,24,0.5,39.32470976965302,1.6385295737355425
2026-07-26 12:46:26.357126,VOYG,30m,2026-05-01 09:30:00-04:00,2026-07-26,7,1.8,0.5,2.0,0.3,43,0.4883720930232558,71.29735139776008,1.6580779394827927
2026-07-26 12:46:26.357126,VOYG,30m,2026-05-01 09:30:00-04:00,2026-07-26,7,1.8,0.5,2.0,0.5,33,0.36363636363636365,-4.863863364951904,-0.14738979893793647
2026-07-26 12:46:26.357126,VOYG,30m,2026-05-01 09:30:00-04:00,2026-07-26,7,1.8,0.5,2.0,0.7,24,0.4583333333333333,26.575693595608954,1.1073205664837065
2026-07-26 12:46:26.357126,VOYG,30m,2026-05-01 09:30:00-04:00,2026-07-26,7,1.8,0.5,2.5,0.3,42,0.47619047619047616,71.14187131775788,1.6938540789942351
2026-07-26 12:46:26.357126,VOYG,30m,2026-05-01 09:30:00-04:00,2026-07-26,7,1.8,0.5,2.5,0.5,33,0.3939393939393939,22.114535499259098,0.6701374393714878
2026-07-26 12:46:26.357126,VOYG,30m,2026-05-01 09:30:00-04:00,2026-07-26,7,1.8,0.5,2.5,0.7,24,0.4583333333333333,48.414617148478705,2.017275714519946
2026-07-26 12:46:26.357126,VOYG,30m,2026-05-01 09:30:00-04:00,2026-07-26,7,1.8,0.5,3.0,0.3,42,0.4523809523809524,61.011330781716744,1.4526507328980176
2026-07-26 12:46:26.357126,VOYG,30m,2026-05-01 09:30:00-04:00,2026-07-26,7,1.8,0.5,3.0,0.5,33,0.3939393939393939,11.40257241509179,0.3455324974270239
2026-07-26 12:46:26.357126,VOYG,30m,2026-05-01 09:30:00-04:00,2026-07-26,7,1.8,0.5,3.0,0.7,24,0.4583333333333333,50.15214090961024,2.0896725379004266
2026-07-26 12:46:26.357126,VOYG,30m,2026-05-01 09:30:00-04:00,2026-07-26,7,1.8,0.5,3.5,0.3,42,0.4523809523809524,55.057828452267366,1.3109006774349372
2026-07-26 12:46:26.357126,VOYG,30m,2026-05-01 09:30:00-04:00,2026-07-26,7,1.8,0.5,3.5,0.5,33,0.36363636363636365,-12.21813002309922,-0.37024636433634
2026-07-26 12:46:26.357126,VOYG,30m,2026-05-01 09:30:00-04:00,2026-07-26,7,1.8,0.5,3.5,0.7,24,0.4166666666666667,33.651074839321105,1.402128118305046
2026-07-26 12:46:26.357126,VOYG,30m,2026-05-01 09:30:00-04:00,2026-07-26,7,1.8,0.8,1.0,0.3,39,0.46153846153846156,35.00874625791315,0.8976601604593116
2026-07-26 12:46:26.357126,VOYG,30m,2026-05-01 09:30:00-04:00,2026-07-26,7,1.8,0.8,1.0,0.5,34,0.4411764705882353,20.910991602465465,0.6150291647783961
2026-07-26 12:46:26.357126,VOYG,30m,2026-05-01 09:30:00-04:00,2026-07-26,7,1.8,0.8,1.0,0.7,25,0.56,37.29097807130966,1.4916391228523864
2026-07-26 12:46:26.357126,VOYG,30m,2026-05-01 09:30:00-04:00,2026-07-26,7,1.8,0.8,1.5,0.3,36,0.4444444444444444,54.42283294926664,1.511745359701851
2026-07-26 12:46:26.357126,VOYG,30m,2026-05-01 09:30:00-04:00,2026-07-26,7,1.8,0.8,1.5,0.5,32,0.375,11.65102403709934,0.3640945011593544
2026-07-26 12:46:26.357126,VOYG,30m,2026-05-01 09:30:00-04:00,2026-07-26,7,1.8,0.8,1.5,0.7,23,0.5217391304347826,40.63427826173886,1.766707750510385
2026-07-26 12:46:26.357126,VOYG,30m,2026-05-01 09:30:00-04:00,2026-07-26,7,1.8,0.8,2.0,0.3,36,0.4444444444444444,37.37982607612427,1.038328502114563
2026-07-26 12:46:26.357126,VOYG,30m,2026-05-01 09:30:00-04:00,2026-07-26,7,1.8,0.8,2.0,0.5,32,0.375,-2.8511053755040905,-0.08909704298450283
2026-07-26 12:46:26.357126,VOYG,30m,2026-05-01 09:30:00-04:00,2026-07-26,7,1.8,0.8,2.0,0.7,23,0.4782608695652174,28.588451585056767,1.2429761558720334
2026-07-26 12:46:26.357126,VOYG,30m,2026-05-01 09:30:00-04:00,2026-07-26,7,1.8,0.8,2.5,0.3,36,0.4444444444444444,52.12023549244364,1.4477843192345456
2026-07-26 12:46:26.357126,VOYG,30m,2026-05-01 09:30:00-04:00,2026-07-26,7,1.8,0.8,2.5,0.5,32,0.375,14.494071177908125,0.4529397243096289
2026-07-26 12:46:26.357126,VOYG,30m,2026-05-01 09:30:00-04:00,2026-07-26,7,1.8,0.8,2.5,0.7,23,0.43478260869565216,40.79415282712773,1.773658818570771
2026-07-26 12:46:26.357126,VOYG,30m,2026-05-01 09:30:00-04:00,2026-07-26,7,1.8,0.8,3.0,0.3,36,0.4166666666666667,39.47941240691325,1.096650344636479
2026-07-26 12:46:26.357126,VOYG,30m,2026-05-01 09:30:00-04:00,2026-07-26,7,1.8,0.8,3.0,0.5,32,0.375,4.458015229470611,0.1393129759209566
2026-07-26 12:46:26.357126,VOYG,30m,2026-05-01 09:30:00-04:00,2026-07-26,7,1.8,0.8,3.0,0.7,23,0.43478260869565216,43.20758372398906,1.8785905966951766
2026-07-26 12:46:26.357126,VOYG,30m,2026-05-01 09:30:00-04:00,2026-07-26,7,1.8,0.8,3.5,0.3,36,0.4166666666666667,38.05571539618107,1.0571032054494742
2026-07-26 12:46:26.357126,VOYG,30m,2026-05-01 09:30:00-04:00,2026-07-26,7,1.8,0.8,3.5,0.5,32,0.34375,-18.486780072990605,-0.5777118772809564
2026-07-26 12:46:26.357126,VOYG,30m,2026-05-01 09:30:00-04:00,2026-07-26,7,1.8,0.8,3.5,0.7,23,0.391304347826087,27.38242478942972,1.1905402082360748
2026-07-26 12:46:26.357126,VOYG,30m,2026-05-01 09:30:00-04:00,2026-07-26,7,1.8,1.0,1.0,0.3,36,0.5,41.6097501892882,1.1558263941468945
2026-07-26 12:46:26.357126,VOYG,30m,2026-05-01 09:30:00-04:00,2026-07-26,7,1.8,1.0,1.0,0.5,31,0.4838709677419355,27.511995533840512,0.8874837268980811
2026-07-26 12:46:26.357126,VOYG,30m,2026-05-01 09:30:00-04:00,2026-07-26,7,1.8,1.0,1.0,0.7,23,0.6086956521739131,41.102552509000425,1.7870675003913228
2026-07-26 12:46:26.357126,VOYG,30m,2026-05-01 09:30:00-04:00,2026-07-26,7,1.8,1.0,1.5,0.3,34,0.47058823529411764,62.01800261614945,1.8240589004749839
2026-07-26 12:46:26.357126,VOYG,30m,2026-05-01 09:30:00-04:00,2026-07-26,7,1.8,1.0,1.5,0.5,29,0.41379310344827586,23.76182230619431,0.8193731829722176
2026-07-26 12:46:26.357126,VOYG,30m,2026-05-01 09:30:00-04:00,2026-07-26,7,1.8,1.0,1.5,0.7,21,0.5714285714285714,48.560932290307406,2.3124253471574954
2026-07-26 12:46:26.357126,VOYG,30m,2026-05-01 09:30:00-04:00,2026-07-26,7,1.8,1.0,2.0,0.3,34,0.5,51.77472577405954,1.5227860521782217
2026-07-26 12:46:26.357126,VOYG,30m,2026-05-01 09:30:00-04:00,2026-07-26,7,1.8,1.0,2.0,0.5,29,0.41379310344827586,11.030753611864483,0.3803708142022236
2026-07-26 12:46:26.357126,VOYG,30m,2026-05-01 09:30:00-04:00,2026-07-26,7,1.8,1.0,2.0,0.7,21,0.5238095238095238,36.89145158505678,1.7567357897646085
2026-07-26 12:46:26.357126,VOYG,30m,2026-05-01 09:30:00-04:00,2026-07-26,7,1.8,1.0,2.5,0.3,34,0.47058823529411764,66.3756101148627,1.9522238269077263
2026-07-26 12:46:26.357126,VOYG,30m,2026-05-01 09:30:00-04:00,2026-07-26,7,1.8,1.0,2.5,0.5,29,0.41379310344827586,29.77064491211884,1.0265739624868566
2026-07-26 12:46:26.357126,VOYG,30m,2026-05-01 09:30:00-04:00,2026-07-26,7,1.8,1.0,2.5,0.7,21,0.47619047619047616,49.09715282712774,2.3379596584346545
2026-07-26 12:46:26.357126,VOYG,30m,2026-05-01 09:30:00-04:00,2026-07-26,7,1.8,1.0,3.0,0.3,34,0.4411764705882353,53.292473472763255,1.5674256903753898
2026-07-26 12:46:26.357126,VOYG,30m,2026-05-01 09:30:00-04:00,2026-07-26,7,1.8,1.0,3.0,0.5,29,0.41379310344827586,20.826515229470637,0.7181556975679529
2026-07-26 12:46:26.357126,VOYG,30m,2026-05-01 09:30:00-04:00,2026-07-26,7,1.8,1.0,3.0,0.7,21,0.47619047619047616,51.51058372398907,2.452884939237575
2026-07-26 12:46:26.357126,VOYG,30m,2026-05-01 09:30:00-04:00,2026-07-26,7,1.8,1.0,3.5,0.3,34,0.4411764705882353,50.530715396181165,1.4861975116523871
2026-07-26 12:46:26.357126,VOYG,30m,2026-05-01 09:30:00-04:00,2026-07-26,7,1.8,1.0,3.5,0.5,29,0.3793103448275862,-2.1182800729905793,-0.07304414044795102
2026-07-26 12:46:26.357126,VOYG,30m,2026-05-01 09:30:00-04:00,2026-07-26,7,1.8,1.0,3.5,0.7,21,0.42857142857142855,35.68542478942973,1.6993059423537968
2026-07-26 12:46:26.357126,VOYG,30m,2026-05-01 09:30:00-04:00,2026-07-26,7,1.8,1.2,1.0,0.3,33,0.5151515151515151,35.665150474487284,1.0807621355905237
2026-07-26 12:46:26.357126,VOYG,30m,2026-05-01 09:30:00-04:00,2026-07-26,7,1.8,1.2,1.0,0.5,29,0.5172413793103449,29.0287503182768,1.0009913902854068
2026-07-26 12:46:26.357126,VOYG,30m,2026-05-01 09:30:00-04:00,2026-07-26,7,1.8,1.2,1.0,0.7,22,0.6363636363636364,42.5676066972677,1.934891213512168
2026-07-26 12:46:26.357126,VOYG,30m,2026-05-01 09:30:00-04:00,2026-07-26,7,1.8,1.2,1.5,0.3,32,0.46875,56.29377407678238,1.7591804398994493
2026-07-26 12:46:26.357126,VOYG,30m,2026-05-01 09:30:00-04:00,2026-07-26,7,1.8,1.2,1.5,0.5,28,0.42857142857142855,25.83937320044786,0.9228347571588521
2026-07-26 12:46:26.357126,VOYG,30m,2026-05-01 09:30:00-04:00,2026-07-26,7,1.8,1.2,1.5,0.7,21,0.5714285714285714,48.560932290307406,2.3124253471574954
2026-07-26 12:46:26.357126,VOYG,30m,2026-05-01 09:30:00-04:00,2026-07-26,7,1.8,1.2,2.0,0.3,32,0.46875,42.89187554138724,1.3403711106683514
2026-07-26 12:46:26.357126,VOYG,30m,2026-05-01 09:30:00-04:00,2026-07-26,7,1.8,1.2,2.0,0.5,28,0.42857142857142855,15.134154804202566,0.5405055287215202
2026-07-26 12:46:26.357126,VOYG,30m,2026-05-01 09:30:00-04:00,2026-07-26,7,1.8,1.2,2.0,0.7,21,0.5238095238095238,36.89145158505678,1.7567357897646085
2026-07-26 12:46:26.357126,VOYG,30m,2026-05-01 09:30:00-04:00,2026-07-26,7,1.8,1.2,2.5,0.3,32,0.4375,46.67318277254104,1.4585369616419075
2026-07-26 12:46:26.357126,VOYG,30m,2026-05-01 09:30:00-04:00,2026-07-26,7,1.8,1.2,2.5,0.5,28,0.39285714285714285,21.676031851060173,0.7741439946807205
2026-07-26 12:46:26.357126,VOYG,30m,2026-05-01 09:30:00-04:00,2026-07-26,7,1.8,1.2,2.5,0.7,21,0.47619047619047616,49.09715282712774,2.3379596584346545
2026-07-26 12:46:26.357126,VOYG,30m,2026-05-01 09:30:00-04:00,2026-07-26,7,1.8,1.2,3.0,0.3,32,0.40625,37.05956066197732,1.1581112706867913
2026-07-26 12:46:26.357126,VOYG,30m,2026-05-01 09:30:00-04:00,2026-07-26,7,1.8,1.2,3.0,0.5,28,0.39285714285714285,14.822979556200231,0.5293921270071511
2026-07-26 12:46:26.357126,VOYG,30m,2026-05-01 09:30:00-04:00,2026-07-26,7,1.8,1.2,3.0,0.7,21,0.47619047619047616,51.51058372398907,2.452884939237575
2026-07-26 12:46:26.357126,VOYG,30m,2026-05-01 09:30:00-04:00,2026-07-26,7,1.8,1.2,3.5,0.3,32,0.40625,36.92709664590453,1.1539717701845165
2026-07-26 12:46:26.357126,VOYG,30m,2026-05-01 09:30:00-04:00,2026-07-26,7,1.8,1.2,3.5,0.5,28,0.35714285714285715,-6.674780072990636,-0.23838500260680842
2026-07-26 12:46:26.357126,VOYG,30m,2026-05-01 09:30:00-04:00,2026-07-26,7,1.8,1.2,3.5,0.7,21,0.42857142857142855,35.68542478942973,1.6993059423537968
2026-07-26 12:46:26.357126,VOYG,30m,2026-05-01 09:30:00-04:00,2026-07-26,7,1.8,1.5,1.0,0.3,28,0.5357142857142857,42.48612815607842,1.5173617198599436
2026-07-26 12:46:26.357126,VOYG,30m,2026-05-01 09:30:00-04:00,2026-07-26,7,1.8,1.5,1.0,0.5,26,0.5384615384615384,37.55872815607841,1.4445664675414773
2026-07-26 12:46:26.357126,VOYG,30m,2026-05-01 09:30:00-04:00,2026-07-26,7,1.8,1.5,1.0,0.7,22,0.6363636363636364,42.5676066972677,1.934891213512168
2026-07-26 12:46:26.357126,VOYG,30m,2026-05-01 09:30:00-04:00,2026-07-26,7,1.8,1.5,1.5,0.3,27,0.5185185185185185,70.44159164604984,2.6089478387425866
2026-07-26 12:46:26.357126,VOYG,30m,2026-05-01 09:30:00-04:00,2026-07-26,7,1.8,1.5,1.5,0.5,25,0.48,40.02569100403104,1.6010276401612415
2026-07-26 12:46:26.357126,VOYG,30m,2026-05-01 09:30:00-04:00,2026-07-26,7,1.8,1.5,1.5,0.7,21,0.5714285714285714,48.560932290307406,2.3124253471574954
2026-07-26 12:46:26.357126,VOYG,30m,2026-05-01 09:30:00-04:00,2026-07-26,7,1.8,1.5,2.0,0.3,27,0.5185185185185185,63.788633383770126,2.3625419771766714
2026-07-26 12:46:26.357126,VOYG,30m,2026-05-01 09:30:00-04:00,2026-07-26,7,1.8,1.5,2.0,0.5,25,0.48,34.39891295900637,1.3759565183602547
2026-07-26 12:46:26.357126,VOYG,30m,2026-05-01 09:30:00-04:00,2026-07-26,7,1.8,1.5,2.0,0.7,21,0.5238095238095238,36.89145158505678,1.7567357897646085
2026-07-26 12:46:26.357126,VOYG,30m,2026-05-01 09:30:00-04:00,2026-07-26,7,1.8,1.5,2.5,0.3,27,0.48148148148148145,71.13113007551962,2.6344862990933193
2026-07-26 12:46:26.357126,VOYG,30m,2026-05-01 09:30:00-04:00,2026-07-26,7,1.8,1.5,2.5,0.5,25,0.44,42.831479544564814,1.7132591817825926
2026-07-26 12:46:26.357126,VOYG,30m,2026-05-01 09:30:00-04:00,2026-07-26,7,1.8,1.5,2.5,0.7,21,0.47619047619047616,49.09715282712774,2.3379596584346545
2026-07-26 12:46:26.357126,VOYG,30m,2026-05-01 09:30:00-04:00,2026-07-26,7,1.8,1.5,3.0,0.3,27,0.48148148148148145,65.07869742555158,2.410322126872281
2026-07-26 12:46:26.357126,VOYG,30m,2026-05-01 09:30:00-04:00,2026-07-26,7,1.8,1.5,3.0,0.5,25,0.44,37.869116788405854,1.5147646715362342
2026-07-26 12:46:26.357126,VOYG,30m,2026-05-01 09:30:00-04:00,2026-07-26,7,1.8,1.5,3.0,0.7,21,0.47619047619047616,51.51058372398907,2.452884939237575
2026-07-26 12:46:26.357126,VOYG,30m,2026-05-01 09:30:00-04:00,2026-07-26,7,1.8,1.5,3.5,0.3,27,0.4444444444444444,44.38155744125268,1.6437613867130623
2026-07-26 12:46:26.357126,VOYG,30m,2026-05-01 09:30:00-04:00,2026-07-26,7,1.8,1.5,3.5,0.5,25,0.4,18.26204669791597,0.7304818679166388
2026-07-26 12:46:26.357126,VOYG,30m,2026-05-01 09:30:00-04:00,2026-07-26,7,1.8,1.5,3.5,0.7,21,0.42857142857142855,35.68542478942973,1.6993059423537968
2026-07-26 12:46:26.357126,VOYG,30m,2026-05-01 09:30:00-04:00,2026-07-26,7,1.8,1.8,1.0,0.3,26,0.5384615384615384,34.13473802821805,1.3128745395468482
2026-07-26 12:46:26.357126,VOYG,30m,2026-05-01 09:30:00-04:00,2026-07-26,7,1.8,1.8,1.0,0.5,25,0.52,27.345538028218037,1.0938215211287214
2026-07-26 12:46:26.357126,VOYG,30m,2026-05-01 09:30:00-04:00,2026-07-26,7,1.8,1.8,1.0,0.7,21,0.6190476190476191,32.35441656940733,1.540686503305111
2026-07-26 12:46:26.357126,VOYG,30m,2026-05-01 09:30:00-04:00,2026-07-26,7,1.8,1.8,1.5,0.3,25,0.48,31.070876489224162,1.2428350595689666
2026-07-26 12:46:26.357126,VOYG,30m,2026-05-01 09:30:00-04:00,2026-07-26,7,1.8,1.8,1.5,0.5,24,0.4583333333333333,24.281676489224147,1.0117365203843394
2026-07-26 12:46:26.357126,VOYG,30m,2026-05-01 09:30:00-04:00,2026-07-26,7,1.8,1.8,1.5,0.7,20,0.55,32.816917775500514,1.6408458887750257
2026-07-26 12:46:26.357126,VOYG,30m,2026-05-01 09:30:00-04:00,2026-07-26,7,1.8,1.8,2.0,0.3,25,0.48,25.99434650800255,1.039773860320102
2026-07-26 12:46:26.357126,VOYG,30m,2026-05-01 09:30:00-04:00,2026-07-26,7,1.8,1.8,2.0,0.5,24,0.4583333333333333,19.456893605930468,0.8107039002471028
2026-07-26 12:46:26.357126,VOYG,30m,2026-05-01 09:30:00-04:00,2026-07-26,7,1.8,1.8,2.0,0.7,20,0.5,21.94943223198088,1.097471611599044
2026-07-26 12:46:26.357126,VOYG,30m,2026-05-01 09:30:00-04:00,2026-07-26,7,1.8,1.8,2.5,0.3,25,0.44,34.91327148081016,1.3965308592324064
2026-07-26 12:46:26.357126,VOYG,30m,2026-05-01 09:30:00-04:00,2026-07-26,7,1.8,1.8,2.5,0.5,24,0.4166666666666667,28.69145535321998,1.1954773063841657
2026-07-26 12:46:26.357126,VOYG,30m,2026-05-01 09:30:00-04:00,2026-07-26,7,1.8,1.8,2.5,0.7,20,0.45,34.95712863578291,1.7478564317891454
2026-07-26 12:46:26.357126,VOYG,30m,2026-05-01 09:30:00-04:00,2026-07-26,7,1.8,1.8,3.0,0.3,25,0.44,30.43726711190022,1.2174906844760087
2026-07-26 12:46:26.357126,VOYG,30m,2026-05-01 09:30:00-04:00,2026-07-26,7,1.8,1.8,3.0,0.5,24,0.4166666666666667,24.53108775879201,1.022128656616334
2026-07-26 12:46:26.357126,VOYG,30m,2026-05-01 09:30:00-04:00,2026-07-26,7,1.8,1.8,3.0,0.7,20,0.45,38.17255469437523,1.9086277347187615
2026-07-26 12:46:26.357126,VOYG,30m,2026-05-01 09:30:00-04:00,2026-07-26,7,1.8,1.8,3.5,0.3,25,0.4,11.316555408659426,0.45266221634637704
2026-07-26 12:46:26.357126,VOYG,30m,2026-05-01 09:30:00-04:00,2026-07-26,7,1.8,1.8,3.5,0.5,24,0.375,5.726012830033191,0.23858386791804964
2026-07-26 12:46:26.357126,VOYG,30m,2026-05-01 09:30:00-04:00,2026-07-26,7,1.8,1.8,3.5,0.7,20,0.4,23.149390921546953,1.1574695460773476
2026-07-26 12:46:26.357126,VOYG,30m,2026-05-01 09:30:00-04:00,2026-07-26,7,1.8,2.0,1.0,0.3,25,0.52,27.345538028218037,1.0938215211287214
2026-07-26 12:46:26.357126,VOYG,30m,2026-05-01 09:30:00-04:00,2026-07-26,7,1.8,2.0,1.0,0.5,25,0.52,27.345538028218037,1.0938215211287214
2026-07-26 12:46:26.357126,VOYG,30m,2026-05-01 09:30:00-04:00,2026-07-26,7,1.8,2.0,1.0,0.7,21,0.6190476190476191,32.35441656940733,1.540686503305111
2026-07-26 12:46:26.357126,VOYG,30m,2026-05-01 09:30:00-04:00,2026-07-26,7,1.8,2.0,1.5,0.3,24,0.4583333333333333,24.281676489224147,1.0117365203843394
2026-07-26 12:46:26.357126,VOYG,30m,2026-05-01 09:30:00-04:00,2026-07-26,7,1.8,2.0,1.5,0.5,24,0.4583333333333333,24.281676489224147,1.0117365203843394
2026-07-26 12:46:26.357126,VOYG,30m,2026-05-01 09:30:00-04:00,2026-07-26,7,1.8,2.0,1.5,0.7,20,0.55,32.816917775500514,1.6408458887750257
2026-07-26 12:46:26.357126,VOYG,30m,2026-05-01 09:30:00-04:00,2026-07-26,7,1.8,2.0,2.0,0.3,24,0.4583333333333333,19.456893605930468,0.8107039002471028
2026-07-26 12:46:26.357126,VOYG,30m,2026-05-01 09:30:00-04:00,2026-07-26,7,1.8,2.0,2.0,0.5,24,0.4583333333333333,19.456893605930468,0.8107039002471028
2026-07-26 12:46:26.357126,VOYG,30m,2026-05-01 09:30:00-04:00,2026-07-26,7,1.8,2.0,2.0,0.7,20,0.5,21.94943223198088,1.097471611599044
2026-07-26 12:46:26.357126,VOYG,30m,2026-05-01 09:30:00-04:00,2026-07-26,7,1.8,2.0,2.5,0.3,24,0.4166666666666667,28.69145535321998,1.1954773063841657
2026-07-26 12:46:26.357126,VOYG,30m,2026-05-01 09:30:00-04:00,2026-07-26,7,1.8,2.0,2.5,0.5,24,0.4166666666666667,28.69145535321998,1.1954773063841657
2026-07-26 12:46:26.357126,VOYG,30m,2026-05-01 09:30:00-04:00,2026-07-26,7,1.8,2.0,2.5,0.7,20,0.45,34.95712863578291,1.7478564317891454
2026-07-26 12:46:26.357126,VOYG,30m,2026-05-01 09:30:00-04:00,2026-07-26,7,1.8,2.0,3.0,0.3,24,0.4166666666666667,24.53108775879201,1.022128656616334
2026-07-26 12:46:26.357126,VOYG,30m,2026-05-01 09:30:00-04:00,2026-07-26,7,1.8,2.0,3.0,0.5,24,0.4166666666666667,24.53108775879201,1.022128656616334
2026-07-26 12:46:26.357126,VOYG,30m,2026-05-01 09:30:00-04:00,2026-07-26,7,1.8,2.0,3.0,0.7,20,0.45,38.17255469437523,1.9086277347187615
2026-07-26 12:46:26.357126,VOYG,30m,2026-05-01 09:30:00-04:00,2026-07-26,7,1.8,2.0,3.5,0.3,24,0.375,5.726012830033191,0.23858386791804964
2026-07-26 12:46:26.357126,VOYG,30m,2026-05-01 09:30:00-04:00,2026-07-26,7,1.8,2.0,3.5,0.5,24,0.375,5.726012830033191,0.23858386791804964
2026-07-26 12:46:26.357126,VOYG,30m,2026-05-01 09:30:00-04:00,2026-07-26,7,1.8,2.0,3.5,0.7,20,0.4,23.149390921546953,1.1574695460773476
2026-07-26 12:46:26.357126,VOYG,30m,2026-05-01 09:30:00-04:00,2026-07-26,7,1.8,2.5,1.0,0.3,20,0.55,22.374676916699237,1.1187338458349618
2026-07-26 12:46:26.357126,VOYG,30m,2026-05-01 09:30:00-04:00,2026-07-26,7,1.8,2.5,1.0,0.5,20,0.55,22.374676916699237,1.1187338458349618
2026-07-26 12:46:26.357126,VOYG,30m,2026-05-01 09:30:00-04:00,2026-07-26,7,1.8,2.5,1.0,0.7,18,0.6111111111111112,24.254846769885283,1.347491487215849
2026-07-26 12:46:26.357126,VOYG,30m,2026-05-01 09:30:00-04:00,2026-07-26,7,1.8,2.5,1.5,0.3,19,0.47368421052631576,22.723070908539107,1.1959511004494268
2026-07-26 12:46:26.357126,VOYG,30m,2026-05-01 09:30:00-04:00,2026-07-26,7,1.8,2.5,1.5,0.5,19,0.47368421052631576,22.723070908539107,1.1959511004494268
2026-07-26 12:46:26.357126,VOYG,30m,2026-05-01 09:30:00-04:00,2026-07-26,7,1.8,2.5,1.5,0.7,17,0.5294117647058824,25.790249162810568,1.5170734801653276
2026-07-26 12:46:26.357126,VOYG,30m,2026-05-01 09:30:00-04:00,2026-07-26,7,1.8,2.5,2.0,0.3,19,0.47368421052631576,18.508655176996278,0.9741397461576988
2026-07-26 12:46:26.357126,VOYG,30m,2026-05-01 09:30:00-04:00,2026-07-26,7,1.8,2.5,2.0,0.5,19,0.47368421052631576,18.508655176996278,0.9741397461576988
2026-07-26 12:46:26.357126,VOYG,30m,2026-05-01 09:30:00-04:00,2026-07-26,7,1.8,2.5,2.0,0.7,17,0.47058823529411764,17.64720741506096,1.0380710244153506
2026-07-26 12:46:26.357126,VOYG,30m,2026-05-01 09:30:00-04:00,2026-07-26,7,1.8,2.5,2.5,0.3,19,0.42105263157894735,32.79365731705216,1.7259819640553768
2026-07-26 12:46:26.357126,VOYG,30m,2026-05-01 09:30:00-04:00,2026-07-26,7,1.8,2.5,2.5,0.5,19,0.42105263157894735,32.79365731705216,1.7259819640553768
2026-07-26 12:46:26.357126,VOYG,30m,2026-05-01 09:30:00-04:00,2026-07-26,7,1.8,2.5,2.5,0.7,17,0.4117647058823529,33.379347614633055,1.9634910361548856
2026-07-26 12:46:26.357126,VOYG,30m,2026-05-01 09:30:00-04:00,2026-07-26,7,1.8,2.5,3.0,0.3,19,0.42105263157894735,33.68373011539067,1.7728279008100352
2026-07-26 12:46:26.357126,VOYG,30m,2026-05-01 09:30:00-04:00,2026-07-26,7,1.8,2.5,3.0,0.5,19,0.42105263157894735,33.68373011539067,1.7728279008100352
2026-07-26 12:46:26.357126,VOYG,30m,2026-05-01 09:30:00-04:00,2026-07-26,7,1.8,2.5,3.0,0.7,17,0.4117647058823529,39.319217468995404,2.3128951452350237
2026-07-26 12:46:26.357126,VOYG,30m,2026-05-01 09:30:00-04:00,2026-07-26,7,1.8,2.5,3.5,0.3,19,0.42105263157894735,19.92909557939832,1.0488997673367537
2026-07-26 12:46:26.357126,VOYG,30m,2026-05-01 09:30:00-04:00,2026-07-26,7,1.8,2.5,3.5,0.5,19,0.42105263157894735,19.92909557939832,1.0488997673367537
2026-07-26 12:46:26.357126,VOYG,30m,2026-05-01 09:30:00-04:00,2026-07-26,7,1.8,2.5,3.5,0.7,17,0.4117647058823529,27.020497491937157,1.5894410289374798
2026-07-26 12:46:26.357126,VOYG,30m,2026-05-01 09:30:00-04:00,2026-07-26,7,1.8,3.0,1.0,0.3,14,0.5,23.56728654529153,1.6833776103779665
2026-07-26 12:46:26.357126,VOYG,30m,2026-05-01 09:30:00-04:00,2026-07-26,7,1.8,3.0,1.0,0.5,14,0.5,23.56728654529153,1.6833776103779665
2026-07-26 12:46:26.357126,VOYG,30m,2026-05-01 09:30:00-04:00,2026-07-26,7,1.8,3.0,1.0,0.7,12,0.5833333333333334,25.447456398477577,2.120621366539798
2026-07-26 12:46:26.357126,VOYG,30m,2026-05-01 09:30:00-04:00,2026-07-26,7,1.8,3.0,1.5,0.3,13,0.46153846153846156,29.657472962324185,2.281344074024937
2026-07-26 12:46:26.357126,VOYG,30m,2026-05-01 09:30:00-04:00,2026-07-26,7,1.8,3.0,1.5,0.5,13,0.46153846153846156,29.657472962324185,2.281344074024937
2026-07-26 12:46:26.357126,VOYG,30m,2026-05-01 09:30:00-04:00,2026-07-26,7,1.8,3.0,1.5,0.7,11,0.5454545454545454,32.724651216595646,2.974968292417786
2026-07-26 12:46:26.357126,VOYG,30m,2026-05-01 09:30:00-04:00,2026-07-26,7,1.8,3.0,2.0,0.3,13,0.5384615384615384,31.3711912487096,2.413168557593046
2026-07-26 12:46:26.357126,VOYG,30m,2026-05-01 09:30:00-04:00,2026-07-26,7,1.8,3.0,2.0,0.5,13,0.5384615384615384,31.3711912487096,2.413168557593046
2026-07-26 12:46:26.357126,VOYG,30m,2026-05-01 09:30:00-04:00,2026-07-26,7,1.8,3.0,2.0,0.7,11,0.5454545454545454,30.509743486774283,2.773613044252208
2026-07-26 12:46:26.357126,VOYG,30m,2026-05-01 09:30:00-04:00,2026-07-26,7,1.8,3.0,2.5,0.3,13,0.6153846153846154,51.042065343969725,3.926312718766902
2026-07-26 12:46:26.357126,VOYG,30m,2026-05-01 09:30:00-04:00,2026-07-26,7,1.8,3.0,2.5,0.5,13,0.6153846153846154,51.042065343969725,3.926312718766902
2026-07-26 12:46:26.357126,VOYG,30m,2026-05-01 09:30:00-04:00,2026-07-26,7,1.8,3.0,2.5,0.7,11,0.6363636363636364,51.62775564155062,4.693432331050056
2026-07-26 12:46:26.357126,VOYG,30m,2026-05-01 09:30:00-04:00,2026-07-26,7,1.8,3.0,3.0,0.3,13,0.5384615384615384,53.538440863494436,4.118341604884187
2026-07-26 12:46:26.357126,VOYG,30m,2026-05-01 09:30:00-04:00,2026-07-26,7,1.8,3.0,3.0,0.5,13,0.5384615384615384,53.538440863494436,4.118341604884187
2026-07-26 12:46:26.357126,VOYG,30m,2026-05-01 09:30:00-04:00,2026-07-26,7,1.8,3.0,3.0,0.7,11,0.5454545454545454,59.173928217099174,5.379448019736288
2026-07-26 12:46:26.357126,VOYG,30m,2026-05-01 09:30:00-04:00,2026-07-26,7,1.8,3.0,3.5,0.3,13,0.5384615384615384,44.12818100741003,3.394475462108464
2026-07-26 12:46:26.357126,VOYG,30m,2026-05-01 09:30:00-04:00,2026-07-26,7,1.8,3.0,3.5,0.5,13,0.5384615384615384,44.12818100741003,3.394475462108464
2026-07-26 12:46:26.357126,VOYG,30m,2026-05-01 09:30:00-04:00,2026-07-26,7,1.8,3.0,3.5,0.7,11,0.5454545454545454,51.21958291994886,4.656325719995351
2026-07-26 12:46:26.357126,VOYG,30m,2026-05-01 09:30:00-04:00,2026-07-26,7,1.8,3.5,1.0,0.3,8,0.375,5.884682050243839,0.7355852562804799
2026-07-26 12:46:26.357126,VOYG,30m,2026-05-01 09:30:00-04:00,2026-07-26,7,1.8,3.5,1.0,0.5,8,0.375,5.884682050243839,0.7355852562804799
2026-07-26 12:46:26.357126,VOYG,30m,2026-05-01 09:30:00-04:00,2026-07-26,7,1.8,3.5,1.0,0.7,7,0.42857142857142855,6.298144921222644,0.8997349887460919
2026-07-26 12:46:26.357126,VOYG,30m,2026-05-01 09:30:00-04:00,2026-07-26,7,1.8,3.5,1.5,0.3,8,0.375,4.87725603447462,0.6096570043093275
2026-07-26 12:46:26.357126,VOYG,30m,2026-05-01 09:30:00-04:00,2026-07-26,7,1.8,3.5,1.5,0.5,8,0.375,4.87725603447462,0.6096570043093275
2026-07-26 12:46:26.357126,VOYG,30m,2026-05-01 09:30:00-04:00,2026-07-26,7,1.8,3.5,1.5,0.7,7,0.42857142857142855,6.4724503409427925,0.9246357629918275
2026-07-26 12:46:26.357126,VOYG,30m,2026-05-01 09:30:00-04:00,2026-07-26,7,1.8,3.5,2.0,0.3,8,0.375,-0.1992250085843139,-0.02490312607303924
2026-07-26 12:46:26.357126,VOYG,30m,2026-05-01 09:30:00-04:00,2026-07-26,7,1.8,3.5,2.0,0.5,8,0.375,-0.1992250085843139,-0.02490312607303924
2026-07-26 12:46:26.357126,VOYG,30m,2026-05-01 09:30:00-04:00,2026-07-26,7,1.8,3.5,2.0,0.7,7,0.42857142857142855,2.577700733373298,0.3682429619104712
2026-07-26 12:46:26.357126,VOYG,30m,2026-05-01 09:30:00-04:00,2026-07-26,7,1.8,3.5,2.5,0.3,8,0.375,14.050187950368453,1.7562734937960567
2026-07-26 12:46:26.357126,VOYG,30m,2026-05-01 09:30:00-04:00,2026-07-26,7,1.8,3.5,2.5,0.5,8,0.375,14.050187950368453,1.7562734937960567
2026-07-26 12:46:26.357126,VOYG,30m,2026-05-01 09:30:00-04:00,2026-07-26,7,1.8,3.5,2.5,0.7,7,0.42857142857142855,18.008845127815434,2.5726921611164904
2026-07-26 12:46:26.357126,VOYG,30m,2026-05-01 09:30:00-04:00,2026-07-26,7,1.8,3.5,3.0,0.3,8,0.25,11.96291713650929,1.4953646420636613
2026-07-26 12:46:26.357126,VOYG,30m,2026-05-01 09:30:00-04:00,2026-07-26,7,1.8,3.5,3.0,0.5,8,0.25,11.96291713650929,1.4953646420636613
2026-07-26 12:46:26.357126,VOYG,30m,2026-05-01 09:30:00-04:00,2026-07-26,7,1.8,3.5,3.0,0.7,7,0.2857142857142857,17.10330574944571,2.4433293927779585
2026-07-26 12:46:26.357126,VOYG,30m,2026-05-01 09:30:00-04:00,2026-07-26,7,1.8,3.5,3.5,0.3,8,0.25,6.351393564754773,0.7939241955943466
2026-07-26 12:46:26.357126,VOYG,30m,2026-05-01 09:30:00-04:00,2026-07-26,7,1.8,3.5,3.5,0.5,8,0.25,6.351393564754773,0.7939241955943466
2026-07-26 12:46:26.357126,VOYG,30m,2026-05-01 09:30:00-04:00,2026-07-26,7,1.8,3.5,3.5,0.7,7,0.2857142857142857,12.67351361318056,1.81050194474008
2026-07-26 12:46:26.357126,VOYG,30m,2026-05-01 09:30:00-04:00,2026-07-26,7,2.0,0.5,1.0,0.3,46,0.45652173913043476,47.28540587640367,1.0279436060087754
2026-07-26 12:46:26.357126,VOYG,30m,2026-05-01 09:30:00-04:00,2026-07-26,7,2.0,0.5,1.0,0.5,34,0.4411764705882353,19.80759713189375,0.5825763862321691
2026-07-26 12:46:26.357126,VOYG,30m,2026-05-01 09:30:00-04:00,2026-07-26,7,2.0,0.5,1.0,0.7,23,0.6086956521739131,38.716178071309635,1.6833120900569407
2026-07-26 12:46:26.357126,VOYG,30m,2026-05-01 09:30:00-04:00,2026-07-26,7,2.0,0.5,1.5,0.3,43,0.4418604651162791,63.48448195158635,1.4763833011996825
2026-07-26 12:46:26.357126,VOYG,30m,2026-05-01 09:30:00-04:00,2026-07-26,7,2.0,0.5,1.5,0.5,32,0.375,7.7598434203182265,0.24249510688494458
2026-07-26 12:46:26.357126,VOYG,30m,2026-05-01 09:30:00-04:00,2026-07-26,7,2.0,0.5,1.5,0.7,21,0.5714285714285714,42.544176322330145,2.0259131582061976
2026-07-26 12:46:26.357126,VOYG,30m,2026-05-01 09:30:00-04:00,2026-07-26,7,2.0,0.5,2.0,0.3,42,0.4523809523809524,35.41771787204347,0.8432789969534159
2026-07-26 12:46:26.357126,VOYG,30m,2026-05-01 09:30:00-04:00,2026-07-26,7,2.0,0.5,2.0,0.5,32,0.34375,-14.43760974356401,-0.45117530448637533
2026-07-26 12:46:26.357126,VOYG,30m,2026-05-01 09:30:00-04:00,2026-07-26,7,2.0,0.5,2.0,0.7,21,0.5238095238095238,31.22107088779064,1.4867176613233637
2026-07-26 12:46:26.357126,VOYG,30m,2026-05-01 09:30:00-04:00,2026-07-26,7,2.0,0.5,2.5,0.3,42,0.4523809523809524,42.76070572498096,1.0181120410709752
2026-07-26 12:46:26.357126,VOYG,30m,2026-05-01 09:30:00-04:00,2026-07-26,7,2.0,0.5,2.5,0.5,32,0.34375,0.873440717833347,0.027295022432292093
2026-07-26 12:46:26.357126,VOYG,30m,2026-05-01 09:30:00-04:00,2026-07-26,7,2.0,0.5,2.5,0.7,21,0.47619047619047616,44.43492695554511,2.1159489026450053
2026-07-26 12:46:26.357126,VOYG,30m,2026-05-01 09:30:00-04:00,2026-07-26,7,2.0,0.5,3.0,0.3,42,0.42857142857142855,33.16128759636797,0.7895544665801898
2026-07-26 12:46:26.357126,VOYG,30m,2026-05-01 09:30:00-04:00,2026-07-26,7,2.0,0.5,3.0,0.5,32,0.34375,-6.900685796635564,-0.21564643114486137
2026-07-26 12:46:26.357126,VOYG,30m,2026-05-01 09:30:00-04:00,2026-07-26,7,2.0,0.5,3.0,0.7,21,0.47619047619047616,47.85651267808987,2.2788815560995177
2026-07-26 12:46:26.357126,VOYG,30m,2026-05-01 09:30:00-04:00,2026-07-26,7,2.0,0.5,3.5,0.3,42,0.42857142857142855,25.84698645054516,0.6154044392986943
2026-07-26 12:46:26.357126,VOYG,30m,2026-05-01 09:30:00-04:00,2026-07-26,7,2.0,0.5,3.5,0.5,32,0.3125,-30.119514603447683,-0.9412348313577401
2026-07-26 12:46:26.357126,VOYG,30m,2026-05-01 09:30:00-04:00,2026-07-26,7,2.0,0.5,3.5,0.7,21,0.42857142857142855,33.03950856921411,1.5733099318673385
2026-07-26 12:46:26.357126,VOYG,30m,2026-05-01 09:30:00-04:00,2026-07-26,7,2.0,0.8,1.0,0.3,39,0.46153846153846156,33.90535178734144,0.8693679945472164
2026-07-26 12:46:26.357126,VOYG,30m,2026-05-01 09:30:00-04:00,2026-07-26,7,2.0,0.8,1.0,0.5,34,0.4411764705882353,19.80759713189375,0.5825763862321691
2026-07-26 12:46:26.357126,VOYG,30m,2026-05-01 09:30:00-04:00,2026-07-26,7,2.0,0.8,1.0,0.7,23,0.6086956521739131,38.716178071309635,1.6833120900569407
2026-07-26 12:46:26.357126,VOYG,30m,2026-05-01 09:30:00-04:00,2026-07-26,7,2.0,0.8,1.5,0.3,36,0.4444444444444444,50.53165233248553,1.403657009235709
2026-07-26 12:46:26.357126,VOYG,30m,2026-05-01 09:30:00-04:00,2026-07-26,7,2.0,0.8,1.5,0.5,32,0.375,7.7598434203182265,0.24249510688494458
2026-07-26 12:46:26.357126,VOYG,30m,2026-05-01 09:30:00-04:00,2026-07-26,7,2.0,0.8,1.5,0.7,21,0.5714285714285714,42.544176322330145,2.0259131582061976
2026-07-26 12:46:26.357126,VOYG,30m,2026-05-01 09:30:00-04:00,2026-07-26,7,2.0,0.8,2.0,0.3,36,0.4166666666666667,25.793321708064347,0.716481158557343
2026-07-26 12:46:26.357126,VOYG,30m,2026-05-01 09:30:00-04:00,2026-07-26,7,2.0,0.8,2.0,0.5,32,0.34375,-14.43760974356401,-0.45117530448637533
2026-07-26 12:46:26.357126,VOYG,30m,2026-05-01 09:30:00-04:00,2026-07-26,7,2.0,0.8,2.0,0.7,21,0.5238095238095238,31.22107088779064,1.4867176613233637
2026-07-26 12:46:26.357126,VOYG,30m,2026-05-01 09:30:00-04:00,2026-07-26,7,2.0,0.8,2.5,0.3,36,0.4166666666666667,38.49960503236886,1.0694334731213573
2026-07-26 12:46:26.357126,VOYG,30m,2026-05-01 09:30:00-04:00,2026-07-26,7,2.0,0.8,2.5,0.5,32,0.34375,0.873440717833347,0.027295022432292093
2026-07-26 12:46:26.357126,VOYG,30m,2026-05-01 09:30:00-04:00,2026-07-26,7,2.0,0.8,2.5,0.7,21,0.47619047619047616,44.43492695554511,2.1159489026450053
2026-07-26 12:46:26.357126,VOYG,30m,2026-05-01 09:30:00-04:00,2026-07-26,7,2.0,0.8,3.0,0.3,36,0.3888888888888889,28.120711380807073,0.7811308716890853
2026-07-26 12:46:26.357126,VOYG,30m,2026-05-01 09:30:00-04:00,2026-07-26,7,2.0,0.8,3.0,0.5,32,0.34375,-6.900685796635564,-0.21564643114486137
2026-07-26 12:46:26.357126,VOYG,30m,2026-05-01 09:30:00-04:00,2026-07-26,7,2.0,0.8,3.0,0.7,21,0.47619047619047616,47.85651267808987,2.2788815560995177
2026-07-26 12:46:26.357126,VOYG,30m,2026-05-01 09:30:00-04:00,2026-07-26,7,2.0,0.8,3.5,0.3,36,0.3888888888888889,26.422980865723993,0.7339716907145554
2026-07-26 12:46:26.357126,VOYG,30m,2026-05-01 09:30:00-04:00,2026-07-26,7,2.0,0.8,3.5,0.5,32,0.3125,-30.119514603447683,-0.9412348313577401
2026-07-26 12:46:26.357126,VOYG,30m,2026-05-01 09:30:00-04:00,2026-07-26,7,2.0,0.8,3.5,0.7,21,0.42857142857142855,33.03950856921411,1.5733099318673385
2026-07-26 12:46:26.357126,VOYG,30m,2026-05-01 09:30:00-04:00,2026-07-26,7,2.0,1.0,1.0,0.3,35,0.5142857142857142,41.35898789520855,1.18168536843453
2026-07-26 12:46:26.357126,VOYG,30m,2026-05-01 09:30:00-04:00,2026-07-26,7,2.0,1.0,1.0,0.5,30,0.5,27.261233239760863,0.9087077746586955
2026-07-26 12:46:26.357126,VOYG,30m,2026-05-01 09:30:00-04:00,2026-07-26,7,2.0,1.0,1.0,0.7,21,0.6666666666666666,42.5277525090004,2.025131071857162
2026-07-26 12:46:26.357126,VOYG,30m,2026-05-01 09:30:00-04:00,2026-07-26,7,2.0,1.0,1.5,0.3,33,0.48484848484848486,60.730770264106404,1.840326371639588
2026-07-26 12:46:26.357126,VOYG,30m,2026-05-01 09:30:00-04:00,2026-07-26,7,2.0,1.0,1.5,0.5,28,0.42857142857142855,22.474589954151263,0.8026639269339737
2026-07-26 12:46:26.357126,VOYG,30m,2026-05-01 09:30:00-04:00,2026-07-26,7,2.0,1.0,1.5,0.7,19,0.631578947368421,50.470830350898694,2.656359492152563
2026-07-26 12:46:26.357126,VOYG,30m,2026-05-01 09:30:00-04:00,2026-07-26,7,2.0,1.0,2.0,0.3,33,0.48484848484848486,44.543485758983685,1.3498025987570814
2026-07-26 12:46:26.357126,VOYG,30m,2026-05-01 09:30:00-04:00,2026-07-26,7,2.0,1.0,2.0,0.5,28,0.39285714285714285,3.7995135967886284,0.13569691417102245
2026-07-26 12:46:26.357126,VOYG,30m,2026-05-01 09:30:00-04:00,2026-07-26,7,2.0,1.0,2.0,0.7,19,0.5789473684210527,39.52407088779065,2.0802142572521394
2026-07-26 12:46:26.357126,VOYG,30m,2026-05-01 09:30:00-04:00,2026-07-26,7,2.0,1.0,2.5,0.3,33,0.45454545454545453,58.86156009601798,1.7836836392732722
2026-07-26 12:46:26.357126,VOYG,30m,2026-05-01 09:30:00-04:00,2026-07-26,7,2.0,1.0,2.5,0.5,28,0.39285714285714285,22.256594893274126,0.7948783890455046
2026-07-26 12:46:26.357126,VOYG,30m,2026-05-01 09:30:00-04:00,2026-07-26,7,2.0,1.0,2.5,0.7,19,0.5263157894736842,52.73792695554512,2.775680366081322
2026-07-26 12:46:26.357126,VOYG,30m,2026-05-01 09:30:00-04:00,2026-07-26,7,2.0,1.0,3.0,0.3,33,0.42424242424242425,49.09827244665717,1.48782643777749
2026-07-26 12:46:26.357126,VOYG,30m,2026-05-01 09:30:00-04:00,2026-07-26,7,2.0,1.0,3.0,0.5,28,0.39285714285714285,16.63231420336455,0.594011221548734
2026-07-26 12:46:26.357126,VOYG,30m,2026-05-01 09:30:00-04:00,2026-07-26,7,2.0,1.0,3.0,0.7,19,0.5263157894736842,56.15951267808988,2.9557638251626255
2026-07-26 12:46:26.357126,VOYG,30m,2026-05-01 09:30:00-04:00,2026-07-26,7,2.0,1.0,3.5,0.3,33,0.42424242424242425,46.062480865724176,1.3958327535067931
2026-07-26 12:46:26.357126,VOYG,30m,2026-05-01 09:30:00-04:00,2026-07-26,7,2.0,1.0,3.5,0.5,28,0.35714285714285715,-6.586514603447569,-0.23523266440884175
2026-07-26 12:46:26.357126,VOYG,30m,2026-05-01 09:30:00-04:00,2026-07-26,7,2.0,1.0,3.5,0.7,19,0.47368421052631576,41.34250856921412,2.1759215036428485
2026-07-26 12:46:26.357126,VOYG,30m,2026-05-01 09:30:00-04:00,2026-07-26,7,2.0,1.2,1.0,0.3,32,0.53125,35.414388180407634,1.1066996306377386
2026-07-26 12:46:26.357126,VOYG,30m,2026-05-01 09:30:00-04:00,2026-07-26,7,2.0,1.2,1.0,0.5,28,0.5357142857142857,28.77798802419715,1.0277852865784696
2026-07-26 12:46:26.357126,VOYG,30m,2026-05-01 09:30:00-04:00,2026-07-26,7,2.0,1.2,1.0,0.7,20,0.7,43.992806697267675,2.1996403348633837
2026-07-26 12:46:26.357126,VOYG,30m,2026-05-01 09:30:00-04:00,2026-07-26,7,2.0,1.2,1.5,0.3,31,0.4838709677419355,55.00654172473933,1.7744045717657848
2026-07-26 12:46:26.357126,VOYG,30m,2026-05-01 09:30:00-04:00,2026-07-26,7,2.0,1.2,1.5,0.5,27,0.4444444444444444,24.55214084840481,0.9093385499409189
2026-07-26 12:46:26.357126,VOYG,30m,2026-05-01 09:30:00-04:00,2026-07-26,7,2.0,1.2,1.5,0.7,19,0.631578947368421,50.470830350898694,2.656359492152563
2026-07-26 12:46:26.357126,VOYG,30m,2026-05-01 09:30:00-04:00,2026-07-26,7,2.0,1.2,2.0,0.3,31,0.45161290322580644,35.66063552631139,1.1503430814939157
2026-07-26 12:46:26.357126,VOYG,30m,2026-05-01 09:30:00-04:00,2026-07-26,7,2.0,1.2,2.0,0.5,27,0.4074074074074074,7.9029147891267115,0.29270054774543375
2026-07-26 12:46:26.357126,VOYG,30m,2026-05-01 09:30:00-04:00,2026-07-26,7,2.0,1.2,2.0,0.7,19,0.5789473684210527,39.52407088779065,2.0802142572521394
2026-07-26 12:46:26.357126,VOYG,30m,2026-05-01 09:30:00-04:00,2026-07-26,7,2.0,1.2,2.5,0.3,31,0.41935483870967744,39.159132753696326,1.2631978307643976
2026-07-26 12:46:26.357126,VOYG,30m,2026-05-01 09:30:00-04:00,2026-07-26,7,2.0,1.2,2.5,0.5,27,0.37037037037037035,14.16198183221546,0.5245178456376096
2026-07-26 12:46:26.357126,VOYG,30m,2026-05-01 09:30:00-04:00,2026-07-26,7,2.0,1.2,2.5,0.7,19,0.5263157894736842,52.73792695554512,2.775680366081322
2026-07-26 12:46:26.357126,VOYG,30m,2026-05-01 09:30:00-04:00,2026-07-26,7,2.0,1.2,3.0,0.3,31,0.3870967741935484,32.865359635871236,1.0601728914797173
2026-07-26 12:46:26.357126,VOYG,30m,2026-05-01 09:30:00-04:00,2026-07-26,7,2.0,1.2,3.0,0.5,27,0.37037037037037035,10.628778530094145,0.39365846407756094
2026-07-26 12:46:26.357126,VOYG,30m,2026-05-01 09:30:00-04:00,2026-07-26,7,2.0,1.2,3.0,0.7,19,0.5263157894736842,56.15951267808988,2.9557638251626255
2026-07-26 12:46:26.357126,VOYG,30m,2026-05-01 09:30:00-04:00,2026-07-26,7,2.0,1.2,3.5,0.3,31,0.3870967741935484,32.45886211544754,1.0470600682402431
2026-07-26 12:46:26.357126,VOYG,30m,2026-05-01 09:30:00-04:00,2026-07-26,7,2.0,1.2,3.5,0.5,27,0.3333333333333333,-11.143014603447625,-0.4127042445721343
2026-07-26 12:46:26.357126,VOYG,30m,2026-05-01 09:30:00-04:00,2026-07-26,7,2.0,1.2,3.5,0.7,19,0.47368421052631576,41.34250856921412,2.1759215036428485
2026-07-26 12:46:26.357126,VOYG,30m,2026-05-01 09:30:00-04:00,2026-07-26,7,2.0,1.5,1.0,0.3,27,0.5555555555555556,42.23536586199877,1.5642728097036582
2026-07-26 12:46:26.357126,VOYG,30m,2026-05-01 09:30:00-04:00,2026-07-26,7,2.0,1.5,1.0,0.5,25,0.56,37.30796586199876,1.4923186344799504
2026-07-26 12:46:26.357126,VOYG,30m,2026-05-01 09:30:00-04:00,2026-07-26,7,2.0,1.5,1.0,0.7,20,0.7,43.992806697267675,2.1996403348633837
2026-07-26 12:46:26.357126,VOYG,30m,2026-05-01 09:30:00-04:00,2026-07-26,7,2.0,1.5,1.5,0.3,26,0.5384615384615384,69.1543592940068,2.659783049769492
2026-07-26 12:46:26.357126,VOYG,30m,2026-05-01 09:30:00-04:00,2026-07-26,7,2.0,1.5,1.5,0.5,24,0.5,38.73845865198799,1.6141024438328329
2026-07-26 12:46:26.357126,VOYG,30m,2026-05-01 09:30:00-04:00,2026-07-26,7,2.0,1.5,1.5,0.7,19,0.631578947368421,50.470830350898694,2.656359492152563
2026-07-26 12:46:26.357126,VOYG,30m,2026-05-01 09:30:00-04:00,2026-07-26,7,2.0,1.5,2.0,0.3,26,0.5,56.55739336869427,2.175284360334395
2026-07-26 12:46:26.357126,VOYG,30m,2026-05-01 09:30:00-04:00,2026-07-26,7,2.0,1.5,2.0,0.5,24,0.4583333333333333,27.167672943930512,1.1319863726637713
2026-07-26 12:46:26.357126,VOYG,30m,2026-05-01 09:30:00-04:00,2026-07-26,7,2.0,1.5,2.0,0.7,19,0.5789473684210527,39.52407088779065,2.0802142572521394
2026-07-26 12:46:26.357126,VOYG,30m,2026-05-01 09:30:00-04:00,2026-07-26,7,2.0,1.5,2.5,0.3,26,0.46153846153846156,63.617080056674915,2.446810771410574
2026-07-26 12:46:26.357126,VOYG,30m,2026-05-01 09:30:00-04:00,2026-07-26,7,2.0,1.5,2.5,0.5,24,0.4166666666666667,35.3174295257201,1.471559563571671
2026-07-26 12:46:26.357126,VOYG,30m,2026-05-01 09:30:00-04:00,2026-07-26,7,2.0,1.5,2.5,0.7,19,0.5263157894736842,52.73792695554512,2.775680366081322
2026-07-26 12:46:26.357126,VOYG,30m,2026-05-01 09:30:00-04:00,2026-07-26,7,2.0,1.5,3.0,0.3,26,0.46153846153846156,60.884496399445496,2.341711399978673
2026-07-26 12:46:26.357126,VOYG,30m,2026-05-01 09:30:00-04:00,2026-07-26,7,2.0,1.5,3.0,0.5,24,0.4166666666666667,33.67491576229977,1.4031214900958238
2026-07-26 12:46:26.357126,VOYG,30m,2026-05-01 09:30:00-04:00,2026-07-26,7,2.0,1.5,3.0,0.7,19,0.5263157894736842,56.15951267808988,2.9557638251626255
2026-07-26 12:46:26.357126,VOYG,30m,2026-05-01 09:30:00-04:00,2026-07-26,7,2.0,1.5,3.5,0.3,26,0.4230769230769231,39.91332291079569,1.5351278042613727
2026-07-26 12:46:26.357126,VOYG,30m,2026-05-01 09:30:00-04:00,2026-07-26,7,2.0,1.5,3.5,0.5,24,0.375,13.79381216745898,0.5747421736441242
2026-07-26 12:46:26.357126,VOYG,30m,2026-05-01 09:30:00-04:00,2026-07-26,7,2.0,1.5,3.5,0.7,19,0.47368421052631576,41.34250856921412,2.1759215036428485
2026-07-26 12:46:26.357126,VOYG,30m,2026-05-01 09:30:00-04:00,2026-07-26,7,2.0,1.8,1.0,0.3,25,0.56,33.8839757341384,1.3553590293655362
2026-07-26 12:46:26.357126,VOYG,30m,2026-05-01 09:30:00-04:00,2026-07-26,7,2.0,1.8,1.0,0.5,24,0.5416666666666666,27.094775734138388,1.128948988922433
2026-07-26 12:46:26.357126,VOYG,30m,2026-05-01 09:30:00-04:00,2026-07-26,7,2.0,1.8,1.0,0.7,19,0.6842105263157895,33.7796165694073,1.7778745562845948
2026-07-26 12:46:26.357126,VOYG,30m,2026-05-01 09:30:00-04:00,2026-07-26,7,2.0,1.8,1.5,0.3,24,0.5,29.783644137181113,1.2409851723825465
2026-07-26 12:46:26.357126,VOYG,30m,2026-05-01 09:30:00-04:00,2026-07-26,7,2.0,1.8,1.5,0.5,23,0.4782608695652174,22.994444137181098,0.9997584407470043
2026-07-26 12:46:26.357126,VOYG,30m,2026-05-01 09:30:00-04:00,2026-07-26,7,2.0,1.8,1.5,0.7,18,0.6111111111111112,34.7268158360918,1.9292675464495446
2026-07-26 12:46:26.357126,VOYG,30m,2026-05-01 09:30:00-04:00,2026-07-26,7,2.0,1.8,2.0,0.3,24,0.4583333333333333,18.763106492926696,0.7817961038719456
2026-07-26 12:46:26.357126,VOYG,30m,2026-05-01 09:30:00-04:00,2026-07-26,7,2.0,1.8,2.0,0.5,23,0.43478260869565216,12.225653590854613,0.5315501561241136
2026-07-26 12:46:26.357126,VOYG,30m,2026-05-01 09:30:00-04:00,2026-07-26,7,2.0,1.8,2.0,0.7,18,0.5555555555555556,24.58205153471475,1.365669529706375
2026-07-26 12:46:26.357126,VOYG,30m,2026-05-01 09:30:00-04:00,2026-07-26,7,2.0,1.8,2.5,0.3,24,0.4166666666666667,27.399221461965446,1.1416342275818936
2026-07-26 12:46:26.357126,VOYG,30m,2026-05-01 09:30:00-04:00,2026-07-26,7,2.0,1.8,2.5,0.5,23,0.391304347826087,21.177405334375266,0.9207567536684899
2026-07-26 12:46:26.357126,VOYG,30m,2026-05-01 09:30:00-04:00,2026-07-26,7,2.0,1.8,2.5,0.7,18,0.5,38.597902764200285,2.1443279313444603
2026-07-26 12:46:26.357126,VOYG,30m,2026-05-01 09:30:00-04:00,2026-07-26,7,2.0,1.8,3.0,0.3,24,0.4166666666666667,26.243066085794133,1.093461086908089
2026-07-26 12:46:26.357126,VOYG,30m,2026-05-01 09:30:00-04:00,2026-07-26,7,2.0,1.8,3.0,0.5,23,0.391304347826087,20.336886732685926,0.8842124666385185
2026-07-26 12:46:26.357126,VOYG,30m,2026-05-01 09:30:00-04:00,2026-07-26,7,2.0,1.8,3.0,0.7,18,0.5,42.82148364847604,2.3789713138042243
2026-07-26 12:46:26.357126,VOYG,30m,2026-05-01 09:30:00-04:00,2026-07-26,7,2.0,1.8,3.5,0.3,24,0.375,6.848320878202436,0.28534670325843486
2026-07-26 12:46:26.357126,VOYG,30m,2026-05-01 09:30:00-04:00,2026-07-26,7,2.0,1.8,3.5,0.5,23,0.34782608695652173,1.2577782995762021,0.054686013025052264
2026-07-26 12:46:26.357126,VOYG,30m,2026-05-01 09:30:00-04:00,2026-07-26,7,2.0,1.8,3.5,0.7,18,0.4444444444444444,28.80647470133134,1.600359705629519
2026-07-26 12:46:26.357126,VOYG,30m,2026-05-01 09:30:00-04:00,2026-07-26,7,2.0,2.0,1.0,0.3,23,0.5652173913043478,29.199845010425243,1.269558478714141
2026-07-26 12:46:26.357126,VOYG,30m,2026-05-01 09:30:00-04:00,2026-07-26,7,2.0,2.0,1.0,0.5,23,0.5652173913043478,29.199845010425243,1.269558478714141
2026-07-26 12:46:26.357126,VOYG,30m,2026-05-01 09:30:00-04:00,2026-07-26,7,2.0,2.0,1.0,0.7,19,0.6842105263157895,33.7796165694073,1.7778745562845948
2026-07-26 12:46:26.357126,VOYG,30m,2026-05-01 09:30:00-04:00,2026-07-26,7,2.0,2.0,1.5,0.3,22,0.5,26.15204805161138,1.1887294568914264
2026-07-26 12:46:26.357126,VOYG,30m,2026-05-01 09:30:00-04:00,2026-07-26,7,2.0,2.0,1.5,0.5,22,0.5,26.15204805161138,1.1887294568914264
2026-07-26 12:46:26.357126,VOYG,30m,2026-05-01 09:30:00-04:00,2026-07-26,7,2.0,2.0,1.5,0.7,18,0.6111111111111112,34.7268158360918,1.9292675464495446
2026-07-26 12:46:26.357126,VOYG,30m,2026-05-01 09:30:00-04:00,2026-07-26,7,2.0,2.0,2.0,0.3,22,0.45454545454545453,16.435792143428323,0.7470814610649238
2026-07-26 12:46:26.357126,VOYG,30m,2026-05-01 09:30:00-04:00,2026-07-26,7,2.0,2.0,2.0,0.5,22,0.45454545454545453,16.435792143428323,0.7470814610649238
2026-07-26 12:46:26.357126,VOYG,30m,2026-05-01 09:30:00-04:00,2026-07-26,7,2.0,2.0,2.0,0.7,18,0.5555555555555556,24.58205153471475,1.365669529706375
2026-07-26 12:46:26.357126,VOYG,30m,2026-05-01 09:30:00-04:00,2026-07-26,7,2.0,2.0,2.5,0.3,22,0.4090909090909091,26.440078525092403,1.2018217511405638
2026-07-26 12:46:26.357126,VOYG,30m,2026-05-01 09:30:00-04:00,2026-07-26,7,2.0,2.0,2.5,0.5,22,0.4090909090909091,26.440078525092403,1.2018217511405638
2026-07-26 12:46:26.357126,VOYG,30m,2026-05-01 09:30:00-04:00,2026-07-26,7,2.0,2.0,2.5,0.7,18,0.5,38.597902764200285,2.1443279313444603
2026-07-26 12:46:26.357126,VOYG,30m,2026-05-01 09:30:00-04:00,2026-07-26,7,2.0,2.0,3.0,0.3,22,0.4090909090909091,26.65209456154649,1.2114588437066587
2026-07-26 12:46:26.357126,VOYG,30m,2026-05-01 09:30:00-04:00,2026-07-26,7,2.0,2.0,3.0,0.5,22,0.4090909090909091,26.65209456154649,1.2114588437066587
2026-07-26 12:46:26.357126,VOYG,30m,2026-05-01 09:30:00-04:00,2026-07-26,7,2.0,2.0,3.0,0.7,18,0.5,42.82148364847604,2.3789713138042243
2026-07-26 12:46:26.357126,VOYG,30m,2026-05-01 09:30:00-04:00,2026-07-26,7,2.0,2.0,3.5,0.3,22,0.36363636363636365,8.625520766580195,0.3920691257536452
2026-07-26 12:46:26.357126,VOYG,30m,2026-05-01 09:30:00-04:00,2026-07-26,7,2.0,2.0,3.5,0.5,22,0.36363636363636365,8.625520766580195,0.3920691257536452
2026-07-26 12:46:26.357126,VOYG,30m,2026-05-01 09:30:00-04:00,2026-07-26,7,2.0,2.0,3.5,0.7,18,0.4444444444444444,28.80647470133134,1.600359705629519
2026-07-26 12:46:26.357126,VOYG,30m,2026-05-01 09:30:00-04:00,2026-07-26,7,2.0,2.5,1.0,0.3,18,0.6111111111111112,24.228983898906442,1.3460546610503579
2026-07-26 12:46:26.357126,VOYG,30m,2026-05-01 09:30:00-04:00,2026-07-26,7,2.0,2.5,1.0,0.5,18,0.6111111111111112,24.228983898906442,1.3460546610503579
2026-07-26 12:46:26.357126,VOYG,30m,2026-05-01 09:30:00-04:00,2026-07-26,7,2.0,2.5,1.0,0.7,16,0.6875,25.68004676988526,1.6050029231178287
2026-07-26 12:46:26.357126,VOYG,30m,2026-05-01 09:30:00-04:00,2026-07-26,7,2.0,2.5,1.5,0.3,17,0.5294117647058824,24.59344247092634,1.446673086525079
2026-07-26 12:46:26.357126,VOYG,30m,2026-05-01 09:30:00-04:00,2026-07-26,7,2.0,2.5,1.5,0.5,17,0.5294117647058824,24.59344247092634,1.446673086525079
2026-07-26 12:46:26.357126,VOYG,30m,2026-05-01 09:30:00-04:00,2026-07-26,7,2.0,2.5,1.5,0.7,15,0.6,27.700147223401856,1.8466764815601238
2026-07-26 12:46:26.357126,VOYG,30m,2026-05-01 09:30:00-04:00,2026-07-26,7,2.0,2.5,2.0,0.3,17,0.47058823529411764,15.487553714494133,0.9110325714408314
2026-07-26 12:46:26.357126,VOYG,30m,2026-05-01 09:30:00-04:00,2026-07-26,7,2.0,2.5,2.0,0.5,17,0.47058823529411764,15.487553714494133,0.9110325714408314
2026-07-26 12:46:26.357126,VOYG,30m,2026-05-01 09:30:00-04:00,2026-07-26,7,2.0,2.5,2.0,0.7,15,0.5333333333333333,20.279826717794833,1.3519884478529889
2026-07-26 12:46:26.357126,VOYG,30m,2026-05-01 09:30:00-04:00,2026-07-26,7,2.0,2.5,2.5,0.3,17,0.4117647058823529,30.542280488924582,1.7966047346426226
2026-07-26 12:46:26.357126,VOYG,30m,2026-05-01 09:30:00-04:00,2026-07-26,7,2.0,2.5,2.5,0.5,17,0.4117647058823529,30.542280488924582,1.7966047346426226
2026-07-26 12:46:26.357126,VOYG,30m,2026-05-01 09:30:00-04:00,2026-07-26,7,2.0,2.5,2.5,0.7,15,0.4666666666666667,37.02012174305043,2.4680081162033622
2026-07-26 12:46:26.357126,VOYG,30m,2026-05-01 09:30:00-04:00,2026-07-26,7,2.0,2.5,3.0,0.3,17,0.4117647058823529,35.804736918145146,2.1061609951850087
2026-07-26 12:46:26.357126,VOYG,30m,2026-05-01 09:30:00-04:00,2026-07-26,7,2.0,2.5,3.0,0.5,17,0.4117647058823529,35.804736918145146,2.1061609951850087
2026-07-26 12:46:26.357126,VOYG,30m,2026-05-01 09:30:00-04:00,2026-07-26,7,2.0,2.5,3.0,0.7,15,0.4666666666666667,43.968146423096215,2.9312097615397477
2026-07-26 12:46:26.357126,VOYG,30m,2026-05-01 09:30:00-04:00,2026-07-26,7,2.0,2.5,3.5,0.3,17,0.4117647058823529,22.828603515945325,1.342859030349725
2026-07-26 12:46:26.357126,VOYG,30m,2026-05-01 09:30:00-04:00,2026-07-26,7,2.0,2.5,3.5,0.5,17,0.4117647058823529,22.828603515945325,1.342859030349725
2026-07-26 12:46:26.357126,VOYG,30m,2026-05-01 09:30:00-04:00,2026-07-26,7,2.0,2.5,3.5,0.7,15,0.4666666666666667,32.67758127172154,2.1785054181147694
2026-07-26 12:46:26.357126,VOYG,30m,2026-05-01 09:30:00-04:00,2026-07-26,7,2.0,3.0,1.0,0.3,12,0.5833333333333334,25.421593527498736,2.1184661272915615
2026-07-26 12:46:26.357126,VOYG,30m,2026-05-01 09:30:00-04:00,2026-07-26,7,2.0,3.0,1.0,0.5,12,0.5833333333333334,25.421593527498736,2.1184661272915615
2026-07-26 12:46:26.357126,VOYG,30m,2026-05-01 09:30:00-04:00,2026-07-26,7,2.0,3.0,1.0,0.7,10,0.7,26.872656398477552,2.6872656398477552
2026-07-26 12:46:26.357126,VOYG,30m,2026-05-01 09:30:00-04:00,2026-07-26,7,2.0,3.0,1.5,0.3,11,0.5454545454545454,31.52784452471142,2.8661676840646746
2026-07-26 12:46:26.357126,VOYG,30m,2026-05-01 09:30:00-04:00,2026-07-26,7,2.0,3.0,1.5,0.5,11,0.5454545454545454,31.52784452471142,2.8661676840646746
2026-07-26 12:46:26.357126,VOYG,30m,2026-05-01 09:30:00-04:00,2026-07-26,7,2.0,3.0,1.5,0.7,9,0.6666666666666666,34.634549277186935,3.8482832530207705
2026-07-26 12:46:26.357126,VOYG,30m,2026-05-01 09:30:00-04:00,2026-07-26,7,2.0,3.0,2.0,0.3,11,0.5454545454545454,28.350089786207455,2.5772808896552233
2026-07-26 12:46:26.357126,VOYG,30m,2026-05-01 09:30:00-04:00,2026-07-26,7,2.0,3.0,2.0,0.5,11,0.5454545454545454,28.350089786207455,2.5772808896552233
2026-07-26 12:46:26.357126,VOYG,30m,2026-05-01 09:30:00-04:00,2026-07-26,7,2.0,3.0,2.0,0.7,9,0.6666666666666666,33.142362789508155,3.682484754389795
2026-07-26 12:46:26.357126,VOYG,30m,2026-05-01 09:30:00-04:00,2026-07-26,7,2.0,3.0,2.5,0.3,11,0.6363636363636364,48.79068851584215,4.435517137803831
2026-07-26 12:46:26.357126,VOYG,30m,2026-05-01 09:30:00-04:00,2026-07-26,7,2.0,3.0,2.5,0.5,11,0.6363636363636364,48.79068851584215,4.435517137803831
2026-07-26 12:46:26.357126,VOYG,30m,2026-05-01 09:30:00-04:00,2026-07-26,7,2.0,3.0,2.5,0.7,9,0.7777777777777778,55.268529769968,6.140947752218667
2026-07-26 12:46:26.357126,VOYG,30m,2026-05-01 09:30:00-04:00,2026-07-26,7,2.0,3.0,3.0,0.3,11,0.5454545454545454,55.659447666248916,5.059949787840811
2026-07-26 12:46:26.357126,VOYG,30m,2026-05-01 09:30:00-04:00,2026-07-26,7,2.0,3.0,3.0,0.5,11,0.5454545454545454,55.659447666248916,5.059949787840811
2026-07-26 12:46:26.357126,VOYG,30m,2026-05-01 09:30:00-04:00,2026-07-26,7,2.0,3.0,3.0,0.7,9,0.6666666666666666,63.822857171199985,7.091428574577776
2026-07-26 12:46:26.357126,VOYG,30m,2026-05-01 09:30:00-04:00,2026-07-26,7,2.0,3.0,3.5,0.3,11,0.5454545454545454,47.02768894395703,4.275244449450639
2026-07-26 12:46:26.357126,VOYG,30m,2026-05-01 09:30:00-04:00,2026-07-26,7,2.0,3.0,3.5,0.5,11,0.5454545454545454,47.02768894395703,4.275244449450639
2026-07-26 12:46:26.357126,VOYG,30m,2026-05-01 09:30:00-04:00,2026-07-26,7,2.0,3.0,3.5,0.7,9,0.6666666666666666,56.87666669973325,6.319629633303695
2026-07-26 12:46:26.357126,VOYG,30m,2026-05-01 09:30:00-04:00,2026-07-26,7,2.0,3.5,1.0,0.3,6,0.5,7.309882050243814,1.2183136750406358
2026-07-26 12:46:26.357126,VOYG,30m,2026-05-01 09:30:00-04:00,2026-07-26,7,2.0,3.5,1.0,0.5,6,0.5,7.309882050243814,1.2183136750406358
2026-07-26 12:46:26.357126,VOYG,30m,2026-05-01 09:30:00-04:00,2026-07-26,7,2.0,3.5,1.0,0.7,5,0.6,7.723344921222619,1.5446689842445238
2026-07-26 12:46:26.357126,VOYG,30m,2026-05-01 09:30:00-04:00,2026-07-26,7,2.0,3.5,1.5,0.3,6,0.5,6.787154095065908,1.1311923491776514
2026-07-26 12:46:26.357126,VOYG,30m,2026-05-01 09:30:00-04:00,2026-07-26,7,2.0,3.5,1.5,0.5,6,0.5,6.787154095065908,1.1311923491776514
2026-07-26 12:46:26.357126,VOYG,30m,2026-05-01 09:30:00-04:00,2026-07-26,7,2.0,3.5,1.5,0.7,5,0.6,8.382348401534081,1.6764696803068162
2026-07-26 12:46:26.357126,VOYG,30m,2026-05-01 09:30:00-04:00,2026-07-26,7,2.0,3.5,2.0,0.3,6,0.5,2.433394294149558,0.405565715691593
2026-07-26 12:46:26.357126,VOYG,30m,2026-05-01 09:30:00-04:00,2026-07-26,7,2.0,3.5,2.0,0.5,6,0.5,2.433394294149558,0.405565715691593
2026-07-26 12:46:26.357126,VOYG,30m,2026-05-01 09:30:00-04:00,2026-07-26,7,2.0,3.5,2.0,0.7,5,0.6,5.21032003610717,1.042064007221434
2026-07-26 12:46:26.357126,VOYG,30m,2026-05-01 09:30:00-04:00,2026-07-26,7,2.0,3.5,2.5,0.3,6,0.5,17.69096207878583,2.948493679797638
2026-07-26 12:46:26.357126,VOYG,30m,2026-05-01 09:30:00-04:00,2026-07-26,7,2.0,3.5,2.5,0.5,6,0.5,17.69096207878583,2.948493679797638
2026-07-26 12:46:26.357126,VOYG,30m,2026-05-01 09:30:00-04:00,2026-07-26,7,2.0,3.5,2.5,0.7,5,0.6,21.64961925623281,4.329923851246562
2026-07-26 12:46:26.357126,VOYG,30m,2026-05-01 09:30:00-04:00,2026-07-26,7,2.0,3.5,3.0,0.3,6,0.3333333333333333,16.6118460906101,2.7686410151016836
2026-07-26 12:46:26.357126,VOYG,30m,2026-05-01 09:30:00-04:00,2026-07-26,7,2.0,3.5,3.0,0.5,6,0.3333333333333333,16.6118460906101,2.7686410151016836
2026-07-26 12:46:26.357126,VOYG,30m,2026-05-01 09:30:00-04:00,2026-07-26,7,2.0,3.5,3.0,0.7,5,0.4,21.75223470354652,4.350446940709304
2026-07-26 12:46:26.357126,VOYG,30m,2026-05-01 09:30:00-04:00,2026-07-26,7,2.0,3.5,3.5,0.3,6,0.3333333333333333,12.008477344539159,2.0014128907565265
2026-07-26 12:46:26.357126,VOYG,30m,2026-05-01 09:30:00-04:00,2026-07-26,7,2.0,3.5,3.5,0.5,6,0.3333333333333333,12.008477344539159,2.0014128907565265
2026-07-26 12:46:26.357126,VOYG,30m,2026-05-01 09:30:00-04:00,2026-07-26,7,2.0,3.5,3.5,0.7,5,0.4,18.330597392964947,3.6661194785929894
2026-07-26 12:46:26.357126,VOYG,30m,2026-05-01 09:30:00-04:00,2026-07-26,7,2.5,0.5,1.0,0.3,35,0.45714285714285713,39.0593347803685,1.1159809937248144
2026-07-26 12:46:26.357126,VOYG,30m,2026-05-01 09:30:00-04:00,2026-07-26,7,2.5,0.5,1.0,0.5,28,0.42857142857142855,17.775523775922792,0.6348401348543854
2026-07-26 12:46:26.357126,VOYG,30m,2026-05-01 09:30:00-04:00,2026-07-26,7,2.5,0.5,1.0,0.7,18,0.6111111111111112,33.894675221654396,1.8830375123141332
2026-07-26 12:46:26.357126,VOYG,30m,2026-05-01 09:30:00-04:00,2026-07-26,7,2.5,0.5,1.5,0.3,35,0.4,52.837092420428746,1.50963121201225
2026-07-26 12:46:26.357126,VOYG,30m,2026-05-01 09:30:00-04:00,2026-07-26,7,2.5,0.5,1.5,0.5,28,0.35714285714285715,12.111575271741337,0.43255625970504774
2026-07-26 12:46:26.357126,VOYG,30m,2026-05-01 09:30:00-04:00,2026-07-26,7,2.5,0.5,1.5,0.7,18,0.5555555555555556,42.711763933226834,2.3728757740681576
2026-07-26 12:46:26.357126,VOYG,30m,2026-05-01 09:30:00-04:00,2026-07-26,7,2.5,0.5,2.0,0.3,35,0.42857142857142855,35.5953515179208,1.0170100433691656
2026-07-26 12:46:26.357126,VOYG,30m,2026-05-01 09:30:00-04:00,2026-07-26,7,2.5,0.5,2.0,0.5,28,0.32142857142857145,-8.248633941666554,-0.2945940693452341
2026-07-26 12:46:26.357126,VOYG,30m,2026-05-01 09:30:00-04:00,2026-07-26,7,2.5,0.5,2.0,0.7,18,0.5,31.831187702319532,1.7683993167955296
2026-07-26 12:46:26.357126,VOYG,30m,2026-05-01 09:30:00-04:00,2026-07-26,7,2.5,0.5,2.5,0.3,35,0.42857142857142855,45.56714229468941,1.3019183512768404
2026-07-26 12:46:26.357126,VOYG,30m,2026-05-01 09:30:00-04:00,2026-07-26,7,2.5,0.5,2.5,0.5,28,0.35714285714285715,8.899660470205148,0.317845016793041
2026-07-26 12:46:26.357126,VOYG,30m,2026-05-01 09:30:00-04:00,2026-07-26,7,2.5,0.5,2.5,0.7,18,0.5,45.48757297370621,2.5270873874281228
2026-07-26 12:46:26.357126,VOYG,30m,2026-05-01 09:30:00-04:00,2026-07-26,7,2.5,0.5,3.0,0.3,35,0.45714285714285713,33.9485768243113,0.9699593378374658
2026-07-26 12:46:26.357126,VOYG,30m,2026-05-01 09:30:00-04:00,2026-07-26,7,2.5,0.5,3.0,0.5,28,0.39285714285714285,2.8467568255982556,0.10166988662850913
2026-07-26 12:46:26.357126,VOYG,30m,2026-05-01 09:30:00-04:00,2026-07-26,7,2.5,0.5,3.0,0.7,18,0.5555555555555556,49.538455300323676,2.7521364055735376
2026-07-26 12:46:26.357126,VOYG,30m,2026-05-01 09:30:00-04:00,2026-07-26,7,2.5,0.5,3.5,0.3,35,0.42857142857142855,7.434216472251158,0.21240618492146165
2026-07-26 12:46:26.357126,VOYG,30m,2026-05-01 09:30:00-04:00,2026-07-26,7,2.5,0.5,3.5,0.5,28,0.35714285714285715,-19.726081544174896,-0.7045029122919606
2026-07-26 12:46:26.357126,VOYG,30m,2026-05-01 09:30:00-04:00,2026-07-26,7,2.5,0.5,3.5,0.7,18,0.5,35.36744162848688,1.964857868249271
2026-07-26 12:46:26.357126,VOYG,30m,2026-05-01 09:30:00-04:00,2026-07-26,7,2.5,0.8,1.0,0.3,32,0.40625,18.13401074989038,0.5666878359340743
2026-07-26 12:46:26.357126,VOYG,30m,2026-05-01 09:30:00-04:00,2026-07-26,7,2.5,0.8,1.0,0.5,28,0.42857142857142855,17.775523775922792,0.6348401348543854
2026-07-26 12:46:26.357126,VOYG,30m,2026-05-01 09:30:00-04:00,2026-07-26,7,2.5,0.8,1.0,0.7,18,0.6111111111111112,33.894675221654396,1.8830375123141332
2026-07-26 12:46:26.357126,VOYG,30m,2026-05-01 09:30:00-04:00,2026-07-26,7,2.5,0.8,1.5,0.3,32,0.375,35.67410637471159,1.1148158242097372
2026-07-26 12:46:26.357126,VOYG,30m,2026-05-01 09:30:00-04:00,2026-07-26,7,2.5,0.8,1.5,0.5,28,0.35714285714285715,12.111575271741337,0.43255625970504774
2026-07-26 12:46:26.357126,VOYG,30m,2026-05-01 09:30:00-04:00,2026-07-26,7,2.5,0.8,1.5,0.7,18,0.5555555555555556,42.711763933226834,2.3728757740681576
2026-07-26 12:46:26.357126,VOYG,30m,2026-05-01 09:30:00-04:00,2026-07-26,7,2.5,0.8,2.0,0.3,32,0.375,18.537139277882027,0.5792856024338133
2026-07-26 12:46:26.357126,VOYG,30m,2026-05-01 09:30:00-04:00,2026-07-26,7,2.5,0.8,2.0,0.5,28,0.32142857142857145,-8.248633941666554,-0.2945940693452341
2026-07-26 12:46:26.357126,VOYG,30m,2026-05-01 09:30:00-04:00,2026-07-26,7,2.5,0.8,2.0,0.7,18,0.5,31.831187702319532,1.7683993167955296
2026-07-26 12:46:26.357126,VOYG,30m,2026-05-01 09:30:00-04:00,2026-07-26,7,2.5,0.8,2.5,0.3,32,0.375,32.28187699464094,1.0088086560825293
2026-07-26 12:46:26.357126,VOYG,30m,2026-05-01 09:30:00-04:00,2026-07-26,7,2.5,0.8,2.5,0.5,28,0.35714285714285715,8.899660470205148,0.317845016793041
2026-07-26 12:46:26.357126,VOYG,30m,2026-05-01 09:30:00-04:00,2026-07-26,7,2.5,0.8,2.5,0.7,18,0.5,45.48757297370621,2.5270873874281228
2026-07-26 12:46:26.357126,VOYG,30m,2026-05-01 09:30:00-04:00,2026-07-26,7,2.5,0.8,3.0,0.3,32,0.40625,22.82541665492115,0.7132942704662859
2026-07-26 12:46:26.357126,VOYG,30m,2026-05-01 09:30:00-04:00,2026-07-26,7,2.5,0.8,3.0,0.5,28,0.39285714285714285,2.8467568255982556,0.10166988662850913
2026-07-26 12:46:26.357126,VOYG,30m,2026-05-01 09:30:00-04:00,2026-07-26,7,2.5,0.8,3.0,0.7,18,0.5555555555555556,49.538455300323676,2.7521364055735376
2026-07-26 12:46:26.357126,VOYG,30m,2026-05-01 09:30:00-04:00,2026-07-26,7,2.5,0.8,3.5,0.3,32,0.375,0.09052960796253728,0.00282905024882929
2026-07-26 12:46:26.357126,VOYG,30m,2026-05-01 09:30:00-04:00,2026-07-26,7,2.5,0.8,3.5,0.5,28,0.35714285714285715,-19.726081544174896,-0.7045029122919606
2026-07-26 12:46:26.357126,VOYG,30m,2026-05-01 09:30:00-04:00,2026-07-26,7,2.5,0.8,3.5,0.7,18,0.5,35.36744162848688,1.964857868249271
2026-07-26 12:46:26.357126,VOYG,30m,2026-05-01 09:30:00-04:00,2026-07-26,7,2.5,1.0,1.0,0.3,30,0.43333333333333335,22.638584739233636,0.7546194913077878
2026-07-26 12:46:26.357126,VOYG,30m,2026-05-01 09:30:00-04:00,2026-07-26,7,2.5,1.0,1.0,0.5,26,0.46153846153846156,22.28009776526605,0.8569268371256172
2026-07-26 12:46:26.357126,VOYG,30m,2026-05-01 09:30:00-04:00,2026-07-26,7,2.5,1.0,1.0,0.7,17,0.6470588235294118,37.54661703450559,2.208624531441505
2026-07-26 12:46:26.357126,VOYG,30m,2026-05-01 09:30:00-04:00,2026-07-26,7,2.5,1.0,1.5,0.3,30,0.4,45.44870866801819,1.5149569556006064
2026-07-26 12:46:26.357126,VOYG,30m,2026-05-01 09:30:00-04:00,2026-07-26,7,2.5,1.0,1.5,0.5,26,0.38461538461538464,21.886177565047937,0.8417760601941514
2026-07-26 12:46:26.357126,VOYG,30m,2026-05-01 09:30:00-04:00,2026-07-26,7,2.5,1.0,1.5,0.7,17,0.5882352941176471,49.88241796179537,2.93425988010561
2026-07-26 12:46:26.357126,VOYG,30m,2026-05-01 09:30:00-04:00,2026-07-26,7,2.5,1.0,2.0,0.3,30,0.4,30.43940363086609,1.0146467876955363
2026-07-26 12:46:26.357126,VOYG,30m,2026-05-01 09:30:00-04:00,2026-07-26,7,2.5,1.0,2.0,0.5,26,0.34615384615384615,3.6536304113175078,0.14052424658913493
2026-07-26 12:46:26.357126,VOYG,30m,2026-05-01 09:30:00-04:00,2026-07-26,7,2.5,1.0,2.0,0.7,17,0.5294117647058824,39.37818770231953,2.316363982489384
2026-07-26 12:46:26.357126,VOYG,30m,2026-05-01 09:30:00-04:00,2026-07-26,7,2.5,1.0,2.5,0.3,30,0.4,45.935457435871,1.5311819145290333
2026-07-26 12:46:26.357126,VOYG,30m,2026-05-01 09:30:00-04:00,2026-07-26,7,2.5,1.0,2.5,0.5,26,0.38461538461538464,22.55324091143521,0.8674323427475081
2026-07-26 12:46:26.357126,VOYG,30m,2026-05-01 09:30:00-04:00,2026-07-26,7,2.5,1.0,2.5,0.7,17,0.5294117647058824,53.034572973706204,3.1196807631591885
2026-07-26 12:46:26.357126,VOYG,30m,2026-05-01 09:30:00-04:00,2026-07-26,7,2.5,1.0,3.0,0.3,30,0.43333333333333335,37.536916654921235,1.2512305551640412
2026-07-26 12:46:26.357126,VOYG,30m,2026-05-01 09:30:00-04:00,2026-07-26,7,2.5,1.0,3.0,0.5,26,0.4230769230769231,17.558256825598342,0.6753175702153208
2026-07-26 12:46:26.357126,VOYG,30m,2026-05-01 09:30:00-04:00,2026-07-26,7,2.5,1.0,3.0,0.7,17,0.5882352941176471,57.08545530032367,3.357967958842569
2026-07-26 12:46:26.357126,VOYG,30m,2026-05-01 09:30:00-04:00,2026-07-26,7,2.5,1.0,3.5,0.3,30,0.4,14.802029607962623,0.49340098693208745
2026-07-26 12:46:26.357126,VOYG,30m,2026-05-01 09:30:00-04:00,2026-07-26,7,2.5,1.0,3.5,0.5,26,0.38461538461538464,-5.01458154417481,-0.1928685209298004
2026-07-26 12:46:26.357126,VOYG,30m,2026-05-01 09:30:00-04:00,2026-07-26,7,2.5,1.0,3.5,0.7,17,0.5294117647058824,42.91444162848688,2.5243789193227575
2026-07-26 12:46:26.357126,VOYG,30m,2026-05-01 09:30:00-04:00,2026-07-26,7,2.5,1.2,1.0,0.3,28,0.4642857142857143,25.700704403544137,0.9178823001265763
2026-07-26 12:46:26.357126,VOYG,30m,2026-05-01 09:30:00-04:00,2026-07-26,7,2.5,1.2,1.0,0.5,25,0.48,22.331798361435062,0.8932719344574025
2026-07-26 12:46:26.357126,VOYG,30m,2026-05-01 09:30:00-04:00,2026-07-26,7,2.5,1.2,1.0,0.7,17,0.6470588235294118,37.54661703450559,2.208624531441505
2026-07-26 12:46:26.357126,VOYG,30m,2026-05-01 09:30:00-04:00,2026-07-26,7,2.5,1.2,1.5,0.3,28,0.42857142857142855,52.0418881644839,1.858638863017282
2026-07-26 12:46:26.357126,VOYG,30m,2026-05-01 09:30:00-04:00,2026-07-26,7,2.5,1.2,1.5,0.5,25,0.4,23.963728459301485,0.9585491383720595
2026-07-26 12:46:26.357126,VOYG,30m,2026-05-01 09:30:00-04:00,2026-07-26,7,2.5,1.2,1.5,0.7,17,0.5882352941176471,49.88241796179537,2.93425988010561
2026-07-26 12:46:26.357126,VOYG,30m,2026-05-01 09:30:00-04:00,2026-07-26,7,2.5,1.2,2.0,0.3,28,0.39285714285714285,34.02976411263747,1.2153487183084812
2026-07-26 12:46:26.357126,VOYG,30m,2026-05-01 09:30:00-04:00,2026-07-26,7,2.5,1.2,2.0,0.5,25,0.36,7.757031603655591,0.31028126414622365
2026-07-26 12:46:26.357126,VOYG,30m,2026-05-01 09:30:00-04:00,2026-07-26,7,2.5,1.2,2.0,0.7,17,0.5294117647058824,39.37818770231953,2.316363982489384
2026-07-26 12:46:26.357126,VOYG,30m,2026-05-01 09:30:00-04:00,2026-07-26,7,2.5,1.2,2.5,0.3,28,0.39285714285714285,38.862043486603994,1.3879301245215712
2026-07-26 12:46:26.357126,VOYG,30m,2026-05-01 09:30:00-04:00,2026-07-26,7,2.5,1.2,2.5,0.5,25,0.36,14.458627850376544,0.5783451140150617
2026-07-26 12:46:26.357126,VOYG,30m,2026-05-01 09:30:00-04:00,2026-07-26,7,2.5,1.2,2.5,0.7,17,0.5294117647058824,53.034572973706204,3.1196807631591885
2026-07-26 12:46:26.357126,VOYG,30m,2026-05-01 09:30:00-04:00,2026-07-26,7,2.5,1.2,3.0,0.3,28,0.42857142857142855,34.08881991580085,1.2174578541357446
2026-07-26 12:46:26.357126,VOYG,30m,2026-05-01 09:30:00-04:00,2026-07-26,7,2.5,1.2,3.0,0.5,25,0.4,11.554721152327936,0.46218884609311744
2026-07-26 12:46:26.357126,VOYG,30m,2026-05-01 09:30:00-04:00,2026-07-26,7,2.5,1.2,3.0,0.7,17,0.5882352941176471,57.08545530032367,3.357967958842569
2026-07-26 12:46:26.357126,VOYG,30m,2026-05-01 09:30:00-04:00,2026-07-26,7,2.5,1.2,3.5,0.3,28,0.39285714285714285,14.139029607962499,0.5049653431415179
2026-07-26 12:46:26.357126,VOYG,30m,2026-05-01 09:30:00-04:00,2026-07-26,7,2.5,1.2,3.5,0.5,25,0.36,-9.571081544174866,-0.3828432617669947
2026-07-26 12:46:26.357126,VOYG,30m,2026-05-01 09:30:00-04:00,2026-07-26,7,2.5,1.2,3.5,0.7,17,0.5294117647058824,42.91444162848688,2.5243789193227575
2026-07-26 12:46:26.357126,VOYG,30m,2026-05-01 09:30:00-04:00,2026-07-26,7,2.5,1.5,1.0,0.3,24,0.5,35.789176199236685,1.4912156749681953
2026-07-26 12:46:26.357126,VOYG,30m,2026-05-01 09:30:00-04:00,2026-07-26,7,2.5,1.5,1.0,0.5,22,0.5,30.861776199236672,1.4028080090562123
2026-07-26 12:46:26.357126,VOYG,30m,2026-05-01 09:30:00-04:00,2026-07-26,7,2.5,1.5,1.0,0.7,17,0.6470588235294118,37.54661703450559,2.208624531441505
2026-07-26 12:46:26.357126,VOYG,30m,2026-05-01 09:30:00-04:00,2026-07-26,7,2.5,1.5,1.5,0.3,24,0.5,68.56594690490347,2.856914454370978
2026-07-26 12:46:26.357126,VOYG,30m,2026-05-01 09:30:00-04:00,2026-07-26,7,2.5,1.5,1.5,0.5,22,0.45454545454545453,38.150046262884665,1.734093011949303
2026-07-26 12:46:26.357126,VOYG,30m,2026-05-01 09:30:00-04:00,2026-07-26,7,2.5,1.5,1.5,0.7,17,0.5882352941176471,49.88241796179537,2.93425988010561
2026-07-26 12:46:26.357126,VOYG,30m,2026-05-01 09:30:00-04:00,2026-07-26,7,2.5,1.5,2.0,0.3,24,0.4583333333333333,56.41151018322315,2.3504795909676313
2026-07-26 12:46:26.357126,VOYG,30m,2026-05-01 09:30:00-04:00,2026-07-26,7,2.5,1.5,2.0,0.5,22,0.4090909090909091,27.02178975845939,1.2282631708390632
2026-07-26 12:46:26.357126,VOYG,30m,2026-05-01 09:30:00-04:00,2026-07-26,7,2.5,1.5,2.0,0.7,17,0.5294117647058824,39.37818770231953,2.316363982489384
2026-07-26 12:46:26.357126,VOYG,30m,2026-05-01 09:30:00-04:00,2026-07-26,7,2.5,1.5,2.5,0.3,24,0.4583333333333333,63.913726074836,2.663071919784833
2026-07-26 12:46:26.357126,VOYG,30m,2026-05-01 09:30:00-04:00,2026-07-26,7,2.5,1.5,2.5,0.5,22,0.4090909090909091,35.614075543881185,1.618821615630963
2026-07-26 12:46:26.357126,VOYG,30m,2026-05-01 09:30:00-04:00,2026-07-26,7,2.5,1.5,2.5,0.7,17,0.5294117647058824,53.034572973706204,3.1196807631591885
2026-07-26 12:46:26.357126,VOYG,30m,2026-05-01 09:30:00-04:00,2026-07-26,7,2.5,1.5,3.0,0.3,24,0.5,61.81043902167929,2.575434959236637
2026-07-26 12:46:26.357126,VOYG,30m,2026-05-01 09:30:00-04:00,2026-07-26,7,2.5,1.5,3.0,0.5,22,0.45454545454545453,34.60085838453356,1.5727662902060708
2026-07-26 12:46:26.357126,VOYG,30m,2026-05-01 09:30:00-04:00,2026-07-26,7,2.5,1.5,3.0,0.7,17,0.5882352941176471,57.08545530032367,3.357967958842569
2026-07-26 12:46:26.357126,VOYG,30m,2026-05-01 09:30:00-04:00,2026-07-26,7,2.5,1.5,3.5,0.3,24,0.4583333333333333,41.48525597006845,1.7285523320861855
2026-07-26 12:46:26.357126,VOYG,30m,2026-05-01 09:30:00-04:00,2026-07-26,7,2.5,1.5,3.5,0.5,22,0.4090909090909091,15.36574522673174,0.6984429648514427
2026-07-26 12:46:26.357126,VOYG,30m,2026-05-01 09:30:00-04:00,2026-07-26,7,2.5,1.5,3.5,0.7,17,0.5294117647058824,42.91444162848688,2.5243789193227575
2026-07-26 12:46:26.357126,VOYG,30m,2026-05-01 09:30:00-04:00,2026-07-26,7,2.5,1.8,1.0,0.3,22,0.5,27.437786071376316,1.247172094153469
2026-07-26 12:46:26.357126,VOYG,30m,2026-05-01 09:30:00-04:00,2026-07-26,7,2.5,1.8,1.0,0.5,21,0.47619047619047616,20.6485860713763,0.9832660033988715
2026-07-26 12:46:26.357126,VOYG,30m,2026-05-01 09:30:00-04:00,2026-07-26,7,2.5,1.8,1.0,0.7,16,0.625,27.333426906645215,1.708339181665326
2026-07-26 12:46:26.357126,VOYG,30m,2026-05-01 09:30:00-04:00,2026-07-26,7,2.5,1.8,1.5,0.3,22,0.45454545454545453,29.195231748077788,1.3270559885489903
2026-07-26 12:46:26.357126,VOYG,30m,2026-05-01 09:30:00-04:00,2026-07-26,7,2.5,1.8,1.5,0.5,21,0.42857142857142855,22.406031748077773,1.0669538927656081
2026-07-26 12:46:26.357126,VOYG,30m,2026-05-01 09:30:00-04:00,2026-07-26,7,2.5,1.8,1.5,0.7,16,0.5625,34.13840344698848,2.13365021543678
2026-07-26 12:46:26.357126,VOYG,30m,2026-05-01 09:30:00-04:00,2026-07-26,7,2.5,1.8,2.0,0.3,22,0.4090909090909091,18.617223307455575,0.8462374230661625
2026-07-26 12:46:26.357126,VOYG,30m,2026-05-01 09:30:00-04:00,2026-07-26,7,2.5,1.8,2.0,0.5,21,0.38095238095238093,12.079770405383492,0.5752271621611187
2026-07-26 12:46:26.357126,VOYG,30m,2026-05-01 09:30:00-04:00,2026-07-26,7,2.5,1.8,2.0,0.7,16,0.5,24.43616834924363,1.5272605218277269
2026-07-26 12:46:26.357126,VOYG,30m,2026-05-01 09:30:00-04:00,2026-07-26,7,2.5,1.8,2.5,0.3,22,0.4090909090909091,27.69586748012653,1.2589030672784787
2026-07-26 12:46:26.357126,VOYG,30m,2026-05-01 09:30:00-04:00,2026-07-26,7,2.5,1.8,2.5,0.5,21,0.38095238095238093,21.47405135253635,1.0225738739303023
2026-07-26 12:46:26.357126,VOYG,30m,2026-05-01 09:30:00-04:00,2026-07-26,7,2.5,1.8,2.5,0.7,16,0.5,38.89454878236137,2.4309092988975856
2026-07-26 12:46:26.357126,VOYG,30m,2026-05-01 09:30:00-04:00,2026-07-26,7,2.5,1.8,3.0,0.3,22,0.45454545454545453,27.169008708027924,1.2349549412739966
2026-07-26 12:46:26.357126,VOYG,30m,2026-05-01 09:30:00-04:00,2026-07-26,7,2.5,1.8,3.0,0.5,21,0.42857142857142855,21.262829354919717,1.0125156835676055
2026-07-26 12:46:26.357126,VOYG,30m,2026-05-01 09:30:00-04:00,2026-07-26,7,2.5,1.8,3.0,0.7,16,0.5625,43.74742627070983,2.7342141419193644
2026-07-26 12:46:26.357126,VOYG,30m,2026-05-01 09:30:00-04:00,2026-07-26,7,2.5,1.8,3.5,0.3,22,0.4090909090909091,8.420253937475195,0.3827388153397816
2026-07-26 12:46:26.357126,VOYG,30m,2026-05-01 09:30:00-04:00,2026-07-26,7,2.5,1.8,3.5,0.5,21,0.38095238095238093,2.829711358848961,0.1347481599451886
2026-07-26 12:46:26.357126,VOYG,30m,2026-05-01 09:30:00-04:00,2026-07-26,7,2.5,1.8,3.5,0.7,16,0.5,30.378407760604098,1.8986504850377561
2026-07-26 12:46:26.357126,VOYG,30m,2026-05-01 09:30:00-04:00,2026-07-26,7,2.5,2.0,1.0,0.3,20,0.5,22.753655347663155,1.1376827673831578
2026-07-26 12:46:26.357126,VOYG,30m,2026-05-01 09:30:00-04:00,2026-07-26,7,2.5,2.0,1.0,0.5,20,0.5,22.753655347663155,1.1376827673831578
2026-07-26 12:46:26.357126,VOYG,30m,2026-05-01 09:30:00-04:00,2026-07-26,7,2.5,2.0,1.0,0.7,16,0.625,27.333426906645215,1.708339181665326
2026-07-26 12:46:26.357126,VOYG,30m,2026-05-01 09:30:00-04:00,2026-07-26,7,2.5,2.0,1.5,0.3,20,0.45,25.563635662508055,1.2781817831254028
2026-07-26 12:46:26.357126,VOYG,30m,2026-05-01 09:30:00-04:00,2026-07-26,7,2.5,2.0,1.5,0.5,20,0.45,25.563635662508055,1.2781817831254028
2026-07-26 12:46:26.357126,VOYG,30m,2026-05-01 09:30:00-04:00,2026-07-26,7,2.5,2.0,1.5,0.7,16,0.5625,34.13840344698848,2.13365021543678
2026-07-26 12:46:26.357126,VOYG,30m,2026-05-01 09:30:00-04:00,2026-07-26,7,2.5,2.0,2.0,0.3,20,0.4,16.289908957957202,0.8144954478978601
2026-07-26 12:46:26.357126,VOYG,30m,2026-05-01 09:30:00-04:00,2026-07-26,7,2.5,2.0,2.0,0.5,20,0.4,16.289908957957202,0.8144954478978601
2026-07-26 12:46:26.357126,VOYG,30m,2026-05-01 09:30:00-04:00,2026-07-26,7,2.5,2.0,2.0,0.7,16,0.5,24.43616834924363,1.5272605218277269
2026-07-26 12:46:26.357126,VOYG,30m,2026-05-01 09:30:00-04:00,2026-07-26,7,2.5,2.0,2.5,0.3,20,0.4,26.736724543253487,1.3368362271626744
2026-07-26 12:46:26.357126,VOYG,30m,2026-05-01 09:30:00-04:00,2026-07-26,7,2.5,2.0,2.5,0.5,20,0.4,26.736724543253487,1.3368362271626744
2026-07-26 12:46:26.357126,VOYG,30m,2026-05-01 09:30:00-04:00,2026-07-26,7,2.5,2.0,2.5,0.7,16,0.5,38.89454878236137,2.4309092988975856
2026-07-26 12:46:26.357126,VOYG,30m,2026-05-01 09:30:00-04:00,2026-07-26,7,2.5,2.0,3.0,0.3,20,0.45,27.578037183780282,1.378901859189014
2026-07-26 12:46:26.357126,VOYG,30m,2026-05-01 09:30:00-04:00,2026-07-26,7,2.5,2.0,3.0,0.5,20,0.45,27.578037183780282,1.378901859189014
2026-07-26 12:46:26.357126,VOYG,30m,2026-05-01 09:30:00-04:00,2026-07-26,7,2.5,2.0,3.0,0.7,16,0.5625,43.74742627070983,2.7342141419193644
2026-07-26 12:46:26.357126,VOYG,30m,2026-05-01 09:30:00-04:00,2026-07-26,7,2.5,2.0,3.5,0.3,20,0.4,10.197453825852953,0.5098726912926477
2026-07-26 12:46:26.357126,VOYG,30m,2026-05-01 09:30:00-04:00,2026-07-26,7,2.5,2.0,3.5,0.5,20,0.4,10.197453825852953,0.5098726912926477
2026-07-26 12:46:26.357126,VOYG,30m,2026-05-01 09:30:00-04:00,2026-07-26,7,2.5,2.0,3.5,0.7,16,0.5,30.378407760604098,1.8986504850377561
2026-07-26 12:46:26.357126,VOYG,30m,2026-05-01 09:30:00-04:00,2026-07-26,7,2.5,2.5,1.0,0.3,15,0.5333333333333333,17.782794236144355,1.185519615742957
2026-07-26 12:46:26.357126,VOYG,30m,2026-05-01 09:30:00-04:00,2026-07-26,7,2.5,2.5,1.0,0.5,15,0.5333333333333333,17.782794236144355,1.185519615742957
2026-07-26 12:46:26.357126,VOYG,30m,2026-05-01 09:30:00-04:00,2026-07-26,7,2.5,2.5,1.0,0.7,13,0.6153846153846154,19.23385710712317,1.4795274697787055
2026-07-26 12:46:26.357126,VOYG,30m,2026-05-01 09:30:00-04:00,2026-07-26,7,2.5,2.5,1.5,0.3,15,0.4666666666666667,24.005030081823016,1.6003353387882011
2026-07-26 12:46:26.357126,VOYG,30m,2026-05-01 09:30:00-04:00,2026-07-26,7,2.5,2.5,1.5,0.5,15,0.4666666666666667,24.005030081823016,1.6003353387882011
2026-07-26 12:46:26.357126,VOYG,30m,2026-05-01 09:30:00-04:00,2026-07-26,7,2.5,2.5,1.5,0.7,13,0.5384615384615384,27.11173483429853,2.08551806417681
2026-07-26 12:46:26.357126,VOYG,30m,2026-05-01 09:30:00-04:00,2026-07-26,7,2.5,2.5,2.0,0.3,15,0.4,15.341670529023013,1.0227780352682008
2026-07-26 12:46:26.357126,VOYG,30m,2026-05-01 09:30:00-04:00,2026-07-26,7,2.5,2.5,2.0,0.5,15,0.4,15.341670529023013,1.0227780352682008
2026-07-26 12:46:26.357126,VOYG,30m,2026-05-01 09:30:00-04:00,2026-07-26,7,2.5,2.5,2.0,0.7,13,0.46153846153846156,20.133943532323713,1.548764887101824
2026-07-26 12:46:26.357126,VOYG,30m,2026-05-01 09:30:00-04:00,2026-07-26,7,2.5,2.5,2.5,0.3,15,0.4,30.838926507085667,2.055928433805711
2026-07-26 12:46:26.357126,VOYG,30m,2026-05-01 09:30:00-04:00,2026-07-26,7,2.5,2.5,2.5,0.5,15,0.4,30.838926507085667,2.055928433805711
2026-07-26 12:46:26.357126,VOYG,30m,2026-05-01 09:30:00-04:00,2026-07-26,7,2.5,2.5,2.5,0.7,13,0.46153846153846156,37.316767761211516,2.8705205970162706
2026-07-26 12:46:26.357126,VOYG,30m,2026-05-01 09:30:00-04:00,2026-07-26,7,2.5,2.5,3.0,0.3,15,0.4666666666666667,36.73067954037894,2.448711969358596
2026-07-26 12:46:26.357126,VOYG,30m,2026-05-01 09:30:00-04:00,2026-07-26,7,2.5,2.5,3.0,0.5,15,0.4666666666666667,36.73067954037894,2.448711969358596
2026-07-26 12:46:26.357126,VOYG,30m,2026-05-01 09:30:00-04:00,2026-07-26,7,2.5,2.5,3.0,0.7,13,0.5384615384615384,44.894089045330006,3.453391465025385
2026-07-26 12:46:26.357126,VOYG,30m,2026-05-01 09:30:00-04:00,2026-07-26,7,2.5,2.5,3.5,0.3,15,0.4666666666666667,24.400536575218084,1.6267024383478723
2026-07-26 12:46:26.357126,VOYG,30m,2026-05-01 09:30:00-04:00,2026-07-26,7,2.5,2.5,3.5,0.5,15,0.4666666666666667,24.400536575218084,1.6267024383478723
2026-07-26 12:46:26.357126,VOYG,30m,2026-05-01 09:30:00-04:00,2026-07-26,7,2.5,2.5,3.5,0.7,13,0.5384615384615384,34.2495143309943,2.6345780254611
2026-07-26 12:46:26.357126,VOYG,30m,2026-05-01 09:30:00-04:00,2026-07-26,7,2.5,3.0,1.0,0.3,10,0.5,19.754003864736625,1.9754003864736625
2026-07-26 12:46:26.357126,VOYG,30m,2026-05-01 09:30:00-04:00,2026-07-26,7,2.5,3.0,1.0,0.5,10,0.5,19.754003864736625,1.9754003864736625
2026-07-26 12:46:26.357126,VOYG,30m,2026-05-01 09:30:00-04:00,2026-07-26,7,2.5,3.0,1.0,0.7,8,0.625,21.20506673571544,2.65063334196443
2026-07-26 12:46:26.357126,VOYG,30m,2026-05-01 09:30:00-04:00,2026-07-26,7,2.5,3.0,1.5,0.3,10,0.5,31.46184452471143,3.146184452471143
2026-07-26 12:46:26.357126,VOYG,30m,2026-05-01 09:30:00-04:00,2026-07-26,7,2.5,3.0,1.5,0.5,10,0.5,31.46184452471143,3.146184452471143
2026-07-26 12:46:26.357126,VOYG,30m,2026-05-01 09:30:00-04:00,2026-07-26,7,2.5,3.0,1.5,0.7,8,0.625,34.568549277186946,4.321068659648368
2026-07-26 12:46:26.357126,VOYG,30m,2026-05-01 09:30:00-04:00,2026-07-26,7,2.5,3.0,2.0,0.3,10,0.5,28.284089786207467,2.8284089786207467
2026-07-26 12:46:26.357126,VOYG,30m,2026-05-01 09:30:00-04:00,2026-07-26,7,2.5,3.0,2.0,0.5,10,0.5,28.284089786207467,2.8284089786207467
2026-07-26 12:46:26.357126,VOYG,30m,2026-05-01 09:30:00-04:00,2026-07-26,7,2.5,3.0,2.0,0.7,8,0.625,33.07636278950817,4.134545348688521
2026-07-26 12:46:26.357126,VOYG,30m,2026-05-01 09:30:00-04:00,2026-07-26,7,2.5,3.0,2.5,0.3,10,0.6,48.72468851584216,4.872468851584216
2026-07-26 12:46:26.357126,VOYG,30m,2026-05-01 09:30:00-04:00,2026-07-26,7,2.5,3.0,2.5,0.5,10,0.6,48.72468851584216,4.872468851584216
2026-07-26 12:46:26.357126,VOYG,30m,2026-05-01 09:30:00-04:00,2026-07-26,7,2.5,3.0,2.5,0.7,8,0.75,55.20252976996801,6.900316221246001
2026-07-26 12:46:26.357126,VOYG,30m,2026-05-01 09:30:00-04:00,2026-07-26,7,2.5,3.0,3.0,0.3,10,0.6,55.78021506668943,5.578021506668943
2026-07-26 12:46:26.357126,VOYG,30m,2026-05-01 09:30:00-04:00,2026-07-26,7,2.5,3.0,3.0,0.5,10,0.6,55.78021506668943,5.578021506668943
2026-07-26 12:46:26.357126,VOYG,30m,2026-05-01 09:30:00-04:00,2026-07-26,7,2.5,3.0,3.0,0.7,8,0.75,63.9436245716405,7.992953071455062
2026-07-26 12:46:26.357126,VOYG,30m,2026-05-01 09:30:00-04:00,2026-07-26,7,2.5,3.0,3.5,0.3,10,0.6,47.35191757780427,4.735191757780427
2026-07-26 12:46:26.357126,VOYG,30m,2026-05-01 09:30:00-04:00,2026-07-26,7,2.5,3.0,3.5,0.5,10,0.6,47.35191757780427,4.735191757780427
2026-07-26 12:46:26.357126,VOYG,30m,2026-05-01 09:30:00-04:00,2026-07-26,7,2.5,3.0,3.5,0.7,8,0.75,57.20089533358049,7.150111916697561
2026-07-26 12:46:26.357126,VOYG,30m,2026-05-01 09:30:00-04:00,2026-07-26,7,2.5,3.5,1.0,0.3,4,0.25,1.642292387481703,0.41057309687042576
2026-07-26 12:46:26.357126,VOYG,30m,2026-05-01 09:30:00-04:00,2026-07-26,7,2.5,3.5,1.0,0.5,4,0.25,1.642292387481703,0.41057309687042576
2026-07-26 12:46:26.357126,VOYG,30m,2026-05-01 09:30:00-04:00,2026-07-26,7,2.5,3.5,1.0,0.7,3,0.3333333333333333,2.0557552584605077,0.6852517528201693
2026-07-26 12:46:26.357126,VOYG,30m,2026-05-01 09:30:00-04:00,2026-07-26,7,2.5,3.5,1.5,0.3,4,0.25,-1.0345614187773933,-0.2586403546943483
2026-07-26 12:46:26.357126,VOYG,30m,2026-05-01 09:30:00-04:00,2026-07-26,7,2.5,3.5,1.5,0.5,4,0.25,-1.0345614187773933,-0.2586403546943483
2026-07-26 12:46:26.357126,VOYG,30m,2026-05-01 09:30:00-04:00,2026-07-26,7,2.5,3.5,1.5,0.7,3,0.3333333333333333,0.5606328876907796,0.18687762923025986
2026-07-26 12:46:26.357126,VOYG,30m,2026-05-01 09:30:00-04:00,2026-07-26,7,2.5,3.5,2.0,0.3,4,0.25,-3.9735597243081244,-0.9933899310770311
2026-07-26 12:46:26.357126,VOYG,30m,2026-05-01 09:30:00-04:00,2026-07-26,7,2.5,3.5,2.0,0.5,4,0.25,-3.9735597243081244,-0.9933899310770311
2026-07-26 12:46:26.357126,VOYG,30m,2026-05-01 09:30:00-04:00,2026-07-26,7,2.5,3.5,2.0,0.7,3,0.3333333333333333,-1.1966339823505123,-0.39887799411683744
2026-07-26 12:46:26.357126,VOYG,30m,2026-05-01 09:30:00-04:00,2026-07-26,7,2.5,3.5,2.5,0.3,4,0.25,-6.966949655385122,-1.7417374138462804
2026-07-26 12:46:26.357126,VOYG,30m,2026-05-01 09:30:00-04:00,2026-07-26,7,2.5,3.5,2.5,0.5,4,0.25,-6.966949655385122,-1.7417374138462804
2026-07-26 12:46:26.357126,VOYG,30m,2026-05-01 09:30:00-04:00,2026-07-26,7,2.5,3.5,2.5,0.7,3,0.3333333333333333,-3.0082924779381415,-1.002764159312714
2026-07-26 12:46:26.357126,VOYG,30m,2026-05-01 09:30:00-04:00,2026-07-26,7,2.5,3.5,3.0,0.3,4,0.25,-6.357680589954526,-1.5894201474886316
2026-07-26 12:46:26.357126,VOYG,30m,2026-05-01 09:30:00-04:00,2026-07-26,7,2.5,3.5,3.0,0.5,4,0.25,-6.357680589954526,-1.5894201474886316
2026-07-26 12:46:26.357126,VOYG,30m,2026-05-01 09:30:00-04:00,2026-07-26,7,2.5,3.5,3.0,0.7,3,0.3333333333333333,-1.2172919770181068,-0.40576399233936894
2026-07-26 12:46:26.357126,VOYG,30m,2026-05-01 09:30:00-04:00,2026-07-26,7,2.5,3.5,3.5,0.3,4,0.25,-9.342294021613569,-2.335573505403392
2026-07-26 12:46:26.357126,VOYG,30m,2026-05-01 09:30:00-04:00,2026-07-26,7,2.5,3.5,3.5,0.5,4,0.25,-9.342294021613569,-2.335573505403392
2026-07-26 12:46:26.357126,VOYG,30m,2026-05-01 09:30:00-04:00,2026-07-26,7,2.5,3.5,3.5,0.7,3,0.3333333333333333,-3.020173973187781,-1.0067246577292603
2026-07-26 12:46:26.357126,VOYG,30m,2026-05-01 09:30:00-04:00,2026-07-26,7,3.0,0.5,1.0,0.3,23,0.5217391304347826,32.59280154774444,1.4170783281628019
2026-07-26 12:46:26.357126,VOYG,30m,2026-05-01 09:30:00-04:00,2026-07-26,7,3.0,0.5,1.0,0.5,19,0.47368421052631576,7.284286762676189,0.3833835138250626
2026-07-26 12:46:26.357126,VOYG,30m,2026-05-01 09:30:00-04:00,2026-07-26,7,3.0,0.5,1.0,0.7,12,0.6666666666666666,14.215104820585225,1.184592068382102
2026-07-26 12:46:26.357126,VOYG,30m,2026-05-01 09:30:00-04:00,2026-07-26,7,3.0,0.5,1.5,0.3,23,0.391304347826087,18.763771765817516,0.8158161637311964
2026-07-26 12:46:26.357126,VOYG,30m,2026-05-01 09:30:00-04:00,2026-07-26,7,3.0,0.5,1.5,0.5,19,0.3157894736842105,-2.879400411784836,-0.15154739009393872
2026-07-26 12:46:26.357126,VOYG,30m,2026-05-01 09:30:00-04:00,2026-07-26,7,3.0,0.5,1.5,0.7,12,0.5,11.796937121085946,0.9830780934238289
2026-07-26 12:46:26.357126,VOYG,30m,2026-05-01 09:30:00-04:00,2026-07-26,7,3.0,0.5,2.0,0.3,23,0.34782608695652173,0.6795017452447283,0.029543554141075144
2026-07-26 12:46:26.357126,VOYG,30m,2026-05-01 09:30:00-04:00,2026-07-26,7,3.0,0.5,2.0,0.5,19,0.2631578947368421,-17.046580726963754,-0.8971884593138818
2026-07-26 12:46:26.357126,VOYG,30m,2026-05-01 09:30:00-04:00,2026-07-26,7,3.0,0.5,2.0,0.7,12,0.4166666666666667,0.9517716621764905,0.07931430518137421
2026-07-26 12:46:26.357126,VOYG,30m,2026-05-01 09:30:00-04:00,2026-07-26,7,3.0,0.5,2.5,0.3,23,0.34782608695652173,5.470122226905474,0.23783140116980322
2026-07-26 12:46:26.357126,VOYG,30m,2026-05-01 09:30:00-04:00,2026-07-26,7,3.0,0.5,2.5,0.5,19,0.2631578947368421,-8.274980863355168,-0.43552530859764044
2026-07-26 12:46:26.357126,VOYG,30m,2026-05-01 09:30:00-04:00,2026-07-26,7,3.0,0.5,2.5,0.7,12,0.4166666666666667,17.485459623069914,1.4571216352558263
2026-07-26 12:46:26.357126,VOYG,30m,2026-05-01 09:30:00-04:00,2026-07-26,7,3.0,0.5,3.0,0.3,23,0.391304347826087,-10.618236104708139,-0.46166243933513645
2026-07-26 12:46:26.357126,VOYG,30m,2026-05-01 09:30:00-04:00,2026-07-26,7,3.0,0.5,3.0,0.5,19,0.3157894736842105,-21.99320162235292,-1.157536927492259
2026-07-26 12:46:26.357126,VOYG,30m,2026-05-01 09:30:00-04:00,2026-07-26,7,3.0,0.5,3.0,0.7,12,0.5,10.835930431881309,0.9029942026567758
2026-07-26 12:46:26.357126,VOYG,30m,2026-05-01 09:30:00-04:00,2026-07-26,7,3.0,0.5,3.5,0.3,23,0.34782608695652173,-26.958785749297896,-1.172121119534691
2026-07-26 12:46:26.357126,VOYG,30m,2026-05-01 09:30:00-04:00,2026-07-26,7,3.0,0.5,3.5,0.5,19,0.2631578947368421,-37.39157478130252,-1.967977620068554
2026-07-26 12:46:26.357126,VOYG,30m,2026-05-01 09:30:00-04:00,2026-07-26,7,3.0,0.5,3.5,0.7,12,0.4166666666666667,1.4483292819707572,0.12069410683089643
2026-07-26 12:46:26.357126,VOYG,30m,2026-05-01 09:30:00-04:00,2026-07-26,7,3.0,0.8,1.0,0.3,21,0.47619047619047616,12.514992804785265,0.5959520383231078
2026-07-26 12:46:26.357126,VOYG,30m,2026-05-01 09:30:00-04:00,2026-07-26,7,3.0,0.8,1.0,0.5,19,0.47368421052631576,7.284286762676189,0.3833835138250626
2026-07-26 12:46:26.357126,VOYG,30m,2026-05-01 09:30:00-04:00,2026-07-26,7,3.0,0.8,1.0,0.7,12,0.6666666666666666,14.215104820585225,1.184592068382102
2026-07-26 12:46:26.357126,VOYG,30m,2026-05-01 09:30:00-04:00,2026-07-26,7,3.0,0.8,1.5,0.3,21,0.3333333333333333,1.5720586513787893,0.07485993577994235
2026-07-26 12:46:26.357126,VOYG,30m,2026-05-01 09:30:00-04:00,2026-07-26,7,3.0,0.8,1.5,0.5,19,0.3157894736842105,-2.879400411784836,-0.15154739009393872
2026-07-26 12:46:26.357126,VOYG,30m,2026-05-01 09:30:00-04:00,2026-07-26,7,3.0,0.8,1.5,0.7,12,0.5,11.796937121085946,0.9830780934238289
2026-07-26 12:46:26.357126,VOYG,30m,2026-05-01 09:30:00-04:00,2026-07-26,7,3.0,0.8,2.0,0.3,21,0.2857142857142857,-13.626115740673548,-0.648862654317788
2026-07-26 12:46:26.357126,VOYG,30m,2026-05-01 09:30:00-04:00,2026-07-26,7,3.0,0.8,2.0,0.5,19,0.2631578947368421,-17.046580726963754,-0.8971884593138818
2026-07-26 12:46:26.357126,VOYG,30m,2026-05-01 09:30:00-04:00,2026-07-26,7,3.0,0.8,2.0,0.7,12,0.4166666666666667,0.9517716621764905,0.07931430518137421
2026-07-26 12:46:26.357126,VOYG,30m,2026-05-01 09:30:00-04:00,2026-07-26,7,3.0,0.8,2.5,0.3,21,0.2857142857142857,-5.949399630492351,-0.2833047443091596
2026-07-26 12:46:26.357126,VOYG,30m,2026-05-01 09:30:00-04:00,2026-07-26,7,3.0,0.8,2.5,0.5,19,0.2631578947368421,-8.274980863355168,-0.43552530859764044
2026-07-26 12:46:26.357126,VOYG,30m,2026-05-01 09:30:00-04:00,2026-07-26,7,3.0,0.8,2.5,0.7,12,0.4166666666666667,17.485459623069914,1.4571216352558263
2026-07-26 12:46:26.357126,VOYG,30m,2026-05-01 09:30:00-04:00,2026-07-26,7,3.0,0.8,3.0,0.3,21,0.3333333333333333,-20.76250414291753,-0.9886906734722632
2026-07-26 12:46:26.357126,VOYG,30m,2026-05-01 09:30:00-04:00,2026-07-26,7,3.0,0.8,3.0,0.5,19,0.3157894736842105,-21.99320162235292,-1.157536927492259
2026-07-26 12:46:26.357126,VOYG,30m,2026-05-01 09:30:00-04:00,2026-07-26,7,3.0,0.8,3.0,0.7,12,0.5,10.835930431881309,0.9029942026567758
2026-07-26 12:46:26.357126,VOYG,30m,2026-05-01 09:30:00-04:00,2026-07-26,7,3.0,0.8,3.5,0.3,21,0.2857142857142857,-34.210431793875635,-1.6290681806607445
2026-07-26 12:46:26.357126,VOYG,30m,2026-05-01 09:30:00-04:00,2026-07-26,7,3.0,0.8,3.5,0.5,19,0.2631578947368421,-37.39157478130252,-1.967977620068554
2026-07-26 12:46:26.357126,VOYG,30m,2026-05-01 09:30:00-04:00,2026-07-26,7,3.0,0.8,3.5,0.7,12,0.4166666666666667,1.4483292819707572,0.12069410683089643
2026-07-26 12:46:26.357126,VOYG,30m,2026-05-01 09:30:00-04:00,2026-07-26,7,3.0,1.0,1.0,0.3,20,0.5,13.36762498127733,0.6683812490638665
2026-07-26 12:46:26.357126,VOYG,30m,2026-05-01 09:30:00-04:00,2026-07-26,7,3.0,1.0,1.0,0.5,18,0.5,8.136918939168254,0.4520510521760141
2026-07-26 12:46:26.357126,VOYG,30m,2026-05-01 09:30:00-04:00,2026-07-26,7,3.0,1.0,1.0,0.7,12,0.6666666666666666,14.215104820585225,1.184592068382102
2026-07-26 12:46:26.357126,VOYG,30m,2026-05-01 09:30:00-04:00,2026-07-26,7,3.0,1.0,1.5,0.3,20,0.35,4.1760069161168545,0.20880034580584272
2026-07-26 12:46:26.357126,VOYG,30m,2026-05-01 09:30:00-04:00,2026-07-26,7,3.0,1.0,1.5,0.5,18,0.3333333333333333,-0.2754521470467708,-0.015302897058153932
2026-07-26 12:46:26.357126,VOYG,30m,2026-05-01 09:30:00-04:00,2026-07-26,7,3.0,1.0,1.5,0.7,12,0.5,11.796937121085946,0.9830780934238289
2026-07-26 12:46:26.357126,VOYG,30m,2026-05-01 09:30:00-04:00,2026-07-26,7,3.0,1.0,2.0,0.3,20,0.3,-9.270851387689483,-0.46354256938447413
2026-07-26 12:46:26.357126,VOYG,30m,2026-05-01 09:30:00-04:00,2026-07-26,7,3.0,1.0,2.0,0.5,18,0.2777777777777778,-12.691316373979689,-0.7050731318877604
2026-07-26 12:46:26.357126,VOYG,30m,2026-05-01 09:30:00-04:00,2026-07-26,7,3.0,1.0,2.0,0.7,12,0.4166666666666667,0.9517716621764905,0.07931430518137421
2026-07-26 12:46:26.357126,VOYG,30m,2026-05-01 09:30:00-04:00,2026-07-26,7,3.0,1.0,2.5,0.3,20,0.3,0.15718081073771373,0.007859040536885686
2026-07-26 12:46:26.357126,VOYG,30m,2026-05-01 09:30:00-04:00,2026-07-26,7,3.0,1.0,2.5,0.5,18,0.2777777777777778,-2.168400422125103,-0.12046669011806127
2026-07-26 12:46:26.357126,VOYG,30m,2026-05-01 09:30:00-04:00,2026-07-26,7,3.0,1.0,2.5,0.7,12,0.4166666666666667,17.485459623069914,1.4571216352558263
2026-07-26 12:46:26.357126,VOYG,30m,2026-05-01 09:30:00-04:00,2026-07-26,7,3.0,1.0,3.0,0.3,20,0.35,-13.59800414291744,-0.679900207145872
2026-07-26 12:46:26.357126,VOYG,30m,2026-05-01 09:30:00-04:00,2026-07-26,7,3.0,1.0,3.0,0.5,18,0.3333333333333333,-14.828701622352831,-0.8238167567973795
2026-07-26 12:46:26.357126,VOYG,30m,2026-05-01 09:30:00-04:00,2026-07-26,7,3.0,1.0,3.0,0.7,12,0.5,10.835930431881309,0.9029942026567758
2026-07-26 12:46:26.357126,VOYG,30m,2026-05-01 09:30:00-04:00,2026-07-26,7,3.0,1.0,3.5,0.3,20,0.3,-27.045931793875546,-1.3522965896937773
2026-07-26 12:46:26.357126,VOYG,30m,2026-05-01 09:30:00-04:00,2026-07-26,7,3.0,1.0,3.5,0.5,18,0.2777777777777778,-30.227074781302434,-1.6792819322945798
2026-07-26 12:46:26.357126,VOYG,30m,2026-05-01 09:30:00-04:00,2026-07-26,7,3.0,1.0,3.5,0.7,12,0.4166666666666667,1.4483292819707572,0.12069410683089643
2026-07-26 12:46:26.357126,VOYG,30m,2026-05-01 09:30:00-04:00,2026-07-26,7,3.0,1.2,1.0,0.3,20,0.5,13.36762498127733,0.6683812490638665
2026-07-26 12:46:26.357126,VOYG,30m,2026-05-01 09:30:00-04:00,2026-07-26,7,3.0,1.2,1.0,0.5,18,0.5,8.136918939168254,0.4520510521760141
2026-07-26 12:46:26.357126,VOYG,30m,2026-05-01 09:30:00-04:00,2026-07-26,7,3.0,1.2,1.0,0.7,12,0.6666666666666666,14.215104820585225,1.184592068382102
2026-07-26 12:46:26.357126,VOYG,30m,2026-05-01 09:30:00-04:00,2026-07-26,7,3.0,1.2,1.5,0.3,20,0.35,4.1760069161168545,0.20880034580584272
2026-07-26 12:46:26.357126,VOYG,30m,2026-05-01 09:30:00-04:00,2026-07-26,7,3.0,1.2,1.5,0.5,18,0.3333333333333333,-0.2754521470467708,-0.015302897058153932
2026-07-26 12:46:26.357126,VOYG,30m,2026-05-01 09:30:00-04:00,2026-07-26,7,3.0,1.2,1.5,0.7,12,0.5,11.796937121085946,0.9830780934238289
2026-07-26 12:46:26.357126,VOYG,30m,2026-05-01 09:30:00-04:00,2026-07-26,7,3.0,1.2,2.0,0.3,20,0.3,-9.270851387689483,-0.46354256938447413
2026-07-26 12:46:26.357126,VOYG,30m,2026-05-01 09:30:00-04:00,2026-07-26,7,3.0,1.2,2.0,0.5,18,0.2777777777777778,-12.691316373979689,-0.7050731318877604
2026-07-26 12:46:26.357126,VOYG,30m,2026-05-01 09:30:00-04:00,2026-07-26,7,3.0,1.2,2.0,0.7,12,0.4166666666666667,0.9517716621764905,0.07931430518137421
2026-07-26 12:46:26.357126,VOYG,30m,2026-05-01 09:30:00-04:00,2026-07-26,7,3.0,1.2,2.5,0.3,20,0.3,0.15718081073771373,0.007859040536885686
2026-07-26 12:46:26.357126,VOYG,30m,2026-05-01 09:30:00-04:00,2026-07-26,7,3.0,1.2,2.5,0.5,18,0.2777777777777778,-2.168400422125103,-0.12046669011806127
2026-07-26 12:46:26.357126,VOYG,30m,2026-05-01 09:30:00-04:00,2026-07-26,7,3.0,1.2,2.5,0.7,12,0.4166666666666667,17.485459623069914,1.4571216352558263
2026-07-26 12:46:26.357126,VOYG,30m,2026-05-01 09:30:00-04:00,2026-07-26,7,3.0,1.2,3.0,0.3,20,0.35,-13.59800414291744,-0.679900207145872
2026-07-26 12:46:26.357126,VOYG,30m,2026-05-01 09:30:00-04:00,2026-07-26,7,3.0,1.2,3.0,0.5,18,0.3333333333333333,-14.828701622352831,-0.8238167567973795
2026-07-26 12:46:26.357126,VOYG,30m,2026-05-01 09:30:00-04:00,2026-07-26,7,3.0,1.2,3.0,0.7,12,0.5,10.835930431881309,0.9029942026567758
2026-07-26 12:46:26.357126,VOYG,30m,2026-05-01 09:30:00-04:00,2026-07-26,7,3.0,1.2,3.5,0.3,20,0.3,-27.045931793875546,-1.3522965896937773
2026-07-26 12:46:26.357126,VOYG,30m,2026-05-01 09:30:00-04:00,2026-07-26,7,3.0,1.2,3.5,0.5,18,0.2777777777777778,-30.227074781302434,-1.6792819322945798
2026-07-26 12:46:26.357126,VOYG,30m,2026-05-01 09:30:00-04:00,2026-07-26,7,3.0,1.2,3.5,0.7,12,0.4166666666666667,1.4483292819707572,0.12069410683089643
2026-07-26 12:46:26.357126,VOYG,30m,2026-05-01 09:30:00-04:00,2026-07-26,7,3.0,1.5,1.0,0.3,18,0.5,14.319463985316325,0.7955257769620181
2026-07-26 12:46:26.357126,VOYG,30m,2026-05-01 09:30:00-04:00,2026-07-26,7,3.0,1.5,1.0,0.5,17,0.47058823529411764,7.53026398531631,0.44295670501860646
2026-07-26 12:46:26.357126,VOYG,30m,2026-05-01 09:30:00-04:00,2026-07-26,7,3.0,1.5,1.0,0.7,12,0.6666666666666666,14.215104820585225,1.184592068382102
2026-07-26 12:46:26.357126,VOYG,30m,2026-05-01 09:30:00-04:00,2026-07-26,7,3.0,1.5,1.5,0.3,18,0.3888888888888889,6.8537654221752575,0.38076474567640317
2026-07-26 12:46:26.357126,VOYG,30m,2026-05-01 09:30:00-04:00,2026-07-26,7,3.0,1.5,1.5,0.5,17,0.35294117647058826,0.0645654221752423,0.0037979660103083708
2026-07-26 12:46:26.357126,VOYG,30m,2026-05-01 09:30:00-04:00,2026-07-26,7,3.0,1.5,1.5,0.7,12,0.5,11.796937121085946,0.9830780934238289
2026-07-26 12:46:26.357126,VOYG,30m,2026-05-01 09:30:00-04:00,2026-07-26,7,3.0,1.5,2.0,0.3,18,0.3333333333333333,-4.867173379611565,-0.2703985210895314
2026-07-26 12:46:26.357126,VOYG,30m,2026-05-01 09:30:00-04:00,2026-07-26,7,3.0,1.5,2.0,0.5,17,0.29411764705882354,-11.404626281683647,-0.6708603695108027
2026-07-26 12:46:26.357126,VOYG,30m,2026-05-01 09:30:00-04:00,2026-07-26,7,3.0,1.5,2.0,0.7,12,0.4166666666666667,0.9517716621764905,0.07931430518137421
2026-07-26 12:46:26.357126,VOYG,30m,2026-05-01 09:30:00-04:00,2026-07-26,7,3.0,1.5,2.5,0.3,18,0.3333333333333333,6.286778320835076,0.3492654622686153
2026-07-26 12:46:26.357126,VOYG,30m,2026-05-01 09:30:00-04:00,2026-07-26,7,3.0,1.5,2.5,0.5,17,0.29411764705882354,0.06496219324489516,0.003821305484993833
2026-07-26 12:46:26.357126,VOYG,30m,2026-05-01 09:30:00-04:00,2026-07-26,7,3.0,1.5,2.5,0.7,12,0.4166666666666667,17.485459623069914,1.4571216352558263
2026-07-26 12:46:26.357126,VOYG,30m,2026-05-01 09:30:00-04:00,2026-07-26,7,3.0,1.5,3.0,0.3,18,0.3888888888888889,-5.742487130800598,-0.3190270628222554
2026-07-26 12:46:26.357126,VOYG,30m,2026-05-01 09:30:00-04:00,2026-07-26,7,3.0,1.5,3.0,0.5,17,0.35294117647058826,-11.648666483908805,-0.6852156755240474
2026-07-26 12:46:26.357126,VOYG,30m,2026-05-01 09:30:00-04:00,2026-07-26,7,3.0,1.5,3.0,0.7,12,0.5,10.835930431881309,0.9029942026567758
2026-07-26 12:46:26.357126,VOYG,30m,2026-05-01 09:30:00-04:00,2026-07-26,7,3.0,1.5,3.5,0.3,18,0.3333333333333333,-20.509824541158146,-1.139434696731008
2026-07-26 12:46:26.357126,VOYG,30m,2026-05-01 09:30:00-04:00,2026-07-26,7,3.0,1.5,3.5,0.5,17,0.29411764705882354,-26.10036711978438,-1.535315712928493
2026-07-26 12:46:26.357126,VOYG,30m,2026-05-01 09:30:00-04:00,2026-07-26,7,3.0,1.5,3.5,0.7,12,0.4166666666666667,1.4483292819707572,0.12069410683089643
2026-07-26 12:46:26.357126,VOYG,30m,2026-05-01 09:30:00-04:00,2026-07-26,7,3.0,1.8,1.0,0.3,17,0.47058823529411764,4.106273857455953,0.24154552102682078
2026-07-26 12:46:26.357126,VOYG,30m,2026-05-01 09:30:00-04:00,2026-07-26,7,3.0,1.8,1.0,0.5,16,0.4375,-2.682926142544062,-0.16768288390900388
2026-07-26 12:46:26.357126,VOYG,30m,2026-05-01 09:30:00-04:00,2026-07-26,7,3.0,1.8,1.0,0.7,11,0.6363636363636364,4.001914692724853,0.36381042661135027
2026-07-26 12:46:26.357126,VOYG,30m,2026-05-01 09:30:00-04:00,2026-07-26,7,3.0,1.8,1.5,0.3,17,0.35294117647058826,-8.890249092631635,-0.5229558289783315
2026-07-26 12:46:26.357126,VOYG,30m,2026-05-01 09:30:00-04:00,2026-07-26,7,3.0,1.8,1.5,0.5,16,0.3125,-15.67944909263165,-0.9799655682894781
2026-07-26 12:46:26.357126,VOYG,30m,2026-05-01 09:30:00-04:00,2026-07-26,7,3.0,1.8,1.5,0.7,11,0.45454545454545453,-3.947077393720946,-0.35882521761099506
2026-07-26 12:46:26.357126,VOYG,30m,2026-05-01 09:30:00-04:00,2026-07-26,7,3.0,1.8,2.0,0.3,17,0.29411764705882354,-19.809192732687464,-1.1652466313345566
2026-07-26 12:46:26.357126,VOYG,30m,2026-05-01 09:30:00-04:00,2026-07-26,7,3.0,1.8,2.0,0.5,16,0.25,-26.346645634759547,-1.6466653521724717
2026-07-26 12:46:26.357126,VOYG,30m,2026-05-01 09:30:00-04:00,2026-07-26,7,3.0,1.8,2.0,0.7,11,0.36363636363636365,-13.990247690899409,-1.2718406991726736
2026-07-26 12:46:26.357126,VOYG,30m,2026-05-01 09:30:00-04:00,2026-07-26,7,3.0,1.8,2.5,0.3,17,0.29411764705882354,-7.85324587050976,-0.46195563944175055
2026-07-26 12:46:26.357126,VOYG,30m,2026-05-01 09:30:00-04:00,2026-07-26,7,3.0,1.8,2.5,0.5,16,0.25,-14.07506199809994,-0.8796913748812463
2026-07-26 12:46:26.357126,VOYG,30m,2026-05-01 09:30:00-04:00,2026-07-26,7,3.0,1.8,2.5,0.7,11,0.36363636363636365,3.345435431725079,0.304130493793189
2026-07-26 12:46:26.357126,VOYG,30m,2026-05-01 09:30:00-04:00,2026-07-26,7,3.0,1.8,3.0,0.3,17,0.35294117647058826,-19.08051616041444,-1.1223833035537907
2026-07-26 12:46:26.357126,VOYG,30m,2026-05-01 09:30:00-04:00,2026-07-26,7,3.0,1.8,3.0,0.5,16,0.3125,-24.986695513522648,-1.5616684695951655
2026-07-26 12:46:26.357126,VOYG,30m,2026-05-01 09:30:00-04:00,2026-07-26,7,3.0,1.8,3.0,0.7,11,0.45454545454545453,-2.502098597732534,-0.22746350888477582
2026-07-26 12:46:26.357126,VOYG,30m,2026-05-01 09:30:00-04:00,2026-07-26,7,3.0,1.8,3.5,0.3,17,0.29411764705882354,-33.045858409040925,-1.9438740240612309
2026-07-26 12:46:26.357126,VOYG,30m,2026-05-01 09:30:00-04:00,2026-07-26,7,3.0,1.8,3.5,0.5,16,0.25,-38.63640098766716,-2.4147750617291974
2026-07-26 12:46:26.357126,VOYG,30m,2026-05-01 09:30:00-04:00,2026-07-26,7,3.0,1.8,3.5,0.7,11,0.36363636363636365,-11.087704585912022,-1.0079731441738202
2026-07-26 12:46:26.357126,VOYG,30m,2026-05-01 09:30:00-04:00,2026-07-26,7,3.0,2.0,1.0,0.3,15,0.4666666666666667,-0.577856866257207,-0.0385237910838138
2026-07-26 12:46:26.357126,VOYG,30m,2026-05-01 09:30:00-04:00,2026-07-26,7,3.0,2.0,1.0,0.5,15,0.4666666666666667,-0.577856866257207,-0.0385237910838138
2026-07-26 12:46:26.357126,VOYG,30m,2026-05-01 09:30:00-04:00,2026-07-26,7,3.0,2.0,1.0,0.7,11,0.6363636363636364,4.001914692724853,0.36381042661135027
2026-07-26 12:46:26.357126,VOYG,30m,2026-05-01 09:30:00-04:00,2026-07-26,7,3.0,2.0,1.5,0.3,15,0.3333333333333333,-12.521845178201367,-0.8347896785467578
2026-07-26 12:46:26.357126,VOYG,30m,2026-05-01 09:30:00-04:00,2026-07-26,7,3.0,2.0,1.5,0.5,15,0.3333333333333333,-12.521845178201367,-0.8347896785467578
2026-07-26 12:46:26.357126,VOYG,30m,2026-05-01 09:30:00-04:00,2026-07-26,7,3.0,2.0,1.5,0.7,11,0.45454545454545453,-3.947077393720946,-0.35882521761099506
2026-07-26 12:46:26.357126,VOYG,30m,2026-05-01 09:30:00-04:00,2026-07-26,7,3.0,2.0,2.0,0.3,15,0.26666666666666666,-22.136507082185837,-1.4757671388123892
2026-07-26 12:46:26.357126,VOYG,30m,2026-05-01 09:30:00-04:00,2026-07-26,7,3.0,2.0,2.0,0.5,15,0.26666666666666666,-22.136507082185837,-1.4757671388123892
2026-07-26 12:46:26.357126,VOYG,30m,2026-05-01 09:30:00-04:00,2026-07-26,7,3.0,2.0,2.0,0.7,11,0.36363636363636365,-13.990247690899409,-1.2718406991726736
2026-07-26 12:46:26.357126,VOYG,30m,2026-05-01 09:30:00-04:00,2026-07-26,7,3.0,2.0,2.5,0.3,15,0.26666666666666666,-8.812388807382803,-0.5874925871588536
2026-07-26 12:46:26.357126,VOYG,30m,2026-05-01 09:30:00-04:00,2026-07-26,7,3.0,2.0,2.5,0.5,15,0.26666666666666666,-8.812388807382803,-0.5874925871588536
2026-07-26 12:46:26.357126,VOYG,30m,2026-05-01 09:30:00-04:00,2026-07-26,7,3.0,2.0,2.5,0.7,11,0.36363636363636365,3.345435431725079,0.304130493793189
2026-07-26 12:46:26.357126,VOYG,30m,2026-05-01 09:30:00-04:00,2026-07-26,7,3.0,2.0,3.0,0.3,15,0.3333333333333333,-18.671487684662083,-1.2447658456441388
2026-07-26 12:46:26.357126,VOYG,30m,2026-05-01 09:30:00-04:00,2026-07-26,7,3.0,2.0,3.0,0.5,15,0.3333333333333333,-18.671487684662083,-1.2447658456441388
2026-07-26 12:46:26.357126,VOYG,30m,2026-05-01 09:30:00-04:00,2026-07-26,7,3.0,2.0,3.0,0.7,11,0.45454545454545453,-2.502098597732534,-0.22746350888477582
2026-07-26 12:46:26.357126,VOYG,30m,2026-05-01 09:30:00-04:00,2026-07-26,7,3.0,2.0,3.5,0.3,15,0.26666666666666666,-31.268658520663166,-2.0845772347108777
2026-07-26 12:46:26.357126,VOYG,30m,2026-05-01 09:30:00-04:00,2026-07-26,7,3.0,2.0,3.5,0.5,15,0.26666666666666666,-31.268658520663166,-2.0845772347108777
2026-07-26 12:46:26.357126,VOYG,30m,2026-05-01 09:30:00-04:00,2026-07-26,7,3.0,2.0,3.5,0.7,11,0.36363636363636365,-11.087704585912022,-1.0079731441738202
2026-07-26 12:46:26.357126,VOYG,30m,2026-05-01 09:30:00-04:00,2026-07-26,7,3.0,2.5,1.0,0.3,11,0.5454545454545454,1.3507963122334132,0.12279966474849212
2026-07-26 12:46:26.357126,VOYG,30m,2026-05-01 09:30:00-04:00,2026-07-26,7,3.0,2.5,1.0,0.5,11,0.5454545454545454,1.3507963122334132,0.12279966474849212
2026-07-26 12:46:26.357126,VOYG,30m,2026-05-01 09:30:00-04:00,2026-07-26,7,3.0,2.5,1.0,0.7,9,0.6666666666666666,2.8018591832122297,0.3113176870235811
2026-07-26 12:46:26.357126,VOYG,30m,2026-05-01 09:30:00-04:00,2026-07-26,7,3.0,2.5,1.5,0.3,11,0.36363636363636365,-7.487097476434492,-0.6806452251304084
2026-07-26 12:46:26.357126,VOYG,30m,2026-05-01 09:30:00-04:00,2026-07-26,7,3.0,2.5,1.5,0.5,11,0.36363636363636365,-7.487097476434492,-0.6806452251304084
2026-07-26 12:46:26.357126,VOYG,30m,2026-05-01 09:30:00-04:00,2026-07-26,7,3.0,2.5,1.5,0.7,9,0.4444444444444444,-4.380392723958977,-0.4867103026621085
2026-07-26 12:46:26.357126,VOYG,30m,2026-05-01 09:30:00-04:00,2026-07-26,7,3.0,2.5,2.0,0.3,11,0.2727272727272727,-17.44360780118413,-1.5857825273803754
2026-07-26 12:46:26.357126,VOYG,30m,2026-05-01 09:30:00-04:00,2026-07-26,7,3.0,2.5,2.0,0.5,11,0.2727272727272727,-17.44360780118413,-1.5857825273803754
2026-07-26 12:46:26.357126,VOYG,30m,2026-05-01 09:30:00-04:00,2026-07-26,7,3.0,2.5,2.0,0.7,9,0.3333333333333333,-12.651334797883429,-1.405703866431492
2026-07-26 12:46:26.357126,VOYG,30m,2026-05-01 09:30:00-04:00,2026-07-26,7,3.0,2.5,2.5,0.3,11,0.2727272727272727,-0.021264706130779132,-0.001933155102798103
2026-07-26 12:46:26.357126,VOYG,30m,2026-05-01 09:30:00-04:00,2026-07-26,7,3.0,2.5,2.5,0.5,11,0.2727272727272727,-0.021264706130779132,-0.001933155102798103
2026-07-26 12:46:26.357126,VOYG,30m,2026-05-01 09:30:00-04:00,2026-07-26,7,3.0,2.5,2.5,0.7,9,0.3333333333333333,6.45657654799507,0.7173973942216745
2026-07-26 12:46:26.357126,VOYG,30m,2026-05-01 09:30:00-04:00,2026-07-26,7,3.0,2.5,3.0,0.3,11,0.36363636363636365,-5.782138763159601,-0.5256489784690547
2026-07-26 12:46:26.357126,VOYG,30m,2026-05-01 09:30:00-04:00,2026-07-26,7,3.0,2.5,3.0,0.5,11,0.36363636363636365,-5.782138763159601,-0.5256489784690547
2026-07-26 12:46:26.357126,VOYG,30m,2026-05-01 09:30:00-04:00,2026-07-26,7,3.0,2.5,3.0,0.7,9,0.4444444444444444,2.381270741791468,0.26458563797682977
2026-07-26 12:46:26.357126,VOYG,30m,2026-05-01 09:30:00-04:00,2026-07-26,7,3.0,2.5,3.5,0.3,11,0.36363636363636365,-14.281084778910227,-1.2982804344463843
2026-07-26 12:46:26.357126,VOYG,30m,2026-05-01 09:30:00-04:00,2026-07-26,7,3.0,2.5,3.5,0.5,11,0.36363636363636365,-14.281084778910227,-1.2982804344463843
2026-07-26 12:46:26.357126,VOYG,30m,2026-05-01 09:30:00-04:00,2026-07-26,7,3.0,2.5,3.5,0.7,9,0.4444444444444444,-4.432107023134009,-0.49245633590377874
2026-07-26 12:46:26.357126,VOYG,30m,2026-05-01 09:30:00-04:00,2026-07-26,7,3.0,3.0,1.0,0.3,6,0.5,3.322005940825683,0.5536676568042805
2026-07-26 12:46:26.357126,VOYG,30m,2026-05-01 09:30:00-04:00,2026-07-26,7,3.0,3.0,1.0,0.5,6,0.5,3.322005940825683,0.5536676568042805
2026-07-26 12:46:26.357126,VOYG,30m,2026-05-01 09:30:00-04:00,2026-07-26,7,3.0,3.0,1.0,0.7,4,0.75,4.7730688118044995,1.1932672029511249
2026-07-26 12:46:26.357126,VOYG,30m,2026-05-01 09:30:00-04:00,2026-07-26,7,3.0,3.0,1.5,0.3,6,0.3333333333333333,-0.030283033546076865,-0.0050471722576794775
2026-07-26 12:46:26.357126,VOYG,30m,2026-05-01 09:30:00-04:00,2026-07-26,7,3.0,3.0,1.5,0.5,6,0.3333333333333333,-0.030283033546076865,-0.0050471722576794775
2026-07-26 12:46:26.357126,VOYG,30m,2026-05-01 09:30:00-04:00,2026-07-26,7,3.0,3.0,1.5,0.7,4,0.5,3.0764217189294385,0.7691054297323596
2026-07-26 12:46:26.357126,VOYG,30m,2026-05-01 09:30:00-04:00,2026-07-26,7,3.0,3.0,2.0,0.3,6,0.3333333333333333,-4.501188543999675,-0.7501980906666125
2026-07-26 12:46:26.357126,VOYG,30m,2026-05-01 09:30:00-04:00,2026-07-26,7,3.0,3.0,2.0,0.5,6,0.3333333333333333,-4.501188543999675,-0.7501980906666125
2026-07-26 12:46:26.357126,VOYG,30m,2026-05-01 09:30:00-04:00,2026-07-26,7,3.0,3.0,2.0,0.7,4,0.5,0.29108445930102533,0.07277111482525633
2026-07-26 12:46:26.357126,VOYG,30m,2026-05-01 09:30:00-04:00,2026-07-26,7,3.0,3.0,2.5,0.3,6,0.5,17.864497302625715,2.977416217104286
2026-07-26 12:46:26.357126,VOYG,30m,2026-05-01 09:30:00-04:00,2026-07-26,7,3.0,3.0,2.5,0.5,6,0.5,17.864497302625715,2.977416217104286
2026-07-26 12:46:26.357126,VOYG,30m,2026-05-01 09:30:00-04:00,2026-07-26,7,3.0,3.0,2.5,0.7,4,0.75,24.342338556751564,6.085584639187891
2026-07-26 12:46:26.357126,VOYG,30m,2026-05-01 09:30:00-04:00,2026-07-26,7,3.0,3.0,3.0,0.3,6,0.5,13.267396763150892,2.211232793858482
2026-07-26 12:46:26.357126,VOYG,30m,2026-05-01 09:30:00-04:00,2026-07-26,7,3.0,3.0,3.0,0.5,6,0.5,13.267396763150892,2.211232793858482
2026-07-26 12:46:26.357126,VOYG,30m,2026-05-01 09:30:00-04:00,2026-07-26,7,3.0,3.0,3.0,0.7,4,0.75,21.43080626810196,5.35770156702549
2026-07-26 12:46:26.357126,VOYG,30m,2026-05-01 09:30:00-04:00,2026-07-26,7,3.0,3.0,3.5,0.3,6,0.5,8.670296223675962,1.4450493706126604
2026-07-26 12:46:26.357126,VOYG,30m,2026-05-01 09:30:00-04:00,2026-07-26,7,3.0,3.0,3.5,0.5,6,0.5,8.670296223675962,1.4450493706126604
2026-07-26 12:46:26.357126,VOYG,30m,2026-05-01 09:30:00-04:00,2026-07-26,7,3.0,3.0,3.5,0.7,4,0.75,18.51927397945218,4.629818494863045
2026-07-26 12:46:26.357126,VOYG,30m,2026-05-01 09:30:00-04:00,2026-07-26,7,3.0,3.5,1.0,0.3,3,0.3333333333333333,2.422985405274467,0.8076618017581557
2026-07-26 12:46:26.357126,VOYG,30m,2026-05-01 09:30:00-04:00,2026-07-26,7,3.0,3.5,1.0,0.5,3,0.3333333333333333,2.422985405274467,0.8076618017581557
2026-07-26 12:46:26.357126,VOYG,30m,2026-05-01 09:30:00-04:00,2026-07-26,7,3.0,3.5,1.0,0.7,2,0.5,2.8364482762532717,1.4182241381266358
2026-07-26 12:46:26.357126,VOYG,30m,2026-05-01 09:30:00-04:00,2026-07-26,7,3.0,3.5,1.5,0.3,3,0.3333333333333333,0.4614781079117236,0.15382603597057454
2026-07-26 12:46:26.357126,VOYG,30m,2026-05-01 09:30:00-04:00,2026-07-26,7,3.0,3.5,1.5,0.5,3,0.3333333333333333,0.4614781079117236,0.15382603597057454
2026-07-26 12:46:26.357126,VOYG,30m,2026-05-01 09:30:00-04:00,2026-07-26,7,3.0,3.5,1.5,0.7,2,0.5,2.0566724143798965,1.0283362071899482
2026-07-26 12:46:26.357126,VOYG,30m,2026-05-01 09:30:00-04:00,2026-07-26,7,3.0,3.5,2.0,0.3,3,0.3333333333333333,-1.7621736887226191,-0.5873912295742064
2026-07-26 12:46:26.357126,VOYG,30m,2026-05-01 09:30:00-04:00,2026-07-26,7,3.0,3.5,2.0,0.5,3,0.3333333333333333,-1.7621736887226191,-0.5873912295742064
2026-07-26 12:46:26.357126,VOYG,30m,2026-05-01 09:30:00-04:00,2026-07-26,7,3.0,3.5,2.0,0.7,2,0.5,1.014752053234993,0.5073760266174965
2026-07-26 12:46:26.357126,VOYG,30m,2026-05-01 09:30:00-04:00,2026-07-26,7,3.0,3.5,2.5,0.3,3,0.3333333333333333,-4.040217110903264,-1.3467390369677545
2026-07-26 12:46:26.357126,VOYG,30m,2026-05-01 09:30:00-04:00,2026-07-26,7,3.0,3.5,2.5,0.5,3,0.3333333333333333,-4.040217110903264,-1.3467390369677545
2026-07-26 12:46:26.357126,VOYG,30m,2026-05-01 09:30:00-04:00,2026-07-26,7,3.0,3.5,2.5,0.7,2,0.5,-0.08155993345628332,-0.04077996672814166
2026-07-26 12:46:26.357126,VOYG,30m,2026-05-01 09:30:00-04:00,2026-07-26,7,3.0,3.5,3.0,0.3,3,0.3333333333333333,-6.318260533083908,-2.1060868443613026
2026-07-26 12:46:26.357126,VOYG,30m,2026-05-01 09:30:00-04:00,2026-07-26,7,3.0,3.5,3.0,0.5,3,0.3333333333333333,-6.318260533083908,-2.1060868443613026
2026-07-26 12:46:26.357126,VOYG,30m,2026-05-01 09:30:00-04:00,2026-07-26,7,3.0,3.5,3.0,0.7,2,0.5,-1.1778719201474885,-0.5889359600737443
2026-07-26 12:46:26.357126,VOYG,30m,2026-05-01 09:30:00-04:00,2026-07-26,7,3.0,3.5,3.5,0.3,3,0.3333333333333333,-8.596303955264553,-2.865434651754851
2026-07-26 12:46:26.357126,VOYG,30m,2026-05-01 09:30:00-04:00,2026-07-26,7,3.0,3.5,3.5,0.5,3,0.3333333333333333,-8.596303955264553,-2.865434651754851
2026-07-26 12:46:26.357126,VOYG,30m,2026-05-01 09:30:00-04:00,2026-07-26,7,3.0,3.5,3.5,0.7,2,0.5,-2.274183906838765,-1.1370919534193824
2026-07-26 12:46:26.357126,VOYG,30m,2026-05-01 09:30:00-04:00,2026-07-26,7,3.5,0.5,1.0,0.3,12,0.4166666666666667,5.780304071193179,0.4816920059327649
2026-07-26 12:46:26.357126,VOYG,30m,2026-05-01 09:30:00-04:00,2026-07-26,7,3.5,0.5,1.0,0.5,11,0.45454545454545453,7.338798029084117,0.6671634571894652
2026-07-26 12:46:26.357126,VOYG,30m,2026-05-01 09:30:00-04:00,2026-07-26,7,3.5,0.5,1.0,0.7,7,0.5714285714285714,12.514181725683287,1.7877402465261838
2026-07-26 12:46:26.357126,VOYG,30m,2026-05-01 09:30:00-04:00,2026-07-26,7,3.5,0.5,1.5,0.3,12,0.3333333333333333,2.266574983798897,0.18888124864990807
2026-07-26 12:46:26.357126,VOYG,30m,2026-05-01 09:30:00-04:00,2026-07-26,7,3.5,0.5,1.5,0.5,11,0.36363636363636365,4.604315920635287,0.4185741746032079
2026-07-26 12:46:26.357126,VOYG,30m,2026-05-01 09:30:00-04:00,2026-07-26,7,3.5,0.5,1.5,0.7,7,0.5714285714285714,13.57250191154133,1.9389288445059043
2026-07-26 12:46:26.357126,VOYG,30m,2026-05-01 09:30:00-04:00,2026-07-26,7,3.5,0.5,2.0,0.3,12,0.25,-3.4186135328521416,-0.2848844610710118
2026-07-26 12:46:26.357126,VOYG,30m,2026-05-01 09:30:00-04:00,2026-07-26,7,3.5,0.5,2.0,0.5,11,0.2727272727272727,-0.3016256170702647,-0.027420510642751337
2026-07-26 12:46:26.357126,VOYG,30m,2026-05-01 09:30:00-04:00,2026-07-26,7,3.5,0.5,2.0,0.7,7,0.42857142857142855,8.035858049450297,1.1479797213500424
2026-07-26 12:46:26.357126,VOYG,30m,2026-05-01 09:30:00-04:00,2026-07-26,7,3.5,0.5,2.5,0.3,12,0.16666666666666666,-13.202488875397158,-1.1002074062830964
2026-07-26 12:46:26.357126,VOYG,30m,2026-05-01 09:30:00-04:00,2026-07-26,7,3.5,0.5,2.5,0.5,11,0.18181818181818182,-9.306253980669794,-0.8460230891517995
2026-07-26 12:46:26.357126,VOYG,30m,2026-05-01 09:30:00-04:00,2026-07-26,7,3.5,0.5,2.5,0.7,7,0.2857142857142857,2.840600602480805,0.40580008606868645
2026-07-26 12:46:26.357126,VOYG,30m,2026-05-01 09:30:00-04:00,2026-07-26,7,3.5,0.5,3.0,0.3,12,0.25,-19.059607766279285,-1.5883006471899404
2026-07-26 12:46:26.357126,VOYG,30m,2026-05-01 09:30:00-04:00,2026-07-26,7,3.5,0.5,3.0,0.5,11,0.2727272727272727,-14.38412589260647,-1.30764780841877
2026-07-26 12:46:26.357126,VOYG,30m,2026-05-01 09:30:00-04:00,2026-07-26,7,3.5,0.5,3.0,0.7,7,0.42857142857142855,1.5720996071743087,0.22458565816775838
2026-07-26 12:46:26.357126,VOYG,30m,2026-05-01 09:30:00-04:00,2026-07-26,7,3.5,0.5,3.5,0.3,12,0.25,-25.665673737621297,-2.1388061448017748
2026-07-26 12:46:26.357126,VOYG,30m,2026-05-01 09:30:00-04:00,2026-07-26,7,3.5,0.5,3.5,0.5,11,0.2727272727272727,-23.25627414642195,-2.1142067405838136
2026-07-26 12:46:26.357126,VOYG,30m,2026-05-01 09:30:00-04:00,2026-07-26,7,3.5,0.5,3.5,0.7,7,0.42857142857142855,-3.4906777300109937,-0.49866824714442765
2026-07-26 12:46:26.357126,VOYG,30m,2026-05-01 09:30:00-04:00,2026-07-26,7,3.5,0.8,1.0,0.3,12,0.4166666666666667,5.780304071193179,0.4816920059327649
2026-07-26 12:46:26.357126,VOYG,30m,2026-05-01 09:30:00-04:00,2026-07-26,7,3.5,0.8,1.0,0.5,11,0.45454545454545453,7.338798029084117,0.6671634571894652
2026-07-26 12:46:26.357126,VOYG,30m,2026-05-01 09:30:00-04:00,2026-07-26,7,3.5,0.8,1.0,0.7,7,0.5714285714285714,12.514181725683287,1.7877402465261838
2026-07-26 12:46:26.357126,VOYG,30m,2026-05-01 09:30:00-04:00,2026-07-26,7,3.5,0.8,1.5,0.3,12,0.3333333333333333,2.266574983798897,0.18888124864990807
2026-07-26 12:46:26.357126,VOYG,30m,2026-05-01 09:30:00-04:00,2026-07-26,7,3.5,0.8,1.5,0.5,11,0.36363636363636365,4.604315920635287,0.4185741746032079
2026-07-26 12:46:26.357126,VOYG,30m,2026-05-01 09:30:00-04:00,2026-07-26,7,3.5,0.8,1.5,0.7,7,0.5714285714285714,13.57250191154133,1.9389288445059043
2026-07-26 12:46:26.357126,VOYG,30m,2026-05-01 09:30:00-04:00,2026-07-26,7,3.5,0.8,2.0,0.3,12,0.25,-3.4186135328521416,-0.2848844610710118
2026-07-26 12:46:26.357126,VOYG,30m,2026-05-01 09:30:00-04:00,2026-07-26,7,3.5,0.8,2.0,0.5,11,0.2727272727272727,-0.3016256170702647,-0.027420510642751337
2026-07-26 12:46:26.357126,VOYG,30m,2026-05-01 09:30:00-04:00,2026-07-26,7,3.5,0.8,2.0,0.7,7,0.42857142857142855,8.035858049450297,1.1479797213500424
2026-07-26 12:46:26.357126,VOYG,30m,2026-05-01 09:30:00-04:00,2026-07-26,7,3.5,0.8,2.5,0.3,12,0.16666666666666666,-13.202488875397158,-1.1002074062830964
2026-07-26 12:46:26.357126,VOYG,30m,2026-05-01 09:30:00-04:00,2026-07-26,7,3.5,0.8,2.5,0.5,11,0.18181818181818182,-9.306253980669794,-0.8460230891517995
2026-07-26 12:46:26.357126,VOYG,30m,2026-05-01 09:30:00-04:00,2026-07-26,7,3.5,0.8,2.5,0.7,7,0.2857142857142857,2.840600602480805,0.40580008606868645
2026-07-26 12:46:26.357126,VOYG,30m,2026-05-01 09:30:00-04:00,2026-07-26,7,3.5,0.8,3.0,0.3,12,0.25,-19.059607766279285,-1.5883006471899404
2026-07-26 12:46:26.357126,VOYG,30m,2026-05-01 09:30:00-04:00,2026-07-26,7,3.5,0.8,3.0,0.5,11,0.2727272727272727,-14.38412589260647,-1.30764780841877
2026-07-26 12:46:26.357126,VOYG,30m,2026-05-01 09:30:00-04:00,2026-07-26,7,3.5,0.8,3.0,0.7,7,0.42857142857142855,1.5720996071743087,0.22458565816775838
2026-07-26 12:46:26.357126,VOYG,30m,2026-05-01 09:30:00-04:00,2026-07-26,7,3.5,0.8,3.5,0.3,12,0.25,-25.665673737621297,-2.1388061448017748
2026-07-26 12:46:26.357126,VOYG,30m,2026-05-01 09:30:00-04:00,2026-07-26,7,3.5,0.8,3.5,0.5,11,0.2727272727272727,-23.25627414642195,-2.1142067405838136
2026-07-26 12:46:26.357126,VOYG,30m,2026-05-01 09:30:00-04:00,2026-07-26,7,3.5,0.8,3.5,0.7,7,0.42857142857142855,-3.4906777300109937,-0.49866824714442765
2026-07-26 12:46:26.357126,VOYG,30m,2026-05-01 09:30:00-04:00,2026-07-26,7,3.5,1.0,1.0,0.3,12,0.4166666666666667,5.780304071193179,0.4816920059327649
2026-07-26 12:46:26.357126,VOYG,30m,2026-05-01 09:30:00-04:00,2026-07-26,7,3.5,1.0,1.0,0.5,11,0.45454545454545453,7.338798029084117,0.6671634571894652
2026-07-26 12:46:26.357126,VOYG,30m,2026-05-01 09:30:00-04:00,2026-07-26,7,3.5,1.0,1.0,0.7,7,0.5714285714285714,12.514181725683287,1.7877402465261838
2026-07-26 12:46:26.357126,VOYG,30m,2026-05-01 09:30:00-04:00,2026-07-26,7,3.5,1.0,1.5,0.3,12,0.3333333333333333,2.266574983798897,0.18888124864990807
2026-07-26 12:46:26.357126,VOYG,30m,2026-05-01 09:30:00-04:00,2026-07-26,7,3.5,1.0,1.5,0.5,11,0.36363636363636365,4.604315920635287,0.4185741746032079
2026-07-26 12:46:26.357126,VOYG,30m,2026-05-01 09:30:00-04:00,2026-07-26,7,3.5,1.0,1.5,0.7,7,0.5714285714285714,13.57250191154133,1.9389288445059043
2026-07-26 12:46:26.357126,VOYG,30m,2026-05-01 09:30:00-04:00,2026-07-26,7,3.5,1.0,2.0,0.3,12,0.25,-3.4186135328521416,-0.2848844610710118
2026-07-26 12:46:26.357126,VOYG,30m,2026-05-01 09:30:00-04:00,2026-07-26,7,3.5,1.0,2.0,0.5,11,0.2727272727272727,-0.3016256170702647,-0.027420510642751337
2026-07-26 12:46:26.357126,VOYG,30m,2026-05-01 09:30:00-04:00,2026-07-26,7,3.5,1.0,2.0,0.7,7,0.42857142857142855,8.035858049450297,1.1479797213500424
2026-07-26 12:46:26.357126,VOYG,30m,2026-05-01 09:30:00-04:00,2026-07-26,7,3.5,1.0,2.5,0.3,12,0.16666666666666666,-13.202488875397158,-1.1002074062830964
2026-07-26 12:46:26.357126,VOYG,30m,2026-05-01 09:30:00-04:00,2026-07-26,7,3.5,1.0,2.5,0.5,11,0.18181818181818182,-9.306253980669794,-0.8460230891517995
2026-07-26 12:46:26.357126,VOYG,30m,2026-05-01 09:30:00-04:00,2026-07-26,7,3.5,1.0,2.5,0.7,7,0.2857142857142857,2.840600602480805,0.40580008606868645
2026-07-26 12:46:26.357126,VOYG,30m,2026-05-01 09:30:00-04:00,2026-07-26,7,3.5,1.0,3.0,0.3,12,0.25,-19.059607766279285,-1.5883006471899404
2026-07-26 12:46:26.357126,VOYG,30m,2026-05-01 09:30:00-04:00,2026-07-26,7,3.5,1.0,3.0,0.5,11,0.2727272727272727,-14.38412589260647,-1.30764780841877
2026-07-26 12:46:26.357126,VOYG,30m,2026-05-01 09:30:00-04:00,2026-07-26,7,3.5,1.0,3.0,0.7,7,0.42857142857142855,1.5720996071743087,0.22458565816775838
2026-07-26 12:46:26.357126,VOYG,30m,2026-05-01 09:30:00-04:00,2026-07-26,7,3.5,1.0,3.5,0.3,12,0.25,-25.665673737621297,-2.1388061448017748
2026-07-26 12:46:26.357126,VOYG,30m,2026-05-01 09:30:00-04:00,2026-07-26,7,3.5,1.0,3.5,0.5,11,0.2727272727272727,-23.25627414642195,-2.1142067405838136
2026-07-26 12:46:26.357126,VOYG,30m,2026-05-01 09:30:00-04:00,2026-07-26,7,3.5,1.0,3.5,0.7,7,0.42857142857142855,-3.4906777300109937,-0.49866824714442765
2026-07-26 12:46:26.357126,VOYG,30m,2026-05-01 09:30:00-04:00,2026-07-26,7,3.5,1.2,1.0,0.3,12,0.4166666666666667,5.780304071193179,0.4816920059327649
2026-07-26 12:46:26.357126,VOYG,30m,2026-05-01 09:30:00-04:00,2026-07-26,7,3.5,1.2,1.0,0.5,11,0.45454545454545453,7.338798029084117,0.6671634571894652
2026-07-26 12:46:26.357126,VOYG,30m,2026-05-01 09:30:00-04:00,2026-07-26,7,3.5,1.2,1.0,0.7,7,0.5714285714285714,12.514181725683287,1.7877402465261838
2026-07-26 12:46:26.357126,VOYG,30m,2026-05-01 09:30:00-04:00,2026-07-26,7,3.5,1.2,1.5,0.3,12,0.3333333333333333,2.266574983798897,0.18888124864990807
2026-07-26 12:46:26.357126,VOYG,30m,2026-05-01 09:30:00-04:00,2026-07-26,7,3.5,1.2,1.5,0.5,11,0.36363636363636365,4.604315920635287,0.4185741746032079
2026-07-26 12:46:26.357126,VOYG,30m,2026-05-01 09:30:00-04:00,2026-07-26,7,3.5,1.2,1.5,0.7,7,0.5714285714285714,13.57250191154133,1.9389288445059043
2026-07-26 12:46:26.357126,VOYG,30m,2026-05-01 09:30:00-04:00,2026-07-26,7,3.5,1.2,2.0,0.3,12,0.25,-3.4186135328521416,-0.2848844610710118
2026-07-26 12:46:26.357126,VOYG,30m,2026-05-01 09:30:00-04:00,2026-07-26,7,3.5,1.2,2.0,0.5,11,0.2727272727272727,-0.3016256170702647,-0.027420510642751337
2026-07-26 12:46:26.357126,VOYG,30m,2026-05-01 09:30:00-04:00,2026-07-26,7,3.5,1.2,2.0,0.7,7,0.42857142857142855,8.035858049450297,1.1479797213500424
2026-07-26 12:46:26.357126,VOYG,30m,2026-05-01 09:30:00-04:00,2026-07-26,7,3.5,1.2,2.5,0.3,12,0.16666666666666666,-13.202488875397158,-1.1002074062830964
2026-07-26 12:46:26.357126,VOYG,30m,2026-05-01 09:30:00-04:00,2026-07-26,7,3.5,1.2,2.5,0.5,11,0.18181818181818182,-9.306253980669794,-0.8460230891517995
2026-07-26 12:46:26.357126,VOYG,30m,2026-05-01 09:30:00-04:00,2026-07-26,7,3.5,1.2,2.5,0.7,7,0.2857142857142857,2.840600602480805,0.40580008606868645
2026-07-26 12:46:26.357126,VOYG,30m,2026-05-01 09:30:00-04:00,2026-07-26,7,3.5,1.2,3.0,0.3,12,0.25,-19.059607766279285,-1.5883006471899404
2026-07-26 12:46:26.357126,VOYG,30m,2026-05-01 09:30:00-04:00,2026-07-26,7,3.5,1.2,3.0,0.5,11,0.2727272727272727,-14.38412589260647,-1.30764780841877
2026-07-26 12:46:26.357126,VOYG,30m,2026-05-01 09:30:00-04:00,2026-07-26,7,3.5,1.2,3.0,0.7,7,0.42857142857142855,1.5720996071743087,0.22458565816775838
2026-07-26 12:46:26.357126,VOYG,30m,2026-05-01 09:30:00-04:00,2026-07-26,7,3.5,1.2,3.5,0.3,12,0.25,-25.665673737621297,-2.1388061448017748
2026-07-26 12:46:26.357126,VOYG,30m,2026-05-01 09:30:00-04:00,2026-07-26,7,3.5,1.2,3.5,0.5,11,0.2727272727272727,-23.25627414642195,-2.1142067405838136
2026-07-26 12:46:26.357126,VOYG,30m,2026-05-01 09:30:00-04:00,2026-07-26,7,3.5,1.2,3.5,0.7,7,0.42857142857142855,-3.4906777300109937,-0.49866824714442765
2026-07-26 12:46:26.357126,VOYG,30m,2026-05-01 09:30:00-04:00,2026-07-26,7,3.5,1.5,1.0,0.3,10,0.4,6.732143075232173,0.6732143075232173
2026-07-26 12:46:26.357126,VOYG,30m,2026-05-01 09:30:00-04:00,2026-07-26,7,3.5,1.5,1.0,0.5,10,0.4,6.732143075232173,0.6732143075232173
2026-07-26 12:46:26.357126,VOYG,30m,2026-05-01 09:30:00-04:00,2026-07-26,7,3.5,1.5,1.0,0.7,7,0.5714285714285714,12.514181725683287,1.7877402465261838
2026-07-26 12:46:26.357126,VOYG,30m,2026-05-01 09:30:00-04:00,2026-07-26,7,3.5,1.5,1.5,0.3,10,0.4,4.9443334898573,0.49443334898573
2026-07-26 12:46:26.357126,VOYG,30m,2026-05-01 09:30:00-04:00,2026-07-26,7,3.5,1.5,1.5,0.5,10,0.4,4.9443334898573,0.49443334898573
2026-07-26 12:46:26.357126,VOYG,30m,2026-05-01 09:30:00-04:00,2026-07-26,7,3.5,1.5,1.5,0.7,7,0.5714285714285714,13.57250191154133,1.9389288445059043
2026-07-26 12:46:26.357126,VOYG,30m,2026-05-01 09:30:00-04:00,2026-07-26,7,3.5,1.5,2.0,0.3,10,0.3,0.9850644752257764,0.09850644752257764
2026-07-26 12:46:26.357126,VOYG,30m,2026-05-01 09:30:00-04:00,2026-07-26,7,3.5,1.5,2.0,0.5,10,0.3,0.9850644752257764,0.09850644752257764
2026-07-26 12:46:26.357126,VOYG,30m,2026-05-01 09:30:00-04:00,2026-07-26,7,3.5,1.5,2.0,0.7,7,0.42857142857142855,8.035858049450297,1.1479797213500424
2026-07-26 12:46:26.357126,VOYG,30m,2026-05-01 09:30:00-04:00,2026-07-26,7,3.5,1.5,2.5,0.3,10,0.2,-7.072891365299796,-0.7072891365299796
2026-07-26 12:46:26.357126,VOYG,30m,2026-05-01 09:30:00-04:00,2026-07-26,7,3.5,1.5,2.5,0.5,10,0.2,-7.072891365299796,-0.7072891365299796
2026-07-26 12:46:26.357126,VOYG,30m,2026-05-01 09:30:00-04:00,2026-07-26,7,3.5,1.5,2.5,0.7,7,0.2857142857142857,2.840600602480805,0.40580008606868645
2026-07-26 12:46:26.357126,VOYG,30m,2026-05-01 09:30:00-04:00,2026-07-26,7,3.5,1.5,3.0,0.3,10,0.3,-11.204090754162443,-1.1204090754162443
2026-07-26 12:46:26.357126,VOYG,30m,2026-05-01 09:30:00-04:00,2026-07-26,7,3.5,1.5,3.0,0.5,10,0.3,-11.204090754162443,-1.1204090754162443
2026-07-26 12:46:26.357126,VOYG,30m,2026-05-01 09:30:00-04:00,2026-07-26,7,3.5,1.5,3.0,0.7,7,0.42857142857142855,1.5720996071743087,0.22458565816775838
2026-07-26 12:46:26.357126,VOYG,30m,2026-05-01 09:30:00-04:00,2026-07-26,7,3.5,1.5,3.5,0.3,10,0.3,-19.129566484903897,-1.9129566484903897
2026-07-26 12:46:26.357126,VOYG,30m,2026-05-01 09:30:00-04:00,2026-07-26,7,3.5,1.5,3.5,0.5,10,0.3,-19.129566484903897,-1.9129566484903897
2026-07-26 12:46:26.357126,VOYG,30m,2026-05-01 09:30:00-04:00,2026-07-26,7,3.5,1.5,3.5,0.7,7,0.42857142857142855,-3.4906777300109937,-0.49866824714442765
2026-07-26 12:46:26.357126,VOYG,30m,2026-05-01 09:30:00-04:00,2026-07-26,7,3.5,1.8,1.0,0.3,9,0.3333333333333333,-3.481047052628199,-0.38678300584757763
2026-07-26 12:46:26.357126,VOYG,30m,2026-05-01 09:30:00-04:00,2026-07-26,7,3.5,1.8,1.0,0.5,9,0.3333333333333333,-3.481047052628199,-0.38678300584757763
2026-07-26 12:46:26.357126,VOYG,30m,2026-05-01 09:30:00-04:00,2026-07-26,7,3.5,1.8,1.0,0.7,6,0.5,2.3009915978229145,0.38349859963715244
2026-07-26 12:46:26.357126,VOYG,30m,2026-05-01 09:30:00-04:00,2026-07-26,7,3.5,1.8,1.5,0.3,9,0.3333333333333333,-10.799681024949592,-1.1999645583277325
2026-07-26 12:46:26.357126,VOYG,30m,2026-05-01 09:30:00-04:00,2026-07-26,7,3.5,1.8,1.5,0.5,9,0.3333333333333333,-10.799681024949592,-1.1999645583277325
2026-07-26 12:46:26.357126,VOYG,30m,2026-05-01 09:30:00-04:00,2026-07-26,7,3.5,1.8,1.5,0.7,6,0.5,-2.171512603265562,-0.361918767210927
2026-07-26 12:46:26.357126,VOYG,30m,2026-05-01 09:30:00-04:00,2026-07-26,7,3.5,1.8,2.0,0.3,9,0.2222222222222222,-13.956954877850123,-1.5507727642055693
2026-07-26 12:46:26.357126,VOYG,30m,2026-05-01 09:30:00-04:00,2026-07-26,7,3.5,1.8,2.0,0.5,9,0.2222222222222222,-13.956954877850123,-1.5507727642055693
2026-07-26 12:46:26.357126,VOYG,30m,2026-05-01 09:30:00-04:00,2026-07-26,7,3.5,1.8,2.0,0.7,6,0.3333333333333333,-6.906161303625602,-1.1510268839376003
2026-07-26 12:46:26.357126,VOYG,30m,2026-05-01 09:30:00-04:00,2026-07-26,7,3.5,1.8,2.5,0.3,9,0.1111111111111111,-21.21291555664463,-2.356990617404959
2026-07-26 12:46:26.357126,VOYG,30m,2026-05-01 09:30:00-04:00,2026-07-26,7,3.5,1.8,2.5,0.5,9,0.1111111111111111,-21.21291555664463,-2.356990617404959
2026-07-26 12:46:26.357126,VOYG,30m,2026-05-01 09:30:00-04:00,2026-07-26,7,3.5,1.8,2.5,0.7,6,0.16666666666666666,-11.29942358886403,-1.8832372648106717
2026-07-26 12:46:26.357126,VOYG,30m,2026-05-01 09:30:00-04:00,2026-07-26,7,3.5,1.8,3.0,0.3,9,0.2222222222222222,-24.542119783776286,-2.726902198197365
2026-07-26 12:46:26.357126,VOYG,30m,2026-05-01 09:30:00-04:00,2026-07-26,7,3.5,1.8,3.0,0.5,9,0.2222222222222222,-24.542119783776286,-2.726902198197365
2026-07-26 12:46:26.357126,VOYG,30m,2026-05-01 09:30:00-04:00,2026-07-26,7,3.5,1.8,3.0,0.7,6,0.3333333333333333,-11.765929422439534,-1.9609882370732556
2026-07-26 12:46:26.357126,VOYG,30m,2026-05-01 09:30:00-04:00,2026-07-26,7,3.5,1.8,3.5,0.3,9,0.2222222222222222,-31.665600352786676,-3.5184000391985197
2026-07-26 12:46:26.357126,VOYG,30m,2026-05-01 09:30:00-04:00,2026-07-26,7,3.5,1.8,3.5,0.5,9,0.2222222222222222,-31.665600352786676,-3.5184000391985197
2026-07-26 12:46:26.357126,VOYG,30m,2026-05-01 09:30:00-04:00,2026-07-26,7,3.5,1.8,3.5,0.7,6,0.3333333333333333,-16.026711597893772,-2.671118599648962
2026-07-26 12:46:26.357126,VOYG,30m,2026-05-01 09:30:00-04:00,2026-07-26,7,3.5,2.0,1.0,0.3,8,0.375,-1.3759777763413439,-0.17199722204266799
2026-07-26 12:46:26.357126,VOYG,30m,2026-05-01 09:30:00-04:00,2026-07-26,7,3.5,2.0,1.0,0.5,8,0.375,-1.3759777763413439,-0.17199722204266799
2026-07-26 12:46:26.357126,VOYG,30m,2026-05-01 09:30:00-04:00,2026-07-26,7,3.5,2.0,1.0,0.7,6,0.5,2.3009915978229145,0.38349859963715244
2026-07-26 12:46:26.357126,VOYG,30m,2026-05-01 09:30:00-04:00,2026-07-26,7,3.5,2.0,1.5,0.3,8,0.375,-7.64207711051931,-0.9552596388149137
2026-07-26 12:46:26.357126,VOYG,30m,2026-05-01 09:30:00-04:00,2026-07-26,7,3.5,2.0,1.5,0.5,8,0.375,-7.64207711051931,-0.9552596388149137
2026-07-26 12:46:26.357126,VOYG,30m,2026-05-01 09:30:00-04:00,2026-07-26,7,3.5,2.0,1.5,0.7,6,0.5,-2.171512603265562,-0.361918767210927
2026-07-26 12:46:26.357126,VOYG,30m,2026-05-01 09:30:00-04:00,2026-07-26,7,3.5,2.0,2.0,0.3,8,0.25,-9.746816325276413,-1.2183520406595516
2026-07-26 12:46:26.357126,VOYG,30m,2026-05-01 09:30:00-04:00,2026-07-26,7,3.5,2.0,2.0,0.5,8,0.25,-9.746816325276413,-1.2183520406595516
2026-07-26 12:46:26.357126,VOYG,30m,2026-05-01 09:30:00-04:00,2026-07-26,7,3.5,2.0,2.0,0.7,6,0.3333333333333333,-6.906161303625602,-1.1510268839376003
2026-07-26 12:46:26.357126,VOYG,30m,2026-05-01 09:30:00-04:00,2026-07-26,7,3.5,2.0,2.5,0.3,8,0.125,-15.950242365927494,-1.9937802957409367
2026-07-26 12:46:26.357126,VOYG,30m,2026-05-01 09:30:00-04:00,2026-07-26,7,3.5,2.0,2.5,0.5,8,0.125,-15.950242365927494,-1.9937802957409367
2026-07-26 12:46:26.357126,VOYG,30m,2026-05-01 09:30:00-04:00,2026-07-26,7,3.5,2.0,2.5,0.7,6,0.16666666666666666,-11.29942358886403,-1.8832372648106717
2026-07-26 12:46:26.357126,VOYG,30m,2026-05-01 09:30:00-04:00,2026-07-26,7,3.5,2.0,3.0,0.3,8,0.25,-18.22691195491572,-2.278363994364465
2026-07-26 12:46:26.357126,VOYG,30m,2026-05-01 09:30:00-04:00,2026-07-26,7,3.5,2.0,3.0,0.5,8,0.25,-18.22691195491572,-2.278363994364465
2026-07-26 12:46:26.357126,VOYG,30m,2026-05-01 09:30:00-04:00,2026-07-26,7,3.5,2.0,3.0,0.7,6,0.3333333333333333,-11.765929422439534,-1.9609882370732556
2026-07-26 12:46:26.357126,VOYG,30m,2026-05-01 09:30:00-04:00,2026-07-26,7,3.5,2.0,3.5,0.3,8,0.25,-24.297857885782683,-3.0372322357228354
2026-07-26 12:46:26.357126,VOYG,30m,2026-05-01 09:30:00-04:00,2026-07-26,7,3.5,2.0,3.5,0.5,8,0.25,-24.297857885782683,-3.0372322357228354
2026-07-26 12:46:26.357126,VOYG,30m,2026-05-01 09:30:00-04:00,2026-07-26,7,3.5,2.0,3.5,0.7,6,0.3333333333333333,-16.026711597893772,-2.671118599648962
2026-07-26 12:46:26.357126,VOYG,30m,2026-05-01 09:30:00-04:00,2026-07-26,7,3.5,2.5,1.0,0.3,6,0.5,2.60155637136414,0.43359272856069
2026-07-26 12:46:26.357126,VOYG,30m,2026-05-01 09:30:00-04:00,2026-07-26,7,3.5,2.5,1.0,0.5,6,0.5,2.60155637136414,0.43359272856069
2026-07-26 12:46:26.357126,VOYG,30m,2026-05-01 09:30:00-04:00,2026-07-26,7,3.5,2.5,1.0,0.7,5,0.6,3.6391563713641517,0.7278312742728303
2026-07-26 12:46:26.357126,VOYG,30m,2026-05-01 09:30:00-04:00,2026-07-26,7,3.5,2.5,1.5,0.3,6,0.5,-1.400775888961121,-0.23346264816018683
2026-07-26 12:46:26.357126,VOYG,30m,2026-05-01 09:30:00-04:00,2026-07-26,7,3.5,2.5,1.5,0.5,6,0.5,-1.400775888961121,-0.23346264816018683
2026-07-26 12:46:26.357126,VOYG,30m,2026-05-01 09:30:00-04:00,2026-07-26,7,3.5,2.5,1.5,0.7,5,0.6,0.11073455704622148,0.022146911409244296
2026-07-26 12:46:26.357126,VOYG,30m,2026-05-01 09:30:00-04:00,2026-07-26,7,3.5,2.5,2.0,0.3,6,0.3333333333333333,-5.695179017886289,-0.9491965029810482
2026-07-26 12:46:26.357126,VOYG,30m,2026-05-01 09:30:00-04:00,2026-07-26,7,3.5,2.5,2.0,0.5,6,0.3333333333333333,-5.695179017886289,-0.9491965029810482
2026-07-26 12:46:26.357126,VOYG,30m,2026-05-01 09:30:00-04:00,2026-07-26,7,3.5,2.5,2.0,0.7,5,0.4,-3.6798317565432015,-0.7359663513086403
2026-07-26 12:46:26.357126,VOYG,30m,2026-05-01 09:30:00-04:00,2026-07-26,7,3.5,2.5,2.5,0.3,6,0.16666666666666666,-9.648195731689881,-1.6080326219483136
2026-07-26 12:46:26.357126,VOYG,30m,2026-05-01 09:30:00-04:00,2026-07-26,7,3.5,2.5,2.5,0.5,6,0.16666666666666666,-9.648195731689881,-1.6080326219483136
2026-07-26 12:46:26.357126,VOYG,30m,2026-05-01 09:30:00-04:00,2026-07-26,7,3.5,2.5,2.5,0.7,5,0.2,-7.129011655011013,-1.4258023310022025
2026-07-26 12:46:26.357126,VOYG,30m,2026-05-01 09:30:00-04:00,2026-07-26,7,3.5,2.5,3.0,0.3,6,0.3333333333333333,-9.674455993830549,-1.6124093323050914
2026-07-26 12:46:26.357126,VOYG,30m,2026-05-01 09:30:00-04:00,2026-07-26,7,3.5,2.5,3.0,0.5,6,0.3333333333333333,-9.674455993830549,-1.6124093323050914
2026-07-26 12:46:26.357126,VOYG,30m,2026-05-01 09:30:00-04:00,2026-07-26,7,3.5,2.5,3.0,0.7,5,0.4,-6.651435101815899,-1.3302870203631798
2026-07-26 12:46:26.357126,VOYG,30m,2026-05-01 09:30:00-04:00,2026-07-26,7,3.5,2.5,3.5,0.3,6,0.3333333333333333,-13.49499259784995,-2.249165432974992
2026-07-26 12:46:26.357126,VOYG,30m,2026-05-01 09:30:00-04:00,2026-07-26,7,3.5,2.5,3.5,0.5,6,0.3333333333333333,-13.49499259784995,-2.249165432974992
2026-07-26 12:46:26.357126,VOYG,30m,2026-05-01 09:30:00-04:00,2026-07-26,7,3.5,2.5,3.5,0.7,5,0.4,-9.96813489049952,-1.993626978099904
2026-07-26 12:46:26.357126,VOYG,30m,2026-05-01 09:30:00-04:00,2026-07-26,7,3.5,3.0,1.0,0.3,3,0.3333333333333333,1.7988482762532598,0.5996160920844199
2026-07-26 12:46:26.357126,VOYG,30m,2026-05-01 09:30:00-04:00,2026-07-26,7,3.5,3.0,1.0,0.5,3,0.3333333333333333,1.7988482762532598,0.5996160920844199
2026-07-26 12:46:26.357126,VOYG,30m,2026-05-01 09:30:00-04:00,2026-07-26,7,3.5,3.0,1.0,0.7,2,0.5,2.8364482762532717,1.4182241381266358
2026-07-26 12:46:26.357126,VOYG,30m,2026-05-01 09:30:00-04:00,2026-07-26,7,3.5,3.0,1.5,0.3,3,0.3333333333333333,0.5451619683725539,0.18172065612418464
2026-07-26 12:46:26.357126,VOYG,30m,2026-05-01 09:30:00-04:00,2026-07-26,7,3.5,3.0,1.5,0.5,3,0.3333333333333333,0.5451619683725539,0.18172065612418464
2026-07-26 12:46:26.357126,VOYG,30m,2026-05-01 09:30:00-04:00,2026-07-26,7,3.5,3.0,1.5,0.7,2,0.5,2.0566724143798965,1.0283362071899482
2026-07-26 12:46:26.357126,VOYG,30m,2026-05-01 09:30:00-04:00,2026-07-26,7,3.5,3.0,2.0,0.3,3,0.3333333333333333,-1.0005952081080949,-0.33353173603603165
2026-07-26 12:46:26.357126,VOYG,30m,2026-05-01 09:30:00-04:00,2026-07-26,7,3.5,3.0,2.0,0.5,3,0.3333333333333333,-1.0005952081080949,-0.33353173603603165
2026-07-26 12:46:26.357126,VOYG,30m,2026-05-01 09:30:00-04:00,2026-07-26,7,3.5,3.0,2.0,0.7,2,0.5,1.014752053234993,0.5073760266174965
2026-07-26 12:46:26.357126,VOYG,30m,2026-05-01 09:30:00-04:00,2026-07-26,7,3.5,3.0,2.5,0.3,3,0.3333333333333333,-2.600744010135152,-0.8669146700450506
2026-07-26 12:46:26.357126,VOYG,30m,2026-05-01 09:30:00-04:00,2026-07-26,7,3.5,3.0,2.5,0.5,3,0.3333333333333333,-2.600744010135152,-0.8669146700450506
2026-07-26 12:46:26.357126,VOYG,30m,2026-05-01 09:30:00-04:00,2026-07-26,7,3.5,3.0,2.5,0.7,2,0.5,-0.08155993345628332,-0.04077996672814166
2026-07-26 12:46:26.357126,VOYG,30m,2026-05-01 09:30:00-04:00,2026-07-26,7,3.5,3.0,3.0,0.3,3,0.3333333333333333,-4.200892812162138,-1.400297604054046
2026-07-26 12:46:26.357126,VOYG,30m,2026-05-01 09:30:00-04:00,2026-07-26,7,3.5,3.0,3.0,0.5,3,0.3333333333333333,-4.200892812162138,-1.400297604054046
2026-07-26 12:46:26.357126,VOYG,30m,2026-05-01 09:30:00-04:00,2026-07-26,7,3.5,3.0,3.0,0.7,2,0.5,-1.1778719201474885,-0.5889359600737443
2026-07-26 12:46:26.357126,VOYG,30m,2026-05-01 09:30:00-04:00,2026-07-26,7,3.5,3.0,3.5,0.3,3,0.3333333333333333,-5.801041614189195,-1.933680538063065
2026-07-26 12:46:26.357126,VOYG,30m,2026-05-01 09:30:00-04:00,2026-07-26,7,3.5,3.0,3.5,0.5,3,0.3333333333333333,-5.801041614189195,-1.933680538063065
2026-07-26 12:46:26.357126,VOYG,30m,2026-05-01 09:30:00-04:00,2026-07-26,7,3.5,3.0,3.5,0.7,2,0.5,-2.274183906838765,-1.1370919534193824
2026-07-26 12:46:26.357126,VOYG,30m,2026-05-01 09:30:00-04:00,2026-07-26,7,3.5,3.5,1.0,0.3,2,0.5,2.8364482762532717,1.4182241381266358
2026-07-26 12:46:26.357126,VOYG,30m,2026-05-01 09:30:00-04:00,2026-07-26,7,3.5,3.5,1.0,0.5,2,0.5,2.8364482762532717,1.4182241381266358
2026-07-26 12:46:26.357126,VOYG,30m,2026-05-01 09:30:00-04:00,2026-07-26,7,3.5,3.5,1.0,0.7,2,0.5,2.8364482762532717,1.4182241381266358
2026-07-26 12:46:26.357126,VOYG,30m,2026-05-01 09:30:00-04:00,2026-07-26,7,3.5,3.5,1.5,0.3,2,0.5,2.0566724143798965,1.0283362071899482
2026-07-26 12:46:26.357126,VOYG,30m,2026-05-01 09:30:00-04:00,2026-07-26,7,3.5,3.5,1.5,0.5,2,0.5,2.0566724143798965,1.0283362071899482
2026-07-26 12:46:26.357126,VOYG,30m,2026-05-01 09:30:00-04:00,2026-07-26,7,3.5,3.5,1.5,0.7,2,0.5,2.0566724143798965,1.0283362071899482
2026-07-26 12:46:26.357126,VOYG,30m,2026-05-01 09:30:00-04:00,2026-07-26,7,3.5,3.5,2.0,0.3,2,0.5,1.014752053234993,0.5073760266174965
2026-07-26 12:46:26.357126,VOYG,30m,2026-05-01 09:30:00-04:00,2026-07-26,7,3.5,3.5,2.0,0.5,2,0.5,1.014752053234993,0.5073760266174965
2026-07-26 12:46:26.357126,VOYG,30m,2026-05-01 09:30:00-04:00,2026-07-26,7,3.5,3.5,2.0,0.7,2,0.5,1.014752053234993,0.5073760266174965
2026-07-26 12:46:26.357126,VOYG,30m,2026-05-01 09:30:00-04:00,2026-07-26,7,3.5,3.5,2.5,0.3,2,0.5,-0.08155993345628332,-0.04077996672814166
2026-07-26 12:46:26.357126,VOYG,30m,2026-05-01 09:30:00-04:00,2026-07-26,7,3.5,3.5,2.5,0.5,2,0.5,-0.08155993345628332,-0.04077996672814166
2026-07-26 12:46:26.357126,VOYG,30m,2026-05-01 09:30:00-04:00,2026-07-26,7,3.5,3.5,2.5,0.7,2,0.5,-0.08155993345628332,-0.04077996672814166
2026-07-26 12:46:26.357126,VOYG,30m,2026-05-01 09:30:00-04:00,2026-07-26,7,3.5,3.5,3.0,0.3,2,0.5,-1.1778719201474885,-0.5889359600737443
2026-07-26 12:46:26.357126,VOYG,30m,2026-05-01 09:30:00-04:00,2026-07-26,7,3.5,3.5,3.0,0.5,2,0.5,-1.1778719201474885,-0.5889359600737443
2026-07-26 12:46:26.357126,VOYG,30m,2026-05-01 09:30:00-04:00,2026-07-26,7,3.5,3.5,3.0,0.7,2,0.5,-1.1778719201474885,-0.5889359600737443
2026-07-26 12:46:26.357126,VOYG,30m,2026-05-01 09:30:00-04:00,2026-07-26,7,3.5,3.5,3.5,0.3,2,0.5,-2.274183906838765,-1.1370919534193824
2026-07-26 12:46:26.357126,VOYG,30m,2026-05-01 09:30:00-04:00,2026-07-26,7,3.5,3.5,3.5,0.5,2,0.5,-2.274183906838765,-1.1370919534193824
2026-07-26 12:46:26.357126,VOYG,30m,2026-05-01 09:30:00-04:00,2026-07-26,7,3.5,3.5,3.5,0.7,2,0.5,-2.274183906838765,-1.1370919534193824
2026-07-26 12:46:26.357126,VOYG,30m,2026-05-01 09:30:00-04:00,2026-07-26,10,0.5,0.5,1.0,0.3,188,0.3882978723404255,50.54638960453868,0.26886377449222704
2026-07-26 12:46:26.357126,VOYG,30m,2026-05-01 09:30:00-04:00,2026-07-26,10,0.5,0.5,1.0,0.5,168,0.34523809523809523,-49.52268210575707,-0.29477786967712544
2026-07-26 12:46:26.357126,VOYG,30m,2026-05-01 09:30:00-04:00,2026-07-26,10,0.5,0.5,1.0,0.7,131,0.40458015267175573,-24.04737991398828,-0.18356778560296397
2026-07-26 12:46:26.357126,VOYG,30m,2026-05-01 09:30:00-04:00,2026-07-26,10,0.5,0.5,1.5,0.3,152,0.4276315789473684,78.07407653696146,0.5136452403747465
2026-07-26 12:46:26.357126,VOYG,30m,2026-05-01 09:30:00-04:00,2026-07-26,10,0.5,0.5,1.5,0.5,139,0.38848920863309355,28.652783892594655,0.20613513591794716
2026-07-26 12:46:26.357126,VOYG,30m,2026-05-01 09:30:00-04:00,2026-07-26,10,0.5,0.5,1.5,0.7,115,0.391304347826087,43.5203618916136,0.37843792949229216
2026-07-26 12:46:26.357126,VOYG,30m,2026-05-01 09:30:00-04:00,2026-07-26,10,0.5,0.5,2.0,0.3,123,0.4796747967479675,286.6373661875732,2.33038509095588
2026-07-26 12:46:26.357126,VOYG,30m,2026-05-01 09:30:00-04:00,2026-07-26,10,0.5,0.5,2.0,0.5,119,0.40336134453781514,130.8634390553778,1.099692765171242
2026-07-26 12:46:26.357126,VOYG,30m,2026-05-01 09:30:00-04:00,2026-07-26,10,0.5,0.5,2.0,0.7,99,0.36363636363636365,12.158355616149386,0.12281167289039784
2026-07-26 12:46:26.357126,VOYG,30m,2026-05-01 09:30:00-04:00,2026-07-26,10,0.5,0.5,2.5,0.3,109,0.46788990825688076,252.3884208839245,2.3154900998525183
2026-07-26 12:46:26.357126,VOYG,30m,2026-05-01 09:30:00-04:00,2026-07-26,10,0.5,0.5,2.5,0.5,107,0.40186915887850466,141.55823284801235,1.3229741387664706
2026-07-26 12:46:26.357126,VOYG,30m,2026-05-01 09:30:00-04:00,2026-07-26,10,0.5,0.5,2.5,0.7,91,0.42857142857142855,111.10624596770413,1.2209477578868586
2026-07-26 12:46:26.357126,VOYG,30m,2026-05-01 09:30:00-04:00,2026-07-26,10,0.5,0.5,3.0,0.3,104,0.40384615384615385,156.42889357026718,1.5041239766371843
2026-07-26 12:46:26.357126,VOYG,30m,2026-05-01 09:30:00-04:00,2026-07-26,10,0.5,0.5,3.0,0.5,98,0.37755102040816324,97.34801896387634,0.9933471322844525
2026-07-26 12:46:26.357126,VOYG,30m,2026-05-01 09:30:00-04:00,2026-07-26,10,0.5,0.5,3.0,0.7,84,0.40476190476190477,96.52240979664847,1.149076307102958
2026-07-26 12:46:26.357126,VOYG,30m,2026-05-01 09:30:00-04:00,2026-07-26,10,0.5,0.5,3.5,0.3,96,0.4479166666666667,249.44915845741053,2.59842873393136
2026-07-26 12:46:26.357126,VOYG,30m,2026-05-01 09:30:00-04:00,2026-07-26,10,0.5,0.5,3.5,0.5,95,0.4105263157894737,175.79845763504244,1.8505100803688679
2026-07-26 12:46:26.357126,VOYG,30m,2026-05-01 09:30:00-04:00,2026-07-26,10,0.5,0.5,3.5,0.7,82,0.4146341463414634,94.10616901401062,1.1476362074879343
2026-07-26 12:46:26.357126,VOYG,30m,2026-05-01 09:30:00-04:00,2026-07-26,10,0.5,0.8,1.0,0.3,169,0.40236686390532544,26.2895714937218,0.15555959463740712
2026-07-26 12:46:26.357126,VOYG,30m,2026-05-01 09:30:00-04:00,2026-07-26,10,0.5,0.8,1.0,0.5,156,0.36538461538461536,-24.553847699381315,-0.15739645961141868
2026-07-26 12:46:26.357126,VOYG,30m,2026-05-01 09:30:00-04:00,2026-07-26,10,0.5,0.8,1.0,0.7,125,0.408,-7.753734850649856,-0.06202987880519885
2026-07-26 12:46:26.357126,VOYG,30m,2026-05-01 09:30:00-04:00,2026-07-26,10,0.5,0.8,1.5,0.3,143,0.4195804195804196,60.09772725564172,0.4202638269625295
2026-07-26 12:46:26.357126,VOYG,30m,2026-05-01 09:30:00-04:00,2026-07-26,10,0.5,0.8,1.5,0.5,134,0.3880597014925373,27.810673592431634,0.2075423402420271
2026-07-26 12:46:26.357126,VOYG,30m,2026-05-01 09:30:00-04:00,2026-07-26,10,0.5,0.8,1.5,0.7,113,0.39823008849557523,63.694366379323846,0.5636669591090606
2026-07-26 12:46:26.357126,VOYG,30m,2026-05-01 09:30:00-04:00,2026-07-26,10,0.5,0.8,2.0,0.3,116,0.4482758620689655,220.79921654595597,1.9034415219478964
2026-07-26 12:46:26.357126,VOYG,30m,2026-05-01 09:30:00-04:00,2026-07-26,10,0.5,0.8,2.0,0.5,113,0.40707964601769914,118.41706116420656,1.0479385943735093
2026-07-26 12:46:26.357126,VOYG,30m,2026-05-01 09:30:00-04:00,2026-07-26,10,0.5,0.8,2.0,0.7,97,0.4020618556701031,55.40303569355,0.5711653164283506
2026-07-26 12:46:26.357126,VOYG,30m,2026-05-01 09:30:00-04:00,2026-07-26,10,0.5,0.8,2.5,0.3,108,0.42592592592592593,195.2485206120077,1.8078566723334046
2026-07-26 12:46:26.357126,VOYG,30m,2026-05-01 09:30:00-04:00,2026-07-26,10,0.5,0.8,2.5,0.5,105,0.4095238095238095,149.29428244501557,1.4218503090001482
2026-07-26 12:46:26.357126,VOYG,30m,2026-05-01 09:30:00-04:00,2026-07-26,10,0.5,0.8,2.5,0.7,91,0.4175824175824176,124.0235668682227,1.3628963392112385
2026-07-26 12:46:26.357126,VOYG,30m,2026-05-01 09:30:00-04:00,2026-07-26,10,0.5,0.8,3.0,0.3,100,0.39,140.59669111328677,1.4059669111328676
2026-07-26 12:46:26.357126,VOYG,30m,2026-05-01 09:30:00-04:00,2026-07-26,10,0.5,0.8,3.0,0.5,96,0.375,99.9278445132172,1.0409150470126791
2026-07-26 12:46:26.357126,VOYG,30m,2026-05-01 09:30:00-04:00,2026-07-26,10,0.5,0.8,3.0,0.7,83,0.39759036144578314,105.26513584569736,1.2682546487433417
2026-07-26 12:46:26.357126,VOYG,30m,2026-05-01 09:30:00-04:00,2026-07-26,10,0.5,0.8,3.5,0.3,93,0.43010752688172044,239.94644824120869,2.580069335926975
2026-07-26 12:46:26.357126,VOYG,30m,2026-05-01 09:30:00-04:00,2026-07-26,10,0.5,0.8,3.5,0.5,92,0.40217391304347827,182.211959848566,1.980564780962674
2026-07-26 12:46:26.357126,VOYG,30m,2026-05-01 09:30:00-04:00,2026-07-26,10,0.5,0.8,3.5,0.7,81,0.41975308641975306,107.80499906943953,1.3309259144375252
2026-07-26 12:46:26.357126,VOYG,30m,2026-05-01 09:30:00-04:00,2026-07-26,10,0.5,1.0,1.0,0.3,151,0.4105960264900662,7.510949017875497,0.04974138422434104
2026-07-26 12:46:26.357126,VOYG,30m,2026-05-01 09:30:00-04:00,2026-07-26,10,0.5,1.0,1.0,0.5,141,0.3971631205673759,10.172718134665715,0.07214693712528876
2026-07-26 12:46:26.357126,VOYG,30m,2026-05-01 09:30:00-04:00,2026-07-26,10,0.5,1.0,1.0,0.7,115,0.43478260869565216,18.10133191992911,0.15740288626025312
2026-07-26 12:46:26.357126,VOYG,30m,2026-05-01 09:30:00-04:00,2026-07-26,10,0.5,1.0,1.5,0.3,133,0.42857142857142855,46.76997701388956,0.35165396251044784
2026-07-26 12:46:26.357126,VOYG,30m,2026-05-01 09:30:00-04:00,2026-07-26,10,0.5,1.0,1.5,0.5,126,0.40476190476190477,42.5227123296057,0.3374818438857595
2026-07-26 12:46:26.357126,VOYG,30m,2026-05-01 09:30:00-04:00,2026-07-26,10,0.5,1.0,1.5,0.7,107,0.411214953271028,58.54798003545902,0.5471773835089628
2026-07-26 12:46:26.357126,VOYG,30m,2026-05-01 09:30:00-04:00,2026-07-26,10,0.5,1.0,2.0,0.3,115,0.4260869565217391,100.88770097668797,0.8772843563190258
2026-07-26 12:46:26.357126,VOYG,30m,2026-05-01 09:30:00-04:00,2026-07-26,10,0.5,1.0,2.0,0.5,111,0.4144144144144144,76.57860131762357,0.6898973091677799
2026-07-26 12:46:26.357126,VOYG,30m,2026-05-01 09:30:00-04:00,2026-07-26,10,0.5,1.0,2.0,0.7,97,0.3917525773195876,7.8357005216989535,0.08078041774947375
2026-07-26 12:46:26.357126,VOYG,30m,2026-05-01 09:30:00-04:00,2026-07-26,10,0.5,1.0,2.5,0.3,107,0.4205607476635514,72.70119983559385,0.6794504657532136
2026-07-26 12:46:26.357126,VOYG,30m,2026-05-01 09:30:00-04:00,2026-07-26,10,0.5,1.0,2.5,0.5,104,0.40384615384615385,40.85591696637021,0.3928453554458674
2026-07-26 12:46:26.357126,VOYG,30m,2026-05-01 09:30:00-04:00,2026-07-26,10,0.5,1.0,2.5,0.7,89,0.42696629213483145,65.84427406417382,0.7398233040918406
2026-07-26 12:46:26.357126,VOYG,30m,2026-05-01 09:30:00-04:00,2026-07-26,10,0.5,1.0,3.0,0.3,100,0.37,17.09490661332964,0.1709490661332964
2026-07-26 12:46:26.357126,VOYG,30m,2026-05-01 09:30:00-04:00,2026-07-26,10,0.5,1.0,3.0,0.5,96,0.3645833333333333,-18.16575396026675,-0.18922660375277864
2026-07-26 12:46:26.357126,VOYG,30m,2026-05-01 09:30:00-04:00,2026-07-26,10,0.5,1.0,3.0,0.7,82,0.4024390243902439,34.24834514319546,0.4176627456487251
2026-07-26 12:46:26.357126,VOYG,30m,2026-05-01 09:30:00-04:00,2026-07-26,10,0.5,1.0,3.5,0.3,92,0.40217391304347827,121.82356283074148,1.3241691612037116
2026-07-26 12:46:26.357126,VOYG,30m,2026-05-01 09:30:00-04:00,2026-07-26,10,0.5,1.0,3.5,0.5,91,0.4065934065934066,93.12895796598224,1.0233951424833212
2026-07-26 12:46:26.357126,VOYG,30m,2026-05-01 09:30:00-04:00,2026-07-26,10,0.5,1.0,3.5,0.7,79,0.43037974683544306,77.99603795151484,0.9872916196394284
2026-07-26 12:46:26.357126,VOYG,30m,2026-05-01 09:30:00-04:00,2026-07-26,10,0.5,1.2,1.0,0.3,129,0.43410852713178294,52.42562394696453,0.40640018563538394
2026-07-26 12:46:26.357126,VOYG,30m,2026-05-01 09:30:00-04:00,2026-07-26,10,0.5,1.2,1.0,0.5,123,0.4146341463414634,51.801352785593124,0.4211492096389685
2026-07-26 12:46:26.357126,VOYG,30m,2026-05-01 09:30:00-04:00,2026-07-26,10,0.5,1.2,1.0,0.7,99,0.43434343434343436,30.44437185725524,0.3075189076490428
2026-07-26 12:46:26.357126,VOYG,30m,2026-05-01 09:30:00-04:00,2026-07-26,10,0.5,1.2,1.5,0.3,119,0.4369747899159664,80.17623795967043,0.67374989882076
2026-07-26 12:46:26.357126,VOYG,30m,2026-05-01 09:30:00-04:00,2026-07-26,10,0.5,1.2,1.5,0.5,115,0.4,55.16280731263211,0.4796765853272357
2026-07-26 12:46:26.357126,VOYG,30m,2026-05-01 09:30:00-04:00,2026-07-26,10,0.5,1.2,1.5,0.7,96,0.375,38.085591465442015,0.39672491109835434
2026-07-26 12:46:26.357126,VOYG,30m,2026-05-01 09:30:00-04:00,2026-07-26,10,0.5,1.2,2.0,0.3,107,0.4392523364485981,123.64348870085635,1.1555466233724894
2026-07-26 12:46:26.357126,VOYG,30m,2026-05-01 09:30:00-04:00,2026-07-26,10,0.5,1.2,2.0,0.5,103,0.4368932038834951,106.82531923105438,1.0371390216607221
2026-07-26 12:46:26.357126,VOYG,30m,2026-05-01 09:30:00-04:00,2026-07-26,10,0.5,1.2,2.0,0.7,91,0.38461538461538464,0.5730421572213658,0.0062971665628721515
2026-07-26 12:46:26.357126,VOYG,30m,2026-05-01 09:30:00-04:00,2026-07-26,10,0.5,1.2,2.5,0.3,99,0.45454545454545453,132.07815017960976,1.3341227290869673
2026-07-26 12:46:26.357126,VOYG,30m,2026-05-01 09:30:00-04:00,2026-07-26,10,0.5,1.2,2.5,0.5,96,0.4583333333333333,119.00794444165211,1.2396660879338761
2026-07-26 12:46:26.357126,VOYG,30m,2026-05-01 09:30:00-04:00,2026-07-26,10,0.5,1.2,2.5,0.7,83,0.42168674698795183,93.6404043624776,1.1281976429214169
2026-07-26 12:46:26.357126,VOYG,30m,2026-05-01 09:30:00-04:00,2026-07-26,10,0.5,1.2,3.0,0.3,97,0.422680412371134,85.96087503768143,0.8861945880173343
2026-07-26 12:46:26.357126,VOYG,30m,2026-05-01 09:30:00-04:00,2026-07-26,10,0.5,1.2,3.0,0.5,95,0.4105263157894737,53.0166146495599,0.5580696278901042
2026-07-26 12:46:26.357126,VOYG,30m,2026-05-01 09:30:00-04:00,2026-07-26,10,0.5,1.2,3.0,0.7,82,0.3902439024390244,50.783166032300215,0.6193069028329294
2026-07-26 12:46:26.357126,VOYG,30m,2026-05-01 09:30:00-04:00,2026-07-26,10,0.5,1.2,3.5,0.3,91,0.3956043956043956,147.52579771024662,1.6211626122005123
2026-07-26 12:46:26.357126,VOYG,30m,2026-05-01 09:30:00-04:00,2026-07-26,10,0.5,1.2,3.5,0.5,91,0.38461538461538464,111.16236748254505,1.2215644778301653
2026-07-26 12:46:26.357126,VOYG,30m,2026-05-01 09:30:00-04:00,2026-07-26,10,0.5,1.2,3.5,0.7,79,0.3924050632911392,78.2732153173298,0.9908001938902506
2026-07-26 12:46:26.357126,VOYG,30m,2026-05-01 09:30:00-04:00,2026-07-26,10,0.5,1.5,1.0,0.3,111,0.3963963963963964,-6.9099428923122375,-0.062251737768578716
2026-07-26 12:46:26.357126,VOYG,30m,2026-05-01 09:30:00-04:00,2026-07-26,10,0.5,1.5,1.0,0.5,105,0.38095238095238093,-9.062601578322784,-0.08631049122212175
2026-07-26 12:46:26.357126,VOYG,30m,2026-05-01 09:30:00-04:00,2026-07-26,10,0.5,1.5,1.0,0.7,87,0.42528735632183906,-1.1987056923397077,-0.013778226348732272
2026-07-26 12:46:26.357126,VOYG,30m,2026-05-01 09:30:00-04:00,2026-07-26,10,0.5,1.5,1.5,0.3,105,0.4380952380952381,44.22520325825285,0.42119241198336044
2026-07-26 12:46:26.357126,VOYG,30m,2026-05-01 09:30:00-04:00,2026-07-26,10,0.5,1.5,1.5,0.5,100,0.41,28.0390756773211,0.280390756773211
2026-07-26 12:46:26.357126,VOYG,30m,2026-05-01 09:30:00-04:00,2026-07-26,10,0.5,1.5,1.5,0.7,84,0.40476190476190477,32.342482568727355,0.3850295543896114
2026-07-26 12:46:26.357126,VOYG,30m,2026-05-01 09:30:00-04:00,2026-07-26,10,0.5,1.5,2.0,0.3,94,0.40425531914893614,31.684858481549192,0.33707296256967223
2026-07-26 12:46:26.357126,VOYG,30m,2026-05-01 09:30:00-04:00,2026-07-26,10,0.5,1.5,2.0,0.5,90,0.4111111111111111,38.13255842684093,0.4236950936315659
2026-07-26 12:46:26.357126,VOYG,30m,2026-05-01 09:30:00-04:00,2026-07-26,10,0.5,1.5,2.0,0.7,78,0.3717948717948718,-1.1671259223906105,-0.014963152851161673
2026-07-26 12:46:26.357126,VOYG,30m,2026-05-01 09:30:00-04:00,2026-07-26,10,0.5,1.5,2.5,0.3,85,0.4470588235294118,128.20288037054465,1.508269180829937
2026-07-26 12:46:26.357126,VOYG,30m,2026-05-01 09:30:00-04:00,2026-07-26,10,0.5,1.5,2.5,0.5,81,0.4567901234567901,128.66680060174835,1.588479019774671
2026-07-26 12:46:26.357126,VOYG,30m,2026-05-01 09:30:00-04:00,2026-07-26,10,0.5,1.5,2.5,0.7,70,0.4142857142857143,107.23614090042526,1.5319448700060752
2026-07-26 12:46:26.357126,VOYG,30m,2026-05-01 09:30:00-04:00,2026-07-26,10,0.5,1.5,3.0,0.3,83,0.43373493975903615,98.30962974395902,1.184453370409145
2026-07-26 12:46:26.357126,VOYG,30m,2026-05-01 09:30:00-04:00,2026-07-26,10,0.5,1.5,3.0,0.5,80,0.425,79.49976077284816,0.993747009660602
2026-07-26 12:46:26.357126,VOYG,30m,2026-05-01 09:30:00-04:00,2026-07-26,10,0.5,1.5,3.0,0.7,70,0.4,76.21208507468526,1.0887440724955038
2026-07-26 12:46:26.357126,VOYG,30m,2026-05-01 09:30:00-04:00,2026-07-26,10,0.5,1.5,3.5,0.3,79,0.4050632911392405,153.905935981008,1.9481764048228862
2026-07-26 12:46:26.357126,VOYG,30m,2026-05-01 09:30:00-04:00,2026-07-26,10,0.5,1.5,3.5,0.5,78,0.3974358974358974,131.73396240648557,1.6888969539293022
2026-07-26 12:46:26.357126,VOYG,30m,2026-05-01 09:30:00-04:00,2026-07-26,10,0.5,1.5,3.5,0.7,69,0.4057971014492754,98.6839901631656,1.4302027559879074
2026-07-26 12:46:26.357126,VOYG,30m,2026-05-01 09:30:00-04:00,2026-07-26,10,0.5,1.8,1.0,0.3,93,0.3870967741935484,-5.540779338763571,-0.05957827245982334
2026-07-26 12:46:26.357126,VOYG,30m,2026-05-01 09:30:00-04:00,2026-07-26,10,0.5,1.8,1.0,0.5,89,0.3707865168539326,-9.318425221010678,-0.10470140697764807
2026-07-26 12:46:26.357126,VOYG,30m,2026-05-01 09:30:00-04:00,2026-07-26,10,0.5,1.8,1.0,0.7,76,0.40789473684210525,-11.199933233034152,-0.14736754253992304
2026-07-26 12:46:26.357126,VOYG,30m,2026-05-01 09:30:00-04:00,2026-07-26,10,0.5,1.8,1.5,0.3,92,0.40217391304347827,-0.5999848931144669,-0.006521574925157249
2026-07-26 12:46:26.357126,VOYG,30m,2026-05-01 09:30:00-04:00,2026-07-26,10,0.5,1.8,1.5,0.5,88,0.38636363636363635,-3.8907632040771745,-0.04421321822814971
2026-07-26 12:46:26.357126,VOYG,30m,2026-05-01 09:30:00-04:00,2026-07-26,10,0.5,1.8,1.5,0.7,76,0.39473684210526316,-8.026310017807567,-0.10560934233957325
2026-07-26 12:46:26.357126,VOYG,30m,2026-05-01 09:30:00-04:00,2026-07-26,10,0.5,1.8,2.0,0.3,84,0.39285714285714285,56.323163522392534,0.670513851457054
2026-07-26 12:46:26.357126,VOYG,30m,2026-05-01 09:30:00-04:00,2026-07-26,10,0.5,1.8,2.0,0.5,81,0.3950617283950617,46.15789443766868,0.5698505486131936
2026-07-26 12:46:26.357126,VOYG,30m,2026-05-01 09:30:00-04:00,2026-07-26,10,0.5,1.8,2.0,0.7,71,0.36619718309859156,-1.7333827673383695,-0.02441384179349816
2026-07-26 12:46:26.357126,VOYG,30m,2026-05-01 09:30:00-04:00,2026-07-26,10,0.5,1.8,2.5,0.3,75,0.4533333333333333,163.88819076767044,2.1851758769022727
2026-07-26 12:46:26.357126,VOYG,30m,2026-05-01 09:30:00-04:00,2026-07-26,10,0.5,1.8,2.5,0.5,72,0.4583333333333333,148.84360431703482,2.067272282181039
2026-07-26 12:46:26.357126,VOYG,30m,2026-05-01 09:30:00-04:00,2026-07-26,10,0.5,1.8,2.5,0.7,64,0.40625,103.99537962526635,1.6249278066447868
2026-07-26 12:46:26.357126,VOYG,30m,2026-05-01 09:30:00-04:00,2026-07-26,10,0.5,1.8,3.0,0.3,73,0.4657534246575342,142.10744697835156,1.9466773558678296
2026-07-26 12:46:26.357126,VOYG,30m,2026-05-01 09:30:00-04:00,2026-07-26,10,0.5,1.8,3.0,0.5,71,0.4507042253521127,108.31802973501667,1.5256060526058686
2026-07-26 12:46:26.357126,VOYG,30m,2026-05-01 09:30:00-04:00,2026-07-26,10,0.5,1.8,3.0,0.7,64,0.40625,75.21787349586984,1.1752792733729662
2026-07-26 12:46:26.357126,VOYG,30m,2026-05-01 09:30:00-04:00,2026-07-26,10,0.5,1.8,3.5,0.3,70,0.42857142857142855,179.29096639718753,2.561299519959822
2026-07-26 12:46:26.357126,VOYG,30m,2026-05-01 09:30:00-04:00,2026-07-26,10,0.5,1.8,3.5,0.5,69,0.42028985507246375,146.8350519980343,2.1280442318555695
2026-07-26 12:46:26.357126,VOYG,30m,2026-05-01 09:30:00-04:00,2026-07-26,10,0.5,1.8,3.5,0.7,63,0.4126984126984127,103.92737151547749,1.6496408177059918
2026-07-26 12:46:26.357126,VOYG,30m,2026-05-01 09:30:00-04:00,2026-07-26,10,0.5,2.0,1.0,0.3,86,0.38372093023255816,20.41622013350242,0.23739790852909792
2026-07-26 12:46:26.357126,VOYG,30m,2026-05-01 09:30:00-04:00,2026-07-26,10,0.5,2.0,1.0,0.5,82,0.36585365853658536,16.638574251255314,0.20290944208847944
2026-07-26 12:46:26.357126,VOYG,30m,2026-05-01 09:30:00-04:00,2026-07-26,10,0.5,2.0,1.0,0.7,69,0.4057971014492754,17.32159560786542,0.2510376175052959
2026-07-26 12:46:26.357126,VOYG,30m,2026-05-01 09:30:00-04:00,2026-07-26,10,0.5,2.0,1.5,0.3,85,0.4,32.51498658386218,0.38252925392779036
2026-07-26 12:46:26.357126,VOYG,30m,2026-05-01 09:30:00-04:00,2026-07-26,10,0.5,2.0,1.5,0.5,81,0.38271604938271603,29.224208272899475,0.36079269472715403
2026-07-26 12:46:26.357126,VOYG,30m,2026-05-01 09:30:00-04:00,2026-07-26,10,0.5,2.0,1.5,0.7,69,0.391304347826087,28.43545551211946,0.412108050900282
2026-07-26 12:46:26.357126,VOYG,30m,2026-05-01 09:30:00-04:00,2026-07-26,10,0.5,2.0,2.0,0.3,79,0.4177215189873418,104.73682791345466,1.3257826318158819
2026-07-26 12:46:26.357126,VOYG,30m,2026-05-01 09:30:00-04:00,2026-07-26,10,0.5,2.0,2.0,0.5,76,0.42105263157894735,94.5715588287308,1.2443626161675105
2026-07-26 12:46:26.357126,VOYG,30m,2026-05-01 09:30:00-04:00,2026-07-26,10,0.5,2.0,2.0,0.7,66,0.4090909090909091,54.56831048987379,0.8267925831799059
2026-07-26 12:46:26.357126,VOYG,30m,2026-05-01 09:30:00-04:00,2026-07-26,10,0.5,2.0,2.5,0.3,73,0.4657534246575342,161.79027349646162,2.216305116389885
2026-07-26 12:46:26.357126,VOYG,30m,2026-05-01 09:30:00-04:00,2026-07-26,10,0.5,2.0,2.5,0.5,70,0.4714285714285714,146.74568704582595,2.0963669577975135
2026-07-26 12:46:26.357126,VOYG,30m,2026-05-01 09:30:00-04:00,2026-07-26,10,0.5,2.0,2.5,0.7,61,0.4426229508196721,113.53091241190715,1.861162498555855
2026-07-26 12:46:26.357126,VOYG,30m,2026-05-01 09:30:00-04:00,2026-07-26,10,0.5,2.0,3.0,0.3,71,0.4788732394366197,139.84962804831463,1.9697130711030229
2026-07-26 12:46:26.357126,VOYG,30m,2026-05-01 09:30:00-04:00,2026-07-26,10,0.5,2.0,3.0,0.5,69,0.463768115942029,106.06021080497976,1.5371045044199965
2026-07-26 12:46:26.357126,VOYG,30m,2026-05-01 09:30:00-04:00,2026-07-26,10,0.5,2.0,3.0,0.7,61,0.4262295081967213,74.44246833605919,1.2203683333780195
2026-07-26 12:46:26.357126,VOYG,30m,2026-05-01 09:30:00-04:00,2026-07-26,10,0.5,2.0,3.5,0.3,67,0.44776119402985076,182.47782255679866,2.72354959039998
2026-07-26 12:46:26.357126,VOYG,30m,2026-05-01 09:30:00-04:00,2026-07-26,10,0.5,2.0,3.5,0.5,66,0.4393939393939394,150.02190815764536,2.2730592145097783
2026-07-26 12:46:26.357126,VOYG,30m,2026-05-01 09:30:00-04:00,2026-07-26,10,0.5,2.0,3.5,0.7,59,0.4406779661016949,107.31623627490919,1.818919258896766
2026-07-26 12:46:26.357126,VOYG,30m,2026-05-01 09:30:00-04:00,2026-07-26,10,0.5,2.5,1.0,0.3,67,0.3283582089552239,2.229537944655142,0.033276685741121526
2026-07-26 12:46:26.357126,VOYG,30m,2026-05-01 09:30:00-04:00,2026-07-26,10,0.5,2.5,1.0,0.5,66,0.3181818181818182,-0.1728351927672378,-0.0026187150419278455
2026-07-26 12:46:26.357126,VOYG,30m,2026-05-01 09:30:00-04:00,2026-07-26,10,0.5,2.5,1.0,0.7,56,0.375,11.182483766457203,0.19968721011530718
2026-07-26 12:46:26.357126,VOYG,30m,2026-05-01 09:30:00-04:00,2026-07-26,10,0.5,2.5,1.5,0.3,66,0.36363636363636365,30.294192231021064,0.4590029125912283
2026-07-26 12:46:26.357126,VOYG,30m,2026-05-01 09:30:00-04:00,2026-07-26,10,0.5,2.5,1.5,0.5,65,0.35384615384615387,23.94132303729542,0.3683280467276218
2026-07-26 12:46:26.357126,VOYG,30m,2026-05-01 09:30:00-04:00,2026-07-26,10,0.5,2.5,1.5,0.7,56,0.375,39.08492059120569,0.6979450105572444
2026-07-26 12:46:26.357126,VOYG,30m,2026-05-01 09:30:00-04:00,2026-07-26,10,0.5,2.5,2.0,0.3,64,0.4375,128.19845643467173,2.0031008817917457
2026-07-26 12:46:26.357126,VOYG,30m,2026-05-01 09:30:00-04:00,2026-07-26,10,0.5,2.5,2.0,0.5,63,0.42857142857142855,112.48968762571388,1.7855505972335537
2026-07-26 12:46:26.357126,VOYG,30m,2026-05-01 09:30:00-04:00,2026-07-26,10,0.5,2.5,2.0,0.7,55,0.41818181818181815,84.05337931297629,1.5282432602359326
2026-07-26 12:46:26.357126,VOYG,30m,2026-05-01 09:30:00-04:00,2026-07-26,10,0.5,2.5,2.5,0.3,59,0.4406779661016949,189.63135890060678,3.214090828823844
2026-07-26 12:46:26.357126,VOYG,30m,2026-05-01 09:30:00-04:00,2026-07-26,10,0.5,2.5,2.5,0.5,58,0.43103448275862066,175.92039788940943,3.0331103084380935
2026-07-26 12:46:26.357126,VOYG,30m,2026-05-01 09:30:00-04:00,2026-07-26,10,0.5,2.5,2.5,0.7,52,0.4230769230769231,156.1601350349436,3.003079519902762
2026-07-26 12:46:26.357126,VOYG,30m,2026-05-01 09:30:00-04:00,2026-07-26,10,0.5,2.5,3.0,0.3,59,0.423728813559322,148.25098841421396,2.512728617190067
2026-07-26 12:46:26.357126,VOYG,30m,2026-05-01 09:30:00-04:00,2026-07-26,10,0.5,2.5,3.0,0.5,58,0.41379310344827586,128.3028216982051,2.212117615486295
2026-07-26 12:46:26.357126,VOYG,30m,2026-05-01 09:30:00-04:00,2026-07-26,10,0.5,2.5,3.0,0.7,52,0.40384615384615385,112.1562860227688,2.1568516542840155
2026-07-26 12:46:26.357126,VOYG,30m,2026-05-01 09:30:00-04:00,2026-07-26,10,0.5,2.5,3.5,0.3,57,0.43859649122807015,187.45580014780785,3.2886982482071554
2026-07-26 12:46:26.357126,VOYG,30m,2026-05-01 09:30:00-04:00,2026-07-26,10,0.5,2.5,3.5,0.5,56,0.42857142857142855,169.54127231246423,3.027522719865433
2026-07-26 12:46:26.357126,VOYG,30m,2026-05-01 09:30:00-04:00,2026-07-26,10,0.5,2.5,3.5,0.7,51,0.45098039215686275,135.51020328932015,2.6570628095945126
2026-07-26 12:46:26.357126,VOYG,30m,2026-05-01 09:30:00-04:00,2026-07-26,10,0.5,3.0,1.0,0.3,48,0.2916666666666667,-10.07980688524622,-0.20999597677596293
2026-07-26 12:46:26.357126,VOYG,30m,2026-05-01 09:30:00-04:00,2026-07-26,10,0.5,3.0,1.0,0.5,48,0.2916666666666667,-10.07980688524622,-0.20999597677596293
2026-07-26 12:46:26.357126,VOYG,30m,2026-05-01 09:30:00-04:00,2026-07-26,10,0.5,3.0,1.0,0.7,40,0.35,5.9355365631599355,0.1483884140789984
2026-07-26 12:46:26.357126,VOYG,30m,2026-05-01 09:30:00-04:00,2026-07-26,10,0.5,3.0,1.5,0.3,47,0.3404255319148936,3.669005011401758,0.07806393641280336
2026-07-26 12:46:26.357126,VOYG,30m,2026-05-01 09:30:00-04:00,2026-07-26,10,0.5,3.0,1.5,0.5,47,0.3404255319148936,3.669005011401758,0.07806393641280336
2026-07-26 12:46:26.357126,VOYG,30m,2026-05-01 09:30:00-04:00,2026-07-26,10,0.5,3.0,1.5,0.7,40,0.375,18.32763929908456,0.458190982477114
2026-07-26 12:46:26.357126,VOYG,30m,2026-05-01 09:30:00-04:00,2026-07-26,10,0.5,3.0,2.0,0.3,47,0.3617021276595745,43.538972342905815,0.9263611136788471
2026-07-26 12:46:26.357126,VOYG,30m,2026-05-01 09:30:00-04:00,2026-07-26,10,0.5,3.0,2.0,0.5,47,0.3617021276595745,43.538972342905815,0.9263611136788471
2026-07-26 12:46:26.357126,VOYG,30m,2026-05-01 09:30:00-04:00,2026-07-26,10,0.5,3.0,2.0,0.7,40,0.375,44.87807082798448,1.121951770699612
2026-07-26 12:46:26.357126,VOYG,30m,2026-05-01 09:30:00-04:00,2026-07-26,10,0.5,3.0,2.5,0.3,46,0.391304347826087,108.24477139041718,2.353147204139504
2026-07-26 12:46:26.357126,VOYG,30m,2026-05-01 09:30:00-04:00,2026-07-26,10,0.5,3.0,2.5,0.5,46,0.391304347826087,108.24477139041718,2.353147204139504
2026-07-26 12:46:26.357126,VOYG,30m,2026-05-01 09:30:00-04:00,2026-07-26,10,0.5,3.0,2.5,0.7,39,0.38461538461538464,111.72911414192447,2.864849080562166
2026-07-26 12:46:26.357126,VOYG,30m,2026-05-01 09:30:00-04:00,2026-07-26,10,0.5,3.0,3.0,0.3,46,0.391304347826087,78.72907147002888,1.71150155369628
2026-07-26 12:46:26.357126,VOYG,30m,2026-05-01 09:30:00-04:00,2026-07-26,10,0.5,3.0,3.0,0.5,46,0.391304347826087,78.72907147002888,1.71150155369628
2026-07-26 12:46:26.357126,VOYG,30m,2026-05-01 09:30:00-04:00,2026-07-26,10,0.5,3.0,3.0,0.7,39,0.38461538461538464,93.93156612241631,2.408501695446572
2026-07-26 12:46:26.357126,VOYG,30m,2026-05-01 09:30:00-04:00,2026-07-26,10,0.5,3.0,3.5,0.3,46,0.41304347826086957,108.17355199497108,2.3515989564124147
2026-07-26 12:46:26.357126,VOYG,30m,2026-05-01 09:30:00-04:00,2026-07-26,10,0.5,3.0,3.5,0.5,46,0.41304347826086957,108.17355199497108,2.3515989564124147
2026-07-26 12:46:26.357126,VOYG,30m,2026-05-01 09:30:00-04:00,2026-07-26,10,0.5,3.0,3.5,0.7,39,0.41025641025641024,110.8449721984317,2.8421787743187616
2026-07-26 12:46:26.357126,VOYG,30m,2026-05-01 09:30:00-04:00,2026-07-26,10,0.5,3.5,1.0,0.3,41,0.3170731707317073,12.99100437165471,0.31685376516231
2026-07-26 12:46:26.357126,VOYG,30m,2026-05-01 09:30:00-04:00,2026-07-26,10,0.5,3.5,1.0,0.5,41,0.3170731707317073,12.99100437165471,0.31685376516231
2026-07-26 12:46:26.357126,VOYG,30m,2026-05-01 09:30:00-04:00,2026-07-26,10,0.5,3.5,1.0,0.7,33,0.3939393939393939,29.006347820060867,0.8789802369715414
2026-07-26 12:46:26.357126,VOYG,30m,2026-05-01 09:30:00-04:00,2026-07-26,10,0.5,3.5,1.5,0.3,41,0.34146341463414637,-8.279409514880385,-0.20193681743610695
2026-07-26 12:46:26.357126,VOYG,30m,2026-05-01 09:30:00-04:00,2026-07-26,10,0.5,3.5,1.5,0.5,41,0.34146341463414637,-8.279409514880385,-0.20193681743610695
2026-07-26 12:46:26.357126,VOYG,30m,2026-05-01 09:30:00-04:00,2026-07-26,10,0.5,3.5,1.5,0.7,33,0.36363636363636365,5.158332442312101,0.1563131043124879
2026-07-26 12:46:26.357126,VOYG,30m,2026-05-01 09:30:00-04:00,2026-07-26,10,0.5,3.5,2.0,0.3,41,0.3170731707317073,0.28987039670802517,0.007070009675805492
2026-07-26 12:46:26.357126,VOYG,30m,2026-05-01 09:30:00-04:00,2026-07-26,10,0.5,3.5,2.0,0.5,41,0.3170731707317073,0.28987039670802517,0.007070009675805492
2026-07-26 12:46:26.357126,VOYG,30m,2026-05-01 09:30:00-04:00,2026-07-26,10,0.5,3.5,2.0,0.7,33,0.3333333333333333,2.267779107799548,0.06872057902422872
2026-07-26 12:46:26.357126,VOYG,30m,2026-05-01 09:30:00-04:00,2026-07-26,10,0.5,3.5,2.5,0.3,41,0.36585365853658536,-10.919490149096127,-0.2663290280267348
2026-07-26 12:46:26.357126,VOYG,30m,2026-05-01 09:30:00-04:00,2026-07-26,10,0.5,3.5,2.5,0.5,41,0.36585365853658536,-10.919490149096127,-0.2663290280267348
2026-07-26 12:46:26.357126,VOYG,30m,2026-05-01 09:30:00-04:00,2026-07-26,10,0.5,3.5,2.5,0.7,33,0.36363636363636365,-4.936634615072784,-0.1495949883355389
2026-07-26 12:46:26.357126,VOYG,30m,2026-05-01 09:30:00-04:00,2026-07-26,10,0.5,3.5,3.0,0.3,41,0.36585365853658536,-36.18595525613575,-0.8825842745398963
2026-07-26 12:46:26.357126,VOYG,30m,2026-05-01 09:30:00-04:00,2026-07-26,10,0.5,3.5,3.0,0.5,41,0.36585365853658536,-36.18595525613575,-0.8825842745398963
2026-07-26 12:46:26.357126,VOYG,30m,2026-05-01 09:30:00-04:00,2026-07-26,10,0.5,3.5,3.0,0.7,33,0.36363636363636365,-16.62524526472904,-0.5037953110523951
2026-07-26 12:46:26.357126,VOYG,30m,2026-05-01 09:30:00-04:00,2026-07-26,10,0.5,3.5,3.5,0.3,40,0.375,-2.1058601953653877,-0.05264650488413469
2026-07-26 12:46:26.357126,VOYG,30m,2026-05-01 09:30:00-04:00,2026-07-26,10,0.5,3.5,3.5,0.5,40,0.375,-2.1058601953653877,-0.05264650488413469
2026-07-26 12:46:26.357126,VOYG,30m,2026-05-01 09:30:00-04:00,2026-07-26,10,0.5,3.5,3.5,0.7,32,0.375,6.458560008095269,0.20183000025297715
2026-07-26 12:46:26.357126,VOYG,30m,2026-05-01 09:30:00-04:00,2026-07-26,10,0.7,0.5,1.0,0.3,157,0.3821656050955414,41.692238592688895,0.2655556598260439
2026-07-26 12:46:26.357126,VOYG,30m,2026-05-01 09:30:00-04:00,2026-07-26,10,0.7,0.5,1.0,0.5,135,0.32592592592592595,-61.2886604926198,-0.4539900777231096
2026-07-26 12:46:26.357126,VOYG,30m,2026-05-01 09:30:00-04:00,2026-07-26,10,0.7,0.5,1.0,0.7,103,0.3883495145631068,-38.91535765099457,-0.37781900632033566
2026-07-26 12:46:26.357126,VOYG,30m,2026-05-01 09:30:00-04:00,2026-07-26,10,0.7,0.5,1.5,0.3,132,0.4090909090909091,48.12052530024804,0.36454943409278817
2026-07-26 12:46:26.357126,VOYG,30m,2026-05-01 09:30:00-04:00,2026-07-26,10,0.7,0.5,1.5,0.5,116,0.3448275862068966,-29.779793458166452,-0.25672235739798666
2026-07-26 12:46:26.357126,VOYG,30m,2026-05-01 09:30:00-04:00,2026-07-26,10,0.7,0.5,1.5,0.7,91,0.3956043956043956,49.075645746585366,0.539292810402037
2026-07-26 12:46:26.357126,VOYG,30m,2026-05-01 09:30:00-04:00,2026-07-26,10,0.7,0.5,2.0,0.3,112,0.39285714285714285,181.1839323276604,1.6177136814969677
2026-07-26 12:46:26.357126,VOYG,30m,2026-05-01 09:30:00-04:00,2026-07-26,10,0.7,0.5,2.0,0.5,106,0.3490566037735849,38.56643837295771,0.36383432427318596
2026-07-26 12:46:26.357126,VOYG,30m,2026-05-01 09:30:00-04:00,2026-07-26,10,0.7,0.5,2.0,0.7,84,0.36904761904761907,65.09857864627182,0.7749830791222836
2026-07-26 12:46:26.357126,VOYG,30m,2026-05-01 09:30:00-04:00,2026-07-26,10,0.7,0.5,2.5,0.3,97,0.4329896907216495,220.73411852722964,2.275609469352883
2026-07-26 12:46:26.357126,VOYG,30m,2026-05-01 09:30:00-04:00,2026-07-26,10,0.7,0.5,2.5,0.5,91,0.4065934065934066,145.82465025003287,1.6024686840662954
2026-07-26 12:46:26.357126,VOYG,30m,2026-05-01 09:30:00-04:00,2026-07-26,10,0.7,0.5,2.5,0.7,76,0.42105263157894735,154.37960677104806,2.031310615408527
2026-07-26 12:46:26.357126,VOYG,30m,2026-05-01 09:30:00-04:00,2026-07-26,10,0.7,0.5,3.0,0.3,91,0.4175824175824176,221.0522708061958,2.4291458330351188
2026-07-26 12:46:26.357126,VOYG,30m,2026-05-01 09:30:00-04:00,2026-07-26,10,0.7,0.5,3.0,0.5,88,0.375,144.77122689067164,1.6451275783030868
2026-07-26 12:46:26.357126,VOYG,30m,2026-05-01 09:30:00-04:00,2026-07-26,10,0.7,0.5,3.0,0.7,75,0.38666666666666666,120.01919498057202,1.6002559330742936
2026-07-26 12:46:26.357126,VOYG,30m,2026-05-01 09:30:00-04:00,2026-07-26,10,0.7,0.5,3.5,0.3,89,0.4044943820224719,266.034343995341,2.9891499325319213
2026-07-26 12:46:26.357126,VOYG,30m,2026-05-01 09:30:00-04:00,2026-07-26,10,0.7,0.5,3.5,0.5,84,0.38095238095238093,201.10917192604091,2.394156808643344
2026-07-26 12:46:26.357126,VOYG,30m,2026-05-01 09:30:00-04:00,2026-07-26,10,0.7,0.5,3.5,0.7,74,0.40540540540540543,158.6586214219726,2.1440354246212516
2026-07-26 12:46:26.357126,VOYG,30m,2026-05-01 09:30:00-04:00,2026-07-26,10,0.7,0.8,1.0,0.3,141,0.3900709219858156,-7.838041771207784,-0.0555889487319701
2026-07-26 12:46:26.357126,VOYG,30m,2026-05-01 09:30:00-04:00,2026-07-26,10,0.7,0.8,1.0,0.5,127,0.3543307086614173,-50.06193823105857,-0.39418849000833517
2026-07-26 12:46:26.357126,VOYG,30m,2026-05-01 09:30:00-04:00,2026-07-26,10,0.7,0.8,1.0,0.7,100,0.4,-30.30263277182449,-0.3030263277182449
2026-07-26 12:46:26.357126,VOYG,30m,2026-05-01 09:30:00-04:00,2026-07-26,10,0.7,0.8,1.5,0.3,123,0.3902439024390244,2.0212167697356165,0.016432656664517205
2026-07-26 12:46:26.357126,VOYG,30m,2026-05-01 09:30:00-04:00,2026-07-26,10,0.7,0.8,1.5,0.5,112,0.35714285714285715,-30.693930029363756,-0.2740529466907478
2026-07-26 12:46:26.357126,VOYG,30m,2026-05-01 09:30:00-04:00,2026-07-26,10,0.7,0.8,1.5,0.7,91,0.4065934065934066,44.811429254802036,0.49243328851430807
2026-07-26 12:46:26.357126,VOYG,30m,2026-05-01 09:30:00-04:00,2026-07-26,10,0.7,0.8,2.0,0.3,108,0.37037037037037035,92.1403794840823,0.853151661889651
2026-07-26 12:46:26.357126,VOYG,30m,2026-05-01 09:30:00-04:00,2026-07-26,10,0.7,0.8,2.0,0.5,99,0.36363636363636365,95.83504121885386,0.9680307193823622
2026-07-26 12:46:26.357126,VOYG,30m,2026-05-01 09:30:00-04:00,2026-07-26,10,0.7,0.8,2.0,0.7,84,0.36904761904761907,61.29628999056078,0.7297177379828664
2026-07-26 12:46:26.357126,VOYG,30m,2026-05-01 09:30:00-04:00,2026-07-26,10,0.7,0.8,2.5,0.3,95,0.4,156.9366306693062,1.651964533361118
2026-07-26 12:46:26.357126,VOYG,30m,2026-05-01 09:30:00-04:00,2026-07-26,10,0.7,0.8,2.5,0.5,88,0.4090909090909091,200.039103713238,2.2731716331049774
2026-07-26 12:46:26.357126,VOYG,30m,2026-05-01 09:30:00-04:00,2026-07-26,10,0.7,0.8,2.5,0.7,76,0.40789473684210525,157.4617714416246,2.0718654137055865
2026-07-26 12:46:26.357126,VOYG,30m,2026-05-01 09:30:00-04:00,2026-07-26,10,0.7,0.8,3.0,0.3,92,0.3804347826086957,195.12460803625103,2.120919652567946
2026-07-26 12:46:26.357126,VOYG,30m,2026-05-01 09:30:00-04:00,2026-07-26,10,0.7,0.8,3.0,0.5,87,0.367816091954023,186.32863086407085,2.1417084007364466
2026-07-26 12:46:26.357126,VOYG,30m,2026-05-01 09:30:00-04:00,2026-07-26,10,0.7,0.8,3.0,0.7,75,0.37333333333333335,123.09356778600811,1.6412475704801082
2026-07-26 12:46:26.357126,VOYG,30m,2026-05-01 09:30:00-04:00,2026-07-26,10,0.7,0.8,3.5,0.3,90,0.4,238.59801285842903,2.6510890317603226
2026-07-26 12:46:26.357126,VOYG,30m,2026-05-01 09:30:00-04:00,2026-07-26,10,0.7,0.8,3.5,0.5,83,0.3855421686746988,239.94920436392934,2.890954269444932
2026-07-26 12:46:26.357126,VOYG,30m,2026-05-01 09:30:00-04:00,2026-07-26,10,0.7,0.8,3.5,0.7,74,0.40540540540540543,159.6895279893315,2.157966594450426
2026-07-26 12:46:26.357126,VOYG,30m,2026-05-01 09:30:00-04:00,2026-07-26,10,0.7,1.0,1.0,0.3,128,0.359375,-52.020417426519174,-0.40640951114468105
2026-07-26 12:46:26.357126,VOYG,30m,2026-05-01 09:30:00-04:00,2026-07-26,10,0.7,1.0,1.0,0.5,118,0.3559322033898305,-40.43893730626434,-0.3427028585276639
2026-07-26 12:46:26.357126,VOYG,30m,2026-05-01 09:30:00-04:00,2026-07-26,10,0.7,1.0,1.0,0.7,93,0.40860215053763443,-17.3122055929175,-0.18615274831094086
2026-07-26 12:46:26.357126,VOYG,30m,2026-05-01 09:30:00-04:00,2026-07-26,10,0.7,1.0,1.5,0.3,115,0.3739130434782609,-30.996113829233217,-0.26953142460202795
2026-07-26 12:46:26.357126,VOYG,30m,2026-05-01 09:30:00-04:00,2026-07-26,10,0.7,1.0,1.5,0.5,108,0.3611111111111111,-20.572583078494837,-0.19048688035643369
2026-07-26 12:46:26.357126,VOYG,30m,2026-05-01 09:30:00-04:00,2026-07-26,10,0.7,1.0,1.5,0.7,88,0.3977272727272727,20.364950247466112,0.23141988917575126
2026-07-26 12:46:26.357126,VOYG,30m,2026-05-01 09:30:00-04:00,2026-07-26,10,0.7,1.0,2.0,0.3,104,0.34615384615384615,43.38536052681544,0.41716692814245615
2026-07-26 12:46:26.357126,VOYG,30m,2026-05-01 09:30:00-04:00,2026-07-26,10,0.7,1.0,2.0,0.5,95,0.3684210526315789,119.49417054007739,1.2578333741060779
2026-07-26 12:46:26.357126,VOYG,30m,2026-05-01 09:30:00-04:00,2026-07-26,10,0.7,1.0,2.0,0.7,82,0.36585365853658536,26.658675957273772,0.3251058043569972
2026-07-26 12:46:26.357126,VOYG,30m,2026-05-01 09:30:00-04:00,2026-07-26,10,0.7,1.0,2.5,0.3,93,0.3870967741935484,145.48387003144964,1.5643426885102112
2026-07-26 12:46:26.357126,VOYG,30m,2026-05-01 09:30:00-04:00,2026-07-26,10,0.7,1.0,2.5,0.5,86,0.4069767441860465,214.3202500935349,2.4920959313201734
2026-07-26 12:46:26.357126,VOYG,30m,2026-05-01 09:30:00-04:00,2026-07-26,10,0.7,1.0,2.5,0.7,75,0.4,114.4304091390238,1.5257387885203173
2026-07-26 12:46:26.357126,VOYG,30m,2026-05-01 09:30:00-04:00,2026-07-26,10,0.7,1.0,3.0,0.3,91,0.3626373626373626,139.57400001979423,1.5337802199977388
2026-07-26 12:46:26.357126,VOYG,30m,2026-05-01 09:30:00-04:00,2026-07-26,10,0.7,1.0,3.0,0.5,86,0.36046511627906974,156.4905661097964,1.8196577454627487
2026-07-26 12:46:26.357126,VOYG,30m,2026-05-01 09:30:00-04:00,2026-07-26,10,0.7,1.0,3.0,0.7,74,0.36486486486486486,82.47457975971497,1.1145213481042564
2026-07-26 12:46:26.357126,VOYG,30m,2026-05-01 09:30:00-04:00,2026-07-26,10,0.7,1.0,3.5,0.3,88,0.375,181.27153096324068,2.0599037609459168
2026-07-26 12:46:26.357126,VOYG,30m,2026-05-01 09:30:00-04:00,2026-07-26,10,0.7,1.0,3.5,0.5,82,0.3780487804878049,208.9503971922887,2.548175575515716
2026-07-26 12:46:26.357126,VOYG,30m,2026-05-01 09:30:00-04:00,2026-07-26,10,0.7,1.0,3.5,0.7,73,0.3972602739726027,118.93952798933151,1.6293086025935823
2026-07-26 12:46:26.357126,VOYG,30m,2026-05-01 09:30:00-04:00,2026-07-26,10,0.7,1.2,1.0,0.3,114,0.38596491228070173,-0.1624498098277698,-0.0014249983318225421
2026-07-26 12:46:26.357126,VOYG,30m,2026-05-01 09:30:00-04:00,2026-07-26,10,0.7,1.2,1.0,0.5,109,0.3761467889908257,8.793381344116604,0.0806732233405193
2026-07-26 12:46:26.357126,VOYG,30m,2026-05-01 09:30:00-04:00,2026-07-26,10,0.7,1.2,1.0,0.7,85,0.4,-0.6244951645593204,-0.007347001935992005
2026-07-26 12:46:26.357126,VOYG,30m,2026-05-01 09:30:00-04:00,2026-07-26,10,0.7,1.2,1.5,0.3,106,0.4056603773584906,19.732234033099758,0.1861531512556581
2026-07-26 12:46:26.357126,VOYG,30m,2026-05-01 09:30:00-04:00,2026-07-26,10,0.7,1.2,1.5,0.5,102,0.38235294117647056,14.547524590640002,0.14262279010431375
2026-07-26 12:46:26.357126,VOYG,30m,2026-05-01 09:30:00-04:00,2026-07-26,10,0.7,1.2,1.5,0.7,83,0.3614457831325301,11.778965372942835,0.1419152454571426
2026-07-26 12:46:26.357126,VOYG,30m,2026-05-01 09:30:00-04:00,2026-07-26,10,0.7,1.2,2.0,0.3,97,0.3917525773195876,90.12357186404714,0.9291089882891458
2026-07-26 12:46:26.357126,VOYG,30m,2026-05-01 09:30:00-04:00,2026-07-26,10,0.7,1.2,2.0,0.5,91,0.4065934065934066,147.6404741024745,1.6224227923348848
2026-07-26 12:46:26.357126,VOYG,30m,2026-05-01 09:30:00-04:00,2026-07-26,10,0.7,1.2,2.0,0.7,80,0.35,1.3163390894352105,0.016454238617940133
2026-07-26 12:46:26.357126,VOYG,30m,2026-05-01 09:30:00-04:00,2026-07-26,10,0.7,1.2,2.5,0.3,88,0.42045454545454547,168.9676199348386,1.9200865901686206
2026-07-26 12:46:26.357126,VOYG,30m,2026-05-01 09:30:00-04:00,2026-07-26,10,0.7,1.2,2.5,0.5,83,0.43373493975903615,220.97040418137945,2.66229402628168
2026-07-26 12:46:26.357126,VOYG,30m,2026-05-01 09:30:00-04:00,2026-07-26,10,0.7,1.2,2.5,0.7,73,0.3835616438356164,97.35026705031376,1.3335653020590925
2026-07-26 12:46:26.357126,VOYG,30m,2026-05-01 09:30:00-04:00,2026-07-26,10,0.7,1.2,3.0,0.3,86,0.4069767441860465,131.6497623104432,1.5308111896563164
2026-07-26 12:46:26.357126,VOYG,30m,2026-05-01 09:30:00-04:00,2026-07-26,10,0.7,1.2,3.0,0.5,83,0.39759036144578314,156.70135004152596,1.8879680727894694
2026-07-26 12:46:26.357126,VOYG,30m,2026-05-01 09:30:00-04:00,2026-07-26,10,0.7,1.2,3.0,0.7,72,0.3611111111111111,58.73542482419083,0.8157697892248726
2026-07-26 12:46:26.357126,VOYG,30m,2026-05-01 09:30:00-04:00,2026-07-26,10,0.7,1.2,3.5,0.3,84,0.40476190476190477,187.93018339597737,2.2372640880473496
2026-07-26 12:46:26.357126,VOYG,30m,2026-05-01 09:30:00-04:00,2026-07-26,10,0.7,1.2,3.5,0.5,81,0.3950617283950617,214.8431134075262,2.652384116142299
2026-07-26 12:46:26.357126,VOYG,30m,2026-05-01 09:30:00-04:00,2026-07-26,10,0.7,1.2,3.5,0.7,71,0.39436619718309857,83.64276158939458,1.1780670646393603
2026-07-26 12:46:26.357126,VOYG,30m,2026-05-01 09:30:00-04:00,2026-07-26,10,0.7,1.5,1.0,0.3,98,0.3673469387755102,-36.02947529821309,-0.3676477071246234
2026-07-26 12:46:26.357126,VOYG,30m,2026-05-01 09:30:00-04:00,2026-07-26,10,0.7,1.5,1.0,0.5,93,0.3548387096774194,-35.65284297907821,-0.38336390300084094
2026-07-26 12:46:26.357126,VOYG,30m,2026-05-01 09:30:00-04:00,2026-07-26,10,0.7,1.5,1.0,0.7,76,0.40789473684210525,-16.944826337233245,-0.2229582412793848
2026-07-26 12:46:26.357126,VOYG,30m,2026-05-01 09:30:00-04:00,2026-07-26,10,0.7,1.5,1.5,0.3,93,0.40860215053763443,9.806837080252706,0.10544986107798608
2026-07-26 12:46:26.357126,VOYG,30m,2026-05-01 09:30:00-04:00,2026-07-26,10,0.7,1.5,1.5,0.5,88,0.38636363636363635,-1.6648469463790647,-0.0189187152997621
2026-07-26 12:46:26.357126,VOYG,30m,2026-05-01 09:30:00-04:00,2026-07-26,10,0.7,1.5,1.5,0.7,73,0.3835616438356164,12.504741078819983,0.17129782299753402
2026-07-26 12:46:26.357126,VOYG,30m,2026-05-01 09:30:00-04:00,2026-07-26,10,0.7,1.5,2.0,0.3,84,0.38095238095238093,26.13076266589143,0.3110805079272789
2026-07-26 12:46:26.357126,VOYG,30m,2026-05-01 09:30:00-04:00,2026-07-26,10,0.7,1.5,2.0,0.5,81,0.38271604938271603,32.74979412974076,0.4043184460461823
2026-07-26 12:46:26.357126,VOYG,30m,2026-05-01 09:30:00-04:00,2026-07-26,10,0.7,1.5,2.0,0.7,70,0.34285714285714286,2.338351292232943,0.033405018460470615
2026-07-26 12:46:26.357126,VOYG,30m,2026-05-01 09:30:00-04:00,2026-07-26,10,0.7,1.5,2.5,0.3,76,0.42105263157894735,119.19496506179158,1.568354803444626
2026-07-26 12:46:26.357126,VOYG,30m,2026-05-01 09:30:00-04:00,2026-07-26,10,0.7,1.5,2.5,0.5,73,0.4246575342465753,118.29804969119226,1.6205212286464694
2026-07-26 12:46:26.357126,VOYG,30m,2026-05-01 09:30:00-04:00,2026-07-26,10,0.7,1.5,2.5,0.7,63,0.38095238095238093,104.77769187952373,1.6631379663416466
2026-07-26 12:46:26.357126,VOYG,30m,2026-05-01 09:30:00-04:00,2026-07-26,10,0.7,1.5,3.0,0.3,74,0.40540540540540543,95.64067509468359,1.292441555333562
2026-07-26 12:46:26.357126,VOYG,30m,2026-05-01 09:30:00-04:00,2026-07-26,10,0.7,1.5,3.0,0.5,72,0.3888888888888889,73.93780340140916,1.0269139361306827
2026-07-26 12:46:26.357126,VOYG,30m,2026-05-01 09:30:00-04:00,2026-07-26,10,0.7,1.5,3.0,0.7,63,0.36507936507936506,77.58248997083183,1.2314680947751084
2026-07-26 12:46:26.357126,VOYG,30m,2026-05-01 09:30:00-04:00,2026-07-26,10,0.7,1.5,3.5,0.3,72,0.4027777777777778,151.67102081082655,2.106541955705924
2026-07-26 12:46:26.357126,VOYG,30m,2026-05-01 09:30:00-04:00,2026-07-26,10,0.7,1.5,3.5,0.5,70,0.38571428571428573,130.41678517712168,1.8630969311017382
2026-07-26 12:46:26.357126,VOYG,30m,2026-05-01 09:30:00-04:00,2026-07-26,10,0.7,1.5,3.5,0.7,62,0.4032258064516129,103.3212355793181,1.666471541601905
2026-07-26 12:46:26.357126,VOYG,30m,2026-05-01 09:30:00-04:00,2026-07-26,10,0.7,1.8,1.0,0.3,83,0.3614457831325301,-16.68116324427828,-0.20097787041299134
2026-07-26 12:46:26.357126,VOYG,30m,2026-05-01 09:30:00-04:00,2026-07-26,10,0.7,1.8,1.0,0.5,79,0.34177215189873417,-19.56911201394611,-0.2477102786575457
2026-07-26 12:46:26.357126,VOYG,30m,2026-05-01 09:30:00-04:00,2026-07-26,10,0.7,1.8,1.0,0.7,67,0.3880597014925373,-10.606499270107719,-0.15830595925533908
2026-07-26 12:46:26.357126,VOYG,30m,2026-05-01 09:30:00-04:00,2026-07-26,10,0.7,1.8,1.5,0.3,82,0.3780487804878049,-20.229121273953652,-0.2466966009018738
2026-07-26 12:46:26.357126,VOYG,30m,2026-05-01 09:30:00-04:00,2026-07-26,10,0.7,1.8,1.5,0.5,78,0.358974358974359,-22.485353916047366,-0.28827376815445344
2026-07-26 12:46:26.357126,VOYG,30m,2026-05-01 09:30:00-04:00,2026-07-26,10,0.7,1.8,1.5,0.7,67,0.373134328358209,-16.75471959598496,-0.2500704417311188
2026-07-26 12:46:26.357126,VOYG,30m,2026-05-01 09:30:00-04:00,2026-07-26,10,0.7,1.8,2.0,0.3,77,0.35064935064935066,26.75387548744677,0.3474529284083996
2026-07-26 12:46:26.357126,VOYG,30m,2026-05-01 09:30:00-04:00,2026-07-26,10,0.7,1.8,2.0,0.5,74,0.35135135135135137,17.768000627881513,0.24010811659299341
2026-07-26 12:46:26.357126,VOYG,30m,2026-05-01 09:30:00-04:00,2026-07-26,10,0.7,1.8,2.0,0.7,64,0.328125,-11.622643834654696,-0.18160380991647962
2026-07-26 12:46:26.357126,VOYG,30m,2026-05-01 09:30:00-04:00,2026-07-26,10,0.7,1.8,2.5,0.3,69,0.4057971014492754,129.77582128725652,1.880809004163138
2026-07-26 12:46:26.357126,VOYG,30m,2026-05-01 09:30:00-04:00,2026-07-26,10,0.7,1.8,2.5,0.5,66,0.4090909090909091,116.0554776180692,1.758416327546503
2026-07-26 12:46:26.357126,VOYG,30m,2026-05-01 09:30:00-04:00,2026-07-26,10,0.7,1.8,2.5,0.7,58,0.3620689655172414,91.3705438543892,1.5753542043860207
2026-07-26 12:46:26.357126,VOYG,30m,2026-05-01 09:30:00-04:00,2026-07-26,10,0.7,1.8,3.0,0.3,68,0.4117647058823529,106.44130850077596,1.565313360305529
2026-07-26 12:46:26.357126,VOYG,30m,2026-05-01 09:30:00-04:00,2026-07-26,10,0.7,1.8,3.0,0.5,66,0.3939393939393939,74.12098259517902,1.1230451908360457
2026-07-26 12:46:26.357126,VOYG,30m,2026-05-01 09:30:00-04:00,2026-07-26,10,0.7,1.8,3.0,0.7,58,0.3620689655172414,65.8844142920455,1.1359381774490604
2026-07-26 12:46:26.357126,VOYG,30m,2026-05-01 09:30:00-04:00,2026-07-26,10,0.7,1.8,3.5,0.3,66,0.4090909090909091,146.90570075633613,2.225843950853578
2026-07-26 12:46:26.357126,VOYG,30m,2026-05-01 09:30:00-04:00,2026-07-26,10,0.7,1.8,3.5,0.5,64,0.390625,115.36752429800049,1.8026175671562576
2026-07-26 12:46:26.357126,VOYG,30m,2026-05-01 09:30:00-04:00,2026-07-26,10,0.7,1.8,3.5,0.7,57,0.40350877192982454,97.78794640745923,1.7155780071484075
2026-07-26 12:46:26.357126,VOYG,30m,2026-05-01 09:30:00-04:00,2026-07-26,10,0.7,2.0,1.0,0.3,77,0.36363636363636365,10.400885996145668,0.1350764415083853
2026-07-26 12:46:26.357126,VOYG,30m,2026-05-01 09:30:00-04:00,2026-07-26,10,0.7,2.0,1.0,0.5,73,0.3424657534246575,7.512937226477838,0.10291694830791559
2026-07-26 12:46:26.357126,VOYG,30m,2026-05-01 09:30:00-04:00,2026-07-26,10,0.7,2.0,1.0,0.7,61,0.39344262295081966,19.04007933894981,0.3121324481795051
2026-07-26 12:46:26.357126,VOYG,30m,2026-05-01 09:30:00-04:00,2026-07-26,10,0.7,2.0,1.5,0.3,76,0.3815789473684211,17.91373021105965,0.2357069764613112
2026-07-26 12:46:26.357126,VOYG,30m,2026-05-01 09:30:00-04:00,2026-07-26,10,0.7,2.0,1.5,0.5,72,0.3611111111111111,15.657497568965937,0.2174652440134158
2026-07-26 12:46:26.357126,VOYG,30m,2026-05-01 09:30:00-04:00,2026-07-26,10,0.7,2.0,1.5,0.7,61,0.3770491803278688,24.734925941978716,0.4054905892127658
2026-07-26 12:46:26.357126,VOYG,30m,2026-05-01 09:30:00-04:00,2026-07-26,10,0.7,2.0,2.0,0.3,71,0.38028169014084506,85.88865849706163,1.2096994154515721
2026-07-26 12:46:26.357126,VOYG,30m,2026-05-01 09:30:00-04:00,2026-07-26,10,0.7,2.0,2.0,0.5,68,0.38235294117647056,76.90278363749637,1.1309232887867113
2026-07-26 12:46:26.357126,VOYG,30m,2026-05-01 09:30:00-04:00,2026-07-26,10,0.7,2.0,2.0,0.7,58,0.3793103448275862,55.40016804111023,0.9551753110536246
2026-07-26 12:46:26.357126,VOYG,30m,2026-05-01 09:30:00-04:00,2026-07-26,10,0.7,2.0,2.5,0.3,66,0.42424242424242425,139.0819040160477,2.1073015760007228
2026-07-26 12:46:26.357126,VOYG,30m,2026-05-01 09:30:00-04:00,2026-07-26,10,0.7,2.0,2.5,0.5,63,0.42857142857142855,125.3615603468603,1.9898660372517507
2026-07-26 12:46:26.357126,VOYG,30m,2026-05-01 09:30:00-04:00,2026-07-26,10,0.7,2.0,2.5,0.7,54,0.4074074074074074,112.31007664102997,2.0798162340931476
2026-07-26 12:46:26.357126,VOYG,30m,2026-05-01 09:30:00-04:00,2026-07-26,10,0.7,2.0,3.0,0.3,65,0.4307692307692308,115.58748957073905,1.7782690703190625
2026-07-26 12:46:26.357126,VOYG,30m,2026-05-01 09:30:00-04:00,2026-07-26,10,0.7,2.0,3.0,0.5,63,0.4126984126984127,83.26716366514208,1.3217010105578109
2026-07-26 12:46:26.357126,VOYG,30m,2026-05-01 09:30:00-04:00,2026-07-26,10,0.7,2.0,3.0,0.7,54,0.3888888888888889,76.51300913223483,1.4169075765228671
2026-07-26 12:46:26.357126,VOYG,30m,2026-05-01 09:30:00-04:00,2026-07-26,10,0.7,2.0,3.5,0.3,62,0.43548387096774194,161.49655691594725,2.6047831760636653
2026-07-26 12:46:26.357126,VOYG,30m,2026-05-01 09:30:00-04:00,2026-07-26,10,0.7,2.0,3.5,0.5,60,0.4166666666666667,129.95838045761158,2.1659730076268597
2026-07-26 12:46:26.357126,VOYG,30m,2026-05-01 09:30:00-04:00,2026-07-26,10,0.7,2.0,3.5,0.7,52,0.4423076923076923,112.58081116689092,2.165015599363287
2026-07-26 12:46:26.357126,VOYG,30m,2026-05-01 09:30:00-04:00,2026-07-26,10,0.7,2.5,1.0,0.3,57,0.3333333333333333,7.80629143363587,0.13695248129185736
2026-07-26 12:46:26.357126,VOYG,30m,2026-05-01 09:30:00-04:00,2026-07-26,10,0.7,2.5,1.0,0.5,56,0.32142857142857145,6.293615408792768,0.112385989442728
2026-07-26 12:46:26.357126,VOYG,30m,2026-05-01 09:30:00-04:00,2026-07-26,10,0.7,2.5,1.0,0.7,47,0.40425531914893614,28.493055123879074,0.6062352154016825
2026-07-26 12:46:26.357126,VOYG,30m,2026-05-01 09:30:00-04:00,2026-07-26,10,0.7,2.5,1.5,0.3,56,0.375,32.681067297724766,0.5835904874593708
2026-07-26 12:46:26.357126,VOYG,30m,2026-05-01 09:30:00-04:00,2026-07-26,10,0.7,2.5,1.5,0.5,55,0.36363636363636365,27.362743772868114,0.49750443223396573
2026-07-26 12:46:26.357126,VOYG,30m,2026-05-01 09:30:00-04:00,2026-07-26,10,0.7,2.5,1.5,0.7,47,0.40425531914893614,52.372522460571176,1.114308988522791
2026-07-26 12:46:26.357126,VOYG,30m,2026-05-01 09:30:00-04:00,2026-07-26,10,0.7,2.5,2.0,0.3,56,0.4107142857142857,101.72949181514875,1.8165980681276561
2026-07-26 12:46:26.357126,VOYG,30m,2026-05-01 09:30:00-04:00,2026-07-26,10,0.7,2.5,2.0,0.5,55,0.4,87.20011723134948,1.585456676933627
2026-07-26 12:46:26.357126,VOYG,30m,2026-05-01 09:30:00-04:00,2026-07-26,10,0.7,2.5,2.0,0.7,47,0.40425531914893614,77.26444166108274,1.643924290661335
2026-07-26 12:46:26.357126,VOYG,30m,2026-05-01 09:30:00-04:00,2026-07-26,10,0.7,2.5,2.5,0.3,52,0.4230769230769231,164.84745541658359,3.170143373395838
2026-07-26 12:46:26.357126,VOYG,30m,2026-05-01 09:30:00-04:00,2026-07-26,10,0.7,2.5,2.5,0.5,51,0.4117647058823529,152.46073718683445,2.989426219349695
2026-07-26 12:46:26.357126,VOYG,30m,2026-05-01 09:30:00-04:00,2026-07-26,10,0.7,2.5,2.5,0.7,45,0.4222222222222222,152.86376526045706,3.3969725613434902
2026-07-26 12:46:26.357126,VOYG,30m,2026-05-01 09:30:00-04:00,2026-07-26,10,0.7,2.5,3.0,0.3,52,0.40384615384615385,129.70117868848484,2.4942534363170163
2026-07-26 12:46:26.357126,VOYG,30m,2026-05-01 09:30:00-04:00,2026-07-26,10,0.7,2.5,3.0,0.5,51,0.39215686274509803,111.22210331021385,2.1808255551022326
2026-07-26 12:46:26.357126,VOYG,30m,2026-05-01 09:30:00-04:00,2026-07-26,10,0.7,2.5,3.0,0.7,45,0.4,115.68442990236312,2.5707651089414028
2026-07-26 12:46:26.357126,VOYG,30m,2026-05-01 09:30:00-04:00,2026-07-26,10,0.7,2.5,3.5,0.3,50,0.42,165.271119717651,3.30542239435302
2026-07-26 12:46:26.357126,VOYG,30m,2026-05-01 09:30:00-04:00,2026-07-26,10,0.7,2.5,3.5,0.5,49,0.40816326530612246,148.9705317763349,3.0402149342109164
2026-07-26 12:46:26.357126,VOYG,30m,2026-05-01 09:30:00-04:00,2026-07-26,10,0.7,2.5,3.5,0.7,44,0.45454545454545453,134.57038539870723,3.0584178499706187
2026-07-26 12:46:26.357126,VOYG,30m,2026-05-01 09:30:00-04:00,2026-07-26,10,0.7,3.0,1.0,0.3,44,0.29545454545454547,-11.821619675574055,-0.2686731744448649
2026-07-26 12:46:26.357126,VOYG,30m,2026-05-01 09:30:00-04:00,2026-07-26,10,0.7,3.0,1.0,0.5,44,0.29545454545454547,-11.821619675574055,-0.2686731744448649
2026-07-26 12:46:26.357126,VOYG,30m,2026-05-01 09:30:00-04:00,2026-07-26,10,0.7,3.0,1.0,0.7,37,0.3783783783783784,15.037844528693967,0.40642823050524235
2026-07-26 12:46:26.357126,VOYG,30m,2026-05-01 09:30:00-04:00,2026-07-26,10,0.7,3.0,1.5,0.3,43,0.3488372093023256,8.481285825910163,0.19723920525372474
2026-07-26 12:46:26.357126,VOYG,30m,2026-05-01 09:30:00-04:00,2026-07-26,10,0.7,3.0,1.5,0.5,43,0.3488372093023256,8.481285825910163,0.19723920525372474
2026-07-26 12:46:26.357126,VOYG,30m,2026-05-01 09:30:00-04:00,2026-07-26,10,0.7,3.0,1.5,0.7,37,0.40540540540540543,33.00610124738576,0.8920567904698853
2026-07-26 12:46:26.357126,VOYG,30m,2026-05-01 09:30:00-04:00,2026-07-26,10,0.7,3.0,2.0,0.3,43,0.3488372093023256,44.139787706234515,1.0265066908426632
2026-07-26 12:46:26.357126,VOYG,30m,2026-05-01 09:30:00-04:00,2026-07-26,10,0.7,3.0,2.0,0.5,43,0.3488372093023256,44.139787706234515,1.0265066908426632
2026-07-26 12:46:26.357126,VOYG,30m,2026-05-01 09:30:00-04:00,2026-07-26,10,0.7,3.0,2.0,0.7,37,0.3783783783783784,54.36712770303689,1.469381829811808
2026-07-26 12:46:26.357126,VOYG,30m,2026-05-01 09:30:00-04:00,2026-07-26,10,0.7,3.0,2.5,0.3,42,0.35714285714285715,44.19874322472772,1.0523510291601839
2026-07-26 12:46:26.357126,VOYG,30m,2026-05-01 09:30:00-04:00,2026-07-26,10,0.7,3.0,2.5,0.5,42,0.35714285714285715,44.19874322472772,1.0523510291601839
2026-07-26 12:46:26.357126,VOYG,30m,2026-05-01 09:30:00-04:00,2026-07-26,10,0.7,3.0,2.5,0.7,36,0.3611111111111111,55.593387865889596,1.5442607740524887
2026-07-26 12:46:26.357126,VOYG,30m,2026-05-01 09:30:00-04:00,2026-07-26,10,0.7,3.0,3.0,0.3,42,0.35714285714285715,19.708127459802007,0.4692411299952859
2026-07-26 12:46:26.357126,VOYG,30m,2026-05-01 09:30:00-04:00,2026-07-26,10,0.7,3.0,3.0,0.5,42,0.35714285714285715,19.708127459802007,0.4692411299952859
2026-07-26 12:46:26.357126,VOYG,30m,2026-05-01 09:30:00-04:00,2026-07-26,10,0.7,3.0,3.0,0.7,36,0.3611111111111111,41.842984379775,1.1623051216604166
2026-07-26 12:46:26.357126,VOYG,30m,2026-05-01 09:30:00-04:00,2026-07-26,10,0.7,3.0,3.5,0.3,42,0.40476190476190477,53.50020064970643,1.2738143011834864
2026-07-26 12:46:26.357126,VOYG,30m,2026-05-01 09:30:00-04:00,2026-07-26,10,0.7,3.0,3.5,0.5,42,0.40476190476190477,53.50020064970643,1.2738143011834864
2026-07-26 12:46:26.357126,VOYG,30m,2026-05-01 09:30:00-04:00,2026-07-26,10,0.7,3.0,3.5,0.7,36,0.4166666666666667,62.1260434986835,1.7257234305189861
2026-07-26 12:46:26.357126,VOYG,30m,2026-05-01 09:30:00-04:00,2026-07-26,10,0.7,3.5,1.0,0.3,38,0.3157894736842105,8.552136515632647,0.22505622409559597
2026-07-26 12:46:26.357126,VOYG,30m,2026-05-01 09:30:00-04:00,2026-07-26,10,0.7,3.5,1.0,0.5,38,0.3157894736842105,8.552136515632647,0.22505622409559597
2026-07-26 12:46:26.357126,VOYG,30m,2026-05-01 09:30:00-04:00,2026-07-26,10,0.7,3.5,1.0,0.7,31,0.41935483870967744,35.41160071990067,1.1423097006419571
2026-07-26 12:46:26.357126,VOYG,30m,2026-05-01 09:30:00-04:00,2026-07-26,10,0.7,3.5,1.5,0.3,38,0.34210526315789475,-8.437711298913335,-0.22204503418192986
2026-07-26 12:46:26.357126,VOYG,30m,2026-05-01 09:30:00-04:00,2026-07-26,10,0.7,3.5,1.5,0.5,38,0.34210526315789475,-8.437711298913335,-0.22204503418192986
2026-07-26 12:46:26.357126,VOYG,30m,2026-05-01 09:30:00-04:00,2026-07-26,10,0.7,3.5,1.5,0.7,31,0.3870967741935484,14.866211792071944,0.479555219099095
2026-07-26 12:46:26.357126,VOYG,30m,2026-05-01 09:30:00-04:00,2026-07-26,10,0.7,3.5,2.0,0.3,38,0.3157894736842105,2.343317014460986,0.06166623722265753
2026-07-26 12:46:26.357126,VOYG,30m,2026-05-01 09:30:00-04:00,2026-07-26,10,0.7,3.5,2.0,0.5,38,0.3157894736842105,2.343317014460986,0.06166623722265753
2026-07-26 12:46:26.357126,VOYG,30m,2026-05-01 09:30:00-04:00,2026-07-26,10,0.7,3.5,2.0,0.7,31,0.3548387096774194,13.209467237276229,0.4261118463637493
2026-07-26 12:46:26.357126,VOYG,30m,2026-05-01 09:30:00-04:00,2026-07-26,10,0.7,3.5,2.5,0.3,38,0.34210526315789475,-18.18152682428508,-0.4784612322180284
2026-07-26 12:46:26.357126,VOYG,30m,2026-05-01 09:30:00-04:00,2026-07-26,10,0.7,3.5,2.5,0.5,38,0.34210526315789475,-18.18152682428508,-0.4784612322180284
2026-07-26 12:46:26.357126,VOYG,30m,2026-05-01 09:30:00-04:00,2026-07-26,10,0.7,3.5,2.5,0.7,31,0.3548387096774194,-4.288369400607159,-0.13833449679377932
2026-07-26 12:46:26.357126,VOYG,30m,2026-05-01 09:30:00-04:00,2026-07-26,10,0.7,3.5,3.0,0.3,38,0.34210526315789475,-39.10039926636255,-1.0289578754305935
2026-07-26 12:46:26.357126,VOYG,30m,2026-05-01 09:30:00-04:00,2026-07-26,10,0.7,3.5,3.0,0.5,38,0.34210526315789475,-39.10039926636255,-1.0289578754305935
2026-07-26 12:46:26.357126,VOYG,30m,2026-05-01 09:30:00-04:00,2026-07-26,10,0.7,3.5,3.0,0.7,31,0.3548387096774194,-12.607327007370266,-0.406687967979686
2026-07-26 12:46:26.357126,VOYG,30m,2026-05-01 09:30:00-04:00,2026-07-26,10,0.7,3.5,3.5,0.3,37,0.3783783783783784,-0.6727115406299333,-0.0181813929899982
2026-07-26 12:46:26.357126,VOYG,30m,2026-05-01 09:30:00-04:00,2026-07-26,10,0.7,3.5,3.5,0.5,37,0.3783783783783784,-0.6727115406299333,-0.0181813929899982
2026-07-26 12:46:26.357126,VOYG,30m,2026-05-01 09:30:00-04:00,2026-07-26,10,0.7,3.5,3.5,0.7,30,0.4,13.846131308347154,0.4615377102782385
2026-07-26 12:46:26.357126,VOYG,30m,2026-05-01 09:30:00-04:00,2026-07-26,10,1.0,0.5,1.0,0.3,113,0.3893805309734513,39.29444385775799,0.34773844121909725
2026-07-26 12:46:26.357126,VOYG,30m,2026-05-01 09:30:00-04:00,2026-07-26,10,1.0,0.5,1.0,0.5,96,0.3229166666666667,-21.919499613527158,-0.22832812097424124
2026-07-26 12:46:26.357126,VOYG,30m,2026-05-01 09:30:00-04:00,2026-07-26,10,1.0,0.5,1.0,0.7,74,0.36486486486486486,-3.9330903773629444,-0.05314986996436411
2026-07-26 12:46:26.357126,VOYG,30m,2026-05-01 09:30:00-04:00,2026-07-26,10,1.0,0.5,1.5,0.3,97,0.422680412371134,74.73206402801426,0.7704336497733429
2026-07-26 12:46:26.357126,VOYG,30m,2026-05-01 09:30:00-04:00,2026-07-26,10,1.0,0.5,1.5,0.5,85,0.36470588235294116,16.150479717741355,0.19000564373813358
2026-07-26 12:46:26.357126,VOYG,30m,2026-05-01 09:30:00-04:00,2026-07-26,10,1.0,0.5,1.5,0.7,64,0.40625,40.633755100473934,0.6349024234449052
2026-07-26 12:46:26.357126,VOYG,30m,2026-05-01 09:30:00-04:00,2026-07-26,10,1.0,0.5,2.0,0.3,87,0.39080459770114945,102.68133534475544,1.1802452338477636
2026-07-26 12:46:26.357126,VOYG,30m,2026-05-01 09:30:00-04:00,2026-07-26,10,1.0,0.5,2.0,0.5,80,0.3375,13.201444677650365,0.16501805847062956
2026-07-26 12:46:26.357126,VOYG,30m,2026-05-01 09:30:00-04:00,2026-07-26,10,1.0,0.5,2.0,0.7,63,0.36507936507936506,36.032171660867576,0.5719392327121837
2026-07-26 12:46:26.357126,VOYG,30m,2026-05-01 09:30:00-04:00,2026-07-26,10,1.0,0.5,2.5,0.3,79,0.4050632911392405,150.64102502273838,1.9068484180093466
2026-07-26 12:46:26.357126,VOYG,30m,2026-05-01 09:30:00-04:00,2026-07-26,10,1.0,0.5,2.5,0.5,71,0.39436619718309857,126.4527069704169,1.7810240418368577
2026-07-26 12:46:26.357126,VOYG,30m,2026-05-01 09:30:00-04:00,2026-07-26,10,1.0,0.5,2.5,0.7,58,0.4482758620689655,151.40429984110565,2.6104189627776835
2026-07-26 12:46:26.357126,VOYG,30m,2026-05-01 09:30:00-04:00,2026-07-26,10,1.0,0.5,3.0,0.3,77,0.4025974025974026,127.64766457041843,1.6577618775379017
2026-07-26 12:46:26.357126,VOYG,30m,2026-05-01 09:30:00-04:00,2026-07-26,10,1.0,0.5,3.0,0.5,69,0.37681159420289856,104.66116482448825,1.516828475717221
2026-07-26 12:46:26.357126,VOYG,30m,2026-05-01 09:30:00-04:00,2026-07-26,10,1.0,0.5,3.0,0.7,57,0.42105263157894735,111.66874751348581,1.9591008335699265
2026-07-26 12:46:26.357126,VOYG,30m,2026-05-01 09:30:00-04:00,2026-07-26,10,1.0,0.5,3.5,0.3,77,0.4155844155844156,122.01742618242491,1.5846418984730508
2026-07-26 12:46:26.357126,VOYG,30m,2026-05-01 09:30:00-04:00,2026-07-26,10,1.0,0.5,3.5,0.5,68,0.38235294117647056,97.42492597670022,1.4327194996573562
2026-07-26 12:46:26.357126,VOYG,30m,2026-05-01 09:30:00-04:00,2026-07-26,10,1.0,0.5,3.5,0.7,57,0.42105263157894735,106.41085987656643,1.866857190816955
2026-07-26 12:46:26.357126,VOYG,30m,2026-05-01 09:30:00-04:00,2026-07-26,10,1.0,0.8,1.0,0.3,101,0.39603960396039606,18.981971787859315,0.18794031473128034
2026-07-26 12:46:26.357126,VOYG,30m,2026-05-01 09:30:00-04:00,2026-07-26,10,1.0,0.8,1.0,0.5,89,0.3595505617977528,-3.744258304509387,-0.04207031802819536
2026-07-26 12:46:26.357126,VOYG,30m,2026-05-01 09:30:00-04:00,2026-07-26,10,1.0,0.8,1.0,0.7,71,0.38028169014084506,1.7402304116555456,0.024510287488106276
2026-07-26 12:46:26.357126,VOYG,30m,2026-05-01 09:30:00-04:00,2026-07-26,10,1.0,0.8,1.5,0.3,90,0.43333333333333335,43.14261509092308,0.4793623898991453
2026-07-26 12:46:26.357126,VOYG,30m,2026-05-01 09:30:00-04:00,2026-07-26,10,1.0,0.8,1.5,0.5,81,0.4074074074074074,19.862736385958826,0.24521896772788673
2026-07-26 12:46:26.357126,VOYG,30m,2026-05-01 09:30:00-04:00,2026-07-26,10,1.0,0.8,1.5,0.7,64,0.453125,49.6970883876433,0.7765170060569265
2026-07-26 12:46:26.357126,VOYG,30m,2026-05-01 09:30:00-04:00,2026-07-26,10,1.0,0.8,2.0,0.3,83,0.40963855421686746,66.65576583059847,0.8030815160313068
2026-07-26 12:46:26.357126,VOYG,30m,2026-05-01 09:30:00-04:00,2026-07-26,10,1.0,0.8,2.0,0.5,77,0.37662337662337664,16.38920303632947,0.2128467926796035
2026-07-26 12:46:26.357126,VOYG,30m,2026-05-01 09:30:00-04:00,2026-07-26,10,1.0,0.8,2.0,0.7,63,0.3968253968253968,44.97136422891032,0.7138311782366717
2026-07-26 12:46:26.357126,VOYG,30m,2026-05-01 09:30:00-04:00,2026-07-26,10,1.0,0.8,2.5,0.3,77,0.37662337662337664,97.93668242156528,1.271904966513835
2026-07-26 12:46:26.357126,VOYG,30m,2026-05-01 09:30:00-04:00,2026-07-26,10,1.0,0.8,2.5,0.5,69,0.391304347826087,114.86127167030716,1.6646561111638718
2026-07-26 12:46:26.357126,VOYG,30m,2026-05-01 09:30:00-04:00,2026-07-26,10,1.0,0.8,2.5,0.7,58,0.43103448275862066,149.41750877883297,2.576163944462637
2026-07-26 12:46:26.357126,VOYG,30m,2026-05-01 09:30:00-04:00,2026-07-26,10,1.0,0.8,3.0,0.3,76,0.3684210526315789,63.791611913627335,0.8393633146529913
2026-07-26 12:46:26.357126,VOYG,30m,2026-05-01 09:30:00-04:00,2026-07-26,10,1.0,0.8,3.0,0.5,68,0.36764705882352944,62.72884819865973,0.9224830617449961
2026-07-26 12:46:26.357126,VOYG,30m,2026-05-01 09:30:00-04:00,2026-07-26,10,1.0,0.8,3.0,0.7,57,0.40350877192982454,109.08719823875862,1.9138104954168178
2026-07-26 12:46:26.357126,VOYG,30m,2026-05-01 09:30:00-04:00,2026-07-26,10,1.0,0.8,3.5,0.3,76,0.40789473684210525,62.482879755754965,0.8221431546809864
2026-07-26 12:46:26.357126,VOYG,30m,2026-05-01 09:30:00-04:00,2026-07-26,10,1.0,0.8,3.5,0.5,67,0.3880597014925373,59.17087905159662,0.8831474485312929
2026-07-26 12:46:26.357126,VOYG,30m,2026-05-01 09:30:00-04:00,2026-07-26,10,1.0,0.8,3.5,0.7,57,0.42105263157894735,108.48909285303327,1.9033174184742678
2026-07-26 12:46:26.357126,VOYG,30m,2026-05-01 09:30:00-04:00,2026-07-26,10,1.0,1.0,1.0,0.3,91,0.37362637362637363,-7.754708290390617,-0.08521657461967712
2026-07-26 12:46:26.357126,VOYG,30m,2026-05-01 09:30:00-04:00,2026-07-26,10,1.0,1.0,1.0,0.5,83,0.37349397590361444,2.8022754609715506,0.033762354951464464
2026-07-26 12:46:26.357126,VOYG,30m,2026-05-01 09:30:00-04:00,2026-07-26,10,1.0,1.0,1.0,0.7,66,0.3939393939393939,6.662145973040374,0.10094160565212688
2026-07-26 12:46:26.357126,VOYG,30m,2026-05-01 09:30:00-04:00,2026-07-26,10,1.0,1.0,1.5,0.3,83,0.42168674698795183,16.776896744099076,0.20213128607348285
2026-07-26 12:46:26.357126,VOYG,30m,2026-05-01 09:30:00-04:00,2026-07-26,10,1.0,1.0,1.5,0.5,78,0.41025641025641024,16.927451484410405,0.21701860877449236
2026-07-26 12:46:26.357126,VOYG,30m,2026-05-01 09:30:00-04:00,2026-07-26,10,1.0,1.0,1.5,0.7,62,0.45161290322580644,43.27487617995072,0.6979818738701729
2026-07-26 12:46:26.357126,VOYG,30m,2026-05-01 09:30:00-04:00,2026-07-26,10,1.0,1.0,2.0,0.3,79,0.379746835443038,13.561229728213284,0.17166113580016815
2026-07-26 12:46:26.357126,VOYG,30m,2026-05-01 09:30:00-04:00,2026-07-26,10,1.0,1.0,2.0,0.5,74,0.3783783783783784,19.245298691231945,0.26007160393556683
2026-07-26 12:46:26.357126,VOYG,30m,2026-05-01 09:30:00-04:00,2026-07-26,10,1.0,1.0,2.0,0.7,61,0.39344262295081966,42.478223475620496,0.6963643192724671
2026-07-26 12:46:26.357126,VOYG,30m,2026-05-01 09:30:00-04:00,2026-07-26,10,1.0,1.0,2.5,0.3,75,0.3466666666666667,61.663395045874374,0.8221786006116584
2026-07-26 12:46:26.357126,VOYG,30m,2026-05-01 09:30:00-04:00,2026-07-26,10,1.0,1.0,2.5,0.5,68,0.38235294117647056,103.83454884514941,1.5269786594874915
2026-07-26 12:46:26.357126,VOYG,30m,2026-05-01 09:30:00-04:00,2026-07-26,10,1.0,1.0,2.5,0.7,57,0.42105263157894735,138.39078595367522,2.427908525503074
2026-07-26 12:46:26.357126,VOYG,30m,2026-05-01 09:30:00-04:00,2026-07-26,10,1.0,1.0,3.0,0.3,75,0.3466666666666667,27.94406140800305,0.37258748544004067
2026-07-26 12:46:26.357126,VOYG,30m,2026-05-01 09:30:00-04:00,2026-07-26,10,1.0,1.0,3.0,0.5,68,0.36764705882352944,51.381348198659715,0.7556080617449958
2026-07-26 12:46:26.357126,VOYG,30m,2026-05-01 09:30:00-04:00,2026-07-26,10,1.0,1.0,3.0,0.7,57,0.40350877192982454,97.73969823875859,1.7147315480483964
2026-07-26 12:46:26.357126,VOYG,30m,2026-05-01 09:30:00-04:00,2026-07-26,10,1.0,1.0,3.5,0.3,74,0.3783783783783784,28.6175040469685,0.3867230276617365
2026-07-26 12:46:26.357126,VOYG,30m,2026-05-01 09:30:00-04:00,2026-07-26,10,1.0,1.0,3.5,0.5,67,0.3880597014925373,47.82337905159662,0.7137817768895017
2026-07-26 12:46:26.357126,VOYG,30m,2026-05-01 09:30:00-04:00,2026-07-26,10,1.0,1.0,3.5,0.7,57,0.42105263157894735,97.14159285303325,1.7042384711058465
2026-07-26 12:46:26.357126,VOYG,30m,2026-05-01 09:30:00-04:00,2026-07-26,10,1.0,1.2,1.0,0.3,76,0.40789473684210525,7.7988865945052765,0.10261692887506943
2026-07-26 12:46:26.357126,VOYG,30m,2026-05-01 09:30:00-04:00,2026-07-26,10,1.0,1.2,1.0,0.5,72,0.3888888888888889,7.184469085610772,0.09978429285570517
2026-07-26 12:46:26.357126,VOYG,30m,2026-05-01 09:30:00-04:00,2026-07-26,10,1.0,1.2,1.0,0.7,58,0.41379310344827586,13.456265163459165,0.2320045717837787
2026-07-26 12:46:26.357126,VOYG,30m,2026-05-01 09:30:00-04:00,2026-07-26,10,1.0,1.2,1.5,0.3,72,0.4305555555555556,26.410345959820383,0.3668103605530609
2026-07-26 12:46:26.357126,VOYG,30m,2026-05-01 09:30:00-04:00,2026-07-26,10,1.0,1.2,1.5,0.5,70,0.4,15.907192412864077,0.22724560589805826
2026-07-26 12:46:26.357126,VOYG,30m,2026-05-01 09:30:00-04:00,2026-07-26,10,1.0,1.2,1.5,0.7,57,0.40350877192982454,25.26914209387204,0.4433182823486323
2026-07-26 12:46:26.357126,VOYG,30m,2026-05-01 09:30:00-04:00,2026-07-26,10,1.0,1.2,2.0,0.3,69,0.391304347826087,17.53362946181334,0.25411057191033826
2026-07-26 12:46:26.357126,VOYG,30m,2026-05-01 09:30:00-04:00,2026-07-26,10,1.0,1.2,2.0,0.5,67,0.373134328358209,8.29700542778695,0.1238359019072679
2026-07-26 12:46:26.357126,VOYG,30m,2026-05-01 09:30:00-04:00,2026-07-26,10,1.0,1.2,2.0,0.7,57,0.3508771929824561,9.972637510504299,0.1749585528158649
2026-07-26 12:46:26.357126,VOYG,30m,2026-05-01 09:30:00-04:00,2026-07-26,10,1.0,1.2,2.5,0.3,64,0.375,95.03384914602134,1.4849038929065834
2026-07-26 12:46:26.357126,VOYG,30m,2026-05-01 09:30:00-04:00,2026-07-26,10,1.0,1.2,2.5,0.5,62,0.3709677419354839,86.47756910348835,1.394799501669167
2026-07-26 12:46:26.357126,VOYG,30m,2026-05-01 09:30:00-04:00,2026-07-26,10,1.0,1.2,2.5,0.7,53,0.37735849056603776,106.42000876043133,2.007924693593044
2026-07-26 12:46:26.357126,VOYG,30m,2026-05-01 09:30:00-04:00,2026-07-26,10,1.0,1.2,3.0,0.3,64,0.390625,56.88041867108271,0.8887565417356673
2026-07-26 12:46:26.357126,VOYG,30m,2026-05-01 09:30:00-04:00,2026-07-26,10,1.0,1.2,3.0,0.5,62,0.3870967741935484,49.004482620043035,0.790394880968436
2026-07-26 12:46:26.357126,VOYG,30m,2026-05-01 09:30:00-04:00,2026-07-26,10,1.0,1.2,3.0,0.7,53,0.39622641509433965,79.48180872852956,1.499656768462822
2026-07-26 12:46:26.357126,VOYG,30m,2026-05-01 09:30:00-04:00,2026-07-26,10,1.0,1.2,3.5,0.3,64,0.390625,50.991112593241816,0.7967361342694034
2026-07-26 12:46:26.357126,VOYG,30m,2026-05-01 09:30:00-04:00,2026-07-26,10,1.0,1.2,3.5,0.5,62,0.3870967741935484,41.39430763188966,0.6676501230949945
2026-07-26 12:46:26.357126,VOYG,30m,2026-05-01 09:30:00-04:00,2026-07-26,10,1.0,1.2,3.5,0.7,53,0.41509433962264153,79.91312715903356,1.507794852057237
2026-07-26 12:46:26.357126,VOYG,30m,2026-05-01 09:30:00-04:00,2026-07-26,10,1.0,1.5,1.0,0.3,70,0.35714285714285715,-17.563363905219163,-0.25090519864598804
2026-07-26 12:46:26.357126,VOYG,30m,2026-05-01 09:30:00-04:00,2026-07-26,10,1.0,1.5,1.0,0.5,67,0.3582089552238806,-14.845723680447023,-0.2215779653798063
2026-07-26 12:46:26.357126,VOYG,30m,2026-05-01 09:30:00-04:00,2026-07-26,10,1.0,1.5,1.0,0.7,54,0.4074074074074074,-6.526582615428325,-0.12086264102645046
2026-07-26 12:46:26.357126,VOYG,30m,2026-05-01 09:30:00-04:00,2026-07-26,10,1.0,1.5,1.5,0.3,69,0.42028985507246375,8.481879488907147,0.12292578969430648
2026-07-26 12:46:26.357126,VOYG,30m,2026-05-01 09:30:00-04:00,2026-07-26,10,1.0,1.5,1.5,0.5,66,0.4090909090909091,2.3710168083232475,0.03592449709580678
2026-07-26 12:46:26.357126,VOYG,30m,2026-05-01 09:30:00-04:00,2026-07-26,10,1.0,1.5,1.5,0.7,53,0.41509433962264153,14.21562625406633,0.2682193632842704
2026-07-26 12:46:26.357126,VOYG,30m,2026-05-01 09:30:00-04:00,2026-07-26,10,1.0,1.5,2.0,0.3,66,0.3787878787878788,-3.7002508853375176,-0.05606440735359875
2026-07-26 12:46:26.357126,VOYG,30m,2026-05-01 09:30:00-04:00,2026-07-26,10,1.0,1.5,2.0,0.5,64,0.375,2.176041968452054,0.03400065575706335
2026-07-26 12:46:26.357126,VOYG,30m,2026-05-01 09:30:00-04:00,2026-07-26,10,1.0,1.5,2.0,0.7,53,0.33962264150943394,1.7321459704378412,0.03268199944222342
2026-07-26 12:46:26.357126,VOYG,30m,2026-05-01 09:30:00-04:00,2026-07-26,10,1.0,1.5,2.5,0.3,61,0.36065573770491804,72.18302877392853,1.1833283405562054
2026-07-26 12:46:26.357126,VOYG,30m,2026-05-01 09:30:00-04:00,2026-07-26,10,1.0,1.5,2.5,0.5,59,0.3728813559322034,79.35044954056963,1.3449228735689767
2026-07-26 12:46:26.357126,VOYG,30m,2026-05-01 09:30:00-04:00,2026-07-26,10,1.0,1.5,2.5,0.7,49,0.3673469387755102,98.80597909659824,2.016448552991801
2026-07-26 12:46:26.357126,VOYG,30m,2026-05-01 09:30:00-04:00,2026-07-26,10,1.0,1.5,3.0,0.3,61,0.3770491803278688,34.47742097703035,0.565203622574268
2026-07-26 12:46:26.357126,VOYG,30m,2026-05-01 09:30:00-04:00,2026-07-26,10,1.0,1.5,3.0,0.5,59,0.3898305084745763,43.08176615101651,0.7301994262884154
2026-07-26 12:46:26.357126,VOYG,30m,2026-05-01 09:30:00-04:00,2026-07-26,10,1.0,1.5,3.0,0.7,49,0.3877551020408163,74.7048001384058,1.524587757926649
2026-07-26 12:46:26.357126,VOYG,30m,2026-05-01 09:30:00-04:00,2026-07-26,10,1.0,1.5,3.5,0.3,61,0.3770491803278688,27.338753767231772,0.4481762912660946
2026-07-26 12:46:26.357126,VOYG,30m,2026-05-01 09:30:00-04:00,2026-07-26,10,1.0,1.5,3.5,0.5,59,0.3898305084745763,34.43561023507638,0.5836544107640065
2026-07-26 12:46:26.357126,VOYG,30m,2026-05-01 09:30:00-04:00,2026-07-26,10,1.0,1.5,3.5,0.7,49,0.40816326530612246,75.59553380388915,1.5427659959977378
2026-07-26 12:46:26.357126,VOYG,30m,2026-05-01 09:30:00-04:00,2026-07-26,10,1.0,1.8,1.0,0.3,60,0.35,-9.542246378569281,-0.15903743964282135
2026-07-26 12:46:26.357126,VOYG,30m,2026-05-01 09:30:00-04:00,2026-07-26,10,1.0,1.8,1.0,0.5,58,0.3448275862068966,-10.089187242599884,-0.17395150418275662
2026-07-26 12:46:26.357126,VOYG,30m,2026-05-01 09:30:00-04:00,2026-07-26,10,1.0,1.8,1.0,0.7,49,0.3673469387755102,-17.069063068275483,-0.3483482258831731
2026-07-26 12:46:26.357126,VOYG,30m,2026-05-01 09:30:00-04:00,2026-07-26,10,1.0,1.8,1.5,0.3,60,0.4166666666666667,-13.748234215972168,-0.22913723693286947
2026-07-26 12:46:26.357126,VOYG,30m,2026-05-01 09:30:00-04:00,2026-07-26,10,1.0,1.8,1.5,0.5,58,0.41379310344827586,-10.643645512018018,-0.18351112951755205
2026-07-26 12:46:26.357126,VOYG,30m,2026-05-01 09:30:00-04:00,2026-07-26,10,1.0,1.8,1.5,0.7,49,0.40816326530612246,-16.615632636095725,-0.3390945435937903
2026-07-26 12:46:26.357126,VOYG,30m,2026-05-01 09:30:00-04:00,2026-07-26,10,1.0,1.8,2.0,0.3,60,0.3333333333333333,-32.3002154818112,-0.5383369246968533
2026-07-26 12:46:26.357126,VOYG,30m,2026-05-01 09:30:00-04:00,2026-07-26,10,1.0,1.8,2.0,0.5,58,0.3448275862068966,-25.824142027514227,-0.44524382806059015
2026-07-26 12:46:26.357126,VOYG,30m,2026-05-01 09:30:00-04:00,2026-07-26,10,1.0,1.8,2.0,0.7,49,0.30612244897959184,-29.541992286314567,-0.6028978017615217
2026-07-26 12:46:26.357126,VOYG,30m,2026-05-01 09:30:00-04:00,2026-07-26,10,1.0,1.8,2.5,0.3,55,0.34545454545454546,56.078065923168445,1.0196011986030626
2026-07-26 12:46:26.357126,VOYG,30m,2026-05-01 09:30:00-04:00,2026-07-26,10,1.0,1.8,2.5,0.5,53,0.3584905660377358,63.650157741039706,1.2009463724724472
2026-07-26 12:46:26.357126,VOYG,30m,2026-05-01 09:30:00-04:00,2026-07-26,10,1.0,1.8,2.5,0.7,45,0.3333333333333333,72.77443166434277,1.6172095925409504
2026-07-26 12:46:26.357126,VOYG,30m,2026-05-01 09:30:00-04:00,2026-07-26,10,1.0,1.8,3.0,0.3,55,0.36363636363636365,13.251243465644968,0.24093169937536307
2026-07-26 12:46:26.357126,VOYG,30m,2026-05-01 09:30:00-04:00,2026-07-26,10,1.0,1.8,3.0,0.5,53,0.37735849056603776,21.919353647090425,0.41357271032246085
2026-07-26 12:46:26.357126,VOYG,30m,2026-05-01 09:30:00-04:00,2026-07-26,10,1.0,1.8,3.0,0.7,45,0.37777777777777777,53.91694321969929,1.1981542937710954
2026-07-26 12:46:26.357126,VOYG,30m,2026-05-01 09:30:00-04:00,2026-07-26,10,1.0,1.8,3.5,0.3,55,0.36363636363636365,9.313129182765472,0.16932962150482678
2026-07-26 12:46:26.357126,VOYG,30m,2026-05-01 09:30:00-04:00,2026-07-26,10,1.0,1.8,3.5,0.5,53,0.37735849056603776,16.67604482597924,0.31464235520715544
2026-07-26 12:46:26.357126,VOYG,30m,2026-05-01 09:30:00-04:00,2026-07-26,10,1.0,1.8,3.5,0.7,45,0.4,58.327897837632534,1.2961755075029453
2026-07-26 12:46:26.357126,VOYG,30m,2026-05-01 09:30:00-04:00,2026-07-26,10,1.0,2.0,1.0,0.3,56,0.35714285714285715,16.820604982798883,0.30036794612140866
2026-07-26 12:46:26.357126,VOYG,30m,2026-05-01 09:30:00-04:00,2026-07-26,10,1.0,2.0,1.0,0.5,54,0.35185185185185186,16.27366411876828,0.30136415034756076
2026-07-26 12:46:26.357126,VOYG,30m,2026-05-01 09:30:00-04:00,2026-07-26,10,1.0,2.0,1.0,0.7,44,0.38636363636363635,12.272903127685808,0.27892961653831383
2026-07-26 12:46:26.357126,VOYG,30m,2026-05-01 09:30:00-04:00,2026-07-26,10,1.0,2.0,1.5,0.3,56,0.4107142857142857,21.771042826080205,0.38876862189428935
2026-07-26 12:46:26.357126,VOYG,30m,2026-05-01 09:30:00-04:00,2026-07-26,10,1.0,2.0,1.5,0.5,54,0.4074074074074074,24.875631530034354,0.46065984314878433
2026-07-26 12:46:26.357126,VOYG,30m,2026-05-01 09:30:00-04:00,2026-07-26,10,1.0,2.0,1.5,0.7,44,0.4090909090909091,23.372316657846355,0.5311890149510535
2026-07-26 12:46:26.357126,VOYG,30m,2026-05-01 09:30:00-04:00,2026-07-26,10,1.0,2.0,2.0,0.3,56,0.375,25.513196240324838,0.45559279000580066
2026-07-26 12:46:26.357126,VOYG,30m,2026-05-01 09:30:00-04:00,2026-07-26,10,1.0,2.0,2.0,0.5,54,0.3888888888888889,31.989269694621818,0.5923938832337373
2026-07-26 12:46:26.357126,VOYG,30m,2026-05-01 09:30:00-04:00,2026-07-26,10,1.0,2.0,2.0,0.7,44,0.36363636363636365,34.3285579307549,0.7801944984262477
2026-07-26 12:46:26.357126,VOYG,30m,2026-05-01 09:30:00-04:00,2026-07-26,10,1.0,2.0,2.5,0.3,52,0.38461538461538464,87.8440391954312,1.6893084460659844
2026-07-26 12:46:26.357126,VOYG,30m,2026-05-01 09:30:00-04:00,2026-07-26,10,1.0,2.0,2.5,0.5,50,0.4,95.41613101330243,1.9083226202660486
2026-07-26 12:46:26.357126,VOYG,30m,2026-05-01 09:30:00-04:00,2026-07-26,10,1.0,2.0,2.5,0.7,41,0.3902439024390244,111.86182805527231,2.728337269640788
2026-07-26 12:46:26.357126,VOYG,30m,2026-05-01 09:30:00-04:00,2026-07-26,10,1.0,2.0,3.0,0.3,52,0.40384615384615385,45.46391139236018,0.8743059883146189
2026-07-26 12:46:26.357126,VOYG,30m,2026-05-01 09:30:00-04:00,2026-07-26,10,1.0,2.0,3.0,0.5,50,0.42,54.13202157380564,1.0826404314761127
2026-07-26 12:46:26.357126,VOYG,30m,2026-05-01 09:30:00-04:00,2026-07-26,10,1.0,2.0,3.0,0.7,41,0.4146341463414634,82.48297438503528,2.011779863049641
2026-07-26 12:46:26.357126,VOYG,30m,2026-05-01 09:30:00-04:00,2026-07-26,10,1.0,2.0,3.5,0.3,51,0.4117647058823529,45.70491254314405,0.8961747557479225
2026-07-26 12:46:26.357126,VOYG,30m,2026-05-01 09:30:00-04:00,2026-07-26,10,1.0,2.0,3.5,0.5,49,0.42857142857142855,53.067828186357815,1.0830169017624043
2026-07-26 12:46:26.357126,VOYG,30m,2026-05-01 09:30:00-04:00,2026-07-26,10,1.0,2.0,3.5,0.7,40,0.45,90.84777164306868,2.271194291076717
2026-07-26 12:46:26.357126,VOYG,30m,2026-05-01 09:30:00-04:00,2026-07-26,10,1.0,2.5,1.0,0.3,44,0.3409090909090909,15.12886726268075,0.3438378923336534
2026-07-26 12:46:26.357126,VOYG,30m,2026-05-01 09:30:00-04:00,2026-07-26,10,1.0,2.5,1.0,0.5,44,0.3409090909090909,15.12886726268075,0.3438378923336534
2026-07-26 12:46:26.357126,VOYG,30m,2026-05-01 09:30:00-04:00,2026-07-26,10,1.0,2.5,1.0,0.7,36,0.3888888888888889,16.919250837834348,0.469979189939843
2026-07-26 12:46:26.357126,VOYG,30m,2026-05-01 09:30:00-04:00,2026-07-26,10,1.0,2.5,1.5,0.3,44,0.38636363636363635,34.85104746659616,0.7920692606044581
2026-07-26 12:46:26.357126,VOYG,30m,2026-05-01 09:30:00-04:00,2026-07-26,10,1.0,2.5,1.5,0.5,44,0.38636363636363635,34.85104746659616,0.7920692606044581
2026-07-26 12:46:26.357126,VOYG,30m,2026-05-01 09:30:00-04:00,2026-07-26,10,1.0,2.5,1.5,0.7,36,0.4166666666666667,40.39183822306921,1.121995506196367
2026-07-26 12:46:26.357126,VOYG,30m,2026-05-01 09:30:00-04:00,2026-07-26,10,1.0,2.5,2.0,0.3,44,0.38636363636363635,57.33923583634748,1.3031644508260791
2026-07-26 12:46:26.357126,VOYG,30m,2026-05-01 09:30:00-04:00,2026-07-26,10,1.0,2.5,2.0,0.5,44,0.38636363636363635,57.33923583634748,1.3031644508260791
2026-07-26 12:46:26.357126,VOYG,30m,2026-05-01 09:30:00-04:00,2026-07-26,10,1.0,2.5,2.0,0.7,36,0.3888888888888889,67.59282752239496,1.8775785422887488
2026-07-26 12:46:26.357126,VOYG,30m,2026-05-01 09:30:00-04:00,2026-07-26,10,1.0,2.5,2.5,0.3,41,0.3902439024390244,126.93118770385786,3.0958826269233626
2026-07-26 12:46:26.357126,VOYG,30m,2026-05-01 09:30:00-04:00,2026-07-26,10,1.0,2.5,2.5,0.5,41,0.3902439024390244,126.93118770385786,3.0958826269233626
2026-07-26 12:46:26.357126,VOYG,30m,2026-05-01 09:30:00-04:00,2026-07-26,10,1.0,2.5,2.5,0.7,34,0.4117647058823529,149.92601405822077,4.409588648771199
2026-07-26 12:46:26.357126,VOYG,30m,2026-05-01 09:30:00-04:00,2026-07-26,10,1.0,2.5,3.0,0.3,41,0.3902439024390244,88.15737154485521,2.1501797937769562
2026-07-26 12:46:26.357126,VOYG,30m,2026-05-01 09:30:00-04:00,2026-07-26,10,1.0,2.5,3.0,0.5,41,0.3902439024390244,88.15737154485521,2.1501797937769562
2026-07-26 12:46:26.357126,VOYG,30m,2026-05-01 09:30:00-04:00,2026-07-26,10,1.0,2.5,3.0,0.7,34,0.4117647058823529,120.72894652066941,3.5508513682549827
2026-07-26 12:46:26.357126,VOYG,30m,2026-05-01 09:30:00-04:00,2026-07-26,10,1.0,2.5,3.5,0.3,40,0.4,93.52114188718326,2.3380285471795816
2026-07-26 12:46:26.357126,VOYG,30m,2026-05-01 09:30:00-04:00,2026-07-26,10,1.0,2.5,3.5,0.5,40,0.4,93.52114188718326,2.3380285471795816
2026-07-26 12:46:26.357126,VOYG,30m,2026-05-01 09:30:00-04:00,2026-07-26,10,1.0,2.5,3.5,0.7,33,0.45454545454545453,131.5117391346418,3.9852042162012666
2026-07-26 12:46:26.357126,VOYG,30m,2026-05-01 09:30:00-04:00,2026-07-26,10,1.0,3.0,1.0,0.3,34,0.3235294117647059,1.8568246181284564,0.05461248876848401
2026-07-26 12:46:26.357126,VOYG,30m,2026-05-01 09:30:00-04:00,2026-07-26,10,1.0,3.0,1.0,0.5,34,0.3235294117647059,1.8568246181284564,0.05461248876848401
2026-07-26 12:46:26.357126,VOYG,30m,2026-05-01 09:30:00-04:00,2026-07-26,10,1.0,3.0,1.0,0.7,27,0.3333333333333333,2.8802855185351817,0.10667724142722895
2026-07-26 12:46:26.357126,VOYG,30m,2026-05-01 09:30:00-04:00,2026-07-26,10,1.0,3.0,1.5,0.3,34,0.4117647058823529,29.372869296025925,0.8639079204713508
2026-07-26 12:46:26.357126,VOYG,30m,2026-05-01 09:30:00-04:00,2026-07-26,10,1.0,3.0,1.5,0.5,34,0.4117647058823529,29.372869296025925,0.8639079204713508
2026-07-26 12:46:26.357126,VOYG,30m,2026-05-01 09:30:00-04:00,2026-07-26,10,1.0,3.0,1.5,0.7,27,0.4444444444444444,32.538276040378626,1.205121334828838
2026-07-26 12:46:26.357126,VOYG,30m,2026-05-01 09:30:00-04:00,2026-07-26,10,1.0,3.0,2.0,0.3,34,0.35294117647058826,41.633982947393804,1.2245289102174648
2026-07-26 12:46:26.357126,VOYG,30m,2026-05-01 09:30:00-04:00,2026-07-26,10,1.0,3.0,2.0,0.5,34,0.35294117647058826,41.633982947393804,1.2245289102174648
2026-07-26 12:46:26.357126,VOYG,30m,2026-05-01 09:30:00-04:00,2026-07-26,10,1.0,3.0,2.0,0.7,27,0.37037037037037035,54.14599227167563,2.0054071211731714
2026-07-26 12:46:26.357126,VOYG,30m,2026-05-01 09:30:00-04:00,2026-07-26,10,1.0,3.0,2.5,0.3,33,0.3333333333333333,38.04122339245918,1.1527643452260357
2026-07-26 12:46:26.357126,VOYG,30m,2026-05-01 09:30:00-04:00,2026-07-26,10,1.0,3.0,2.5,0.5,33,0.3333333333333333,38.04122339245918,1.1527643452260357
2026-07-26 12:46:26.357126,VOYG,30m,2026-05-01 09:30:00-04:00,2026-07-26,10,1.0,3.0,2.5,0.7,26,0.34615384615384615,60.043735047811424,2.309374424915824
2026-07-26 12:46:26.357126,VOYG,30m,2026-05-01 09:30:00-04:00,2026-07-26,10,1.0,3.0,3.0,0.3,33,0.36363636363636365,22.2007036610799,0.6727485957903
2026-07-26 12:46:26.357126,VOYG,30m,2026-05-01 09:30:00-04:00,2026-07-26,10,1.0,3.0,3.0,0.5,33,0.36363636363636365,22.2007036610799,0.6727485957903
2026-07-26 12:46:26.357126,VOYG,30m,2026-05-01 09:30:00-04:00,2026-07-26,10,1.0,3.0,3.0,0.7,26,0.38461538461538464,53.691500998081274,2.0650577306954334
2026-07-26 12:46:26.357126,VOYG,30m,2026-05-01 09:30:00-04:00,2026-07-26,10,1.0,3.0,3.5,0.3,32,0.375,38.05904056577454,1.1893450176804543
2026-07-26 12:46:26.357126,VOYG,30m,2026-05-01 09:30:00-04:00,2026-07-26,10,1.0,3.0,3.5,0.5,32,0.375,38.05904056577454,1.1893450176804543
2026-07-26 12:46:26.357126,VOYG,30m,2026-05-01 09:30:00-04:00,2026-07-26,10,1.0,3.0,3.5,0.7,26,0.4230769230769231,65.8713972346181,2.5335152782545425
2026-07-26 12:46:26.357126,VOYG,30m,2026-05-01 09:30:00-04:00,2026-07-26,10,1.0,3.5,1.0,0.3,28,0.35714285714285715,22.23058080933516,0.7939493146191128
2026-07-26 12:46:26.357126,VOYG,30m,2026-05-01 09:30:00-04:00,2026-07-26,10,1.0,3.5,1.0,0.5,28,0.35714285714285715,22.23058080933516,0.7939493146191128
2026-07-26 12:46:26.357126,VOYG,30m,2026-05-01 09:30:00-04:00,2026-07-26,10,1.0,3.5,1.0,0.7,21,0.38095238095238093,23.254041709741884,1.1073353195115183
2026-07-26 12:46:26.357126,VOYG,30m,2026-05-01 09:30:00-04:00,2026-07-26,10,1.0,3.5,1.5,0.3,28,0.39285714285714285,11.232979840712112,0.401177851454004
2026-07-26 12:46:26.357126,VOYG,30m,2026-05-01 09:30:00-04:00,2026-07-26,10,1.0,3.5,1.5,0.5,28,0.39285714285714285,11.232979840712112,0.401177851454004
2026-07-26 12:46:26.357126,VOYG,30m,2026-05-01 09:30:00-04:00,2026-07-26,10,1.0,3.5,1.5,0.7,21,0.42857142857142855,14.398386585064813,0.6856374564316577
2026-07-26 12:46:26.357126,VOYG,30m,2026-05-01 09:30:00-04:00,2026-07-26,10,1.0,3.5,2.0,0.3,28,0.32142857142857145,0.47632248163314017,0.017011517201183577
2026-07-26 12:46:26.357126,VOYG,30m,2026-05-01 09:30:00-04:00,2026-07-26,10,1.0,3.5,2.0,0.5,28,0.32142857142857145,0.47632248163314017,0.017011517201183577
2026-07-26 12:46:26.357126,VOYG,30m,2026-05-01 09:30:00-04:00,2026-07-26,10,1.0,3.5,2.0,0.7,21,0.3333333333333333,12.988331805914974,0.6184919907578559
2026-07-26 12:46:26.357126,VOYG,30m,2026-05-01 09:30:00-04:00,2026-07-26,10,1.0,3.5,2.5,0.3,28,0.32142857142857145,-21.840533874037575,-0.7800190669299134
2026-07-26 12:46:26.357126,VOYG,30m,2026-05-01 09:30:00-04:00,2026-07-26,10,1.0,3.5,2.5,0.5,28,0.32142857142857145,-21.840533874037575,-0.7800190669299134
2026-07-26 12:46:26.357126,VOYG,30m,2026-05-01 09:30:00-04:00,2026-07-26,10,1.0,3.5,2.5,0.7,21,0.3333333333333333,0.16197778131466833,0.007713227681650873
2026-07-26 12:46:26.357126,VOYG,30m,2026-05-01 09:30:00-04:00,2026-07-26,10,1.0,3.5,3.0,0.3,28,0.35714285714285715,-32.24960772606536,-1.1517717045023343
2026-07-26 12:46:26.357126,VOYG,30m,2026-05-01 09:30:00-04:00,2026-07-26,10,1.0,3.5,3.0,0.5,28,0.35714285714285715,-32.24960772606536,-1.1517717045023343
2026-07-26 12:46:26.357126,VOYG,30m,2026-05-01 09:30:00-04:00,2026-07-26,10,1.0,3.5,3.0,0.7,21,0.38095238095238093,-0.7588103890639886,-0.036133828050666124
2026-07-26 12:46:26.357126,VOYG,30m,2026-05-01 09:30:00-04:00,2026-07-26,10,1.0,3.5,3.5,0.3,26,0.34615384615384615,-10.22087162456181,-0.3931104470985311
2026-07-26 12:46:26.357126,VOYG,30m,2026-05-01 09:30:00-04:00,2026-07-26,10,1.0,3.5,3.5,0.5,26,0.34615384615384615,-10.22087162456181,-0.3931104470985311
2026-07-26 12:46:26.357126,VOYG,30m,2026-05-01 09:30:00-04:00,2026-07-26,10,1.0,3.5,3.5,0.7,20,0.4,17.591485044281754,0.8795742522140877
2026-07-26 12:46:26.357126,VOYG,30m,2026-05-01 09:30:00-04:00,2026-07-26,10,1.2,0.5,1.0,0.3,88,0.45454545454545453,70.63021245216052,0.8026160505927332
2026-07-26 12:46:26.357126,VOYG,30m,2026-05-01 09:30:00-04:00,2026-07-26,10,1.2,0.5,1.0,0.5,72,0.375,9.269068980875375,0.12873706917882466
2026-07-26 12:46:26.357126,VOYG,30m,2026-05-01 09:30:00-04:00,2026-07-26,10,1.2,0.5,1.0,0.7,51,0.39215686274509803,15.903141018350695,0.3118262944774646
2026-07-26 12:46:26.357126,VOYG,30m,2026-05-01 09:30:00-04:00,2026-07-26,10,1.2,0.5,1.5,0.3,79,0.4936708860759494,117.16686268439372,1.4831248441062497
2026-07-26 12:46:26.357126,VOYG,30m,2026-05-01 09:30:00-04:00,2026-07-26,10,1.2,0.5,1.5,0.5,67,0.417910447761194,58.236416227652654,0.869200242203771
2026-07-26 12:46:26.357126,VOYG,30m,2026-05-01 09:30:00-04:00,2026-07-26,10,1.2,0.5,1.5,0.7,48,0.4375,54.707146880998074,1.1397322266874599
2026-07-26 12:46:26.357126,VOYG,30m,2026-05-01 09:30:00-04:00,2026-07-26,10,1.2,0.5,2.0,0.3,71,0.4225352112676056,143.84286701136313,2.0259558733994805
2026-07-26 12:46:26.357126,VOYG,30m,2026-05-01 09:30:00-04:00,2026-07-26,10,1.2,0.5,2.0,0.5,64,0.34375,52.80379285634648,0.8250592633804138
2026-07-26 12:46:26.357126,VOYG,30m,2026-05-01 09:30:00-04:00,2026-07-26,10,1.2,0.5,2.0,0.7,47,0.3617021276595745,50.7667462181934,1.0801435365573062
2026-07-26 12:46:26.357126,VOYG,30m,2026-05-01 09:30:00-04:00,2026-07-26,10,1.2,0.5,2.5,0.3,66,0.42424242424242425,184.5801158122131,2.796668421397168
2026-07-26 12:46:26.357126,VOYG,30m,2026-05-01 09:30:00-04:00,2026-07-26,10,1.2,0.5,2.5,0.5,58,0.39655172413793105,160.4178376429671,2.7658247869477086
2026-07-26 12:46:26.357126,VOYG,30m,2026-05-01 09:30:00-04:00,2026-07-26,10,1.2,0.5,2.5,0.7,45,0.4444444444444444,166.42970671189423,3.698437926930983
2026-07-26 12:46:26.357126,VOYG,30m,2026-05-01 09:30:00-04:00,2026-07-26,10,1.2,0.5,3.0,0.3,64,0.453125,135.68924988220232,2.1201445294094112
2026-07-26 12:46:26.357126,VOYG,30m,2026-05-01 09:30:00-04:00,2026-07-26,10,1.2,0.5,3.0,0.5,57,0.42105263157894735,112.56979946025959,1.9749087624606945
2026-07-26 12:46:26.357126,VOYG,30m,2026-05-01 09:30:00-04:00,2026-07-26,10,1.2,0.5,3.0,0.7,44,0.4772727272727273,129.11692863554288,2.9344756508077925
2026-07-26 12:46:26.357126,VOYG,30m,2026-05-01 09:30:00-04:00,2026-07-26,10,1.2,0.5,3.5,0.3,63,0.4603174603174603,147.22963137507293,2.3369782757948085
2026-07-26 12:46:26.357126,VOYG,30m,2026-05-01 09:30:00-04:00,2026-07-26,10,1.2,0.5,3.5,0.5,56,0.44642857142857145,129.9700799623948,2.3208942850427645
2026-07-26 12:46:26.357126,VOYG,30m,2026-05-01 09:30:00-04:00,2026-07-26,10,1.2,0.5,3.5,0.7,44,0.5,142.59175857645533,3.2407217858285304
2026-07-26 12:46:26.357126,VOYG,30m,2026-05-01 09:30:00-04:00,2026-07-26,10,1.2,0.8,1.0,0.3,80,0.45,43.01208044036862,0.5376510055046078
2026-07-26 12:46:26.357126,VOYG,30m,2026-05-01 09:30:00-04:00,2026-07-26,10,1.2,0.8,1.0,0.5,69,0.4057971014492754,20.138650347999913,0.2918644977971002
2026-07-26 12:46:26.357126,VOYG,30m,2026-05-01 09:30:00-04:00,2026-07-26,10,1.2,0.8,1.0,0.7,51,0.4117647058823529,18.152794632380278,0.35593714965451523
2026-07-26 12:46:26.357126,VOYG,30m,2026-05-01 09:30:00-04:00,2026-07-26,10,1.2,0.8,1.5,0.3,74,0.47297297297297297,71.10617987271425,0.9608943226042467
2026-07-26 12:46:26.357126,VOYG,30m,2026-05-01 09:30:00-04:00,2026-07-26,10,1.2,0.8,1.5,0.5,65,0.4307692307692308,47.47743902128182,0.730422138788951
2026-07-26 12:46:26.357126,VOYG,30m,2026-05-01 09:30:00-04:00,2026-07-26,10,1.2,0.8,1.5,0.7,48,0.4583333333333333,57.25662730204238,1.1928464021258829
2026-07-26 12:46:26.357126,VOYG,30m,2026-05-01 09:30:00-04:00,2026-07-26,10,1.2,0.8,2.0,0.3,68,0.4117647058823529,87.47753844145676,1.2864343888449523
2026-07-26 12:46:26.357126,VOYG,30m,2026-05-01 09:30:00-04:00,2026-07-26,10,1.2,0.8,2.0,0.5,62,0.3548387096774194,33.65274118065411,0.5427861480750663
2026-07-26 12:46:26.357126,VOYG,30m,2026-05-01 09:30:00-04:00,2026-07-26,10,1.2,0.8,2.0,0.7,47,0.3829787234042553,53.616053446252536,1.1407670946011177
2026-07-26 12:46:26.357126,VOYG,30m,2026-05-01 09:30:00-04:00,2026-07-26,10,1.2,0.8,2.5,0.3,64,0.359375,110.41364043147465,1.7252131317417914
2026-07-26 12:46:26.357126,VOYG,30m,2026-05-01 09:30:00-04:00,2026-07-26,10,1.2,0.8,2.5,0.5,57,0.3684210526315789,127.0691397998931,2.229283154384089
2026-07-26 12:46:26.357126,VOYG,30m,2026-05-01 09:30:00-04:00,2026-07-26,10,1.2,0.8,2.5,0.7,45,0.4222222222222222,159.214808974642,3.538106866103156
2026-07-26 12:46:26.357126,VOYG,30m,2026-05-01 09:30:00-04:00,2026-07-26,10,1.2,0.8,3.0,0.3,63,0.3968253968253968,81.9570937469126,1.3009062499509938
2026-07-26 12:46:26.357126,VOYG,30m,2026-05-01 09:30:00-04:00,2026-07-26,10,1.2,0.8,3.0,0.5,56,0.39285714285714285,80.10142217555699,1.430382538849232
2026-07-26 12:46:26.357126,VOYG,30m,2026-05-01 09:30:00-04:00,2026-07-26,10,1.2,0.8,3.0,0.7,44,0.45454545454545453,122.16905135084029,2.776569348882734
2026-07-26 12:46:26.357126,VOYG,30m,2026-05-01 09:30:00-04:00,2026-07-26,10,1.2,0.8,3.5,0.3,62,0.41935483870967744,95.15269921723487,1.5347209551166914
2026-07-26 12:46:26.357126,VOYG,30m,2026-05-01 09:30:00-04:00,2026-07-26,10,1.2,0.8,3.5,0.5,55,0.41818181818181815,97.76872313024174,1.7776131478225772
2026-07-26 12:46:26.357126,VOYG,30m,2026-05-01 09:30:00-04:00,2026-07-26,10,1.2,0.8,3.5,0.7,44,0.4772727272727273,135.91090174430224,3.0888841305523234
2026-07-26 12:46:26.357126,VOYG,30m,2026-05-01 09:30:00-04:00,2026-07-26,10,1.2,1.0,1.0,0.3,71,0.4225352112676056,14.840335060884762,0.20901880367443326
2026-07-26 12:46:26.357126,VOYG,30m,2026-05-01 09:30:00-04:00,2026-07-26,10,1.2,1.0,1.0,0.5,64,0.421875,25.250118812246924,0.3945331064413582
2026-07-26 12:46:26.357126,VOYG,30m,2026-05-01 09:30:00-04:00,2026-07-26,10,1.2,1.0,1.0,0.7,48,0.4375,24.0807320481386,0.5016819176695542
2026-07-26 12:46:26.357126,VOYG,30m,2026-05-01 09:30:00-04:00,2026-07-26,10,1.2,1.0,1.5,0.3,66,0.4696969696969697,55.423112710298916,0.839744131974226
2026-07-26 12:46:26.357126,VOYG,30m,2026-05-01 09:30:00-04:00,2026-07-26,10,1.2,1.0,1.5,0.5,62,0.45161290322580644,55.42646745061024,0.8939752814614554
2026-07-26 12:46:26.357126,VOYG,30m,2026-05-01 09:30:00-04:00,2026-07-26,10,1.2,1.0,1.5,0.7,47,0.46808510638297873,61.28035915863773,1.3038374289071857
2026-07-26 12:46:26.357126,VOYG,30m,2026-05-01 09:30:00-04:00,2026-07-26,10,1.2,1.0,2.0,0.3,63,0.38095238095238093,42.82361932915428,0.6797399893516552
2026-07-26 12:46:26.357126,VOYG,30m,2026-05-01 09:30:00-04:00,2026-07-26,10,1.2,1.0,2.0,0.5,59,0.3728813559322034,48.01295339764021,0.8137788711464442
2026-07-26 12:46:26.357126,VOYG,30m,2026-05-01 09:30:00-04:00,2026-07-26,10,1.2,1.0,2.0,0.7,46,0.391304347826087,59.9310292550463,1.302848462066224
2026-07-26 12:46:26.357126,VOYG,30m,2026-05-01 09:30:00-04:00,2026-07-26,10,1.2,1.0,2.5,0.3,61,0.32786885245901637,82.66120141594033,1.3551016625563987
2026-07-26 12:46:26.357126,VOYG,30m,2026-05-01 09:30:00-04:00,2026-07-26,10,1.2,1.0,2.5,0.5,56,0.375,126.81763979989313,2.264600710712377
2026-07-26 12:46:26.357126,VOYG,30m,2026-05-01 09:30:00-04:00,2026-07-26,10,1.2,1.0,2.5,0.7,45,0.4222222222222222,156.26730897464202,3.472606866103156
2026-07-26 12:46:26.357126,VOYG,30m,2026-05-01 09:30:00-04:00,2026-07-26,10,1.2,1.0,3.0,0.3,60,0.36666666666666664,55.76029388328699,0.9293382313881166
2026-07-26 12:46:26.357126,VOYG,30m,2026-05-01 09:30:00-04:00,2026-07-26,10,1.2,1.0,3.0,0.5,55,0.4,79.84992217555703,1.4518167668283095
2026-07-26 12:46:26.357126,VOYG,30m,2026-05-01 09:30:00-04:00,2026-07-26,10,1.2,1.0,3.0,0.7,44,0.45454545454545453,119.22155135084026,2.709580712519097
2026-07-26 12:46:26.357126,VOYG,30m,2026-05-01 09:30:00-04:00,2026-07-26,10,1.2,1.0,3.5,0.3,59,0.3898305084745763,72.3833235084484,1.226835991668617
2026-07-26 12:46:26.357126,VOYG,30m,2026-05-01 09:30:00-04:00,2026-07-26,10,1.2,1.0,3.5,0.5,54,0.42592592592592593,97.51722313024177,1.8058745024118847
2026-07-26 12:46:26.357126,VOYG,30m,2026-05-01 09:30:00-04:00,2026-07-26,10,1.2,1.0,3.5,0.7,44,0.4772727272727273,132.9634017443022,3.021895494188686
2026-07-26 12:46:26.357126,VOYG,30m,2026-05-01 09:30:00-04:00,2026-07-26,10,1.2,1.2,1.0,0.3,63,0.42857142857142855,20.743496117876248,0.3292618431408928
2026-07-26 12:46:26.357126,VOYG,30m,2026-05-01 09:30:00-04:00,2026-07-26,10,1.2,1.2,1.0,0.5,59,0.4067796610169492,20.129078608981743,0.34117082388104647
2026-07-26 12:46:26.357126,VOYG,30m,2026-05-01 09:30:00-04:00,2026-07-26,10,1.2,1.2,1.0,0.7,45,0.4444444444444444,26.96773401640769,0.5992829781423931
2026-07-26 12:46:26.357126,VOYG,30m,2026-05-01 09:30:00-04:00,2026-07-26,10,1.2,1.2,1.5,0.3,59,0.4745762711864407,59.59464779665577,1.0100787762145045
2026-07-26 12:46:26.357126,VOYG,30m,2026-05-01 09:30:00-04:00,2026-07-26,10,1.2,1.2,1.5,0.5,57,0.43859649122807015,49.091494249699466,0.8612542850824467
2026-07-26 12:46:26.357126,VOYG,30m,2026-05-01 09:30:00-04:00,2026-07-26,10,1.2,1.2,1.5,0.7,44,0.45454545454545453,59.05373292507381,1.3421302937516775
2026-07-26 12:46:26.357126,VOYG,30m,2026-05-01 09:30:00-04:00,2026-07-26,10,1.2,1.2,2.0,0.3,57,0.40350877192982454,56.294969687077874,0.9876310471417171
2026-07-26 12:46:26.357126,VOYG,30m,2026-05-01 09:30:00-04:00,2026-07-26,10,1.2,1.2,2.0,0.5,55,0.38181818181818183,47.0583456530515,0.8556062846009364
2026-07-26 12:46:26.357126,VOYG,30m,2026-05-01 09:30:00-04:00,2026-07-26,10,1.2,1.2,2.0,0.7,44,0.38636363636363635,60.58822478462531,1.3770051087414843
2026-07-26 12:46:26.357126,VOYG,30m,2026-05-01 09:30:00-04:00,2026-07-26,10,1.2,1.2,2.5,0.3,55,0.4,138.13116654608214,2.511475755383312
2026-07-26 12:46:26.357126,VOYG,30m,2026-05-01 09:30:00-04:00,2026-07-26,10,1.2,1.2,2.5,0.5,53,0.39622641509433965,129.57488650354918,2.444809179312249
2026-07-26 12:46:26.357126,VOYG,30m,2026-05-01 09:30:00-04:00,2026-07-26,10,1.2,1.2,2.5,0.7,43,0.4186046511627907,157.8359796875695,3.6706041787806862
2026-07-26 12:46:26.357126,VOYG,30m,2026-05-01 09:30:00-04:00,2026-07-26,10,1.2,1.2,3.0,0.3,55,0.43636363636363634,104.58299193888546,1.901508944343372
2026-07-26 12:46:26.357126,VOYG,30m,2026-05-01 09:30:00-04:00,2026-07-26,10,1.2,1.2,3.0,0.5,53,0.4339622641509434,96.70705588784577,1.8246614318461465
2026-07-26 12:46:26.357126,VOYG,30m,2026-05-01 09:30:00-04:00,2026-07-26,10,1.2,1.2,3.0,0.7,43,0.46511627906976744,135.90432688454183,3.1605657415009727
2026-07-26 12:46:26.357126,VOYG,30m,2026-05-01 09:30:00-04:00,2026-07-26,10,1.2,1.2,3.5,0.3,54,0.4444444444444444,123.89651742259753,2.2943799522703245
2026-07-26 12:46:26.357126,VOYG,30m,2026-05-01 09:30:00-04:00,2026-07-26,10,1.2,1.2,3.5,0.5,52,0.4423076923076923,114.29971246124538,2.198071393485488
2026-07-26 12:46:26.357126,VOYG,30m,2026-05-01 09:30:00-04:00,2026-07-26,10,1.2,1.2,3.5,0.7,43,0.4883720930232558,152.26721193488845,3.54109795197415
2026-07-26 12:46:26.357126,VOYG,30m,2026-05-01 09:30:00-04:00,2026-07-26,10,1.2,1.5,1.0,0.3,58,0.3620689655172414,-9.96493069824318,-0.17180914996971
2026-07-26 12:46:26.357126,VOYG,30m,2026-05-01 09:30:00-04:00,2026-07-26,10,1.2,1.5,1.0,0.5,55,0.36363636363636365,-7.24729047347104,-0.13176891769947344
2026-07-26 12:46:26.357126,VOYG,30m,2026-05-01 09:30:00-04:00,2026-07-26,10,1.2,1.5,1.0,0.7,42,0.42857142857142855,1.638709921125212,0.03901690288393362
2026-07-26 12:46:26.357126,VOYG,30m,2026-05-01 09:30:00-04:00,2026-07-26,10,1.2,1.5,1.5,0.3,57,0.45614035087719296,33.29691685115005,0.5841564359850886
2026-07-26 12:46:26.357126,VOYG,30m,2026-05-01 09:30:00-04:00,2026-07-26,10,1.2,1.5,1.5,0.5,54,0.4444444444444444,27.186054170566152,0.5034454476030769
2026-07-26 12:46:26.357126,VOYG,30m,2026-05-01 09:30:00-04:00,2026-07-26,10,1.2,1.5,1.5,0.7,41,0.4634146341463415,39.630952610675614,0.9666086002603809
2026-07-26 12:46:26.357126,VOYG,30m,2026-05-01 09:30:00-04:00,2026-07-26,10,1.2,1.5,2.0,0.3,55,0.38181818181818183,23.66873670713698,0.43034066740249055
2026-07-26 12:46:26.357126,VOYG,30m,2026-05-01 09:30:00-04:00,2026-07-26,10,1.2,1.5,2.0,0.5,53,0.37735849056603776,29.545029560926537,0.5574533879420102
2026-07-26 12:46:26.357126,VOYG,30m,2026-05-01 09:30:00-04:00,2026-07-26,10,1.2,1.5,2.0,0.7,41,0.36585365853658536,40.95538061176882,0.9989117222382639
2026-07-26 12:46:26.357126,VOYG,30m,2026-05-01 09:30:00-04:00,2026-07-26,10,1.2,1.5,2.5,0.3,53,0.37735849056603776,102.36634617398934,1.9314404938488554
2026-07-26 12:46:26.357126,VOYG,30m,2026-05-01 09:30:00-04:00,2026-07-26,10,1.2,1.5,2.5,0.5,51,0.39215686274509803,109.53376694063044,2.1477209204045185
2026-07-26 12:46:26.357126,VOYG,30m,2026-05-01 09:30:00-04:00,2026-07-26,10,1.2,1.5,2.5,0.7,40,0.4,137.30795002373637,3.432698750593409
2026-07-26 12:46:26.357126,VOYG,30m,2026-05-01 09:30:00-04:00,2026-07-26,10,1.2,1.5,3.0,0.3,53,0.41509433962264153,69.26599424483305,1.306905551789303
2026-07-26 12:46:26.357126,VOYG,30m,2026-05-01 09:30:00-04:00,2026-07-26,10,1.2,1.5,3.0,0.5,51,0.43137254901960786,77.87033941881921,1.5268694003690042
2026-07-26 12:46:26.357126,VOYG,30m,2026-05-01 09:30:00-04:00,2026-07-26,10,1.2,1.5,3.0,0.7,40,0.45,118.21331829441806,2.9553329573604517
2026-07-26 12:46:26.357126,VOYG,30m,2026-05-01 09:30:00-04:00,2026-07-26,10,1.2,1.5,3.5,0.3,52,0.4230769230769231,87.33015859658748,1.6794261268574515
2026-07-26 12:46:26.357126,VOYG,30m,2026-05-01 09:30:00-04:00,2026-07-26,10,1.2,1.5,3.5,0.5,50,0.44,94.4270150644321,1.888540301288642
2026-07-26 12:46:26.357126,VOYG,30m,2026-05-01 09:30:00-04:00,2026-07-26,10,1.2,1.5,3.5,0.7,40,0.475,135.03561857974398,3.3758904644935996
2026-07-26 12:46:26.357126,VOYG,30m,2026-05-01 09:30:00-04:00,2026-07-26,10,1.2,1.8,1.0,0.3,50,0.36,-7.977302450386894,-0.1595460490077379
2026-07-26 12:46:26.357126,VOYG,30m,2026-05-01 09:30:00-04:00,2026-07-26,10,1.2,1.8,1.0,0.5,48,0.3541666666666667,-8.524243314417497,-0.17758840238369786
2026-07-26 12:46:26.357126,VOYG,30m,2026-05-01 09:30:00-04:00,2026-07-26,10,1.2,1.8,1.0,0.7,38,0.39473684210526316,-10.461982149192934,-0.2753153197156035
2026-07-26 12:46:26.357126,VOYG,30m,2026-05-01 09:30:00-04:00,2026-07-26,10,1.2,1.8,1.5,0.3,50,0.42,-0.05843077191951096,-0.0011686154383902191
2026-07-26 12:46:26.357126,VOYG,30m,2026-05-01 09:30:00-04:00,2026-07-26,10,1.2,1.8,1.5,0.5,48,0.4166666666666667,3.046157932034639,0.06346162358405498
2026-07-26 12:46:26.357126,VOYG,30m,2026-05-01 09:30:00-04:00,2026-07-26,10,1.2,1.8,1.5,0.7,38,0.42105263157894735,4.637376294307174,0.12203621827124142
2026-07-26 12:46:26.357126,VOYG,30m,2026-05-01 09:30:00-04:00,2026-07-26,10,1.2,1.8,2.0,0.3,50,0.34,-6.495648314523876,-0.12991296629047752
2026-07-26 12:46:26.357126,VOYG,30m,2026-05-01 09:30:00-04:00,2026-07-26,10,1.2,1.8,2.0,0.5,48,0.3541666666666667,-0.019574860226896362,-0.0004078095880603409
2026-07-26 12:46:26.357126,VOYG,30m,2026-05-01 09:30:00-04:00,2026-07-26,10,1.2,1.8,2.0,0.7,38,0.3157894736842105,6.3468488627730935,0.16702233849402878
2026-07-26 12:46:26.357126,VOYG,30m,2026-05-01 09:30:00-04:00,2026-07-26,10,1.2,1.8,2.5,0.3,48,0.375,78.07954498500244,1.6266571871875508
2026-07-26 12:46:26.357126,VOYG,30m,2026-05-01 09:30:00-04:00,2026-07-26,10,1.2,1.8,2.5,0.5,46,0.391304347826087,85.65163680287371,1.861992104410298
2026-07-26 12:46:26.357126,VOYG,30m,2026-05-01 09:30:00-04:00,2026-07-26,10,1.2,1.8,2.5,0.7,37,0.3783783783783784,105.35841072617679,2.847524614220994
2026-07-26 12:46:26.357126,VOYG,30m,2026-05-01 09:30:00-04:00,2026-07-26,10,1.2,1.8,3.0,0.3,48,0.3958333333333333,37.67567138329216,0.7849098204852534
2026-07-26 12:46:26.357126,VOYG,30m,2026-05-01 09:30:00-04:00,2026-07-26,10,1.2,1.8,3.0,0.5,46,0.41304347826086957,46.34378156473762,1.0074735122769047
2026-07-26 12:46:26.357126,VOYG,30m,2026-05-01 09:30:00-04:00,2026-07-26,10,1.2,1.8,3.0,0.7,37,0.43243243243243246,88.92387113734648,2.403347868576932
2026-07-26 12:46:26.357126,VOYG,30m,2026-05-01 09:30:00-04:00,2026-07-26,10,1.2,1.8,3.5,0.3,47,0.40425531914893614,59.39149490829337,1.2636488278360292
2026-07-26 12:46:26.357126,VOYG,30m,2026-05-01 09:30:00-04:00,2026-07-26,10,1.2,1.8,3.5,0.5,45,0.4222222222222222,66.75441055150714,1.4834313455890475
2026-07-26 12:46:26.357126,VOYG,30m,2026-05-01 09:30:00-04:00,2026-07-26,10,1.2,1.8,3.5,0.7,37,0.4594594594594595,108.40626356316042,2.9298990152205517
2026-07-26 12:46:26.357126,VOYG,30m,2026-05-01 09:30:00-04:00,2026-07-26,10,1.2,2.0,1.0,0.3,48,0.3541666666666667,10.766455377503092,0.2243011536979811
2026-07-26 12:46:26.357126,VOYG,30m,2026-05-01 09:30:00-04:00,2026-07-26,10,1.2,2.0,1.0,0.5,46,0.34782608695652173,10.21951451347249,0.22216335898853237
2026-07-26 12:46:26.357126,VOYG,30m,2026-05-01 09:30:00-04:00,2026-07-26,10,1.2,2.0,1.0,0.7,36,0.3888888888888889,6.218753522390017,0.17274315339972268
2026-07-26 12:46:26.357126,VOYG,30m,2026-05-01 09:30:00-04:00,2026-07-26,10,1.2,2.0,1.5,0.3,48,0.3958333333333333,21.532205969915523,0.44858762437324007
2026-07-26 12:46:26.357126,VOYG,30m,2026-05-01 09:30:00-04:00,2026-07-26,10,1.2,2.0,1.5,0.5,46,0.391304347826087,24.636794673869673,0.5355824929102103
2026-07-26 12:46:26.357126,VOYG,30m,2026-05-01 09:30:00-04:00,2026-07-26,10,1.2,2.0,1.5,0.7,36,0.3888888888888889,23.133479801681673,0.6425966611578242
2026-07-26 12:46:26.357126,VOYG,30m,2026-05-01 09:30:00-04:00,2026-07-26,10,1.2,2.0,2.0,0.3,48,0.375,31.97441692751699,0.6661336859899373
2026-07-26 12:46:26.357126,VOYG,30m,2026-05-01 09:30:00-04:00,2026-07-26,10,1.2,2.0,2.0,0.5,46,0.391304347826087,38.45049038181397,0.835880225691608
2026-07-26 12:46:26.357126,VOYG,30m,2026-05-01 09:30:00-04:00,2026-07-26,10,1.2,2.0,2.0,0.7,36,0.3611111111111111,40.78977861794705,1.1330494060540848
2026-07-26 12:46:26.357126,VOYG,30m,2026-05-01 09:30:00-04:00,2026-07-26,10,1.2,2.0,2.5,0.3,46,0.41304347826086957,95.49551825726518,2.075989527331852
2026-07-26 12:46:26.357126,VOYG,30m,2026-05-01 09:30:00-04:00,2026-07-26,10,1.2,2.0,2.5,0.5,44,0.4318181818181818,103.06761007513641,2.3424456835258276
2026-07-26 12:46:26.357126,VOYG,30m,2026-05-01 09:30:00-04:00,2026-07-26,10,1.2,2.0,2.5,0.7,35,0.42857142857142855,119.5133071171063,3.4146659176316083
2026-07-26 12:46:26.357126,VOYG,30m,2026-05-01 09:30:00-04:00,2026-07-26,10,1.2,2.0,3.0,0.3,46,0.43478260869565216,55.53833931000735,1.2073552023914642
2026-07-26 12:46:26.357126,VOYG,30m,2026-05-01 09:30:00-04:00,2026-07-26,10,1.2,2.0,3.0,0.5,44,0.45454545454545453,64.20644949145282,1.4592374884421095
2026-07-26 12:46:26.357126,VOYG,30m,2026-05-01 09:30:00-04:00,2026-07-26,10,1.2,2.0,3.0,0.7,35,0.45714285714285713,92.55740230268245,2.64449720864807
2026-07-26 12:46:26.357126,VOYG,30m,2026-05-01 09:30:00-04:00,2026-07-26,10,1.2,2.0,3.5,0.3,46,0.43478260869565216,66.99188348540133,1.4563452931608984
2026-07-26 12:46:26.357126,VOYG,30m,2026-05-01 09:30:00-04:00,2026-07-26,10,1.2,2.0,3.5,0.5,44,0.45454545454545453,74.3547991286151,1.689881798377616
2026-07-26 12:46:26.357126,VOYG,30m,2026-05-01 09:30:00-04:00,2026-07-26,10,1.2,2.0,3.5,0.7,35,0.4857142857142857,112.13474258532594,3.2038497881521697
2026-07-26 12:46:26.357126,VOYG,30m,2026-05-01 09:30:00-04:00,2026-07-26,10,1.2,2.5,1.0,0.3,36,0.3333333333333333,9.074717657384959,0.2520754904829155
2026-07-26 12:46:26.357126,VOYG,30m,2026-05-01 09:30:00-04:00,2026-07-26,10,1.2,2.5,1.0,0.5,36,0.3333333333333333,9.074717657384959,0.2520754904829155
2026-07-26 12:46:26.357126,VOYG,30m,2026-05-01 09:30:00-04:00,2026-07-26,10,1.2,2.5,1.0,0.7,28,0.39285714285714285,10.865101232538557,0.3880393297335199
2026-07-26 12:46:26.357126,VOYG,30m,2026-05-01 09:30:00-04:00,2026-07-26,10,1.2,2.5,1.5,0.3,36,0.3611111111111111,34.612210610431475,0.9614502947342076
2026-07-26 12:46:26.357126,VOYG,30m,2026-05-01 09:30:00-04:00,2026-07-26,10,1.2,2.5,1.5,0.5,36,0.3611111111111111,34.612210610431475,0.9614502947342076
2026-07-26 12:46:26.357126,VOYG,30m,2026-05-01 09:30:00-04:00,2026-07-26,10,1.2,2.5,1.5,0.7,28,0.39285714285714285,40.153001366904526,1.434035763103733
2026-07-26 12:46:26.357126,VOYG,30m,2026-05-01 09:30:00-04:00,2026-07-26,10,1.2,2.5,2.0,0.3,36,0.3888888888888889,63.80045652353963,1.7722349034316565
2026-07-26 12:46:26.357126,VOYG,30m,2026-05-01 09:30:00-04:00,2026-07-26,10,1.2,2.5,2.0,0.5,36,0.3888888888888889,63.80045652353963,1.7722349034316565
2026-07-26 12:46:26.357126,VOYG,30m,2026-05-01 09:30:00-04:00,2026-07-26,10,1.2,2.5,2.0,0.7,28,0.39285714285714285,74.05404820958712,2.6447874360566828
2026-07-26 12:46:26.357126,VOYG,30m,2026-05-01 09:30:00-04:00,2026-07-26,10,1.2,2.5,2.5,0.3,35,0.42857142857142855,134.58266676569184,3.845219050448338
2026-07-26 12:46:26.357126,VOYG,30m,2026-05-01 09:30:00-04:00,2026-07-26,10,1.2,2.5,2.5,0.5,35,0.42857142857142855,134.58266676569184,3.845219050448338
2026-07-26 12:46:26.357126,VOYG,30m,2026-05-01 09:30:00-04:00,2026-07-26,10,1.2,2.5,2.5,0.7,28,0.4642857142857143,157.5774931200548,5.627767611430529
2026-07-26 12:46:26.357126,VOYG,30m,2026-05-01 09:30:00-04:00,2026-07-26,10,1.2,2.5,3.0,0.3,35,0.42857142857142855,98.23179946250238,2.8066228417857824
2026-07-26 12:46:26.357126,VOYG,30m,2026-05-01 09:30:00-04:00,2026-07-26,10,1.2,2.5,3.0,0.5,35,0.42857142857142855,98.23179946250238,2.8066228417857824
2026-07-26 12:46:26.357126,VOYG,30m,2026-05-01 09:30:00-04:00,2026-07-26,10,1.2,2.5,3.0,0.7,28,0.4642857142857143,130.80337443831658,4.671549087082735
2026-07-26 12:46:26.357126,VOYG,30m,2026-05-01 09:30:00-04:00,2026-07-26,10,1.2,2.5,3.5,0.3,35,0.42857142857142855,114.80811282944055,3.280231795126873
2026-07-26 12:46:26.357126,VOYG,30m,2026-05-01 09:30:00-04:00,2026-07-26,10,1.2,2.5,3.5,0.5,35,0.42857142857142855,114.80811282944055,3.280231795126873
2026-07-26 12:46:26.357126,VOYG,30m,2026-05-01 09:30:00-04:00,2026-07-26,10,1.2,2.5,3.5,0.7,28,0.5,152.79871007689908,5.457096788460682
2026-07-26 12:46:26.357126,VOYG,30m,2026-05-01 09:30:00-04:00,2026-07-26,10,1.2,3.0,1.0,0.3,25,0.32,-2.283324065495975,-0.091332962619839
2026-07-26 12:46:26.357126,VOYG,30m,2026-05-01 09:30:00-04:00,2026-07-26,10,1.2,3.0,1.0,0.5,25,0.32,-2.283324065495975,-0.091332962619839
2026-07-26 12:46:26.357126,VOYG,30m,2026-05-01 09:30:00-04:00,2026-07-26,10,1.2,3.0,1.0,0.7,18,0.3333333333333333,-1.25986316508925,-0.06999239806051388
2026-07-26 12:46:26.357126,VOYG,30m,2026-05-01 09:30:00-04:00,2026-07-26,10,1.2,3.0,1.5,0.3,25,0.4,32.68003382236827,1.3072013528947308
2026-07-26 12:46:26.357126,VOYG,30m,2026-05-01 09:30:00-04:00,2026-07-26,10,1.2,3.0,1.5,0.5,25,0.4,32.68003382236827,1.3072013528947308
2026-07-26 12:46:26.357126,VOYG,30m,2026-05-01 09:30:00-04:00,2026-07-26,10,1.2,3.0,1.5,0.7,18,0.4444444444444444,35.845440566720974,1.9914133648178318
2026-07-26 12:46:26.357126,VOYG,30m,2026-05-01 09:30:00-04:00,2026-07-26,10,1.2,3.0,2.0,0.3,25,0.36,53.273205477928656,2.130928219117146
2026-07-26 12:46:26.357126,VOYG,30m,2026-05-01 09:30:00-04:00,2026-07-26,10,1.2,3.0,2.0,0.5,25,0.36,53.273205477928656,2.130928219117146
2026-07-26 12:46:26.357126,VOYG,30m,2026-05-01 09:30:00-04:00,2026-07-26,10,1.2,3.0,2.0,0.7,18,0.3888888888888889,65.78521480221048,3.65473415567836
2026-07-26 12:46:26.357126,VOYG,30m,2026-05-01 09:30:00-04:00,2026-07-26,10,1.2,3.0,2.5,0.3,25,0.36,49.62400155562779,1.9849600622251118
2026-07-26 12:46:26.357126,VOYG,30m,2026-05-01 09:30:00-04:00,2026-07-26,10,1.2,3.0,2.5,0.5,25,0.36,49.62400155562779,1.9849600622251118
2026-07-26 12:46:26.357126,VOYG,30m,2026-05-01 09:30:00-04:00,2026-07-26,10,1.2,3.0,2.5,0.7,18,0.3888888888888889,71.62651321098004,3.9792507339433354
2026-07-26 12:46:26.357126,VOYG,30m,2026-05-01 09:30:00-04:00,2026-07-26,10,1.2,3.0,3.0,0.3,25,0.36,24.243861138401215,0.9697544455360486
2026-07-26 12:46:26.357126,VOYG,30m,2026-05-01 09:30:00-04:00,2026-07-26,10,1.2,3.0,3.0,0.5,25,0.36,24.243861138401215,0.9697544455360486
2026-07-26 12:46:26.357126,VOYG,30m,2026-05-01 09:30:00-04:00,2026-07-26,10,1.2,3.0,3.0,0.7,18,0.3888888888888889,55.73465847540259,3.096369915300144
2026-07-26 12:46:26.357126,VOYG,30m,2026-05-01 09:30:00-04:00,2026-07-26,10,1.2,3.0,3.5,0.3,25,0.36,48.23372180732125,1.92934887229285
2026-07-26 12:46:26.357126,VOYG,30m,2026-05-01 09:30:00-04:00,2026-07-26,10,1.2,3.0,3.5,0.5,25,0.36,48.23372180732125,1.92934887229285
2026-07-26 12:46:26.357126,VOYG,30m,2026-05-01 09:30:00-04:00,2026-07-26,10,1.2,3.0,3.5,0.7,18,0.4444444444444444,85.05507847616482,4.7252821375647125
2026-07-26 12:46:26.357126,VOYG,30m,2026-05-01 09:30:00-04:00,2026-07-26,10,1.2,3.5,1.0,0.3,21,0.3333333333333333,12.191176756082065,0.5805322264800983
2026-07-26 12:46:26.357126,VOYG,30m,2026-05-01 09:30:00-04:00,2026-07-26,10,1.2,3.5,1.0,0.5,21,0.3333333333333333,12.191176756082065,0.5805322264800983
2026-07-26 12:46:26.357126,VOYG,30m,2026-05-01 09:30:00-04:00,2026-07-26,10,1.2,3.5,1.0,0.7,14,0.35714285714285715,13.21463765648879,0.9439026897491993
2026-07-26 12:46:26.357126,VOYG,30m,2026-05-01 09:30:00-04:00,2026-07-26,10,1.2,3.5,1.5,0.3,21,0.3333333333333333,5.191921856996871,0.24723437414270813
2026-07-26 12:46:26.357126,VOYG,30m,2026-05-01 09:30:00-04:00,2026-07-26,10,1.2,3.5,1.5,0.5,21,0.3333333333333333,5.191921856996871,0.24723437414270813
2026-07-26 12:46:26.357126,VOYG,30m,2026-05-01 09:30:00-04:00,2026-07-26,10,1.2,3.5,1.5,0.7,14,0.35714285714285715,8.357328601349572,0.5969520429535409
2026-07-26 12:46:26.357126,VOYG,30m,2026-05-01 09:30:00-04:00,2026-07-26,10,1.2,3.5,2.0,0.3,21,0.2857142857142857,0.8446051360133922,0.04021929219111391
2026-07-26 12:46:26.357126,VOYG,30m,2026-05-01 09:30:00-04:00,2026-07-26,10,1.2,3.5,2.0,0.5,21,0.2857142857142857,0.8446051360133922,0.04021929219111391
2026-07-26 12:46:26.357126,VOYG,30m,2026-05-01 09:30:00-04:00,2026-07-26,10,1.2,3.5,2.0,0.7,14,0.2857142857142857,13.356614460295226,0.9540438900210876
2026-07-26 12:46:26.357126,VOYG,30m,2026-05-01 09:30:00-04:00,2026-07-26,10,1.2,3.5,2.5,0.3,21,0.3333333333333333,-12.842680556062263,-0.6115562169553458
2026-07-26 12:46:26.357126,VOYG,30m,2026-05-01 09:30:00-04:00,2026-07-26,10,1.2,3.5,2.5,0.5,21,0.3333333333333333,-12.842680556062263,-0.6115562169553458
2026-07-26 12:46:26.357126,VOYG,30m,2026-05-01 09:30:00-04:00,2026-07-26,10,1.2,3.5,2.5,0.7,14,0.35714285714285715,9.159831099289981,0.6542736499492844
2026-07-26 12:46:26.357126,VOYG,30m,2026-05-01 09:30:00-04:00,2026-07-26,10,1.2,3.5,3.0,0.3,21,0.3333333333333333,-33.428360062975955,-1.5918266696655217
2026-07-26 12:46:26.357126,VOYG,30m,2026-05-01 09:30:00-04:00,2026-07-26,10,1.2,3.5,3.0,0.5,21,0.3333333333333333,-33.428360062975955,-1.5918266696655217
2026-07-26 12:46:26.357126,VOYG,30m,2026-05-01 09:30:00-04:00,2026-07-26,10,1.2,3.5,3.0,0.7,14,0.35714285714285715,-1.9375627259745798,-0.13839733756961284
2026-07-26 12:46:26.357126,VOYG,30m,2026-05-01 09:30:00-04:00,2026-07-26,10,1.2,3.5,3.5,0.3,21,0.2857142857142857,-13.22808516628566,-0.6299088174421742
2026-07-26 12:46:26.357126,VOYG,30m,2026-05-01 09:30:00-04:00,2026-07-26,10,1.2,3.5,3.5,0.5,21,0.2857142857142857,-13.22808516628566,-0.6299088174421742
2026-07-26 12:46:26.357126,VOYG,30m,2026-05-01 09:30:00-04:00,2026-07-26,10,1.2,3.5,3.5,0.7,14,0.35714285714285715,23.593271502557904,1.685233678754136
2026-07-26 12:46:26.357126,VOYG,30m,2026-05-01 09:30:00-04:00,2026-07-26,10,1.5,0.5,1.0,0.3,68,0.4411764705882353,54.7110129548021,0.8045737199235603
2026-07-26 12:46:26.357126,VOYG,30m,2026-05-01 09:30:00-04:00,2026-07-26,10,1.5,0.5,1.0,0.5,54,0.37037037037037035,0.3943777767190326,0.007303292161463567
2026-07-26 12:46:26.357126,VOYG,30m,2026-05-01 09:30:00-04:00,2026-07-26,10,1.5,0.5,1.0,0.7,37,0.43243243243243246,22.604419968994698,0.6109302694322891
2026-07-26 12:46:26.357126,VOYG,30m,2026-05-01 09:30:00-04:00,2026-07-26,10,1.5,0.5,1.5,0.3,63,0.4603174603174603,102.70225400242265,1.6301945079749627
2026-07-26 12:46:26.357126,VOYG,30m,2026-05-01 09:30:00-04:00,2026-07-26,10,1.5,0.5,1.5,0.5,50,0.36,18.69133883622286,0.37382677672445724
2026-07-26 12:46:26.357126,VOYG,30m,2026-05-01 09:30:00-04:00,2026-07-26,10,1.5,0.5,1.5,0.7,34,0.4117647058823529,28.79505920860339,0.8469135061353938
2026-07-26 12:46:26.357126,VOYG,30m,2026-05-01 09:30:00-04:00,2026-07-26,10,1.5,0.5,2.0,0.3,56,0.48214285714285715,144.94705244399728,2.5883402222142373
2026-07-26 12:46:26.357126,VOYG,30m,2026-05-01 09:30:00-04:00,2026-07-26,10,1.5,0.5,2.0,0.5,48,0.3541666666666667,33.45408236204726,0.6969600492093179
2026-07-26 12:46:26.357126,VOYG,30m,2026-05-01 09:30:00-04:00,2026-07-26,10,1.5,0.5,2.0,0.7,34,0.35294117647058826,33.06296770400813,0.9724402265884744
2026-07-26 12:46:26.357126,VOYG,30m,2026-05-01 09:30:00-04:00,2026-07-26,10,1.5,0.5,2.5,0.3,56,0.4642857142857143,105.54394876647217,1.8847133708298602
2026-07-26 12:46:26.357126,VOYG,30m,2026-05-01 09:30:00-04:00,2026-07-26,10,1.5,0.5,2.5,0.5,46,0.43478260869565216,75.2681730898282,1.6362646323875694
2026-07-26 12:46:26.357126,VOYG,30m,2026-05-01 09:30:00-04:00,2026-07-26,10,1.5,0.5,2.5,0.7,33,0.42424242424242425,69.349340987593,2.101495181442212
2026-07-26 12:46:26.357126,VOYG,30m,2026-05-01 09:30:00-04:00,2026-07-26,10,1.5,0.5,3.0,0.3,53,0.5094339622641509,125.34535242765268,2.3650066495783526
2026-07-26 12:46:26.357126,VOYG,30m,2026-05-01 09:30:00-04:00,2026-07-26,10,1.5,0.5,3.0,0.5,44,0.45454545454545453,80.32212955803472,1.825502944500789
2026-07-26 12:46:26.357126,VOYG,30m,2026-05-01 09:30:00-04:00,2026-07-26,10,1.5,0.5,3.0,0.7,33,0.45454545454545453,53.726393234491425,1.628072522257316
2026-07-26 12:46:26.357126,VOYG,30m,2026-05-01 09:30:00-04:00,2026-07-26,10,1.5,0.5,3.5,0.3,52,0.5384615384615384,140.34366645478178,2.6989166625919574
2026-07-26 12:46:26.357126,VOYG,30m,2026-05-01 09:30:00-04:00,2026-07-26,10,1.5,0.5,3.5,0.5,43,0.4883720930232558,102.39045262284517,2.381173316810353
2026-07-26 12:46:26.357126,VOYG,30m,2026-05-01 09:30:00-04:00,2026-07-26,10,1.5,0.5,3.5,0.7,33,0.48484848484848486,75.60822874262215,2.2911584467461257
2026-07-26 12:46:26.357126,VOYG,30m,2026-05-01 09:30:00-04:00,2026-07-26,10,1.5,0.8,1.0,0.3,60,0.45,30.35357630318579,0.5058929383864298
2026-07-26 12:46:26.357126,VOYG,30m,2026-05-01 09:30:00-04:00,2026-07-26,10,1.5,0.8,1.0,0.5,51,0.4117647058823529,11.263959143843572,0.22086194399693276
2026-07-26 12:46:26.357126,VOYG,30m,2026-05-01 09:30:00-04:00,2026-07-26,10,1.5,0.8,1.0,0.7,37,0.4594594594594595,24.85407358302428,0.6717317184601157
2026-07-26 12:46:26.357126,VOYG,30m,2026-05-01 09:30:00-04:00,2026-07-26,10,1.5,0.8,1.5,0.3,56,0.42857142857142855,54.86046686978739,0.9796511941033462
2026-07-26 12:46:26.357126,VOYG,30m,2026-05-01 09:30:00-04:00,2026-07-26,10,1.5,0.8,1.5,0.5,48,0.375,7.932361629852025,0.16525753395525053
2026-07-26 12:46:26.357126,VOYG,30m,2026-05-01 09:30:00-04:00,2026-07-26,10,1.5,0.8,1.5,0.7,34,0.4411764705882353,31.3445396296477,0.9218982244014029
2026-07-26 12:46:26.357126,VOYG,30m,2026-05-01 09:30:00-04:00,2026-07-26,10,1.5,0.8,2.0,0.3,50,0.46,98.73733443604793,1.9747466887209586
2026-07-26 12:46:26.357126,VOYG,30m,2026-05-01 09:30:00-04:00,2026-07-26,10,1.5,0.8,2.0,0.5,46,0.3695652173913043,14.303030686354887,0.3109354497033671
2026-07-26 12:46:26.357126,VOYG,30m,2026-05-01 09:30:00-04:00,2026-07-26,10,1.5,0.8,2.0,0.7,34,0.38235294117647056,35.91227493206727,1.0562433803549196
2026-07-26 12:46:26.357126,VOYG,30m,2026-05-01 09:30:00-04:00,2026-07-26,10,1.5,0.8,2.5,0.3,49,0.40816326530612246,69.08505028635994,1.4098989854359172
2026-07-26 12:46:26.357126,VOYG,30m,2026-05-01 09:30:00-04:00,2026-07-26,10,1.5,0.8,2.5,0.5,44,0.38636363636363635,38.892146196065305,0.8839124135469387
2026-07-26 12:46:26.357126,VOYG,30m,2026-05-01 09:30:00-04:00,2026-07-26,10,1.5,0.8,2.5,0.7,33,0.3939393939393939,62.13444325034078,1.8828619166769933
2026-07-26 12:46:26.357126,VOYG,30m,2026-05-01 09:30:00-04:00,2026-07-26,10,1.5,0.8,3.0,0.3,49,0.4489795918367347,61.52811456926055,1.2556758075359296
2026-07-26 12:46:26.357126,VOYG,30m,2026-05-01 09:30:00-04:00,2026-07-26,10,1.5,0.8,3.0,0.5,44,0.4090909090909091,10.298143123792514,0.23404870735892078
2026-07-26 12:46:26.357126,VOYG,30m,2026-05-01 09:30:00-04:00,2026-07-26,10,1.5,0.8,3.0,0.7,33,0.42424242424242425,46.778515949788826,1.417530786357237
2026-07-26 12:46:26.357126,VOYG,30m,2026-05-01 09:30:00-04:00,2026-07-26,10,1.5,0.8,3.5,0.3,48,0.4791666666666667,81.27917386635167,1.6933161222156599
2026-07-26 12:46:26.357126,VOYG,30m,2026-05-01 09:30:00-04:00,2026-07-26,10,1.5,0.8,3.5,0.5,43,0.4418604651162791,30.907000410259755,0.7187674514013896
2026-07-26 12:46:26.357126,VOYG,30m,2026-05-01 09:30:00-04:00,2026-07-26,10,1.5,0.8,3.5,0.7,33,0.45454545454545453,68.92737191046905,2.0887082397111834
2026-07-26 12:46:26.357126,VOYG,30m,2026-05-01 09:30:00-04:00,2026-07-26,10,1.5,1.0,1.0,0.3,53,0.4339622641509434,9.226446104729789,0.17408388876848657
2026-07-26 12:46:26.357126,VOYG,30m,2026-05-01 09:30:00-04:00,2026-07-26,10,1.5,1.0,1.0,0.5,48,0.4375,17.08402685930107,0.3559172262354389
2026-07-26 12:46:26.357126,VOYG,30m,2026-05-01 09:30:00-04:00,2026-07-26,10,1.5,1.0,1.0,0.7,35,0.4857142857142857,29.04952309438567,0.8299863741253048
2026-07-26 12:46:26.357126,VOYG,30m,2026-05-01 09:30:00-04:00,2026-07-26,10,1.5,1.0,1.5,0.3,51,0.4117647058823529,36.97659730506121,0.7250313197070826
2026-07-26 12:46:26.357126,VOYG,30m,2026-05-01 09:30:00-04:00,2026-07-26,10,1.5,1.0,1.5,0.5,47,0.3829787234042553,11.419288935996192,0.24296359438289772
2026-07-26 12:46:26.357126,VOYG,30m,2026-05-01 09:30:00-04:00,2026-07-26,10,1.5,1.0,1.5,0.7,34,0.4411764705882353,31.3445396296477,0.9218982244014029
2026-07-26 12:46:26.357126,VOYG,30m,2026-05-01 09:30:00-04:00,2026-07-26,10,1.5,1.0,2.0,0.3,48,0.4166666666666667,46.60417114278285,0.9709202321413094
2026-07-26 12:46:26.357126,VOYG,30m,2026-05-01 09:30:00-04:00,2026-07-26,10,1.5,1.0,2.0,0.5,45,0.37777777777777777,19.652267094547184,0.436717046545493
2026-07-26 12:46:26.357126,VOYG,30m,2026-05-01 09:30:00-04:00,2026-07-26,10,1.5,1.0,2.0,0.7,34,0.38235294117647056,35.91227493206727,1.0562433803549196
2026-07-26 12:46:26.357126,VOYG,30m,2026-05-01 09:30:00-04:00,2026-07-26,10,1.5,1.0,2.5,0.3,47,0.3829787234042553,34.08659869219683,0.7252467806850389
2026-07-26 12:46:26.357126,VOYG,30m,2026-05-01 09:30:00-04:00,2026-07-26,10,1.5,1.0,2.5,0.5,43,0.3953488372093023,46.10369170630559,1.0721788768908276
2026-07-26 12:46:26.357126,VOYG,30m,2026-05-01 09:30:00-04:00,2026-07-26,10,1.5,1.0,2.5,0.7,33,0.3939393939393939,62.13444325034078,1.8828619166769933
2026-07-26 12:46:26.357126,VOYG,30m,2026-05-01 09:30:00-04:00,2026-07-26,10,1.5,1.0,3.0,0.3,47,0.425531914893617,28.669183887623575,0.6099826359068846
2026-07-26 12:46:26.357126,VOYG,30m,2026-05-01 09:30:00-04:00,2026-07-26,10,1.5,1.0,3.0,0.5,43,0.4186046511627907,19.371997736080857,0.45051157525769436
2026-07-26 12:46:26.357126,VOYG,30m,2026-05-01 09:30:00-04:00,2026-07-26,10,1.5,1.0,3.0,0.7,33,0.42424242424242425,46.778515949788826,1.417530786357237
2026-07-26 12:46:26.357126,VOYG,30m,2026-05-01 09:30:00-04:00,2026-07-26,10,1.5,1.0,3.5,0.3,46,0.45652173913043476,48.80317140444195,1.0609385087922163
2026-07-26 12:46:26.357126,VOYG,30m,2026-05-01 09:30:00-04:00,2026-07-26,10,1.5,1.0,3.5,0.5,42,0.4523809523809524,41.70400041025978,0.9929523907204709
2026-07-26 12:46:26.357126,VOYG,30m,2026-05-01 09:30:00-04:00,2026-07-26,10,1.5,1.0,3.5,0.7,33,0.45454545454545453,68.92737191046905,2.0887082397111834
2026-07-26 12:46:26.357126,VOYG,30m,2026-05-01 09:30:00-04:00,2026-07-26,10,1.5,1.2,1.0,0.3,49,0.42857142857142855,11.474893742761445,0.2341815049543152
2026-07-26 12:46:26.357126,VOYG,30m,2026-05-01 09:30:00-04:00,2026-07-26,10,1.5,1.2,1.0,0.5,47,0.425531914893617,16.897969405534674,0.35953126394754625
2026-07-26 12:46:26.357126,VOYG,30m,2026-05-01 09:30:00-04:00,2026-07-26,10,1.5,1.2,1.0,0.7,35,0.4857142857142857,29.04952309438567,0.8299863741253048
2026-07-26 12:46:26.357126,VOYG,30m,2026-05-01 09:30:00-04:00,2026-07-26,10,1.5,1.2,1.5,0.3,47,0.425531914893617,44.82426876210873,0.9537078460023134
2026-07-26 12:46:26.357126,VOYG,30m,2026-05-01 09:30:00-04:00,2026-07-26,10,1.5,1.2,1.5,0.5,46,0.391304347826087,13.140202755346593,0.2856565816379694
2026-07-26 12:46:26.357126,VOYG,30m,2026-05-01 09:30:00-04:00,2026-07-26,10,1.5,1.2,1.5,0.7,34,0.4411764705882353,31.3445396296477,0.9218982244014029
2026-07-26 12:46:26.357126,VOYG,30m,2026-05-01 09:30:00-04:00,2026-07-26,10,1.5,1.2,2.0,0.3,45,0.4222222222222222,53.894614683140034,1.1976581040697785
2026-07-26 12:46:26.357126,VOYG,30m,2026-05-01 09:30:00-04:00,2026-07-26,10,1.5,1.2,2.0,0.5,44,0.38636363636363635,23.28015218701445,0.5290943678866921
2026-07-26 12:46:26.357126,VOYG,30m,2026-05-01 09:30:00-04:00,2026-07-26,10,1.5,1.2,2.0,0.7,34,0.38235294117647056,35.91227493206727,1.0562433803549196
2026-07-26 12:46:26.357126,VOYG,30m,2026-05-01 09:30:00-04:00,2026-07-26,10,1.5,1.2,2.5,0.3,43,0.4186046511627907,67.08692139357044,1.560160962641173
2026-07-26 12:46:26.357126,VOYG,30m,2026-05-01 09:30:00-04:00,2026-07-26,10,1.5,1.2,2.5,0.5,42,0.38095238095238093,37.395545549471514,0.8903701321302742
2026-07-26 12:46:26.357126,VOYG,30m,2026-05-01 09:30:00-04:00,2026-07-26,10,1.5,1.2,2.5,0.7,33,0.3939393939393939,62.13444325034078,1.8828619166769933
2026-07-26 12:46:26.357126,VOYG,30m,2026-05-01 09:30:00-04:00,2026-07-26,10,1.5,1.2,3.0,0.3,43,0.4418604651162791,42.64987336079869,0.9918575200185743
2026-07-26 12:46:26.357126,VOYG,30m,2026-05-01 09:30:00-04:00,2026-07-26,10,1.5,1.2,3.0,0.5,42,0.40476190476190477,12.63222234787996,0.30076719875904667
2026-07-26 12:46:26.357126,VOYG,30m,2026-05-01 09:30:00-04:00,2026-07-26,10,1.5,1.2,3.0,0.7,33,0.42424242424242425,46.778515949788826,1.417530786357237
2026-07-26 12:46:26.357126,VOYG,30m,2026-05-01 09:30:00-04:00,2026-07-26,10,1.5,1.2,3.5,0.3,42,0.47619047619047616,67.27652197243054,1.6018219517245367
2026-07-26 12:46:26.357126,VOYG,30m,2026-05-01 09:30:00-04:00,2026-07-26,10,1.5,1.2,3.5,0.5,41,0.43902439024390244,36.93259579069206,0.9007950192851722
2026-07-26 12:46:26.357126,VOYG,30m,2026-05-01 09:30:00-04:00,2026-07-26,10,1.5,1.2,3.5,0.7,33,0.45454545454545453,68.92737191046905,2.0887082397111834
2026-07-26 12:46:26.357126,VOYG,30m,2026-05-01 09:30:00-04:00,2026-07-26,10,1.5,1.5,1.0,0.3,45,0.37777777777777777,-2.811328246805367,-0.062473961040119264
2026-07-26 12:46:26.357126,VOYG,30m,2026-05-01 09:30:00-04:00,2026-07-26,10,1.5,1.5,1.0,0.5,44,0.38636363636363635,3.7648970433660978,0.08556584189468404
2026-07-26 12:46:26.357126,VOYG,30m,2026-05-01 09:30:00-04:00,2026-07-26,10,1.5,1.5,1.0,0.7,33,0.45454545454545453,16.53454148478783,0.5010467116602373
2026-07-26 12:46:26.357126,VOYG,30m,2026-05-01 09:30:00-04:00,2026-07-26,10,1.5,1.5,1.5,0.3,44,0.4090909090909091,25.60587140625408,0.5819516228694109
2026-07-26 12:46:26.357126,VOYG,30m,2026-05-01 09:30:00-04:00,2026-07-26,10,1.5,1.5,1.5,0.5,43,0.3953488372093023,5.061350040619175,0.11770581489812035
2026-07-26 12:46:26.357126,VOYG,30m,2026-05-01 09:30:00-04:00,2026-07-26,10,1.5,1.5,1.5,0.7,32,0.4375,22.942823043776386,0.7169632201180121
2026-07-26 12:46:26.357126,VOYG,30m,2026-05-01 09:30:00-04:00,2026-07-26,10,1.5,1.5,2.0,0.3,42,0.40476190476190477,31.5985733012322,0.7523469833626715
2026-07-26 12:46:26.357126,VOYG,30m,2026-05-01 09:30:00-04:00,2026-07-26,10,1.5,1.5,2.0,0.5,41,0.3902439024390244,14.139211480385718,0.34485881659477363
2026-07-26 12:46:26.357126,VOYG,30m,2026-05-01 09:30:00-04:00,2026-07-26,10,1.5,1.5,2.0,0.7,32,0.375,25.50751573058001,0.7971098665806253
2026-07-26 12:46:26.357126,VOYG,30m,2026-05-01 09:30:00-04:00,2026-07-26,10,1.5,1.5,2.5,0.3,40,0.4,45.97786966618557,1.1494467416546392
2026-07-26 12:46:26.357126,VOYG,30m,2026-05-01 09:30:00-04:00,2026-07-26,10,1.5,1.5,2.5,0.5,39,0.38461538461538464,29.767869666185547,0.763278709389373
2026-07-26 12:46:26.357126,VOYG,30m,2026-05-01 09:30:00-04:00,2026-07-26,10,1.5,1.5,2.5,0.7,31,0.3870967741935484,52.30199424848166,1.687161104789731
2026-07-26 12:46:26.357126,VOYG,30m,2026-05-01 09:30:00-04:00,2026-07-26,10,1.5,1.5,3.0,0.3,40,0.425,22.727811287936888,0.5681952821984222
2026-07-26 12:46:26.357126,VOYG,30m,2026-05-01 09:30:00-04:00,2026-07-26,10,1.5,1.5,3.0,0.5,39,0.41025641025641024,6.5178112879368655,0.16712336635735553
2026-07-26 12:46:26.357126,VOYG,30m,2026-05-01 09:30:00-04:00,2026-07-26,10,1.5,1.5,3.0,0.7,31,0.41935483870967744,37.51837714755794,1.2102702305663853
2026-07-26 12:46:26.357126,VOYG,30m,2026-05-01 09:30:00-04:00,2026-07-26,10,1.5,1.5,3.5,0.3,39,0.46153846153846156,48.541449554091756,1.2446525526690193
2026-07-26 12:46:26.357126,VOYG,30m,2026-05-01 09:30:00-04:00,2026-07-26,10,1.5,1.5,3.5,0.5,38,0.4473684210526316,32.331449554091726,0.8508276198445192
2026-07-26 12:46:26.357126,VOYG,30m,2026-05-01 09:30:00-04:00,2026-07-26,10,1.5,1.5,3.5,0.7,31,0.45161290322580644,60.2395433078663,1.9432110744473
2026-07-26 12:46:26.357126,VOYG,30m,2026-05-01 09:30:00-04:00,2026-07-26,10,1.5,1.8,1.0,0.3,38,0.3684210526315789,-0.7852106937577474,-0.020663439309414406
2026-07-26 12:46:26.357126,VOYG,30m,2026-05-01 09:30:00-04:00,2026-07-26,10,1.5,1.8,1.0,0.5,38,0.3684210526315789,-0.7852106937577474,-0.020663439309414406
2026-07-26 12:46:26.357126,VOYG,30m,2026-05-01 09:30:00-04:00,2026-07-26,10,1.5,1.8,1.0,0.7,29,0.41379310344827586,4.433849414469684,0.15289135911964427
2026-07-26 12:46:26.357126,VOYG,30m,2026-05-01 09:30:00-04:00,2026-07-26,10,1.5,1.8,1.5,0.3,38,0.3684210526315789,-18.57717004936891,-0.48887289603602396
2026-07-26 12:46:26.357126,VOYG,30m,2026-05-01 09:30:00-04:00,2026-07-26,10,1.5,1.8,1.5,0.5,38,0.3684210526315789,-18.57717004936891,-0.48887289603602396
2026-07-26 12:46:26.357126,VOYG,30m,2026-05-01 09:30:00-04:00,2026-07-26,10,1.5,1.8,1.5,0.7,29,0.3793103448275862,-12.050753272592054,-0.4155432162962777
2026-07-26 12:46:26.357126,VOYG,30m,2026-05-01 09:30:00-04:00,2026-07-26,10,1.5,1.8,2.0,0.3,37,0.35135135135135137,-17.106891409376566,-0.4623484164696369
2026-07-26 12:46:26.357126,VOYG,30m,2026-05-01 09:30:00-04:00,2026-07-26,10,1.5,1.8,2.0,0.5,37,0.35135135135135137,-17.106891409376566,-0.4623484164696369
2026-07-26 12:46:26.357126,VOYG,30m,2026-05-01 09:30:00-04:00,2026-07-26,10,1.5,1.8,2.0,0.7,29,0.3103448275862069,-9.101016018415713,-0.31382813856605907
2026-07-26 12:46:26.357126,VOYG,30m,2026-05-01 09:30:00-04:00,2026-07-26,10,1.5,1.8,2.5,0.3,35,0.37142857142857144,2.0213664426677624,0.05775332693336464
2026-07-26 12:46:26.357126,VOYG,30m,2026-05-01 09:30:00-04:00,2026-07-26,10,1.5,1.8,2.5,0.5,35,0.37142857142857144,2.0213664426677624,0.05775332693336464
2026-07-26 12:46:26.357126,VOYG,30m,2026-05-01 09:30:00-04:00,2026-07-26,10,1.5,1.8,2.5,0.7,28,0.35714285714285715,20.352454950922052,0.726873391104359
2026-07-26 12:46:26.357126,VOYG,30m,2026-05-01 09:30:00-04:00,2026-07-26,10,1.5,1.8,3.0,0.3,35,0.4,-17.727992580284493,-0.5065140737224141
2026-07-26 12:46:26.357126,VOYG,30m,2026-05-01 09:30:00-04:00,2026-07-26,10,1.5,1.8,3.0,0.5,35,0.4,-17.727992580284493,-0.5065140737224141
2026-07-26 12:46:26.357126,VOYG,30m,2026-05-01 09:30:00-04:00,2026-07-26,10,1.5,1.8,3.0,0.7,28,0.39285714285714285,8.228929990486371,0.2938903568030847
2026-07-26 12:46:26.357126,VOYG,30m,2026-05-01 09:30:00-04:00,2026-07-26,10,1.5,1.8,3.5,0.3,34,0.4411764705882353,11.586345041166766,0.3407748541519637
2026-07-26 12:46:26.357126,VOYG,30m,2026-05-01 09:30:00-04:00,2026-07-26,10,1.5,1.8,3.5,0.5,34,0.4411764705882353,11.586345041166766,0.3407748541519637
2026-07-26 12:46:26.357126,VOYG,30m,2026-05-01 09:30:00-04:00,2026-07-26,10,1.5,1.8,3.5,0.7,28,0.42857142857142855,33.61018829128277,1.200363867545813
2026-07-26 12:46:26.357126,VOYG,30m,2026-05-01 09:30:00-04:00,2026-07-26,10,1.5,2.0,1.0,0.3,36,0.3611111111111111,3.6173559856628046,0.10048211071285568
2026-07-26 12:46:26.357126,VOYG,30m,2026-05-01 09:30:00-04:00,2026-07-26,10,1.5,2.0,1.0,0.5,36,0.3611111111111111,3.6173559856628046,0.10048211071285568
2026-07-26 12:46:26.357126,VOYG,30m,2026-05-01 09:30:00-04:00,2026-07-26,10,1.5,2.0,1.0,0.7,28,0.39285714285714285,3.7942791029900746,0.13550996796393125
2026-07-26 12:46:26.357126,VOYG,30m,2026-05-01 09:30:00-04:00,2026-07-26,10,1.5,2.0,1.5,0.3,36,0.3611111111111111,-11.048320030238052,-0.30689777861772366
2026-07-26 12:46:26.357126,VOYG,30m,2026-05-01 09:30:00-04:00,2026-07-26,10,1.5,2.0,1.5,0.5,36,0.3611111111111111,-11.048320030238052,-0.30689777861772366
2026-07-26 12:46:26.357126,VOYG,30m,2026-05-01 09:30:00-04:00,2026-07-26,10,1.5,2.0,1.5,0.7,28,0.35714285714285715,-12.085108739811439,-0.4316110264218371
2026-07-26 12:46:26.357126,VOYG,30m,2026-05-01 09:30:00-04:00,2026-07-26,10,1.5,2.0,2.0,0.3,36,0.3611111111111111,-7.624813094327436,-0.21180036373131766
2026-07-26 12:46:26.357126,VOYG,30m,2026-05-01 09:30:00-04:00,2026-07-26,10,1.5,2.0,2.0,0.5,36,0.3611111111111111,-7.624813094327436,-0.21180036373131766
2026-07-26 12:46:26.357126,VOYG,30m,2026-05-01 09:30:00-04:00,2026-07-26,10,1.5,2.0,2.0,0.7,28,0.32142857142857145,-8.530156641374909,-0.30464845147767533
2026-07-26 12:46:26.357126,VOYG,30m,2026-05-01 09:30:00-04:00,2026-07-26,10,1.5,2.0,2.5,0.3,34,0.38235294117647056,12.038621859228797,0.3540771135067293
2026-07-26 12:46:26.357126,VOYG,30m,2026-05-01 09:30:00-04:00,2026-07-26,10,1.5,2.0,2.5,0.5,34,0.38235294117647056,12.038621859228797,0.3540771135067293
2026-07-26 12:46:26.357126,VOYG,30m,2026-05-01 09:30:00-04:00,2026-07-26,10,1.5,2.0,2.5,0.7,27,0.37037037037037035,21.52852917222308,0.7973529323045585
2026-07-26 12:46:26.357126,VOYG,30m,2026-05-01 09:30:00-04:00,2026-07-26,10,1.5,2.0,3.0,0.3,34,0.4117647058823529,-7.673786080411276,-0.22569959060033162
2026-07-26 12:46:26.357126,VOYG,30m,2026-05-01 09:30:00-04:00,2026-07-26,10,1.5,2.0,3.0,0.5,34,0.4117647058823529,-7.673786080411276,-0.22569959060033162
2026-07-26 12:46:26.357126,VOYG,30m,2026-05-01 09:30:00-04:00,2026-07-26,10,1.5,2.0,3.0,0.7,27,0.4074074074074074,10.010219056047589,0.37074885392768847
2026-07-26 12:46:26.357126,VOYG,30m,2026-05-01 09:30:00-04:00,2026-07-26,10,1.5,2.0,3.5,0.3,34,0.4411764705882353,10.160028492242148,0.2988243674188867
2026-07-26 12:46:26.357126,VOYG,30m,2026-05-01 09:30:00-04:00,2026-07-26,10,1.5,2.0,3.5,0.5,34,0.4411764705882353,10.160028492242148,0.2988243674188867
2026-07-26 12:46:26.357126,VOYG,30m,2026-05-01 09:30:00-04:00,2026-07-26,10,1.5,2.0,3.5,0.7,27,0.4444444444444444,35.06171806899417,1.2985821507034876
2026-07-26 12:46:26.357126,VOYG,30m,2026-05-01 09:30:00-04:00,2026-07-26,10,1.5,2.5,1.0,0.3,26,0.34615384615384615,3.735025012417026,0.1436548081698856
2026-07-26 12:46:26.357126,VOYG,30m,2026-05-01 09:30:00-04:00,2026-07-26,10,1.5,2.5,1.0,0.5,26,0.34615384615384615,3.735025012417026,0.1436548081698856
2026-07-26 12:46:26.357126,VOYG,30m,2026-05-01 09:30:00-04:00,2026-07-26,10,1.5,2.5,1.0,0.7,20,0.4,9.703092695980366,0.4851546347990183
2026-07-26 12:46:26.357126,VOYG,30m,2026-05-01 09:30:00-04:00,2026-07-26,10,1.5,2.5,1.5,0.3,26,0.3076923076923077,0.8207947305864849,0.03156902809948019
2026-07-26 12:46:26.357126,VOYG,30m,2026-05-01 09:30:00-04:00,2026-07-26,10,1.5,2.5,1.5,0.5,26,0.3076923076923077,0.8207947305864849,0.03156902809948019
2026-07-26 12:46:26.357126,VOYG,30m,2026-05-01 09:30:00-04:00,2026-07-26,10,1.5,2.5,1.5,0.7,20,0.35,6.828111649674149,0.34140558248370745
2026-07-26 12:46:26.357126,VOYG,30m,2026-05-01 09:30:00-04:00,2026-07-26,10,1.5,2.5,2.0,0.3,26,0.34615384615384615,18.62097520630254,0.7161913540885592
2026-07-26 12:46:26.357126,VOYG,30m,2026-05-01 09:30:00-04:00,2026-07-26,10,1.5,2.5,2.0,0.5,26,0.34615384615384615,18.62097520630254,0.7161913540885592
2026-07-26 12:46:26.357126,VOYG,30m,2026-05-01 09:30:00-04:00,2026-07-26,10,1.5,2.5,2.0,0.7,20,0.35,25.629935109169466,1.2814967554584733
2026-07-26 12:46:26.357126,VOYG,30m,2026-05-01 09:30:00-04:00,2026-07-26,10,1.5,2.5,2.5,0.3,25,0.36,45.073456248414594,1.8029382499365838
2026-07-26 12:46:26.357126,VOYG,30m,2026-05-01 09:30:00-04:00,2026-07-26,10,1.5,2.5,2.5,0.5,25,0.36,45.073456248414594,1.8029382499365838
2026-07-26 12:46:26.357126,VOYG,30m,2026-05-01 09:30:00-04:00,2026-07-26,10,1.5,2.5,2.5,0.7,20,0.4,61.11249287380197,3.0556246436900985
2026-07-26 12:46:26.357126,VOYG,30m,2026-05-01 09:30:00-04:00,2026-07-26,10,1.5,2.5,3.0,0.3,25,0.36,21.3132067697455,0.85252827078982
2026-07-26 12:46:26.357126,VOYG,30m,2026-05-01 09:30:00-04:00,2026-07-26,10,1.5,2.5,3.0,0.5,25,0.36,21.3132067697455,0.85252827078982
2026-07-26 12:46:26.357126,VOYG,30m,2026-05-01 09:30:00-04:00,2026-07-26,10,1.5,2.5,3.0,0.7,20,0.4,43.21783407078893,2.1608917035394466
2026-07-26 12:46:26.357126,VOYG,30m,2026-05-01 09:30:00-04:00,2026-07-26,10,1.5,2.5,3.5,0.3,25,0.4,45.77134219306764,1.8308536877227055
2026-07-26 12:46:26.357126,VOYG,30m,2026-05-01 09:30:00-04:00,2026-07-26,10,1.5,2.5,3.5,0.5,25,0.4,45.77134219306764,1.8308536877227055
2026-07-26 12:46:26.357126,VOYG,30m,2026-05-01 09:30:00-04:00,2026-07-26,10,1.5,2.5,3.5,0.7,20,0.45,70.88368556056732,3.5441842780283657
2026-07-26 12:46:26.357126,VOYG,30m,2026-05-01 09:30:00-04:00,2026-07-26,10,1.5,3.0,1.0,0.3,18,0.3333333333333333,-10.627809568319329,-0.5904338649066294
2026-07-26 12:46:26.357126,VOYG,30m,2026-05-01 09:30:00-04:00,2026-07-26,10,1.5,3.0,1.0,0.5,18,0.3333333333333333,-10.627809568319329,-0.5904338649066294
2026-07-26 12:46:26.357126,VOYG,30m,2026-05-01 09:30:00-04:00,2026-07-26,10,1.5,3.0,1.0,0.7,14,0.35714285714285715,-4.913737668525293,-0.35098126203752095
2026-07-26 12:46:26.357126,VOYG,30m,2026-05-01 09:30:00-04:00,2026-07-26,10,1.5,3.0,1.5,0.3,18,0.3333333333333333,-5.959133272203658,-0.33106295956686993
2026-07-26 12:46:26.357126,VOYG,30m,2026-05-01 09:30:00-04:00,2026-07-26,10,1.5,3.0,1.5,0.5,18,0.3333333333333333,-5.959133272203658,-0.33106295956686993
2026-07-26 12:46:26.357126,VOYG,30m,2026-05-01 09:30:00-04:00,2026-07-26,10,1.5,3.0,1.5,0.7,14,0.35714285714285715,-2.6078100287699613,-0.1862721449121401
2026-07-26 12:46:26.357126,VOYG,30m,2026-05-01 09:30:00-04:00,2026-07-26,10,1.5,3.0,2.0,0.3,18,0.2777777777777778,-2.8366107922777317,-0.15758948845987397
2026-07-26 12:46:26.357126,VOYG,30m,2026-05-01 09:30:00-04:00,2026-07-26,10,1.5,3.0,2.0,0.5,18,0.2777777777777778,-2.8366107922777317,-0.15758948845987397
2026-07-26 12:46:26.357126,VOYG,30m,2026-05-01 09:30:00-04:00,2026-07-26,10,1.5,3.0,2.0,0.7,14,0.2857142857142857,5.3566205307787484,0.38261575219848204
2026-07-26 12:46:26.357126,VOYG,30m,2026-05-01 09:30:00-04:00,2026-07-26,10,1.5,3.0,2.5,0.3,18,0.2777777777777778,2.8242312178695883,0.15690173432608823
2026-07-26 12:46:26.357126,VOYG,30m,2026-05-01 09:30:00-04:00,2026-07-26,10,1.5,3.0,2.5,0.5,18,0.2777777777777778,2.8242312178695883,0.15690173432608823
2026-07-26 12:46:26.357126,VOYG,30m,2026-05-01 09:30:00-04:00,2026-07-26,10,1.5,3.0,2.5,0.7,14,0.2857142857142857,16.003270371690235,1.1430907408350168
2026-07-26 12:46:26.357126,VOYG,30m,2026-05-01 09:30:00-04:00,2026-07-26,10,1.5,3.0,3.0,0.3,18,0.2777777777777778,-13.245863266908486,-0.735881292606027
2026-07-26 12:46:26.357126,VOYG,30m,2026-05-01 09:30:00-04:00,2026-07-26,10,1.5,3.0,3.0,0.5,18,0.2777777777777778,-13.245863266908486,-0.735881292606027
2026-07-26 12:46:26.357126,VOYG,30m,2026-05-01 09:30:00-04:00,2026-07-26,10,1.5,3.0,3.0,0.7,14,0.2857142857142857,4.91676706825487,0.35119764773249074
2026-07-26 12:46:26.357126,VOYG,30m,2026-05-01 09:30:00-04:00,2026-07-26,10,1.5,3.0,3.5,0.3,18,0.3333333333333333,17.024880839636722,0.9458267133131513
2026-07-26 12:46:26.357126,VOYG,30m,2026-05-01 09:30:00-04:00,2026-07-26,10,1.5,3.0,3.5,0.5,18,0.3333333333333333,17.024880839636722,0.9458267133131513
2026-07-26 12:46:26.357126,VOYG,30m,2026-05-01 09:30:00-04:00,2026-07-26,10,1.5,3.0,3.5,0.7,14,0.35714285714285715,37.51322774694298,2.6795162676387845
2026-07-26 12:46:26.357126,VOYG,30m,2026-05-01 09:30:00-04:00,2026-07-26,10,1.5,3.5,1.0,0.3,15,0.3333333333333333,3.222581848566435,0.21483878990442898
2026-07-26 12:46:26.357126,VOYG,30m,2026-05-01 09:30:00-04:00,2026-07-26,10,1.5,3.5,1.0,0.5,15,0.3333333333333333,3.222581848566435,0.21483878990442898
2026-07-26 12:46:26.357126,VOYG,30m,2026-05-01 09:30:00-04:00,2026-07-26,10,1.5,3.5,1.0,0.7,11,0.36363636363636365,8.93665374836047,0.81242306803277
2026-07-26 12:46:26.357126,VOYG,30m,2026-05-01 09:30:00-04:00,2026-07-26,10,1.5,3.5,1.5,0.3,15,0.26666666666666666,-5.824359240322039,-0.38829061602146925
2026-07-26 12:46:26.357126,VOYG,30m,2026-05-01 09:30:00-04:00,2026-07-26,10,1.5,3.5,1.5,0.5,15,0.26666666666666666,-5.824359240322039,-0.38829061602146925
2026-07-26 12:46:26.357126,VOYG,30m,2026-05-01 09:30:00-04:00,2026-07-26,10,1.5,3.5,1.5,0.7,11,0.2727272727272727,-2.473035996888342,-0.22482145426257655
2026-07-26 12:46:26.357126,VOYG,30m,2026-05-01 09:30:00-04:00,2026-07-26,10,1.5,3.5,2.0,0.3,15,0.2,-2.8771029937452397,-0.19180686624968266
2026-07-26 12:46:26.357126,VOYG,30m,2026-05-01 09:30:00-04:00,2026-07-26,10,1.5,3.5,2.0,0.5,15,0.2,-2.8771029937452397,-0.19180686624968266
2026-07-26 12:46:26.357126,VOYG,30m,2026-05-01 09:30:00-04:00,2026-07-26,10,1.5,3.5,2.0,0.7,11,0.18181818181818182,5.3161283293112405,0.48328439357374914
2026-07-26 12:46:26.357126,VOYG,30m,2026-05-01 09:30:00-04:00,2026-07-26,10,1.5,3.5,2.5,0.3,15,0.26666666666666666,-9.269815718260688,-0.6179877145507126
2026-07-26 12:46:26.357126,VOYG,30m,2026-05-01 09:30:00-04:00,2026-07-26,10,1.5,3.5,2.5,0.5,15,0.26666666666666666,-9.269815718260688,-0.6179877145507126
2026-07-26 12:46:26.357126,VOYG,30m,2026-05-01 09:30:00-04:00,2026-07-26,10,1.5,3.5,2.5,0.7,11,0.2727272727272727,3.9092234355599587,0.35538394868726897
2026-07-26 12:46:26.357126,VOYG,30m,2026-05-01 09:30:00-04:00,2026-07-26,10,1.5,3.5,3.0,0.3,15,0.26666666666666666,-22.560922257613854,-1.5040614838409236
2026-07-26 12:46:26.357126,VOYG,30m,2026-05-01 09:30:00-04:00,2026-07-26,10,1.5,3.5,3.0,0.5,15,0.26666666666666666,-22.560922257613854,-1.5040614838409236
2026-07-26 12:46:26.357126,VOYG,30m,2026-05-01 09:30:00-04:00,2026-07-26,10,1.5,3.5,3.0,0.7,11,0.2727272727272727,-4.398291922450497,-0.39984472022277245
2026-07-26 12:46:26.357126,VOYG,30m,2026-05-01 09:30:00-04:00,2026-07-26,10,1.5,3.5,3.5,0.3,15,0.26666666666666666,3.434073866029834,0.22893825773532228
2026-07-26 12:46:26.357126,VOYG,30m,2026-05-01 09:30:00-04:00,2026-07-26,10,1.5,3.5,3.5,0.5,15,0.26666666666666666,3.434073866029834,0.22893825773532228
2026-07-26 12:46:26.357126,VOYG,30m,2026-05-01 09:30:00-04:00,2026-07-26,10,1.5,3.5,3.5,0.7,11,0.2727272727272727,23.922420773336093,2.174765524848736
2026-07-26 12:46:26.357126,VOYG,30m,2026-05-01 09:30:00-04:00,2026-07-26,10,1.8,0.5,1.0,0.3,57,0.49122807017543857,58.26418173300958,1.022178626894905
2026-07-26 12:46:26.357126,VOYG,30m,2026-05-01 09:30:00-04:00,2026-07-26,10,1.8,0.5,1.0,0.5,44,0.4318181818181818,7.7266680540137145,0.17560609213667533
2026-07-26 12:46:26.357126,VOYG,30m,2026-05-01 09:30:00-04:00,2026-07-26,10,1.8,0.5,1.0,0.7,29,0.5172413793103449,27.990571568838085,0.9651921230633822
2026-07-26 12:46:26.357126,VOYG,30m,2026-05-01 09:30:00-04:00,2026-07-26,10,1.8,0.5,1.5,0.3,56,0.44642857142857145,52.48711663097403,0.9372699398388219
2026-07-26 12:46:26.357126,VOYG,30m,2026-05-01 09:30:00-04:00,2026-07-26,10,1.8,0.5,1.5,0.5,44,0.36363636363636365,3.3557616473188645,0.07626731016633782
2026-07-26 12:46:26.357126,VOYG,30m,2026-05-01 09:30:00-04:00,2026-07-26,10,1.8,0.5,1.5,0.7,29,0.4482758620689655,35.27862326057999,1.2165042503648273
2026-07-26 12:46:26.357126,VOYG,30m,2026-05-01 09:30:00-04:00,2026-07-26,10,1.8,0.5,2.0,0.3,51,0.45098039215686275,78.93904611444869,1.547824433616641
2026-07-26 12:46:26.357126,VOYG,30m,2026-05-01 09:30:00-04:00,2026-07-26,10,1.8,0.5,2.0,0.5,43,0.32558139534883723,-9.14611153892853,-0.21270026834717512
2026-07-26 12:46:26.357126,VOYG,30m,2026-05-01 09:30:00-04:00,2026-07-26,10,1.8,0.5,2.0,0.7,29,0.3793103448275862,40.98061995507294,1.413124826036998
2026-07-26 12:46:26.357126,VOYG,30m,2026-05-01 09:30:00-04:00,2026-07-26,10,1.8,0.5,2.5,0.3,50,0.48,86.08774311767706,1.7217548623535412
2026-07-26 12:46:26.357126,VOYG,30m,2026-05-01 09:30:00-04:00,2026-07-26,10,1.8,0.5,2.5,0.5,42,0.40476190476190477,31.62154332467793,0.7528938886828078
2026-07-26 12:46:26.357126,VOYG,30m,2026-05-01 09:30:00-04:00,2026-07-26,10,1.8,0.5,2.5,0.7,28,0.42857142857142855,73.81462452909773,2.636236590324919
2026-07-26 12:46:26.357126,VOYG,30m,2026-05-01 09:30:00-04:00,2026-07-26,10,1.8,0.5,3.0,0.3,48,0.5208333333333334,113.32810002315509,2.361002083815731
2026-07-26 12:46:26.357126,VOYG,30m,2026-05-01 09:30:00-04:00,2026-07-26,10,1.8,0.5,3.0,0.5,40,0.425,41.92962351896686,1.0482405879741714
2026-07-26 12:46:26.357126,VOYG,30m,2026-05-01 09:30:00-04:00,2026-07-26,10,1.8,0.5,3.0,0.7,28,0.4642857142857143,63.12188719542359,2.2543531141222712
2026-07-26 12:46:26.357126,VOYG,30m,2026-05-01 09:30:00-04:00,2026-07-26,10,1.8,0.5,3.5,0.3,47,0.5531914893617021,129.32657967924013,2.7516293548774495
2026-07-26 12:46:26.357126,VOYG,30m,2026-05-01 09:30:00-04:00,2026-07-26,10,1.8,0.5,3.5,0.5,39,0.46153846153846156,64.94635709102062,1.6652912074620672
2026-07-26 12:46:26.357126,VOYG,30m,2026-05-01 09:30:00-04:00,2026-07-26,10,1.8,0.5,3.5,0.7,28,0.5,85.95213321079757,3.0697190432427703
2026-07-26 12:46:26.357126,VOYG,30m,2026-05-01 09:30:00-04:00,2026-07-26,10,1.8,0.8,1.0,0.3,51,0.5098039215686274,47.26678775901487,0.9267997599806836
2026-07-26 12:46:26.357126,VOYG,30m,2026-05-01 09:30:00-04:00,2026-07-26,10,1.8,0.8,1.0,0.5,42,0.4523809523809524,14.440453924799996,0.34382033154285707
2026-07-26 12:46:26.357126,VOYG,30m,2026-05-01 09:30:00-04:00,2026-07-26,10,1.8,0.8,1.0,0.7,29,0.5172413793103449,27.990571568838085,0.9651921230633822
2026-07-26 12:46:26.357126,VOYG,30m,2026-05-01 09:30:00-04:00,2026-07-26,10,1.8,0.8,1.5,0.3,50,0.44,46.60076140485046,0.9320152280970092
2026-07-26 12:46:26.357126,VOYG,30m,2026-05-01 09:30:00-04:00,2026-07-26,10,1.8,0.8,1.5,0.5,42,0.38095238095238093,13.426440453498252,0.31967715365472027
2026-07-26 12:46:26.357126,VOYG,30m,2026-05-01 09:30:00-04:00,2026-07-26,10,1.8,0.8,1.5,0.7,29,0.4482758620689655,35.27862326057999,1.2165042503648273
2026-07-26 12:46:26.357126,VOYG,30m,2026-05-01 09:30:00-04:00,2026-07-26,10,1.8,0.8,2.0,0.3,45,0.4444444444444444,77.67738490089296,1.7261641089087325
2026-07-26 12:46:26.357126,VOYG,30m,2026-05-01 09:30:00-04:00,2026-07-26,10,1.8,0.8,2.0,0.5,41,0.34146341463414637,4.2814602026439985,0.10442585860107313
2026-07-26 12:46:26.357126,VOYG,30m,2026-05-01 09:30:00-04:00,2026-07-26,10,1.8,0.8,2.0,0.7,29,0.3793103448275862,40.98061995507294,1.413124826036998
2026-07-26 12:46:26.357126,VOYG,30m,2026-05-01 09:30:00-04:00,2026-07-26,10,1.8,0.8,2.5,0.3,44,0.45454545454545453,92.297230825215,2.0976643369367043
2026-07-26 12:46:26.357126,VOYG,30m,2026-05-01 09:30:00-04:00,2026-07-26,10,1.8,0.8,2.5,0.5,40,0.4,36.37032747482223,0.9092581868705558
2026-07-26 12:46:26.357126,VOYG,30m,2026-05-01 09:30:00-04:00,2026-07-26,10,1.8,0.8,2.5,0.7,28,0.42857142857142855,73.81462452909773,2.636236590324919
2026-07-26 12:46:26.357126,VOYG,30m,2026-05-01 09:30:00-04:00,2026-07-26,10,1.8,0.8,3.0,0.3,44,0.5,90.04473944946554,2.0464713511242167
2026-07-26 12:46:26.357126,VOYG,30m,2026-05-01 09:30:00-04:00,2026-07-26,10,1.8,0.8,3.0,0.5,40,0.425,12.439514369427265,0.3109878592356816
2026-07-26 12:46:26.357126,VOYG,30m,2026-05-01 09:30:00-04:00,2026-07-26,10,1.8,0.8,3.0,0.7,28,0.4642857142857143,63.12188719542359,2.2543531141222712
2026-07-26 12:46:26.357126,VOYG,30m,2026-05-01 09:30:00-04:00,2026-07-26,10,1.8,0.8,3.5,0.3,43,0.5348837209302325,110.5289439229631,2.570440556347979
2026-07-26 12:46:26.357126,VOYG,30m,2026-05-01 09:30:00-04:00,2026-07-26,10,1.8,0.8,3.5,0.5,39,0.46153846153846156,33.72976171058827,0.8648656848868788
2026-07-26 12:46:26.357126,VOYG,30m,2026-05-01 09:30:00-04:00,2026-07-26,10,1.8,0.8,3.5,0.7,28,0.5,85.95213321079757,3.0697190432427703
2026-07-26 12:46:26.357126,VOYG,30m,2026-05-01 09:30:00-04:00,2026-07-26,10,1.8,1.0,1.0,0.3,45,0.4888888888888889,24.396230563083243,0.5421384569574054
2026-07-26 12:46:26.357126,VOYG,30m,2026-05-01 09:30:00-04:00,2026-07-26,10,1.8,1.0,1.0,0.5,40,0.475,18.51709464278187,0.46292736606954676
2026-07-26 12:46:26.357126,VOYG,30m,2026-05-01 09:30:00-04:00,2026-07-26,10,1.8,1.0,1.0,0.7,28,0.5357142857142857,30.44259408272385,1.0872355029544232
2026-07-26 12:46:26.357126,VOYG,30m,2026-05-01 09:30:00-04:00,2026-07-26,10,1.8,1.0,1.5,0.3,44,0.4318181818181818,34.088820245214926,0.7747459146639756
2026-07-26 12:46:26.357126,VOYG,30m,2026-05-01 09:30:00-04:00,2026-07-26,10,1.8,1.0,1.5,0.5,40,0.4,22.28529616473306,0.5571324041183265
2026-07-26 12:46:26.357126,VOYG,30m,2026-05-01 09:30:00-04:00,2026-07-26,10,1.8,1.0,1.5,0.7,28,0.4642857142857143,40.65055166567063,1.451805416631094
2026-07-26 12:46:26.357126,VOYG,30m,2026-05-01 09:30:00-04:00,2026-07-26,10,1.8,1.0,2.0,0.3,42,0.40476190476190477,33.091221607627865,0.7878862287530444
2026-07-26 12:46:26.357126,VOYG,30m,2026-05-01 09:30:00-04:00,2026-07-26,10,1.8,1.0,2.0,0.5,39,0.358974358974359,17.177696610836293,0.44045375925221264
2026-07-26 12:46:26.357126,VOYG,30m,2026-05-01 09:30:00-04:00,2026-07-26,10,1.8,1.0,2.0,0.7,28,0.39285714285714285,48.527619955072936,1.7331292841097476
2026-07-26 12:46:26.357126,VOYG,30m,2026-05-01 09:30:00-04:00,2026-07-26,10,1.8,1.0,2.5,0.3,41,0.43902439024390244,64.84577923105189,1.5816043714890706
2026-07-26 12:46:26.357126,VOYG,30m,2026-05-01 09:30:00-04:00,2026-07-26,10,1.8,1.0,2.5,0.5,38,0.42105263157894735,51.128872985062515,1.3454966575016452
2026-07-26 12:46:26.357126,VOYG,30m,2026-05-01 09:30:00-04:00,2026-07-26,10,1.8,1.0,2.5,0.7,27,0.4444444444444444,81.36162452909772,3.0133935010776933
2026-07-26 12:46:26.357126,VOYG,30m,2026-05-01 09:30:00-04:00,2026-07-26,10,1.8,1.0,3.0,0.3,41,0.4878048780487805,64.73280876782856,1.5788489943372819
2026-07-26 12:46:26.357126,VOYG,30m,2026-05-01 09:30:00-04:00,2026-07-26,10,1.8,1.0,3.0,0.5,38,0.4473684210526316,29.060368981715605,0.7647465521504107
2026-07-26 12:46:26.357126,VOYG,30m,2026-05-01 09:30:00-04:00,2026-07-26,10,1.8,1.0,3.0,0.7,27,0.48148148148148145,70.6688871954236,2.617366192423096
2026-07-26 12:46:26.357126,VOYG,30m,2026-05-01 09:30:00-04:00,2026-07-26,10,1.8,1.0,3.5,0.3,40,0.525,85.59994146105339,2.1399985365263348
2026-07-26 12:46:26.357126,VOYG,30m,2026-05-01 09:30:00-04:00,2026-07-26,10,1.8,1.0,3.5,0.5,37,0.4864864864864865,52.07376171058829,1.407398965151035
2026-07-26 12:46:26.357126,VOYG,30m,2026-05-01 09:30:00-04:00,2026-07-26,10,1.8,1.0,3.5,0.7,27,0.5185185185185185,93.4991332107976,3.46293085965917
2026-07-26 12:46:26.357126,VOYG,30m,2026-05-01 09:30:00-04:00,2026-07-26,10,1.8,1.2,1.0,0.3,41,0.4878048780487805,26.266810450831812,0.6406539134349223
2026-07-26 12:46:26.357126,VOYG,30m,2026-05-01 09:30:00-04:00,2026-07-26,10,1.8,1.2,1.0,0.5,39,0.46153846153846156,18.331037189015476,0.4700265945901404
2026-07-26 12:46:26.357126,VOYG,30m,2026-05-01 09:30:00-04:00,2026-07-26,10,1.8,1.2,1.0,0.7,28,0.5357142857142857,30.44259408272385,1.0872355029544232
2026-07-26 12:46:26.357126,VOYG,30m,2026-05-01 09:30:00-04:00,2026-07-26,10,1.8,1.2,1.5,0.3,40,0.45,41.41969007683784,1.035492251920946
2026-07-26 12:46:26.357126,VOYG,30m,2026-05-01 09:30:00-04:00,2026-07-26,10,1.8,1.2,1.5,0.5,39,0.41025641025641024,24.006209984083462,0.6155438457457298
2026-07-26 12:46:26.357126,VOYG,30m,2026-05-01 09:30:00-04:00,2026-07-26,10,1.8,1.2,1.5,0.7,28,0.4642857142857143,40.65055166567063,1.451805416631094
2026-07-26 12:46:26.357126,VOYG,30m,2026-05-01 09:30:00-04:00,2026-07-26,10,1.8,1.2,2.0,0.3,39,0.41025641025641024,39.72592964741892,1.0186135807030492
2026-07-26 12:46:26.357126,VOYG,30m,2026-05-01 09:30:00-04:00,2026-07-26,10,1.8,1.2,2.0,0.5,38,0.3684210526315789,20.80558170330356,0.5475153079816726
2026-07-26 12:46:26.357126,VOYG,30m,2026-05-01 09:30:00-04:00,2026-07-26,10,1.8,1.2,2.0,0.7,28,0.39285714285714285,48.527619955072936,1.7331292841097476
2026-07-26 12:46:26.357126,VOYG,30m,2026-05-01 09:30:00-04:00,2026-07-26,10,1.8,1.2,2.5,0.3,38,0.4473684210526316,61.15866175837265,1.6094384673255961
2026-07-26 12:46:26.357126,VOYG,30m,2026-05-01 09:30:00-04:00,2026-07-26,10,1.8,1.2,2.5,0.5,37,0.40540540540540543,42.42072682822844,1.1465061304926605
2026-07-26 12:46:26.357126,VOYG,30m,2026-05-01 09:30:00-04:00,2026-07-26,10,1.8,1.2,2.5,0.7,27,0.4444444444444444,81.36162452909772,3.0133935010776933
2026-07-26 12:46:26.357126,VOYG,30m,2026-05-01 09:30:00-04:00,2026-07-26,10,1.8,1.2,3.0,0.3,38,0.47368421052631576,40.87611550968777,1.0756872502549413
2026-07-26 12:46:26.357126,VOYG,30m,2026-05-01 09:30:00-04:00,2026-07-26,10,1.8,1.2,3.0,0.5,37,0.43243243243243246,22.320593593514708,0.6032592863112083
2026-07-26 12:46:26.357126,VOYG,30m,2026-05-01 09:30:00-04:00,2026-07-26,10,1.8,1.2,3.0,0.7,27,0.48148148148148145,70.6688871954236,2.617366192423096
2026-07-26 12:46:26.357126,VOYG,30m,2026-05-01 09:30:00-04:00,2026-07-26,10,1.8,1.2,3.5,0.3,37,0.5135135135135135,65.67546599322242,1.7750125944114168
2026-07-26 12:46:26.357126,VOYG,30m,2026-05-01 09:30:00-04:00,2026-07-26,10,1.8,1.2,3.5,0.5,36,0.4722222222222222,47.302357091020575,1.3139543636394604
2026-07-26 12:46:26.357126,VOYG,30m,2026-05-01 09:30:00-04:00,2026-07-26,10,1.8,1.2,3.5,0.7,27,0.5185185185185185,93.4991332107976,3.46293085965917
2026-07-26 12:46:26.357126,VOYG,30m,2026-05-01 09:30:00-04:00,2026-07-26,10,1.8,1.5,1.0,0.3,37,0.43243243243243246,15.071668032920158,0.4073423792681124
2026-07-26 12:46:26.357126,VOYG,30m,2026-05-01 09:30:00-04:00,2026-07-26,10,1.8,1.5,1.0,0.5,37,0.43243243243243246,15.071668032920158,0.4073423792681124
2026-07-26 12:46:26.357126,VOYG,30m,2026-05-01 09:30:00-04:00,2026-07-26,10,1.8,1.5,1.0,0.7,27,0.5185185185185185,27.80131567919927,1.0296783584888618
2026-07-26 12:46:26.357126,VOYG,30m,2026-05-01 09:30:00-04:00,2026-07-26,10,1.8,1.5,1.5,0.3,37,0.43243243243243246,24.992156249940543,0.6754636824308254
2026-07-26 12:46:26.357126,VOYG,30m,2026-05-01 09:30:00-04:00,2026-07-26,10,1.8,1.5,1.5,0.5,37,0.43243243243243246,24.992156249940543,0.6754636824308254
2026-07-26 12:46:26.357126,VOYG,30m,2026-05-01 09:30:00-04:00,2026-07-26,10,1.8,1.5,1.5,0.7,27,0.48148148148148145,41.31363406038382,1.5301345948290304
2026-07-26 12:46:26.357126,VOYG,30m,2026-05-01 09:30:00-04:00,2026-07-26,10,1.8,1.5,2.0,0.3,36,0.3888888888888889,22.8254001981621,0.6340388943933917
2026-07-26 12:46:26.357126,VOYG,30m,2026-05-01 09:30:00-04:00,2026-07-26,10,1.8,1.5,2.0,0.5,36,0.3888888888888889,22.8254001981621,0.6340388943933917
2026-07-26 12:46:26.357126,VOYG,30m,2026-05-01 09:30:00-04:00,2026-07-26,10,1.8,1.5,2.0,0.7,27,0.4074074074074074,49.28361995507295,1.8253192575952946
2026-07-26 12:46:26.357126,VOYG,30m,2026-05-01 09:30:00-04:00,2026-07-26,10,1.8,1.5,2.5,0.3,35,0.42857142857142855,45.38149994680161,1.2966142841943318
2026-07-26 12:46:26.357126,VOYG,30m,2026-05-01 09:30:00-04:00,2026-07-26,10,1.8,1.5,2.5,0.5,35,0.42857142857142855,45.38149994680161,1.2966142841943318
2026-07-26 12:46:26.357126,VOYG,30m,2026-05-01 09:30:00-04:00,2026-07-26,10,1.8,1.5,2.5,0.7,26,0.46153846153846156,82.11762452909774,3.158370174196067
2026-07-26 12:46:26.357126,VOYG,30m,2026-05-01 09:30:00-04:00,2026-07-26,10,1.8,1.5,3.0,0.3,35,0.45714285714285713,26.222321335802512,0.7492091810229289
2026-07-26 12:46:26.357126,VOYG,30m,2026-05-01 09:30:00-04:00,2026-07-26,10,1.8,1.5,3.0,0.5,35,0.45714285714285713,26.222321335802512,0.7492091810229289
2026-07-26 12:46:26.357126,VOYG,30m,2026-05-01 09:30:00-04:00,2026-07-26,10,1.8,1.5,3.0,0.7,26,0.5,71.4248871954236,2.7471110459778307
2026-07-26 12:46:26.357126,VOYG,30m,2026-05-01 09:30:00-04:00,2026-07-26,10,1.8,1.5,3.5,0.3,34,0.5,52.14503945702301,1.533677631088912
2026-07-26 12:46:26.357126,VOYG,30m,2026-05-01 09:30:00-04:00,2026-07-26,10,1.8,1.5,3.5,0.5,34,0.5,52.14503945702301,1.533677631088912
2026-07-26 12:46:26.357126,VOYG,30m,2026-05-01 09:30:00-04:00,2026-07-26,10,1.8,1.5,3.5,0.7,26,0.5384615384615384,94.2551332107976,3.6251974311845228
2026-07-26 12:46:26.357126,VOYG,30m,2026-05-01 09:30:00-04:00,2026-07-26,10,1.8,1.8,1.0,0.3,32,0.4375,11.880078500236522,0.3712524531323913
2026-07-26 12:46:26.357126,VOYG,30m,2026-05-01 09:30:00-04:00,2026-07-26,10,1.8,1.8,1.0,0.5,32,0.4375,11.880078500236522,0.3712524531323913
2026-07-26 12:46:26.357126,VOYG,30m,2026-05-01 09:30:00-04:00,2026-07-26,10,1.8,1.8,1.0,0.7,24,0.5,17.059141813321332,0.7107975755550555
2026-07-26 12:46:26.357126,VOYG,30m,2026-05-01 09:30:00-04:00,2026-07-26,10,1.8,1.8,1.5,0.3,32,0.4375,5.495763741622461,0.17174261692570192
2026-07-26 12:46:26.357126,VOYG,30m,2026-05-01 09:30:00-04:00,2026-07-26,10,1.8,1.8,1.5,0.5,32,0.4375,5.495763741622461,0.17174261692570192
2026-07-26 12:46:26.357126,VOYG,30m,2026-05-01 09:30:00-04:00,2026-07-26,10,1.8,1.8,1.5,0.7,24,0.4583333333333333,10.462185325685383,0.43592438857022425
2026-07-26 12:46:26.357126,VOYG,30m,2026-05-01 09:30:00-04:00,2026-07-26,10,1.8,1.8,2.0,0.3,31,0.3870967741935484,8.396446859900166,0.2708531245129086
2026-07-26 12:46:26.357126,VOYG,30m,2026-05-01 09:30:00-04:00,2026-07-26,10,1.8,1.8,2.0,0.5,31,0.3870967741935484,8.396446859900166,0.2708531245129086
2026-07-26 12:46:26.357126,VOYG,30m,2026-05-01 09:30:00-04:00,2026-07-26,10,1.8,1.8,2.0,0.7,24,0.375,19.564591648303953,0.8151913186793314
2026-07-26 12:46:26.357126,VOYG,30m,2026-05-01 09:30:00-04:00,2026-07-26,10,1.8,1.8,2.5,0.3,30,0.43333333333333335,36.444026999594215,1.214800899986474
2026-07-26 12:46:26.357126,VOYG,30m,2026-05-01 09:30:00-04:00,2026-07-26,10,1.8,1.8,2.5,0.5,30,0.43333333333333335,36.444026999594215,1.214800899986474
2026-07-26 12:46:26.357126,VOYG,30m,2026-05-01 09:30:00-04:00,2026-07-26,10,1.8,1.8,2.5,0.7,23,0.43478260869565216,54.775115507848504,2.3815267612108046
2026-07-26 12:46:26.357126,VOYG,30m,2026-05-01 09:30:00-04:00,2026-07-26,10,1.8,1.8,3.0,0.3,30,0.4666666666666667,21.536953799153657,0.7178984599717886
2026-07-26 12:46:26.357126,VOYG,30m,2026-05-01 09:30:00-04:00,2026-07-26,10,1.8,1.8,3.0,0.5,30,0.4666666666666667,21.536953799153657,0.7178984599717886
2026-07-26 12:46:26.357126,VOYG,30m,2026-05-01 09:30:00-04:00,2026-07-26,10,1.8,1.8,3.0,0.7,23,0.4782608695652174,47.49387636992452,2.0649511465184576
2026-07-26 12:46:26.357126,VOYG,30m,2026-05-01 09:30:00-04:00,2026-07-26,10,1.8,1.8,3.5,0.3,29,0.5172413793103449,51.71177733093263,1.783164735549401
2026-07-26 12:46:26.357126,VOYG,30m,2026-05-01 09:30:00-04:00,2026-07-26,10,1.8,1.8,3.5,0.5,29,0.5172413793103449,51.71177733093263,1.783164735549401
2026-07-26 12:46:26.357126,VOYG,30m,2026-05-01 09:30:00-04:00,2026-07-26,10,1.8,1.8,3.5,0.7,23,0.5217391304347826,73.73562058104864,3.205896547002115
2026-07-26 12:46:26.357126,VOYG,30m,2026-05-01 09:30:00-04:00,2026-07-26,10,1.8,2.0,1.0,0.3,30,0.43333333333333335,16.282645179657074,0.5427548393219025
2026-07-26 12:46:26.357126,VOYG,30m,2026-05-01 09:30:00-04:00,2026-07-26,10,1.8,2.0,1.0,0.5,30,0.43333333333333335,16.282645179657074,0.5427548393219025
2026-07-26 12:46:26.357126,VOYG,30m,2026-05-01 09:30:00-04:00,2026-07-26,10,1.8,2.0,1.0,0.7,23,0.4782608695652174,16.419571501841723,0.7138944131235532
2026-07-26 12:46:26.357126,VOYG,30m,2026-05-01 09:30:00-04:00,2026-07-26,10,1.8,2.0,1.5,0.3,30,0.43333333333333335,13.024613760753319,0.4341537920251106
2026-07-26 12:46:26.357126,VOYG,30m,2026-05-01 09:30:00-04:00,2026-07-26,10,1.8,2.0,1.5,0.5,30,0.43333333333333335,13.024613760753319,0.4341537920251106
2026-07-26 12:46:26.357126,VOYG,30m,2026-05-01 09:30:00-04:00,2026-07-26,10,1.8,2.0,1.5,0.7,23,0.43478260869565216,10.427829858465998,0.453383906889826
2026-07-26 12:46:26.357126,VOYG,30m,2026-05-01 09:30:00-04:00,2026-07-26,10,1.8,2.0,2.0,0.3,30,0.4,17.878525174949296,0.5959508391649765
2026-07-26 12:46:26.357126,VOYG,30m,2026-05-01 09:30:00-04:00,2026-07-26,10,1.8,2.0,2.0,0.5,30,0.4,17.878525174949296,0.5959508391649765
2026-07-26 12:46:26.357126,VOYG,30m,2026-05-01 09:30:00-04:00,2026-07-26,10,1.8,2.0,2.0,0.7,23,0.391304347826087,20.135451025344757,0.8754543924062937
2026-07-26 12:46:26.357126,VOYG,30m,2026-05-01 09:30:00-04:00,2026-07-26,10,1.8,2.0,2.5,0.3,29,0.4482758620689655,46.46128241615525,1.6021131867639742
2026-07-26 12:46:26.357126,VOYG,30m,2026-05-01 09:30:00-04:00,2026-07-26,10,1.8,2.0,2.5,0.5,29,0.4482758620689655,46.46128241615525,1.6021131867639742
2026-07-26 12:46:26.357126,VOYG,30m,2026-05-01 09:30:00-04:00,2026-07-26,10,1.8,2.0,2.5,0.7,22,0.45454545454545453,55.95118972914953,2.543235896779524
2026-07-26 12:46:26.357126,VOYG,30m,2026-05-01 09:30:00-04:00,2026-07-26,10,1.8,2.0,3.0,0.3,29,0.4827586206896552,31.591160299026875,1.0893503551388577
2026-07-26 12:46:26.357126,VOYG,30m,2026-05-01 09:30:00-04:00,2026-07-26,10,1.8,2.0,3.0,0.5,29,0.4827586206896552,31.591160299026875,1.0893503551388577
2026-07-26 12:46:26.357126,VOYG,30m,2026-05-01 09:30:00-04:00,2026-07-26,10,1.8,2.0,3.0,0.7,22,0.5,49.27516543548574,2.2397802470675336
2026-07-26 12:46:26.357126,VOYG,30m,2026-05-01 09:30:00-04:00,2026-07-26,10,1.8,2.0,3.5,0.3,29,0.5172413793103449,50.28546078200801,1.7339814062761383
2026-07-26 12:46:26.357126,VOYG,30m,2026-05-01 09:30:00-04:00,2026-07-26,10,1.8,2.0,3.5,0.5,29,0.5172413793103449,50.28546078200801,1.7339814062761383
2026-07-26 12:46:26.357126,VOYG,30m,2026-05-01 09:30:00-04:00,2026-07-26,10,1.8,2.0,3.5,0.7,22,0.5454545454545454,75.18715035876002,3.417597743580001
2026-07-26 12:46:26.357126,VOYG,30m,2026-05-01 09:30:00-04:00,2026-07-26,10,1.8,2.5,1.0,0.3,22,0.4090909090909091,11.261474648146645,0.511885211279393
2026-07-26 12:46:26.357126,VOYG,30m,2026-05-01 09:30:00-04:00,2026-07-26,10,1.8,2.5,1.0,0.5,22,0.4090909090909091,11.261474648146645,0.511885211279393
2026-07-26 12:46:26.357126,VOYG,30m,2026-05-01 09:30:00-04:00,2026-07-26,10,1.8,2.5,1.0,0.7,17,0.47058823529411764,17.189545536567366,1.0111497374451393
2026-07-26 12:46:26.357126,VOYG,30m,2026-05-01 09:30:00-04:00,2026-07-26,10,1.8,2.5,1.5,0.3,22,0.36363636363636365,13.985469184180772,0.6357031447354896
2026-07-26 12:46:26.357126,VOYG,30m,2026-05-01 09:30:00-04:00,2026-07-26,10,1.8,2.5,1.5,0.5,22,0.36363636363636365,13.985469184180772,0.6357031447354896
2026-07-26 12:46:26.357126,VOYG,30m,2026-05-01 09:30:00-04:00,2026-07-26,10,1.8,2.5,1.5,0.7,17,0.4117647058823529,18.432790910554502,1.084281818267912
2026-07-26 12:46:26.357126,VOYG,30m,2026-05-01 09:30:00-04:00,2026-07-26,10,1.8,2.5,2.0,0.3,22,0.36363636363636365,27.62808724605712,1.2558221475480509
2026-07-26 12:46:26.357126,VOYG,30m,2026-05-01 09:30:00-04:00,2026-07-26,10,1.8,2.5,2.0,0.5,22,0.36363636363636365,27.62808724605712,1.2558221475480509
2026-07-26 12:46:26.357126,VOYG,30m,2026-05-01 09:30:00-04:00,2026-07-26,10,1.8,2.5,2.0,0.7,17,0.4117647058823529,37.79931654636698,2.2234892086098226
2026-07-26 12:46:26.357126,VOYG,30m,2026-05-01 09:30:00-04:00,2026-07-26,10,1.8,2.5,2.5,0.3,22,0.4090909090909091,60.31783401843839,2.741719728110836
2026-07-26 12:46:26.357126,VOYG,30m,2026-05-01 09:30:00-04:00,2026-07-26,10,1.8,2.5,2.5,0.5,22,0.4090909090909091,60.31783401843839,2.741719728110836
2026-07-26 12:46:26.357126,VOYG,30m,2026-05-01 09:30:00-04:00,2026-07-26,10,1.8,2.5,2.5,0.7,17,0.47058823529411764,76.35687064382577,4.491580626107399
2026-07-26 12:46:26.357126,VOYG,30m,2026-05-01 09:30:00-04:00,2026-07-26,10,1.8,2.5,3.0,0.3,22,0.4090909090909091,39.89415314918368,1.8133705976901673
2026-07-26 12:46:26.357126,VOYG,30m,2026-05-01 09:30:00-04:00,2026-07-26,10,1.8,2.5,3.0,0.5,22,0.4090909090909091,39.89415314918368,1.8133705976901673
2026-07-26 12:46:26.357126,VOYG,30m,2026-05-01 09:30:00-04:00,2026-07-26,10,1.8,2.5,3.0,0.7,17,0.47058823529411764,61.79878045022711,3.6352223794251244
2026-07-26 12:46:26.357126,VOYG,30m,2026-05-01 09:30:00-04:00,2026-07-26,10,1.8,2.5,3.5,0.3,22,0.45454545454545453,65.21277448283354,2.964217021946979
2026-07-26 12:46:26.357126,VOYG,30m,2026-05-01 09:30:00-04:00,2026-07-26,10,1.8,2.5,3.5,0.5,22,0.45454545454545453,65.21277448283354,2.964217021946979
2026-07-26 12:46:26.357126,VOYG,30m,2026-05-01 09:30:00-04:00,2026-07-26,10,1.8,2.5,3.5,0.7,17,0.5294117647058824,90.32511785033321,5.313242226490189
2026-07-26 12:46:26.357126,VOYG,30m,2026-05-01 09:30:00-04:00,2026-07-26,10,1.8,3.0,1.0,0.3,15,0.4,-3.1413567277323295,-0.20942378184882196
2026-07-26 12:46:26.357126,VOYG,30m,2026-05-01 09:30:00-04:00,2026-07-26,10,1.8,3.0,1.0,0.5,15,0.4,-3.1413567277323295,-0.20942378184882196
2026-07-26 12:46:26.357126,VOYG,30m,2026-05-01 09:30:00-04:00,2026-07-26,10,1.8,3.0,1.0,0.7,11,0.45454545454545453,2.572715172061706,0.23388319746015507
2026-07-26 12:46:26.357126,VOYG,30m,2026-05-01 09:30:00-04:00,2026-07-26,10,1.8,3.0,1.5,0.3,15,0.4,5.6455459886766945,0.3763697325784463
2026-07-26 12:46:26.357126,VOYG,30m,2026-05-01 09:30:00-04:00,2026-07-26,10,1.8,3.0,1.5,0.5,15,0.4,5.6455459886766945,0.3763697325784463
2026-07-26 12:46:26.357126,VOYG,30m,2026-05-01 09:30:00-04:00,2026-07-26,10,1.8,3.0,1.5,0.7,11,0.45454545454545453,8.996869232110392,0.8178972029191265
2026-07-26 12:46:26.357126,VOYG,30m,2026-05-01 09:30:00-04:00,2026-07-26,10,1.8,3.0,2.0,0.3,15,0.3333333333333333,9.332770644919783,0.6221847096613189
2026-07-26 12:46:26.357126,VOYG,30m,2026-05-01 09:30:00-04:00,2026-07-26,10,1.8,3.0,2.0,0.5,15,0.3333333333333333,9.332770644919783,0.6221847096613189
2026-07-26 12:46:26.357126,VOYG,30m,2026-05-01 09:30:00-04:00,2026-07-26,10,1.8,3.0,2.0,0.7,11,0.36363636363636365,17.526001967976264,1.5932729061796602
2026-07-26 12:46:26.357126,VOYG,30m,2026-05-01 09:30:00-04:00,2026-07-26,10,1.8,3.0,2.5,0.3,15,0.3333333333333333,18.068608987893384,1.2045739325262257
2026-07-26 12:46:26.357126,VOYG,30m,2026-05-01 09:30:00-04:00,2026-07-26,10,1.8,3.0,2.5,0.5,15,0.3333333333333333,18.068608987893384,1.2045739325262257
2026-07-26 12:46:26.357126,VOYG,30m,2026-05-01 09:30:00-04:00,2026-07-26,10,1.8,3.0,2.5,0.7,11,0.36363636363636365,31.24764814171403,2.840695285610366
2026-07-26 12:46:26.357126,VOYG,30m,2026-05-01 09:30:00-04:00,2026-07-26,10,1.8,3.0,3.0,0.3,15,0.3333333333333333,5.335083112529695,0.35567220750197964
2026-07-26 12:46:26.357126,VOYG,30m,2026-05-01 09:30:00-04:00,2026-07-26,10,1.8,3.0,3.0,0.5,15,0.3333333333333333,5.335083112529695,0.35567220750197964
2026-07-26 12:46:26.357126,VOYG,30m,2026-05-01 09:30:00-04:00,2026-07-26,10,1.8,3.0,3.0,0.7,11,0.36363636363636365,23.49771344769305,2.1361557679720957
2026-07-26 12:46:26.357126,VOYG,30m,2026-05-01 09:30:00-04:00,2026-07-26,10,1.8,3.0,3.5,0.3,15,0.4,36.466313129402614,2.4310875419601743
2026-07-26 12:46:26.357126,VOYG,30m,2026-05-01 09:30:00-04:00,2026-07-26,10,1.8,3.0,3.5,0.5,15,0.4,36.466313129402614,2.4310875419601743
2026-07-26 12:46:26.357126,VOYG,30m,2026-05-01 09:30:00-04:00,2026-07-26,10,1.8,3.0,3.5,0.7,11,0.45454545454545453,56.95466003670887,5.177696366973534
2026-07-26 12:46:26.357126,VOYG,30m,2026-05-01 09:30:00-04:00,2026-07-26,10,1.8,3.5,1.0,0.3,13,0.38461538461538464,7.859251013436399,0.6045577702643384
2026-07-26 12:46:26.357126,VOYG,30m,2026-05-01 09:30:00-04:00,2026-07-26,10,1.8,3.5,1.0,0.5,13,0.38461538461538464,7.859251013436399,0.6045577702643384
2026-07-26 12:46:26.357126,VOYG,30m,2026-05-01 09:30:00-04:00,2026-07-26,10,1.8,3.5,1.0,0.7,9,0.4444444444444444,13.573322913230434,1.508146990358937
2026-07-26 12:46:26.357126,VOYG,30m,2026-05-01 09:30:00-04:00,2026-07-26,10,1.8,3.5,1.5,0.3,13,0.3076923076923077,1.5056445069828683,0.11581880822945141
2026-07-26 12:46:26.357126,VOYG,30m,2026-05-01 09:30:00-04:00,2026-07-26,10,1.8,3.5,1.5,0.5,13,0.3076923076923077,1.5056445069828683,0.11581880822945141
2026-07-26 12:46:26.357126,VOYG,30m,2026-05-01 09:30:00-04:00,2026-07-26,10,1.8,3.5,1.5,0.7,9,0.3333333333333333,4.856967750416565,0.5396630833796183
2026-07-26 12:46:26.357126,VOYG,30m,2026-05-01 09:30:00-04:00,2026-07-26,10,1.8,3.5,2.0,0.3,13,0.23076923076923078,7.146235335994717,0.5497104104611321
2026-07-26 12:46:26.357126,VOYG,30m,2026-05-01 09:30:00-04:00,2026-07-26,10,1.8,3.5,2.0,0.5,13,0.23076923076923078,7.146235335994717,0.5497104104611321
2026-07-26 12:46:26.357126,VOYG,30m,2026-05-01 09:30:00-04:00,2026-07-26,10,1.8,3.5,2.0,0.7,9,0.2222222222222222,15.339466659051197,1.7043851843390219
2026-07-26 12:46:26.357126,VOYG,30m,2026-05-01 09:30:00-04:00,2026-07-26,10,1.8,3.5,2.5,0.3,13,0.3076923076923077,2.4170081674411747,0.18592370518778267
2026-07-26 12:46:26.357126,VOYG,30m,2026-05-01 09:30:00-04:00,2026-07-26,10,1.8,3.5,2.5,0.5,13,0.3076923076923077,2.4170081674411747,0.18592370518778267
2026-07-26 12:46:26.357126,VOYG,30m,2026-05-01 09:30:00-04:00,2026-07-26,10,1.8,3.5,2.5,0.7,9,0.3333333333333333,15.596047321261821,1.732894146806869
2026-07-26 12:46:26.357126,VOYG,30m,2026-05-01 09:30:00-04:00,2026-07-26,10,1.8,3.5,3.0,0.3,13,0.3076923076923077,-8.94904053936191,-0.68838773379707
2026-07-26 12:46:26.357126,VOYG,30m,2026-05-01 09:30:00-04:00,2026-07-26,10,1.8,3.5,3.0,0.5,13,0.3076923076923077,-8.94904053936191,-0.68838773379707
2026-07-26 12:46:26.357126,VOYG,30m,2026-05-01 09:30:00-04:00,2026-07-26,10,1.8,3.5,3.0,0.7,9,0.3333333333333333,9.213589795801447,1.023732199533494
2026-07-26 12:46:26.357126,VOYG,30m,2026-05-01 09:30:00-04:00,2026-07-26,10,1.8,3.5,3.5,0.3,13,0.3076923076923077,18.343102537323794,1.4110078874864458
2026-07-26 12:46:26.357126,VOYG,30m,2026-05-01 09:30:00-04:00,2026-07-26,10,1.8,3.5,3.5,0.5,13,0.3076923076923077,18.343102537323794,1.4110078874864458
2026-07-26 12:46:26.357126,VOYG,30m,2026-05-01 09:30:00-04:00,2026-07-26,10,1.8,3.5,3.5,0.7,9,0.3333333333333333,38.83144944463005,4.314605493847783
2026-07-26 12:46:26.357126,VOYG,30m,2026-05-01 09:30:00-04:00,2026-07-26,10,2.0,0.5,1.0,0.3,52,0.5,61.58529923048512,1.1843326775093292
2026-07-26 12:46:26.357126,VOYG,30m,2026-05-01 09:30:00-04:00,2026-07-26,10,2.0,0.5,1.0,0.5,40,0.45,12.200935178887491,0.3050233794721873
2026-07-26 12:46:26.357126,VOYG,30m,2026-05-01 09:30:00-04:00,2026-07-26,10,2.0,0.5,1.0,0.7,24,0.5833333333333334,34.00023869371186,1.4166766122379941
2026-07-26 12:46:26.357126,VOYG,30m,2026-05-01 09:30:00-04:00,2026-07-26,10,2.0,0.5,1.5,0.3,52,0.4423076923076923,44.98288396824254,0.8650554609277411
2026-07-26 12:46:26.357126,VOYG,30m,2026-05-01 09:30:00-04:00,2026-07-26,10,2.0,0.5,1.5,0.5,40,0.375,6.9910736257146056,0.17477684064286514
2026-07-26 12:46:26.357126,VOYG,30m,2026-05-01 09:30:00-04:00,2026-07-26,10,2.0,0.5,1.5,0.7,24,0.5,41.017857381329996,1.7090773908887498
2026-07-26 12:46:26.357126,VOYG,30m,2026-05-01 09:30:00-04:00,2026-07-26,10,2.0,0.5,2.0,0.3,47,0.44680851063829785,69.64745162319996,1.4818606728340415
2026-07-26 12:46:26.357126,VOYG,30m,2026-05-01 09:30:00-04:00,2026-07-26,10,2.0,0.5,2.0,0.5,39,0.3333333333333333,-5.282605354898138,-0.1354514193563625
2026-07-26 12:46:26.357126,VOYG,30m,2026-05-01 09:30:00-04:00,2026-07-26,10,2.0,0.5,2.0,0.7,24,0.4166666666666667,47.64935566224228,1.985389819260095
2026-07-26 12:46:26.357126,VOYG,30m,2026-05-01 09:30:00-04:00,2026-07-26,10,2.0,0.5,2.5,0.3,47,0.44680851063829785,51.070012194998924,1.0865960041489133
2026-07-26 12:46:26.357126,VOYG,30m,2026-05-01 09:30:00-04:00,2026-07-26,10,2.0,0.5,2.5,0.5,38,0.39473684210526316,15.892004121103085,0.41821063476587067
2026-07-26 12:46:26.357126,VOYG,30m,2026-05-01 09:30:00-04:00,2026-07-26,10,2.0,0.5,2.5,0.7,23,0.43478260869565216,61.591622229446585,2.6778966186715905
2026-07-26 12:46:26.357126,VOYG,30m,2026-05-01 09:30:00-04:00,2026-07-26,10,2.0,0.5,3.0,0.3,45,0.4666666666666667,69.75510339563681,1.550113408791929
2026-07-26 12:46:26.357126,VOYG,30m,2026-05-01 09:30:00-04:00,2026-07-26,10,2.0,0.5,3.0,0.5,36,0.3888888888888889,18.482277904367308,0.5133966084546474
2026-07-26 12:46:26.357126,VOYG,30m,2026-05-01 09:30:00-04:00,2026-07-26,10,2.0,0.5,3.0,0.7,23,0.43478260869565216,43.8823858655325,1.9079298202405435
2026-07-26 12:46:26.357126,VOYG,30m,2026-05-01 09:30:00-04:00,2026-07-26,10,2.0,0.5,3.5,0.3,44,0.5227272727272727,87.65133358817727,1.9920757633676651
2026-07-26 12:46:26.357126,VOYG,30m,2026-05-01 09:30:00-04:00,2026-07-26,10,2.0,0.5,3.5,0.5,35,0.45714285714285713,43.723037181696185,1.2492296337627482
2026-07-26 12:46:26.357126,VOYG,30m,2026-05-01 09:30:00-04:00,2026-07-26,10,2.0,0.5,3.5,0.7,23,0.5217391304347826,69.63796496696631,3.0277376072594047
2026-07-26 12:46:26.357126,VOYG,30m,2026-05-01 09:30:00-04:00,2026-07-26,10,2.0,0.8,1.0,0.3,46,0.5217391304347826,50.58790525649041,1.0997370707932697
2026-07-26 12:46:26.357126,VOYG,30m,2026-05-01 09:30:00-04:00,2026-07-26,10,2.0,0.8,1.0,0.5,38,0.47368421052631576,18.914721049673773,0.4977558170966782
2026-07-26 12:46:26.357126,VOYG,30m,2026-05-01 09:30:00-04:00,2026-07-26,10,2.0,0.8,1.0,0.7,24,0.5833333333333334,34.00023869371186,1.4166766122379941
2026-07-26 12:46:26.357126,VOYG,30m,2026-05-01 09:30:00-04:00,2026-07-26,10,2.0,0.8,1.5,0.3,46,0.43478260869565216,39.09652874211897,0.8499245378721515
2026-07-26 12:46:26.357126,VOYG,30m,2026-05-01 09:30:00-04:00,2026-07-26,10,2.0,0.8,1.5,0.5,38,0.39473684210526316,17.061752431893993,0.44899348504984193
2026-07-26 12:46:26.357126,VOYG,30m,2026-05-01 09:30:00-04:00,2026-07-26,10,2.0,0.8,1.5,0.7,24,0.5,41.017857381329996,1.7090773908887498
2026-07-26 12:46:26.357126,VOYG,30m,2026-05-01 09:30:00-04:00,2026-07-26,10,2.0,0.8,2.0,0.3,41,0.43902439024390244,68.38579040964426,1.667946107552299
2026-07-26 12:46:26.357126,VOYG,30m,2026-05-01 09:30:00-04:00,2026-07-26,10,2.0,0.8,2.0,0.5,37,0.35135135135135137,8.14496638667439,0.2201342266668754
2026-07-26 12:46:26.357126,VOYG,30m,2026-05-01 09:30:00-04:00,2026-07-26,10,2.0,0.8,2.0,0.7,24,0.4166666666666667,47.64935566224228,1.985389819260095
2026-07-26 12:46:26.357126,VOYG,30m,2026-05-01 09:30:00-04:00,2026-07-26,10,2.0,0.8,2.5,0.3,40,0.425,63.08631577754124,1.577157894438531
2026-07-26 12:46:26.357126,VOYG,30m,2026-05-01 09:30:00-04:00,2026-07-26,10,2.0,0.8,2.5,0.5,36,0.3888888888888889,20.640788271247388,0.5733552297568719
2026-07-26 12:46:26.357126,VOYG,30m,2026-05-01 09:30:00-04:00,2026-07-26,10,2.0,0.8,2.5,0.7,23,0.43478260869565216,61.591622229446585,2.6778966186715905
2026-07-26 12:46:26.357126,VOYG,30m,2026-05-01 09:30:00-04:00,2026-07-26,10,2.0,0.8,3.0,0.3,40,0.45,52.78974282194728,1.319743570548682
2026-07-26 12:46:26.357126,VOYG,30m,2026-05-01 09:30:00-04:00,2026-07-26,10,2.0,0.8,3.0,0.5,36,0.3888888888888889,-11.007831245172284,-0.30577309014367454
2026-07-26 12:46:26.357126,VOYG,30m,2026-05-01 09:30:00-04:00,2026-07-26,10,2.0,0.8,3.0,0.7,23,0.43478260869565216,43.8823858655325,1.9079298202405435
2026-07-26 12:46:26.357126,VOYG,30m,2026-05-01 09:30:00-04:00,2026-07-26,10,2.0,0.8,3.5,0.3,39,0.5128205128205128,75.17169783190025,1.9274794315871857
2026-07-26 12:46:26.357126,VOYG,30m,2026-05-01 09:30:00-04:00,2026-07-26,10,2.0,0.8,3.5,0.5,35,0.45714285714285713,12.506441801263861,0.3573269086075389
2026-07-26 12:46:26.357126,VOYG,30m,2026-05-01 09:30:00-04:00,2026-07-26,10,2.0,0.8,3.5,0.7,23,0.5217391304347826,69.63796496696631,3.0277376072594047
2026-07-26 12:46:26.357126,VOYG,30m,2026-05-01 09:30:00-04:00,2026-07-26,10,2.0,1.0,1.0,0.3,40,0.5,27.717348060558784,0.6929337015139696
2026-07-26 12:46:26.357126,VOYG,30m,2026-05-01 09:30:00-04:00,2026-07-26,10,2.0,1.0,1.0,0.5,36,0.5,22.991361767655647,0.6386489379904347
2026-07-26 12:46:26.357126,VOYG,30m,2026-05-01 09:30:00-04:00,2026-07-26,10,2.0,1.0,1.0,0.7,23,0.6086956521739131,36.45226120759762,1.584880922069462
2026-07-26 12:46:26.357126,VOYG,30m,2026-05-01 09:30:00-04:00,2026-07-26,10,2.0,1.0,1.5,0.3,40,0.425,26.584587582483437,0.6646146895620859
2026-07-26 12:46:26.357126,VOYG,30m,2026-05-01 09:30:00-04:00,2026-07-26,10,2.0,1.0,1.5,0.5,36,0.4166666666666667,25.920608143128803,0.720016892864689
2026-07-26 12:46:26.357126,VOYG,30m,2026-05-01 09:30:00-04:00,2026-07-26,10,2.0,1.0,1.5,0.7,23,0.5217391304347826,46.38978578642064,2.016947208105245
2026-07-26 12:46:26.357126,VOYG,30m,2026-05-01 09:30:00-04:00,2026-07-26,10,2.0,1.0,2.0,0.3,38,0.39473684210526316,23.799627116379156,0.6263059767468199
2026-07-26 12:46:26.357126,VOYG,30m,2026-05-01 09:30:00-04:00,2026-07-26,10,2.0,1.0,2.0,0.5,35,0.37142857142857144,21.041202794866685,0.6011772227104767
2026-07-26 12:46:26.357126,VOYG,30m,2026-05-01 09:30:00-04:00,2026-07-26,10,2.0,1.0,2.0,0.7,23,0.43478260869565216,55.196355662242276,2.399841550532273
2026-07-26 12:46:26.357126,VOYG,30m,2026-05-01 09:30:00-04:00,2026-07-26,10,2.0,1.0,2.5,0.3,37,0.40540540540540543,35.634864183378134,0.9631044373885982
2026-07-26 12:46:26.357126,VOYG,30m,2026-05-01 09:30:00-04:00,2026-07-26,10,2.0,1.0,2.5,0.5,34,0.4117647058823529,35.39933378148767,1.0411568759261078
2026-07-26 12:46:26.357126,VOYG,30m,2026-05-01 09:30:00-04:00,2026-07-26,10,2.0,1.0,2.5,0.7,22,0.45454545454545453,69.13862222944657,3.1426646467930257
2026-07-26 12:46:26.357126,VOYG,30m,2026-05-01 09:30:00-04:00,2026-07-26,10,2.0,1.0,3.0,0.3,37,0.43243243243243246,27.47781214031029,0.7426435713597376
2026-07-26 12:46:26.357126,VOYG,30m,2026-05-01 09:30:00-04:00,2026-07-26,10,2.0,1.0,3.0,0.5,34,0.4117647058823529,5.613023367116057,0.16508892256223695
2026-07-26 12:46:26.357126,VOYG,30m,2026-05-01 09:30:00-04:00,2026-07-26,10,2.0,1.0,3.0,0.7,22,0.45454545454545453,51.429385865532495,2.337699357524204
2026-07-26 12:46:26.357126,VOYG,30m,2026-05-01 09:30:00-04:00,2026-07-26,10,2.0,1.0,3.5,0.3,36,0.5,50.242695369990535,1.3956304269441815
2026-07-26 12:46:26.357126,VOYG,30m,2026-05-01 09:30:00-04:00,2026-07-26,10,2.0,1.0,3.5,0.5,33,0.48484848484848486,30.850441801263884,0.9348618727655722
2026-07-26 12:46:26.357126,VOYG,30m,2026-05-01 09:30:00-04:00,2026-07-26,10,2.0,1.0,3.5,0.7,22,0.5454545454545454,77.1849649669663,3.5084074984984683
2026-07-26 12:46:26.357126,VOYG,30m,2026-05-01 09:30:00-04:00,2026-07-26,10,2.0,1.2,1.0,0.3,36,0.5,29.587927948307353,0.821886887452982
2026-07-26 12:46:26.357126,VOYG,30m,2026-05-01 09:30:00-04:00,2026-07-26,10,2.0,1.2,1.0,0.5,35,0.4857142857142857,22.805304313889252,0.6515801232539786
2026-07-26 12:46:26.357126,VOYG,30m,2026-05-01 09:30:00-04:00,2026-07-26,10,2.0,1.2,1.0,0.7,23,0.6086956521739131,36.45226120759762,1.584880922069462
2026-07-26 12:46:26.357126,VOYG,30m,2026-05-01 09:30:00-04:00,2026-07-26,10,2.0,1.2,1.5,0.3,36,0.4444444444444444,33.91545741410635,0.9420960392807319
2026-07-26 12:46:26.357126,VOYG,30m,2026-05-01 09:30:00-04:00,2026-07-26,10,2.0,1.2,1.5,0.5,35,0.42857142857142855,27.641521962479203,0.7897577703565487
2026-07-26 12:46:26.357126,VOYG,30m,2026-05-01 09:30:00-04:00,2026-07-26,10,2.0,1.2,1.5,0.7,23,0.5217391304347826,46.38978578642064,2.016947208105245
2026-07-26 12:46:26.357126,VOYG,30m,2026-05-01 09:30:00-04:00,2026-07-26,10,2.0,1.2,2.0,0.3,35,0.4,30.434335156170214,0.8695524330334347
2026-07-26 12:46:26.357126,VOYG,30m,2026-05-01 09:30:00-04:00,2026-07-26,10,2.0,1.2,2.0,0.5,34,0.38235294117647056,24.66908788733395,0.7255614084509986
2026-07-26 12:46:26.357126,VOYG,30m,2026-05-01 09:30:00-04:00,2026-07-26,10,2.0,1.2,2.0,0.7,23,0.43478260869565216,55.196355662242276,2.399841550532273
2026-07-26 12:46:26.357126,VOYG,30m,2026-05-01 09:30:00-04:00,2026-07-26,10,2.0,1.2,2.5,0.3,34,0.4117647058823529,31.9477467106989,0.939639609138203
2026-07-26 12:46:26.357126,VOYG,30m,2026-05-01 09:30:00-04:00,2026-07-26,10,2.0,1.2,2.5,0.5,33,0.3939393939393939,26.691187624653594,0.8088238674137452
2026-07-26 12:46:26.357126,VOYG,30m,2026-05-01 09:30:00-04:00,2026-07-26,10,2.0,1.2,2.5,0.7,22,0.45454545454545453,69.13862222944657,3.1426646467930257
2026-07-26 12:46:26.357126,VOYG,30m,2026-05-01 09:30:00-04:00,2026-07-26,10,2.0,1.2,3.0,0.3,34,0.4117647058823529,3.6211188821695117,0.1065034965343974
2026-07-26 12:46:26.357126,VOYG,30m,2026-05-01 09:30:00-04:00,2026-07-26,10,2.0,1.2,3.0,0.5,33,0.3939393939393939,-1.1267520210848403,-0.03414400063893455
2026-07-26 12:46:26.357126,VOYG,30m,2026-05-01 09:30:00-04:00,2026-07-26,10,2.0,1.2,3.0,0.7,22,0.45454545454545453,51.429385865532495,2.337699357524204
2026-07-26 12:46:26.357126,VOYG,30m,2026-05-01 09:30:00-04:00,2026-07-26,10,2.0,1.2,3.5,0.3,33,0.48484848484848486,30.318219902159562,0.9187339364290776
2026-07-26 12:46:26.357126,VOYG,30m,2026-05-01 09:30:00-04:00,2026-07-26,10,2.0,1.2,3.5,0.5,32,0.46875,26.079037181696165,0.8149699119280052
2026-07-26 12:46:26.357126,VOYG,30m,2026-05-01 09:30:00-04:00,2026-07-26,10,2.0,1.2,3.5,0.7,22,0.5454545454545454,77.1849649669663,3.5084074984984683
2026-07-26 12:46:26.357126,VOYG,30m,2026-05-01 09:30:00-04:00,2026-07-26,10,2.0,1.5,1.0,0.3,33,0.45454545454545453,19.545935157793934,0.592301065387695
2026-07-26 12:46:26.357126,VOYG,30m,2026-05-01 09:30:00-04:00,2026-07-26,10,2.0,1.5,1.0,0.5,33,0.45454545454545453,19.545935157793934,0.592301065387695
2026-07-26 12:46:26.357126,VOYG,30m,2026-05-01 09:30:00-04:00,2026-07-26,10,2.0,1.5,1.0,0.7,22,0.5909090909090909,33.81098280407304,1.536862854730593
2026-07-26 12:46:26.357126,VOYG,30m,2026-05-01 09:30:00-04:00,2026-07-26,10,2.0,1.5,1.5,0.3,33,0.45454545454545453,28.627468228336284,0.8674990372223116
2026-07-26 12:46:26.357126,VOYG,30m,2026-05-01 09:30:00-04:00,2026-07-26,10,2.0,1.5,1.5,0.5,33,0.45454545454545453,28.627468228336284,0.8674990372223116
2026-07-26 12:46:26.357126,VOYG,30m,2026-05-01 09:30:00-04:00,2026-07-26,10,2.0,1.5,1.5,0.7,22,0.5454545454545454,47.052868181133825,2.138766735506083
2026-07-26 12:46:26.357126,VOYG,30m,2026-05-01 09:30:00-04:00,2026-07-26,10,2.0,1.5,2.0,0.3,32,0.40625,26.688906382192492,0.8340283244435154
2026-07-26 12:46:26.357126,VOYG,30m,2026-05-01 09:30:00-04:00,2026-07-26,10,2.0,1.5,2.0,0.5,32,0.40625,26.688906382192492,0.8340283244435154
2026-07-26 12:46:26.357126,VOYG,30m,2026-05-01 09:30:00-04:00,2026-07-26,10,2.0,1.5,2.0,0.7,22,0.45454545454545453,55.95235566224229,2.543288893738286
2026-07-26 12:46:26.357126,VOYG,30m,2026-05-01 09:30:00-04:00,2026-07-26,10,2.0,1.5,2.5,0.3,31,0.41935483870967744,29.651960743226766,0.9565148626847344
2026-07-26 12:46:26.357126,VOYG,30m,2026-05-01 09:30:00-04:00,2026-07-26,10,2.0,1.5,2.5,0.5,31,0.41935483870967744,29.651960743226766,0.9565148626847344
2026-07-26 12:46:26.357126,VOYG,30m,2026-05-01 09:30:00-04:00,2026-07-26,10,2.0,1.5,2.5,0.7,21,0.47619047619047616,69.8946222294466,3.328315344259362
2026-07-26 12:46:26.357126,VOYG,30m,2026-05-01 09:30:00-04:00,2026-07-26,10,2.0,1.5,3.0,0.3,31,0.41935483870967744,2.7749757212029635,0.08951534584525689
2026-07-26 12:46:26.357126,VOYG,30m,2026-05-01 09:30:00-04:00,2026-07-26,10,2.0,1.5,3.0,0.5,31,0.41935483870967744,2.7749757212029635,0.08951534584525689
2026-07-26 12:46:26.357126,VOYG,30m,2026-05-01 09:30:00-04:00,2026-07-26,10,2.0,1.5,3.0,0.7,21,0.47619047619047616,52.18538586553251,2.485018374549167
2026-07-26 12:46:26.357126,VOYG,30m,2026-05-01 09:30:00-04:00,2026-07-26,10,2.0,1.5,3.5,0.3,30,0.5,30.9217195476986,1.0307239849232868
2026-07-26 12:46:26.357126,VOYG,30m,2026-05-01 09:30:00-04:00,2026-07-26,10,2.0,1.5,3.5,0.5,30,0.5,30.9217195476986,1.0307239849232868
2026-07-26 12:46:26.357126,VOYG,30m,2026-05-01 09:30:00-04:00,2026-07-26,10,2.0,1.5,3.5,0.7,21,0.5714285714285714,77.94096496696633,3.711474522236492
2026-07-26 12:46:26.357126,VOYG,30m,2026-05-01 09:30:00-04:00,2026-07-26,10,2.0,1.8,1.0,0.3,28,0.4642857142857143,16.354345625110298,0.5840837723253678
2026-07-26 12:46:26.357126,VOYG,30m,2026-05-01 09:30:00-04:00,2026-07-26,10,2.0,1.8,1.0,0.5,28,0.4642857142857143,16.354345625110298,0.5840837723253678
2026-07-26 12:46:26.357126,VOYG,30m,2026-05-01 09:30:00-04:00,2026-07-26,10,2.0,1.8,1.0,0.7,19,0.5789473684210527,23.068808938195104,1.2141478388523739
2026-07-26 12:46:26.357126,VOYG,30m,2026-05-01 09:30:00-04:00,2026-07-26,10,2.0,1.8,1.5,0.3,28,0.4642857142857143,9.131075720018202,0.3261098471435072
2026-07-26 12:46:26.357126,VOYG,30m,2026-05-01 09:30:00-04:00,2026-07-26,10,2.0,1.8,1.5,0.5,28,0.4642857142857143,9.131075720018202,0.3261098471435072
2026-07-26 12:46:26.357126,VOYG,30m,2026-05-01 09:30:00-04:00,2026-07-26,10,2.0,1.8,1.5,0.7,19,0.5263157894736842,16.201419446435388,0.8527062866544941
2026-07-26 12:46:26.357126,VOYG,30m,2026-05-01 09:30:00-04:00,2026-07-26,10,2.0,1.8,2.0,0.3,27,0.4074074074074074,12.259953043930558,0.45407233496039107
2026-07-26 12:46:26.357126,VOYG,30m,2026-05-01 09:30:00-04:00,2026-07-26,10,2.0,1.8,2.0,0.5,27,0.4074074074074074,12.259953043930558,0.45407233496039107
2026-07-26 12:46:26.357126,VOYG,30m,2026-05-01 09:30:00-04:00,2026-07-26,10,2.0,1.8,2.0,0.7,19,0.42105263157894735,26.233327355473293,1.3807014397617523
2026-07-26 12:46:26.357126,VOYG,30m,2026-05-01 09:30:00-04:00,2026-07-26,10,2.0,1.8,2.5,0.3,26,0.4230769230769231,20.71448779601937,0.7967110690776681
2026-07-26 12:46:26.357126,VOYG,30m,2026-05-01 09:30:00-04:00,2026-07-26,10,2.0,1.8,2.5,0.5,26,0.4230769230769231,20.71448779601937,0.7967110690776681
2026-07-26 12:46:26.357126,VOYG,30m,2026-05-01 09:30:00-04:00,2026-07-26,10,2.0,1.8,2.5,0.7,18,0.4444444444444444,42.55211320819736,2.3640062893442977
2026-07-26 12:46:26.357126,VOYG,30m,2026-05-01 09:30:00-04:00,2026-07-26,10,2.0,1.8,3.0,0.3,26,0.4230769230769231,-1.910391815445891,-0.07347660828638042
2026-07-26 12:46:26.357126,VOYG,30m,2026-05-01 09:30:00-04:00,2026-07-26,10,2.0,1.8,3.0,0.5,26,0.4230769230769231,-1.910391815445891,-0.07347660828638042
2026-07-26 12:46:26.357126,VOYG,30m,2026-05-01 09:30:00-04:00,2026-07-26,10,2.0,1.8,3.0,0.7,18,0.4444444444444444,28.25437504003343,1.5696875022240795
2026-07-26 12:46:26.357126,VOYG,30m,2026-05-01 09:30:00-04:00,2026-07-26,10,2.0,1.8,3.5,0.3,25,0.52,30.488457421608217,1.2195382968643287
2026-07-26 12:46:26.357126,VOYG,30m,2026-05-01 09:30:00-04:00,2026-07-26,10,2.0,1.8,3.5,0.5,25,0.52,30.488457421608217,1.2195382968643287
2026-07-26 12:46:26.357126,VOYG,30m,2026-05-01 09:30:00-04:00,2026-07-26,10,2.0,1.8,3.5,0.7,18,0.5555555555555556,57.42145233721736,3.1900806854009645
2026-07-26 12:46:26.357126,VOYG,30m,2026-05-01 09:30:00-04:00,2026-07-26,10,2.0,2.0,1.0,0.3,26,0.46153846153846156,20.75691230453085,0.7983427809434942
2026-07-26 12:46:26.357126,VOYG,30m,2026-05-01 09:30:00-04:00,2026-07-26,10,2.0,2.0,1.0,0.5,26,0.46153846153846156,20.75691230453085,0.7983427809434942
2026-07-26 12:46:26.357126,VOYG,30m,2026-05-01 09:30:00-04:00,2026-07-26,10,2.0,2.0,1.0,0.7,18,0.5555555555555556,22.429238626715495,1.2460688125953052
2026-07-26 12:46:26.357126,VOYG,30m,2026-05-01 09:30:00-04:00,2026-07-26,10,2.0,2.0,1.5,0.3,26,0.46153846153846156,16.65992573914906,0.6407663745826562
2026-07-26 12:46:26.357126,VOYG,30m,2026-05-01 09:30:00-04:00,2026-07-26,10,2.0,2.0,1.5,0.5,26,0.46153846153846156,16.65992573914906,0.6407663745826562
2026-07-26 12:46:26.357126,VOYG,30m,2026-05-01 09:30:00-04:00,2026-07-26,10,2.0,2.0,1.5,0.7,18,0.5,16.167063979216003,0.8981702210675557
2026-07-26 12:46:26.357126,VOYG,30m,2026-05-01 09:30:00-04:00,2026-07-26,10,2.0,2.0,2.0,0.3,26,0.4230769230769231,21.742031358979688,0.8362319753453726
2026-07-26 12:46:26.357126,VOYG,30m,2026-05-01 09:30:00-04:00,2026-07-26,10,2.0,2.0,2.0,0.5,26,0.4230769230769231,21.742031358979688,0.8362319753453726
2026-07-26 12:46:26.357126,VOYG,30m,2026-05-01 09:30:00-04:00,2026-07-26,10,2.0,2.0,2.0,0.7,18,0.4444444444444444,26.804186732514097,1.4891214851396721
2026-07-26 12:46:26.357126,VOYG,30m,2026-05-01 09:30:00-04:00,2026-07-26,10,2.0,2.0,2.5,0.3,25,0.44,30.731743212580405,1.2292697285032161
2026-07-26 12:46:26.357126,VOYG,30m,2026-05-01 09:30:00-04:00,2026-07-26,10,2.0,2.0,2.5,0.5,25,0.44,30.731743212580405,1.2292697285032161
2026-07-26 12:46:26.357126,VOYG,30m,2026-05-01 09:30:00-04:00,2026-07-26,10,2.0,2.0,2.5,0.7,17,0.47058823529411764,43.72818742949839,2.5722463193822582
2026-07-26 12:46:26.357126,VOYG,30m,2026-05-01 09:30:00-04:00,2026-07-26,10,2.0,2.0,3.0,0.3,25,0.44,8.143814684427326,0.32575258737709306
2026-07-26 12:46:26.357126,VOYG,30m,2026-05-01 09:30:00-04:00,2026-07-26,10,2.0,2.0,3.0,0.5,25,0.44,8.143814684427326,0.32575258737709306
2026-07-26 12:46:26.357126,VOYG,30m,2026-05-01 09:30:00-04:00,2026-07-26,10,2.0,2.0,3.0,0.7,17,0.47058823529411764,30.03566410559465,1.7668037709173323
2026-07-26 12:46:26.357126,VOYG,30m,2026-05-01 09:30:00-04:00,2026-07-26,10,2.0,2.0,3.5,0.3,25,0.52,29.0621408726836,1.162485634907344
2026-07-26 12:46:26.357126,VOYG,30m,2026-05-01 09:30:00-04:00,2026-07-26,10,2.0,2.0,3.5,0.5,25,0.52,29.0621408726836,1.162485634907344
2026-07-26 12:46:26.357126,VOYG,30m,2026-05-01 09:30:00-04:00,2026-07-26,10,2.0,2.0,3.5,0.7,17,0.5882352941176471,58.87298211492875,3.463116594995809
2026-07-26 12:46:26.357126,VOYG,30m,2026-05-01 09:30:00-04:00,2026-07-26,10,2.0,2.5,1.0,0.3,19,0.42105263157894735,11.831173952082494,0.6226933658990786
2026-07-26 12:46:26.357126,VOYG,30m,2026-05-01 09:30:00-04:00,2026-07-26,10,2.0,2.5,1.0,0.5,19,0.42105263157894735,11.831173952082494,0.6226933658990786
2026-07-26 12:46:26.357126,VOYG,30m,2026-05-01 09:30:00-04:00,2026-07-26,10,2.0,2.5,1.0,0.7,13,0.5384615384615384,19.29464484050321,1.4842034492694778
2026-07-26 12:46:26.357126,VOYG,30m,2026-05-01 09:30:00-04:00,2026-07-26,10,2.0,2.5,1.5,0.3,19,0.3684210526315789,11.76392943116955,0.6191541805878711
2026-07-26 12:46:26.357126,VOYG,30m,2026-05-01 09:30:00-04:00,2026-07-26,10,2.0,2.5,1.5,0.5,19,0.3684210526315789,11.76392943116955,0.6191541805878711
2026-07-26 12:46:26.357126,VOYG,30m,2026-05-01 09:30:00-04:00,2026-07-26,10,2.0,2.5,1.5,0.7,13,0.46153846153846156,18.315173299897545,1.4088594846075035
2026-07-26 12:46:26.357126,VOYG,30m,2026-05-01 09:30:00-04:00,2026-07-26,10,2.0,2.5,2.0,0.3,19,0.3684210526315789,28.882700908708863,1.5201421530899402
2026-07-26 12:46:26.357126,VOYG,30m,2026-05-01 09:30:00-04:00,2026-07-26,10,2.0,2.5,2.0,0.5,19,0.3684210526315789,28.882700908708863,1.5201421530899402
2026-07-26 12:46:26.357126,VOYG,30m,2026-05-01 09:30:00-04:00,2026-07-26,10,2.0,2.5,2.0,0.7,13,0.46153846153846156,41.85915973215767,3.2199353640121284
2026-07-26 12:46:26.357126,VOYG,30m,2026-05-01 09:30:00-04:00,2026-07-26,10,2.0,2.5,2.5,0.3,19,0.3684210526315789,40.05217916314024,2.10800942963896
2026-07-26 12:46:26.357126,VOYG,30m,2026-05-01 09:30:00-04:00,2026-07-26,10,2.0,2.5,2.5,0.5,19,0.3684210526315789,40.05217916314024,2.10800942963896
2026-07-26 12:46:26.357126,VOYG,30m,2026-05-01 09:30:00-04:00,2026-07-26,10,2.0,2.5,2.5,0.7,13,0.46153846153846156,59.59775269245131,4.584442514803947
2026-07-26 12:46:26.357126,VOYG,30m,2026-05-01 09:30:00-04:00,2026-07-26,10,2.0,2.5,3.0,0.3,19,0.3684210526315789,22.54316465547692,1.186482350288259
2026-07-26 12:46:26.357126,VOYG,30m,2026-05-01 09:30:00-04:00,2026-07-26,10,2.0,2.5,3.0,0.5,19,0.3684210526315789,22.54316465547692,1.186482350288259
2026-07-26 12:46:26.357126,VOYG,30m,2026-05-01 09:30:00-04:00,2026-07-26,10,2.0,2.5,3.0,0.7,13,0.46153846153846156,48.65563624122881,3.7427412493252934
2026-07-26 12:46:26.357126,VOYG,30m,2026-05-01 09:30:00-04:00,2026-07-26,10,2.0,2.5,3.5,0.3,19,0.47368421052631576,49.889454573509084,2.6257607670267937
2026-07-26 12:46:26.357126,VOYG,30m,2026-05-01 09:30:00-04:00,2026-07-26,10,2.0,2.5,3.5,0.5,19,0.47368421052631576,49.889454573509084,2.6257607670267937
2026-07-26 12:46:26.357126,VOYG,30m,2026-05-01 09:30:00-04:00,2026-07-26,10,2.0,2.5,3.5,0.7,13,0.6153846153846154,79.91094960650192,6.14699612357707
2026-07-26 12:46:26.357126,VOYG,30m,2026-05-01 09:30:00-04:00,2026-07-26,10,2.0,3.0,1.0,0.3,12,0.4166666666666667,-2.250607602854693,-0.1875506335712244
2026-07-26 12:46:26.357126,VOYG,30m,2026-05-01 09:30:00-04:00,2026-07-26,10,2.0,3.0,1.0,0.5,12,0.4166666666666667,-2.250607602854693,-0.1875506335712244
2026-07-26 12:46:26.357126,VOYG,30m,2026-05-01 09:30:00-04:00,2026-07-26,10,2.0,3.0,1.0,0.7,8,0.5,3.4634642969393425,0.4329330371174178
2026-07-26 12:46:26.357126,VOYG,30m,2026-05-01 09:30:00-04:00,2026-07-26,10,2.0,3.0,1.5,0.3,12,0.4166666666666667,3.381403109432455,0.28178359245270457
2026-07-26 12:46:26.357126,VOYG,30m,2026-05-01 09:30:00-04:00,2026-07-26,10,2.0,3.0,1.5,0.5,12,0.4166666666666667,3.381403109432455,0.28178359245270457
2026-07-26 12:46:26.357126,VOYG,30m,2026-05-01 09:30:00-04:00,2026-07-26,10,2.0,3.0,1.5,0.7,8,0.5,6.732726352866152,0.841590794108269
2026-07-26 12:46:26.357126,VOYG,30m,2026-05-01 09:30:00-04:00,2026-07-26,10,2.0,3.0,2.0,0.3,12,0.3333333333333333,10.313913472594116,0.859492789382843
2026-07-26 12:46:26.357126,VOYG,30m,2026-05-01 09:30:00-04:00,2026-07-26,10,2.0,3.0,2.0,0.5,12,0.3333333333333333,10.313913472594116,0.859492789382843
2026-07-26 12:46:26.357126,VOYG,30m,2026-05-01 09:30:00-04:00,2026-07-26,10,2.0,3.0,2.0,0.7,8,0.375,18.507144795650596,2.3133930994563245
2026-07-26 12:46:26.357126,VOYG,30m,2026-05-01 09:30:00-04:00,2026-07-26,10,2.0,3.0,2.5,0.3,12,0.25,-2.5995573333343813,-0.2166297777778651
2026-07-26 12:46:26.357126,VOYG,30m,2026-05-01 09:30:00-04:00,2026-07-26,10,2.0,3.0,2.5,0.5,12,0.25,-2.5995573333343813,-0.2166297777778651
2026-07-26 12:46:26.357126,VOYG,30m,2026-05-01 09:30:00-04:00,2026-07-26,10,2.0,3.0,2.5,0.7,8,0.25,10.579481820486265,1.3224352275607831
2026-07-26 12:46:26.357126,VOYG,30m,2026-05-01 09:30:00-04:00,2026-07-26,10,2.0,3.0,3.0,0.3,12,0.25,-12.648919140292598,-1.0540765950243831
2026-07-26 12:46:26.357126,VOYG,30m,2026-05-01 09:30:00-04:00,2026-07-26,10,2.0,3.0,3.0,0.5,12,0.25,-12.648919140292598,-1.0540765950243831
2026-07-26 12:46:26.357126,VOYG,30m,2026-05-01 09:30:00-04:00,2026-07-26,10,2.0,3.0,3.0,0.7,8,0.25,5.5137111948707584,0.6892138993588448
2026-07-26 12:46:26.357126,VOYG,30m,2026-05-01 09:30:00-04:00,2026-07-26,10,2.0,3.0,3.5,0.3,12,0.4166666666666667,20.27947716777664,1.6899564306480535
2026-07-26 12:46:26.357126,VOYG,30m,2026-05-01 09:30:00-04:00,2026-07-26,10,2.0,3.0,3.5,0.5,12,0.4166666666666667,20.27947716777664,1.6899564306480535
2026-07-26 12:46:26.357126,VOYG,30m,2026-05-01 09:30:00-04:00,2026-07-26,10,2.0,3.0,3.5,0.7,8,0.5,40.7678240750829,5.095978009385362
2026-07-26 12:46:26.357126,VOYG,30m,2026-05-01 09:30:00-04:00,2026-07-26,10,2.0,3.5,1.0,0.3,10,0.3,-4.822488445396509,-0.4822488445396509
2026-07-26 12:46:26.357126,VOYG,30m,2026-05-01 09:30:00-04:00,2026-07-26,10,2.0,3.5,1.0,0.5,10,0.3,-4.822488445396509,-0.4822488445396509
2026-07-26 12:46:26.357126,VOYG,30m,2026-05-01 09:30:00-04:00,2026-07-26,10,2.0,3.5,1.0,0.7,6,0.3333333333333333,0.8915834543975265,0.14859724239958774
2026-07-26 12:46:26.357126,VOYG,30m,2026-05-01 09:30:00-04:00,2026-07-26,10,2.0,3.5,1.5,0.3,10,0.3,-8.371948061837351,-0.8371948061837351
2026-07-26 12:46:26.357126,VOYG,30m,2026-05-01 09:30:00-04:00,2026-07-26,10,2.0,3.5,1.5,0.5,10,0.3,-8.371948061837351,-0.8371948061837351
2026-07-26 12:46:26.357126,VOYG,30m,2026-05-01 09:30:00-04:00,2026-07-26,10,2.0,3.5,1.5,0.7,6,0.3333333333333333,-5.020624818403654,-0.8367708030672757
2026-07-26 12:46:26.357126,VOYG,30m,2026-05-01 09:30:00-04:00,2026-07-26,10,2.0,3.5,2.0,0.3,10,0.2,0.40944524423437656,0.040944524423437656
2026-07-26 12:46:26.357126,VOYG,30m,2026-05-01 09:30:00-04:00,2026-07-26,10,2.0,3.5,2.0,0.5,10,0.2,0.40944524423437656,0.040944524423437656
2026-07-26 12:46:26.357126,VOYG,30m,2026-05-01 09:30:00-04:00,2026-07-26,10,2.0,3.5,2.0,0.7,6,0.16666666666666666,8.602676567290857,1.4337794278818095
2026-07-26 12:46:26.357126,VOYG,30m,2026-05-01 09:30:00-04:00,2026-07-26,10,2.0,3.5,2.5,0.3,10,0.2,-10.65514261878402,-1.065514261878402
2026-07-26 12:46:26.357126,VOYG,30m,2026-05-01 09:30:00-04:00,2026-07-26,10,2.0,3.5,2.5,0.5,10,0.2,-10.65514261878402,-1.065514261878402
2026-07-26 12:46:26.357126,VOYG,30m,2026-05-01 09:30:00-04:00,2026-07-26,10,2.0,3.5,2.5,0.7,6,0.16666666666666666,2.523896535036627,0.42064942250610454
2026-07-26 12:46:26.357126,VOYG,30m,2026-05-01 09:30:00-04:00,2026-07-26,10,2.0,3.5,3.0,0.3,10,0.2,-18.85562148283217,-1.885562148283217
2026-07-26 12:46:26.357126,VOYG,30m,2026-05-01 09:30:00-04:00,2026-07-26,10,2.0,3.5,3.0,0.5,10,0.2,-18.85562148283217,-1.885562148283217
2026-07-26 12:46:26.357126,VOYG,30m,2026-05-01 09:30:00-04:00,2026-07-26,10,2.0,3.5,3.0,0.7,6,0.16666666666666666,-0.6929911476688133,-0.11549852461146888
2026-07-26 12:46:26.357126,VOYG,30m,2026-05-01 09:30:00-04:00,2026-07-26,10,2.0,3.5,3.5,0.3,10,0.3,11.60209143660854,1.160209143660854
2026-07-26 12:46:26.357126,VOYG,30m,2026-05-01 09:30:00-04:00,2026-07-26,10,2.0,3.5,3.5,0.5,10,0.3,11.60209143660854,1.160209143660854
2026-07-26 12:46:26.357126,VOYG,30m,2026-05-01 09:30:00-04:00,2026-07-26,10,2.0,3.5,3.5,0.7,6,0.3333333333333333,32.0904383439148,5.348406390652467
2026-07-26 12:46:26.357126,VOYG,30m,2026-05-01 09:30:00-04:00,2026-07-26,10,2.5,0.5,1.0,0.3,41,0.5365853658536586,65.53087887930197,1.598314119007365
2026-07-26 12:46:26.357126,VOYG,30m,2026-05-01 09:30:00-04:00,2026-07-26,10,2.5,0.5,1.0,0.5,32,0.46875,15.77529646566525,0.49297801455203905
2026-07-26 12:46:26.357126,VOYG,30m,2026-05-01 09:30:00-04:00,2026-07-26,10,2.5,0.5,1.0,0.7,20,0.65,37.38250157138548,1.8691250785692741
2026-07-26 12:46:26.357126,VOYG,30m,2026-05-01 09:30:00-04:00,2026-07-26,10,2.5,0.5,1.5,0.3,41,0.43902439024390244,52.65881579077195,1.2843613607505355
2026-07-26 12:46:26.357126,VOYG,30m,2026-05-01 09:30:00-04:00,2026-07-26,10,2.5,0.5,1.5,0.5,32,0.375,12.675442170316948,0.39610756782240464
2026-07-26 12:46:26.357126,VOYG,30m,2026-05-01 09:30:00-04:00,2026-07-26,10,2.5,0.5,1.5,0.7,20,0.6,51.241251697840475,2.5620625848920238
2026-07-26 12:46:26.357126,VOYG,30m,2026-05-01 09:30:00-04:00,2026-07-26,10,2.5,0.5,2.0,0.3,40,0.4,47.19868711525027,1.1799671778812568
2026-07-26 12:46:26.357126,VOYG,30m,2026-05-01 09:30:00-04:00,2026-07-26,10,2.5,0.5,2.0,0.5,32,0.3125,10.173691015024424,0.31792784421951326
2026-07-26 12:46:26.357126,VOYG,30m,2026-05-01 09:30:00-04:00,2026-07-26,10,2.5,0.5,2.0,0.7,20,0.5,61.502438224638745,3.0751219112319372
2026-07-26 12:46:26.357126,VOYG,30m,2026-05-01 09:30:00-04:00,2026-07-26,10,2.5,0.5,2.5,0.3,40,0.4,29.82025643319247,0.7455064108298117
2026-07-26 12:46:26.357126,VOYG,30m,2026-05-01 09:30:00-04:00,2026-07-26,10,2.5,0.5,2.5,0.5,32,0.34375,1.6515113079103116,0.05160972837219724
2026-07-26 12:46:26.357126,VOYG,30m,2026-05-01 09:30:00-04:00,2026-07-26,10,2.5,0.5,2.5,0.7,20,0.45,43.088704634096864,2.154435231704843
2026-07-26 12:46:26.357126,VOYG,30m,2026-05-01 09:30:00-04:00,2026-07-26,10,2.5,0.5,3.0,0.3,39,0.41025641025641024,45.143073768383,1.1575147120098204
2026-07-26 12:46:26.357126,VOYG,30m,2026-05-01 09:30:00-04:00,2026-07-26,10,2.5,0.5,3.0,0.5,31,0.3225806451612903,0.7282482771134724,0.023491879906886205
2026-07-26 12:46:26.357126,VOYG,30m,2026-05-01 09:30:00-04:00,2026-07-26,10,2.5,0.5,3.0,0.7,20,0.45,27.81768475111278,1.390884237555639
2026-07-26 12:46:26.357126,VOYG,30m,2026-05-01 09:30:00-04:00,2026-07-26,10,2.5,0.5,3.5,0.3,39,0.4358974358974359,20.493905378314956,0.5254847532901271
2026-07-26 12:46:26.357126,VOYG,30m,2026-05-01 09:30:00-04:00,2026-07-26,10,2.5,0.5,3.5,0.5,31,0.3548387096774194,-16.576391028166135,-0.5347222912311657
2026-07-26 12:46:26.357126,VOYG,30m,2026-05-01 09:30:00-04:00,2026-07-26,10,2.5,0.5,3.5,0.7,20,0.5,20.746261878306846,1.0373130939153423
2026-07-26 12:46:26.357126,VOYG,30m,2026-05-01 09:30:00-04:00,2026-07-26,10,2.5,0.8,1.0,0.3,36,0.5555555555555556,54.34195782366931,1.5094988284352586
2026-07-26 12:46:26.357126,VOYG,30m,2026-05-01 09:30:00-04:00,2026-07-26,10,2.5,0.8,1.0,0.5,30,0.5,22.48908233645153,0.7496360778817177
2026-07-26 12:46:26.357126,VOYG,30m,2026-05-01 09:30:00-04:00,2026-07-26,10,2.5,0.8,1.0,0.7,20,0.65,37.38250157138548,1.8691250785692741
2026-07-26 12:46:26.357126,VOYG,30m,2026-05-01 09:30:00-04:00,2026-07-26,10,2.5,0.8,1.5,0.3,36,0.4444444444444444,48.80043420732299,1.3555676168700832
2026-07-26 12:46:26.357126,VOYG,30m,2026-05-01 09:30:00-04:00,2026-07-26,10,2.5,0.8,1.5,0.5,30,0.4,22.746120976496336,0.7582040325498779
2026-07-26 12:46:26.357126,VOYG,30m,2026-05-01 09:30:00-04:00,2026-07-26,10,2.5,0.8,1.5,0.7,20,0.6,51.241251697840475,2.5620625848920238
2026-07-26 12:46:26.357126,VOYG,30m,2026-05-01 09:30:00-04:00,2026-07-26,10,2.5,0.8,2.0,0.3,35,0.4,49.20449112466802,1.4058426035619433
2026-07-26 12:46:26.357126,VOYG,30m,2026-05-01 09:30:00-04:00,2026-07-26,10,2.5,0.8,2.0,0.5,30,0.3333333333333333,23.601262756596952,0.7867087585532317
2026-07-26 12:46:26.357126,VOYG,30m,2026-05-01 09:30:00-04:00,2026-07-26,10,2.5,0.8,2.0,0.7,20,0.5,61.502438224638745,3.0751219112319372
2026-07-26 12:46:26.357126,VOYG,30m,2026-05-01 09:30:00-04:00,2026-07-26,10,2.5,0.8,2.5,0.3,35,0.37142857142857144,27.129330918143246,0.7751237405183785
2026-07-26 12:46:26.357126,VOYG,30m,2026-05-01 09:30:00-04:00,2026-07-26,10,2.5,0.8,2.5,0.5,30,0.3333333333333333,6.4002954580546145,0.2133431819351538
2026-07-26 12:46:26.357126,VOYG,30m,2026-05-01 09:30:00-04:00,2026-07-26,10,2.5,0.8,2.5,0.7,20,0.45,43.088704634096864,2.154435231704843
2026-07-26 12:46:26.357126,VOYG,30m,2026-05-01 09:30:00-04:00,2026-07-26,10,2.5,0.8,3.0,0.3,35,0.4,20.318988582894306,0.5805425309398373
2026-07-26 12:46:26.357126,VOYG,30m,2026-05-01 09:30:00-04:00,2026-07-26,10,2.5,0.8,3.0,0.5,30,0.3333333333333333,-19.688006260137776,-0.6562668753379258
2026-07-26 12:46:26.357126,VOYG,30m,2026-05-01 09:30:00-04:00,2026-07-26,10,2.5,0.8,3.0,0.7,20,0.45,27.81768475111278,1.390884237555639
2026-07-26 12:46:26.357126,VOYG,30m,2026-05-01 09:30:00-04:00,2026-07-26,10,2.5,0.8,3.5,0.3,35,0.42857142857142855,-1.8128257583943963,-0.05179502166841132
2026-07-26 12:46:26.357126,VOYG,30m,2026-05-01 09:30:00-04:00,2026-07-26,10,2.5,0.8,3.5,0.5,30,0.36666666666666664,-36.995986408598434,-1.233199546953281
2026-07-26 12:46:26.357126,VOYG,30m,2026-05-01 09:30:00-04:00,2026-07-26,10,2.5,0.8,3.5,0.7,20,0.5,20.746261878306846,1.0373130939153423
2026-07-26 12:46:26.357126,VOYG,30m,2026-05-01 09:30:00-04:00,2026-07-26,10,2.5,1.0,1.0,0.3,32,0.53125,32.7453170110935,1.0232911565966718
2026-07-26 12:46:26.357126,VOYG,30m,2026-05-01 09:30:00-04:00,2026-07-26,10,2.5,1.0,1.0,0.5,29,0.5172413793103449,24.941104850337297,0.860038098287493
2026-07-26 12:46:26.357126,VOYG,30m,2026-05-01 09:30:00-04:00,2026-07-26,10,2.5,1.0,1.0,0.7,19,0.6842105263157895,39.83452408527125,2.0965538992248027
2026-07-26 12:46:26.357126,VOYG,30m,2026-05-01 09:30:00-04:00,2026-07-26,10,2.5,1.0,1.5,0.3,32,0.4375,33.39936762272121,1.0437302382100377
2026-07-26 12:46:26.357126,VOYG,30m,2026-05-01 09:30:00-04:00,2026-07-26,10,2.5,1.0,1.5,0.5,29,0.41379310344827586,28.118049381586978,0.9695879097098958
2026-07-26 12:46:26.357126,VOYG,30m,2026-05-01 09:30:00-04:00,2026-07-26,10,2.5,1.0,1.5,0.7,19,0.631578947368421,56.61318010293112,2.979641058049006
2026-07-26 12:46:26.357126,VOYG,30m,2026-05-01 09:30:00-04:00,2026-07-26,10,2.5,1.0,2.0,0.3,32,0.375,33.90668707810942,1.0595839711909194
2026-07-26 12:46:26.357126,VOYG,30m,2026-05-01 09:30:00-04:00,2026-07-26,10,2.5,1.0,2.0,0.5,29,0.3448275862068966,31.14826275659695,1.07407802608955
2026-07-26 12:46:26.357126,VOYG,30m,2026-05-01 09:30:00-04:00,2026-07-26,10,2.5,1.0,2.0,0.7,19,0.5263157894736842,69.04943822463875,3.634180959191513
2026-07-26 12:46:26.357126,VOYG,30m,2026-05-01 09:30:00-04:00,2026-07-26,10,2.5,1.0,2.5,0.3,32,0.34375,14.182825859945076,0.44321330812328363
2026-07-26 12:46:26.357126,VOYG,30m,2026-05-01 09:30:00-04:00,2026-07-26,10,2.5,1.0,2.5,0.5,29,0.3448275862068966,13.947295458054612,0.48094122269153833
2026-07-26 12:46:26.357126,VOYG,30m,2026-05-01 09:30:00-04:00,2026-07-26,10,2.5,1.0,2.5,0.7,19,0.47368421052631576,50.63570463409686,2.665037086005098
2026-07-26 12:46:26.357126,VOYG,30m,2026-05-01 09:30:00-04:00,2026-07-26,10,2.5,1.0,3.0,0.3,32,0.375,9.723782513056456,0.30386820353301425
2026-07-26 12:46:26.357126,VOYG,30m,2026-05-01 09:30:00-04:00,2026-07-26,10,2.5,1.0,3.0,0.5,29,0.3448275862068966,-12.141006260137779,-0.41865538828061305
2026-07-26 12:46:26.357126,VOYG,30m,2026-05-01 09:30:00-04:00,2026-07-26,10,2.5,1.0,3.0,0.7,19,0.47368421052631576,35.364684751112776,1.8612991974269881
2026-07-26 12:46:26.357126,VOYG,30m,2026-05-01 09:30:00-04:00,2026-07-26,10,2.5,1.0,3.5,0.3,32,0.40625,-10.056732839871785,-0.3142729012459933
2026-07-26 12:46:26.357126,VOYG,30m,2026-05-01 09:30:00-04:00,2026-07-26,10,2.5,1.0,3.5,0.5,29,0.3793103448275862,-29.448986408598437,-1.0154822899516702
2026-07-26 12:46:26.357126,VOYG,30m,2026-05-01 09:30:00-04:00,2026-07-26,10,2.5,1.0,3.5,0.7,19,0.5263157894736842,28.293261878306843,1.489119046226676
2026-07-26 12:46:26.357126,VOYG,30m,2026-05-01 09:30:00-04:00,2026-07-26,10,2.5,1.2,1.0,0.3,28,0.5357142857142857,31.81852895741841,1.1363760341935145
2026-07-26 12:46:26.357126,VOYG,30m,2026-05-01 09:30:00-04:00,2026-07-26,10,2.5,1.2,1.0,0.5,27,0.5185185185185185,25.035905323000307,0.9272557527037151
2026-07-26 12:46:26.357126,VOYG,30m,2026-05-01 09:30:00-04:00,2026-07-26,10,2.5,1.2,1.0,0.7,19,0.6842105263157895,39.83452408527125,2.0965538992248027
2026-07-26 12:46:26.357126,VOYG,30m,2026-05-01 09:30:00-04:00,2026-07-26,10,2.5,1.2,1.5,0.3,28,0.4642857142857143,37.859185542208564,1.3521137693645915
2026-07-26 12:46:26.357126,VOYG,30m,2026-05-01 09:30:00-04:00,2026-07-26,10,2.5,1.2,1.5,0.5,27,0.4444444444444444,31.585250090581418,1.1698240774289415
2026-07-26 12:46:26.357126,VOYG,30m,2026-05-01 09:30:00-04:00,2026-07-26,10,2.5,1.2,1.5,0.7,19,0.631578947368421,56.61318010293112,2.979641058049006
2026-07-26 12:46:26.357126,VOYG,30m,2026-05-01 09:30:00-04:00,2026-07-26,10,2.5,1.2,2.0,0.3,28,0.39285714285714285,43.75311097075915,1.5626111060985413
2026-07-26 12:46:26.357126,VOYG,30m,2026-05-01 09:30:00-04:00,2026-07-26,10,2.5,1.2,2.0,0.5,27,0.37037037037037035,37.98786370192289,1.406957914886033
2026-07-26 12:46:26.357126,VOYG,30m,2026-05-01 09:30:00-04:00,2026-07-26,10,2.5,1.2,2.0,0.7,19,0.5263157894736842,69.04943822463875,3.634180959191513
2026-07-26 12:46:26.357126,VOYG,30m,2026-05-01 09:30:00-04:00,2026-07-26,10,2.5,1.2,2.5,0.3,28,0.35714285714285715,15.172853203339294,0.5418876144049748
2026-07-26 12:46:26.357126,VOYG,30m,2026-05-01 09:30:00-04:00,2026-07-26,10,2.5,1.2,2.5,0.5,27,0.3333333333333333,9.916294117293987,0.3672701524923699
2026-07-26 12:46:26.357126,VOYG,30m,2026-05-01 09:30:00-04:00,2026-07-26,10,2.5,1.2,2.5,0.7,19,0.47368421052631576,50.63570463409686,2.665037086005098
2026-07-26 12:46:26.357126,VOYG,30m,2026-05-01 09:30:00-04:00,2026-07-26,10,2.5,1.2,3.0,0.3,28,0.35714285714285715,-7.990336965796239,-0.28536917734986567
2026-07-26 12:46:26.357126,VOYG,30m,2026-05-01 09:30:00-04:00,2026-07-26,10,2.5,1.2,3.0,0.5,27,0.3333333333333333,-12.73820786905059,-0.47178547663150333
2026-07-26 12:46:26.357126,VOYG,30m,2026-05-01 09:30:00-04:00,2026-07-26,10,2.5,1.2,3.0,0.7,19,0.47368421052631576,35.364684751112776,1.8612991974269881
2026-07-26 12:46:26.357126,VOYG,30m,2026-05-01 09:30:00-04:00,2026-07-26,10,2.5,1.2,3.5,0.3,28,0.39285714285714285,-22.81670830770267,-0.8148824395608096
2026-07-26 12:46:26.357126,VOYG,30m,2026-05-01 09:30:00-04:00,2026-07-26,10,2.5,1.2,3.5,0.5,27,0.37037037037037035,-27.055891028166066,-1.0020700380802248
2026-07-26 12:46:26.357126,VOYG,30m,2026-05-01 09:30:00-04:00,2026-07-26,10,2.5,1.2,3.5,0.7,19,0.5263157894736842,28.293261878306843,1.489119046226676
2026-07-26 12:46:26.357126,VOYG,30m,2026-05-01 09:30:00-04:00,2026-07-26,10,2.5,1.5,1.0,0.3,26,0.5,24.41781457042957,0.9391467142472911
2026-07-26 12:46:26.357126,VOYG,30m,2026-05-01 09:30:00-04:00,2026-07-26,10,2.5,1.5,1.0,0.5,26,0.5,24.41781457042957,0.9391467142472911
2026-07-26 12:46:26.357126,VOYG,30m,2026-05-01 09:30:00-04:00,2026-07-26,10,2.5,1.5,1.0,0.7,19,0.6842105263157895,39.83452408527125,2.0965538992248027
2026-07-26 12:46:26.357126,VOYG,30m,2026-05-01 09:30:00-04:00,2026-07-26,10,2.5,1.5,1.5,0.3,26,0.46153846153846156,31.908113961725313,1.2272351523740506
2026-07-26 12:46:26.357126,VOYG,30m,2026-05-01 09:30:00-04:00,2026-07-26,10,2.5,1.5,1.5,0.5,26,0.46153846153846156,31.908113961725313,1.2272351523740506
2026-07-26 12:46:26.357126,VOYG,30m,2026-05-01 09:30:00-04:00,2026-07-26,10,2.5,1.5,1.5,0.7,19,0.631578947368421,56.61318010293112,2.979641058049006
2026-07-26 12:46:26.357126,VOYG,30m,2026-05-01 09:30:00-04:00,2026-07-26,10,2.5,1.5,2.0,0.3,26,0.38461538461538464,39.25168219678142,1.509680084491593
2026-07-26 12:46:26.357126,VOYG,30m,2026-05-01 09:30:00-04:00,2026-07-26,10,2.5,1.5,2.0,0.5,26,0.38461538461538464,39.25168219678142,1.509680084491593
2026-07-26 12:46:26.357126,VOYG,30m,2026-05-01 09:30:00-04:00,2026-07-26,10,2.5,1.5,2.0,0.7,19,0.5263157894736842,69.04943822463875,3.634180959191513
2026-07-26 12:46:26.357126,VOYG,30m,2026-05-01 09:30:00-04:00,2026-07-26,10,2.5,1.5,2.5,0.3,26,0.34615384615384615,12.121067235867145,0.46619489368719785
2026-07-26 12:46:26.357126,VOYG,30m,2026-05-01 09:30:00-04:00,2026-07-26,10,2.5,1.5,2.5,0.5,26,0.34615384615384615,12.121067235867145,0.46619489368719785
2026-07-26 12:46:26.357126,VOYG,30m,2026-05-01 09:30:00-04:00,2026-07-26,10,2.5,1.5,2.5,0.7,19,0.47368421052631576,50.63570463409686,2.665037086005098
2026-07-26 12:46:26.357126,VOYG,30m,2026-05-01 09:30:00-04:00,2026-07-26,10,2.5,1.5,3.0,0.3,26,0.34615384615384615,-9.592480126762801,-0.36894154333703083
2026-07-26 12:46:26.357126,VOYG,30m,2026-05-01 09:30:00-04:00,2026-07-26,10,2.5,1.5,3.0,0.5,26,0.34615384615384615,-9.592480126762801,-0.36894154333703083
2026-07-26 12:46:26.357126,VOYG,30m,2026-05-01 09:30:00-04:00,2026-07-26,10,2.5,1.5,3.0,0.7,19,0.47368421052631576,35.364684751112776,1.8612991974269881
2026-07-26 12:46:26.357126,VOYG,30m,2026-05-01 09:30:00-04:00,2026-07-26,10,2.5,1.5,3.5,0.3,26,0.38461538461538464,-22.969208662163645,-0.8834311023909094
2026-07-26 12:46:26.357126,VOYG,30m,2026-05-01 09:30:00-04:00,2026-07-26,10,2.5,1.5,3.5,0.5,26,0.38461538461538464,-22.969208662163645,-0.8834311023909094
2026-07-26 12:46:26.357126,VOYG,30m,2026-05-01 09:30:00-04:00,2026-07-26,10,2.5,1.5,3.5,0.7,19,0.5263157894736842,28.293261878306843,1.489119046226676
2026-07-26 12:46:26.357126,VOYG,30m,2026-05-01 09:30:00-04:00,2026-07-26,10,2.5,1.8,1.0,0.3,20,0.55,23.20819417049634,1.160409708524817
2026-07-26 12:46:26.357126,VOYG,30m,2026-05-01 09:30:00-04:00,2026-07-26,10,2.5,1.8,1.0,0.5,20,0.55,23.20819417049634,1.160409708524817
2026-07-26 12:46:26.357126,VOYG,30m,2026-05-01 09:30:00-04:00,2026-07-26,10,2.5,1.8,1.0,0.7,16,0.6875,29.09235021939331,1.818271888712082
2026-07-26 12:46:26.357126,VOYG,30m,2026-05-01 09:30:00-04:00,2026-07-26,10,2.5,1.8,1.5,0.3,20,0.5,15.384675152532772,0.7692337576266386
2026-07-26 12:46:26.357126,VOYG,30m,2026-05-01 09:30:00-04:00,2026-07-26,10,2.5,1.8,1.5,0.5,20,0.5,15.384675152532772,0.7692337576266386
2026-07-26 12:46:26.357126,VOYG,30m,2026-05-01 09:30:00-04:00,2026-07-26,10,2.5,1.8,1.5,0.7,16,0.625,25.76173136823268,1.6101082105145426
2026-07-26 12:46:26.357126,VOYG,30m,2026-05-01 09:30:00-04:00,2026-07-26,10,2.5,1.8,2.0,0.3,20,0.4,28.786667124020155,1.4393333562010078
2026-07-26 12:46:26.357126,VOYG,30m,2026-05-01 09:30:00-04:00,2026-07-26,10,2.5,1.8,2.0,0.5,20,0.4,28.786667124020155,1.4393333562010078
2026-07-26 12:46:26.357126,VOYG,30m,2026-05-01 09:30:00-04:00,2026-07-26,10,2.5,1.8,2.0,0.7,16,0.5,39.330409917869744,2.458150619866859
2026-07-26 12:46:26.357126,VOYG,30m,2026-05-01 09:30:00-04:00,2026-07-26,10,2.5,1.8,2.5,0.3,20,0.35,8.138517120535624,0.4069258560267812
2026-07-26 12:46:26.357126,VOYG,30m,2026-05-01 09:30:00-04:00,2026-07-26,10,2.5,1.8,2.5,0.5,20,0.35,8.138517120535624,0.4069258560267812
2026-07-26 12:46:26.357126,VOYG,30m,2026-05-01 09:30:00-04:00,2026-07-26,10,2.5,1.8,2.5,0.7,16,0.4375,23.293195612847626,1.4558247258029766
2026-07-26 12:46:26.357126,VOYG,30m,2026-05-01 09:30:00-04:00,2026-07-26,10,2.5,1.8,3.0,0.3,20,0.35,-8.331940265160647,-0.41659701325803233
2026-07-26 12:46:26.357126,VOYG,30m,2026-05-01 09:30:00-04:00,2026-07-26,10,2.5,1.8,3.0,0.5,20,0.35,-8.331940265160647,-0.41659701325803233
2026-07-26 12:46:26.357126,VOYG,30m,2026-05-01 09:30:00-04:00,2026-07-26,10,2.5,1.8,3.0,0.7,16,0.4375,11.433673925613697,0.714604620350856
2026-07-26 12:46:26.357126,VOYG,30m,2026-05-01 09:30:00-04:00,2026-07-26,10,2.5,1.8,3.5,0.3,20,0.4,-16.465578823627816,-0.8232789411813908
2026-07-26 12:46:26.357126,VOYG,30m,2026-05-01 09:30:00-04:00,2026-07-26,10,2.5,1.8,3.5,0.5,20,0.4,-16.465578823627816,-0.8232789411813908
2026-07-26 12:46:26.357126,VOYG,30m,2026-05-01 09:30:00-04:00,2026-07-26,10,2.5,1.8,3.5,0.7,16,0.5,7.773749248557884,0.48585932803486775
2026-07-26 12:46:26.357126,VOYG,30m,2026-05-01 09:30:00-04:00,2026-07-26,10,2.5,2.0,1.0,0.3,19,0.5263157894736842,22.568623859016732,1.1878223083693016
2026-07-26 12:46:26.357126,VOYG,30m,2026-05-01 09:30:00-04:00,2026-07-26,10,2.5,2.0,1.0,0.5,19,0.5263157894736842,22.568623859016732,1.1878223083693016
2026-07-26 12:46:26.357126,VOYG,30m,2026-05-01 09:30:00-04:00,2026-07-26,10,2.5,2.0,1.0,0.7,15,0.6666666666666666,28.4527799079137,1.8968519938609134
2026-07-26 12:46:26.357126,VOYG,30m,2026-05-01 09:30:00-04:00,2026-07-26,10,2.5,2.0,1.5,0.3,19,0.47368421052631576,15.350319685313387,0.8079115623849151
2026-07-26 12:46:26.357126,VOYG,30m,2026-05-01 09:30:00-04:00,2026-07-26,10,2.5,2.0,1.5,0.5,19,0.47368421052631576,15.350319685313387,0.8079115623849151
2026-07-26 12:46:26.357126,VOYG,30m,2026-05-01 09:30:00-04:00,2026-07-26,10,2.5,2.0,1.5,0.7,15,0.6,25.727375901013296,1.7151583934008865
2026-07-26 12:46:26.357126,VOYG,30m,2026-05-01 09:30:00-04:00,2026-07-26,10,2.5,2.0,2.0,0.3,19,0.42105263157894735,29.35752650106096,1.5451329737400505
2026-07-26 12:46:26.357126,VOYG,30m,2026-05-01 09:30:00-04:00,2026-07-26,10,2.5,2.0,2.0,0.5,19,0.42105263157894735,29.35752650106096,1.5451329737400505
2026-07-26 12:46:26.357126,VOYG,30m,2026-05-01 09:30:00-04:00,2026-07-26,10,2.5,2.0,2.0,0.7,15,0.5333333333333333,39.90126929491055,2.660084619660703
2026-07-26 12:46:26.357126,VOYG,30m,2026-05-01 09:30:00-04:00,2026-07-26,10,2.5,2.0,2.5,0.3,19,0.3684210526315789,9.314591341836653,0.49024164957035016
2026-07-26 12:46:26.357126,VOYG,30m,2026-05-01 09:30:00-04:00,2026-07-26,10,2.5,2.0,2.5,0.5,19,0.3684210526315789,9.314591341836653,0.49024164957035016
2026-07-26 12:46:26.357126,VOYG,30m,2026-05-01 09:30:00-04:00,2026-07-26,10,2.5,2.0,2.5,0.7,15,0.4666666666666667,24.469269834148655,1.6312846556099103
2026-07-26 12:46:26.357126,VOYG,30m,2026-05-01 09:30:00-04:00,2026-07-26,10,2.5,2.0,3.0,0.3,19,0.3684210526315789,-6.550651199599429,-0.344771115768391
2026-07-26 12:46:26.357126,VOYG,30m,2026-05-01 09:30:00-04:00,2026-07-26,10,2.5,2.0,3.0,0.5,19,0.3684210526315789,-6.550651199599429,-0.344771115768391
2026-07-26 12:46:26.357126,VOYG,30m,2026-05-01 09:30:00-04:00,2026-07-26,10,2.5,2.0,3.0,0.7,15,0.4666666666666667,13.214962991174914,0.8809975327449943
2026-07-26 12:46:26.357126,VOYG,30m,2026-05-01 09:30:00-04:00,2026-07-26,10,2.5,2.0,3.5,0.3,19,0.42105263157894735,-15.014049045916416,-0.7902131076798113
2026-07-26 12:46:26.357126,VOYG,30m,2026-05-01 09:30:00-04:00,2026-07-26,10,2.5,2.0,3.5,0.5,19,0.42105263157894735,-15.014049045916416,-0.7902131076798113
2026-07-26 12:46:26.357126,VOYG,30m,2026-05-01 09:30:00-04:00,2026-07-26,10,2.5,2.0,3.5,0.7,15,0.5333333333333333,9.225279026269284,0.6150186017512856
2026-07-26 12:46:26.357126,VOYG,30m,2026-05-01 09:30:00-04:00,2026-07-26,10,2.5,2.5,1.0,0.3,13,0.5384615384615384,22.348438042488752,1.719110618652981
2026-07-26 12:46:26.357126,VOYG,30m,2026-05-01 09:30:00-04:00,2026-07-26,10,2.5,2.5,1.0,0.5,13,0.5384615384615384,22.348438042488752,1.719110618652981
2026-07-26 12:46:26.357126,VOYG,30m,2026-05-01 09:30:00-04:00,2026-07-26,10,2.5,2.5,1.0,0.7,10,0.7,25.318186121701416,2.5318186121701416
2026-07-26 12:46:26.357126,VOYG,30m,2026-05-01 09:30:00-04:00,2026-07-26,10,2.5,2.5,1.5,0.3,13,0.46153846153846156,21.87004096052153,1.6823108431170406
2026-07-26 12:46:26.357126,VOYG,30m,2026-05-01 09:30:00-04:00,2026-07-26,10,2.5,2.5,1.5,0.5,13,0.46153846153846156,21.87004096052153,1.6823108431170406
2026-07-26 12:46:26.357126,VOYG,30m,2026-05-01 09:30:00-04:00,2026-07-26,10,2.5,2.5,1.5,0.7,10,0.6,27.875485221694838,2.787548522169484
2026-07-26 12:46:26.357126,VOYG,30m,2026-05-01 09:30:00-04:00,2026-07-26,10,2.5,2.5,2.0,0.3,13,0.46153846153846156,45.78231661298975,3.5217166625376732
2026-07-26 12:46:26.357126,VOYG,30m,2026-05-01 09:30:00-04:00,2026-07-26,10,2.5,2.5,2.0,0.5,13,0.46153846153846156,45.78231661298975,3.5217166625376732
2026-07-26 12:46:26.357126,VOYG,30m,2026-05-01 09:30:00-04:00,2026-07-26,10,2.5,2.5,2.0,0.7,10,0.6,54.95624229455412,5.495624229455412
2026-07-26 12:46:26.357126,VOYG,30m,2026-05-01 09:30:00-04:00,2026-07-26,10,2.5,2.5,2.5,0.3,13,0.38461538461538464,32.19844659216015,2.4768035840123193
2026-07-26 12:46:26.357126,VOYG,30m,2026-05-01 09:30:00-04:00,2026-07-26,10,2.5,2.5,2.5,0.5,13,0.38461538461538464,32.19844659216015,2.4768035840123193
2026-07-26 12:46:26.357126,VOYG,30m,2026-05-01 09:30:00-04:00,2026-07-26,10,2.5,2.5,2.5,0.7,10,0.5,44.540853694115654,4.454085369411565
2026-07-26 12:46:26.357126,VOYG,30m,2026-05-01 09:30:00-04:00,2026-07-26,10,2.5,2.5,3.0,0.3,13,0.38461538461538464,21.476468920879377,1.652036070836875
2026-07-26 12:46:26.357126,VOYG,30m,2026-05-01 09:30:00-04:00,2026-07-26,10,2.5,2.5,3.0,0.5,13,0.38461538461538464,21.476468920879377,1.652036070836875
2026-07-26 12:46:26.357126,VOYG,30m,2026-05-01 09:30:00-04:00,2026-07-26,10,2.5,2.5,3.0,0.7,10,0.5,36.98735744322594,3.698735744322594
2026-07-26 12:46:26.357126,VOYG,30m,2026-05-01 09:30:00-04:00,2026-07-26,10,2.5,2.5,3.5,0.3,13,0.46153846153846156,17.823924427975513,1.3710711098442703
2026-07-26 12:46:26.357126,VOYG,30m,2026-05-01 09:30:00-04:00,2026-07-26,10,2.5,2.5,3.5,0.5,13,0.46153846153846156,17.823924427975513,1.3710711098442703
2026-07-26 12:46:26.357126,VOYG,30m,2026-05-01 09:30:00-04:00,2026-07-26,10,2.5,2.5,3.5,0.7,10,0.6,36.36607255366208,3.636607255366208
2026-07-26 12:46:26.357126,VOYG,30m,2026-05-01 09:30:00-04:00,2026-07-26,10,2.5,3.0,1.0,0.3,7,0.5714285714285714,6.102342411985511,0.8717632017122158
2026-07-26 12:46:26.357126,VOYG,30m,2026-05-01 09:30:00-04:00,2026-07-26,10,2.5,3.0,1.0,0.5,7,0.5714285714285714,6.102342411985511,0.8717632017122158
2026-07-26 12:46:26.357126,VOYG,30m,2026-05-01 09:30:00-04:00,2026-07-26,10,2.5,3.0,1.0,0.7,6,0.6666666666666666,7.3226915025714945,1.2204485837619157
2026-07-26 12:46:26.357126,VOYG,30m,2026-05-01 09:30:00-04:00,2026-07-26,10,2.5,3.0,1.5,0.3,7,0.5714285714285714,9.716043525435296,1.388006217919328
2026-07-26 12:46:26.357126,VOYG,30m,2026-05-01 09:30:00-04:00,2026-07-26,10,2.5,3.0,1.5,0.5,7,0.5714285714285714,9.716043525435296,1.388006217919328
2026-07-26 12:46:26.357126,VOYG,30m,2026-05-01 09:30:00-04:00,2026-07-26,10,2.5,3.0,1.5,0.7,6,0.6666666666666666,12.521567161314309,2.0869278602190513
2026-07-26 12:46:26.357126,VOYG,30m,2026-05-01 09:30:00-04:00,2026-07-26,10,2.5,3.0,2.0,0.3,7,0.42857142857142855,21.834901025742788,3.1192715751061124
2026-07-26 12:46:26.357126,VOYG,30m,2026-05-01 09:30:00-04:00,2026-07-26,10,2.5,3.0,2.0,0.5,7,0.42857142857142855,21.834901025742788,3.1192715751061124
2026-07-26 12:46:26.357126,VOYG,30m,2026-05-01 09:30:00-04:00,2026-07-26,10,2.5,3.0,2.0,0.7,6,0.5,26.22559920691483,4.3709332011524715
2026-07-26 12:46:26.357126,VOYG,30m,2026-05-01 09:30:00-04:00,2026-07-26,10,2.5,3.0,2.5,0.3,7,0.2857142857142857,14.251677108101433,2.0359538725859188
2026-07-26 12:46:26.357126,VOYG,30m,2026-05-01 09:30:00-04:00,2026-07-26,10,2.5,3.0,2.5,0.5,7,0.2857142857142857,14.251677108101433,2.0359538725859188
2026-07-26 12:46:26.357126,VOYG,30m,2026-05-01 09:30:00-04:00,2026-07-26,10,2.5,3.0,2.5,0.7,6,0.3333333333333333,20.227549834566503,3.3712583057610837
2026-07-26 12:46:26.357126,VOYG,30m,2026-05-01 09:30:00-04:00,2026-07-26,10,2.5,3.0,3.0,0.3,7,0.2857142857142857,9.530345540008973,1.3614779342869963
2026-07-26 12:46:26.357126,VOYG,30m,2026-05-01 09:30:00-04:00,2026-07-26,10,2.5,3.0,3.0,0.5,7,0.2857142857142857,9.530345540008973,1.3614779342869963
2026-07-26 12:46:26.357126,VOYG,30m,2026-05-01 09:30:00-04:00,2026-07-26,10,2.5,3.0,3.0,0.7,6,0.3333333333333333,17.091392811767,2.8485654686278337
2026-07-26 12:46:26.357126,VOYG,30m,2026-05-01 09:30:00-04:00,2026-07-26,10,2.5,3.0,3.5,0.3,7,0.42857142857142855,11.069947022243056,1.5814210031775795
2026-07-26 12:46:26.357126,VOYG,30m,2026-05-01 09:30:00-04:00,2026-07-26,10,2.5,3.0,3.5,0.5,7,0.42857142857142855,11.069947022243056,1.5814210031775795
2026-07-26 12:46:26.357126,VOYG,30m,2026-05-01 09:30:00-04:00,2026-07-26,10,2.5,3.0,3.5,0.7,6,0.5,20.078947022243057,3.346491170373843
2026-07-26 12:46:26.357126,VOYG,30m,2026-05-01 09:30:00-04:00,2026-07-26,10,2.5,3.5,1.0,0.3,5,0.4,3.5304615694436947,0.7060923138887389
2026-07-26 12:46:26.357126,VOYG,30m,2026-05-01 09:30:00-04:00,2026-07-26,10,2.5,3.5,1.0,0.5,5,0.4,3.5304615694436947,0.7060923138887389
2026-07-26 12:46:26.357126,VOYG,30m,2026-05-01 09:30:00-04:00,2026-07-26,10,2.5,3.5,1.0,0.7,4,0.5,4.7508106600296784,1.1877026650074196
2026-07-26 12:46:26.357126,VOYG,30m,2026-05-01 09:30:00-04:00,2026-07-26,10,2.5,3.5,1.5,0.3,5,0.4,-2.0373076458345096,-0.4074615291669019
2026-07-26 12:46:26.357126,VOYG,30m,2026-05-01 09:30:00-04:00,2026-07-26,10,2.5,3.5,1.5,0.5,5,0.4,-2.0373076458345096,-0.4074615291669019
2026-07-26 12:46:26.357126,VOYG,30m,2026-05-01 09:30:00-04:00,2026-07-26,10,2.5,3.5,1.5,0.7,4,0.5,0.7682159900445029,0.19205399751112573
2026-07-26 12:46:26.357126,VOYG,30m,2026-05-01 09:30:00-04:00,2026-07-26,10,2.5,3.5,2.0,0.3,5,0.2,11.930432797383048,2.3860865594766096
2026-07-26 12:46:26.357126,VOYG,30m,2026-05-01 09:30:00-04:00,2026-07-26,10,2.5,3.5,2.0,0.5,5,0.2,11.930432797383048,2.3860865594766096
2026-07-26 12:46:26.357126,VOYG,30m,2026-05-01 09:30:00-04:00,2026-07-26,10,2.5,3.5,2.0,0.7,4,0.25,16.32113097855509,4.080282744638772
2026-07-26 12:46:26.357126,VOYG,30m,2026-05-01 09:30:00-04:00,2026-07-26,10,2.5,3.5,2.5,0.3,5,0.2,6.196091822651795,1.239218364530359
2026-07-26 12:46:26.357126,VOYG,30m,2026-05-01 09:30:00-04:00,2026-07-26,10,2.5,3.5,2.5,0.5,5,0.2,6.196091822651795,1.239218364530359
2026-07-26 12:46:26.357126,VOYG,30m,2026-05-01 09:30:00-04:00,2026-07-26,10,2.5,3.5,2.5,0.7,4,0.25,12.171964549116865,3.042991137279216
2026-07-26 12:46:26.357126,VOYG,30m,2026-05-01 09:30:00-04:00,2026-07-26,10,2.5,3.5,3.0,0.3,5,0.2,3.3236431974694014,0.6647286394938803
2026-07-26 12:46:26.357126,VOYG,30m,2026-05-01 09:30:00-04:00,2026-07-26,10,2.5,3.5,3.0,0.5,5,0.2,3.3236431974694014,0.6647286394938803
2026-07-26 12:46:26.357126,VOYG,30m,2026-05-01 09:30:00-04:00,2026-07-26,10,2.5,3.5,3.0,0.7,4,0.25,10.88469046922743,2.7211726173068573
2026-07-26 12:46:26.357126,VOYG,30m,2026-05-01 09:30:00-04:00,2026-07-26,10,2.5,3.5,3.5,0.3,5,0.2,2.392561291074955,0.478512258214991
2026-07-26 12:46:26.357126,VOYG,30m,2026-05-01 09:30:00-04:00,2026-07-26,10,2.5,3.5,3.5,0.5,5,0.2,2.392561291074955,0.478512258214991
2026-07-26 12:46:26.357126,VOYG,30m,2026-05-01 09:30:00-04:00,2026-07-26,10,2.5,3.5,3.5,0.7,4,0.25,11.401561291074955,2.850390322768739
2026-07-26 12:46:26.357126,VOYG,30m,2026-05-01 09:30:00-04:00,2026-07-26,10,3.0,0.5,1.0,0.3,32,0.53125,73.71849839088561,2.3037030747151754
2026-07-26 12:46:26.357126,VOYG,30m,2026-05-01 09:30:00-04:00,2026-07-26,10,3.0,0.5,1.0,0.5,26,0.46153846153846156,24.049477085091304,0.9249798878881271
2026-07-26 12:46:26.357126,VOYG,30m,2026-05-01 09:30:00-04:00,2026-07-26,10,3.0,0.5,1.0,0.7,17,0.6470588235294118,39.12895377379165,2.301703163164215
2026-07-26 12:46:26.357126,VOYG,30m,2026-05-01 09:30:00-04:00,2026-07-26,10,3.0,0.5,1.5,0.3,32,0.46875,73.14213969240944,2.285691865387795
2026-07-26 12:46:26.357126,VOYG,30m,2026-05-01 09:30:00-04:00,2026-07-26,10,3.0,0.5,1.5,0.5,26,0.38461538461538464,29.738607733718005,1.1437926051430003
2026-07-26 12:46:26.357126,VOYG,30m,2026-05-01 09:30:00-04:00,2026-07-26,10,3.0,0.5,1.5,0.7,17,0.5882352941176471,56.512824635711745,3.324283802100691
2026-07-26 12:46:26.357126,VOYG,30m,2026-05-01 09:30:00-04:00,2026-07-26,10,3.0,0.5,2.0,0.3,32,0.46875,76.151639506179,2.3797387345680936
2026-07-26 12:46:26.357126,VOYG,30m,2026-05-01 09:30:00-04:00,2026-07-26,10,3.0,0.5,2.0,0.5,26,0.38461538461538464,35.35231351788017,1.3597043660723143
2026-07-26 12:46:26.357126,VOYG,30m,2026-05-01 09:30:00-04:00,2026-07-26,10,3.0,0.5,2.0,0.7,17,0.5882352941176471,69.6256038934547,4.095623758438512
2026-07-26 12:46:26.357126,VOYG,30m,2026-05-01 09:30:00-04:00,2026-07-26,10,3.0,0.5,2.5,0.3,32,0.4375,41.22101387261395,1.288156683519186
2026-07-26 12:46:26.357126,VOYG,30m,2026-05-01 09:30:00-04:00,2026-07-26,10,3.0,0.5,2.5,0.5,26,0.34615384615384615,6.6968563872405085,0.25757139950925034
2026-07-26 12:46:26.357126,VOYG,30m,2026-05-01 09:30:00-04:00,2026-07-26,10,3.0,0.5,2.5,0.7,17,0.5294117647058824,52.09341172011683,3.0643183364774607
2026-07-26 12:46:26.357126,VOYG,30m,2026-05-01 09:30:00-04:00,2026-07-26,10,3.0,0.5,3.0,0.3,32,0.4375,14.75366518818845,0.46105203713088905
2026-07-26 12:46:26.357126,VOYG,30m,2026-05-01 09:30:00-04:00,2026-07-26,10,3.0,0.5,3.0,0.5,26,0.34615384615384615,-16.54153314511472,-0.6362128132736431
2026-07-26 12:46:26.357126,VOYG,30m,2026-05-01 09:30:00-04:00,2026-07-26,10,3.0,0.5,3.0,0.7,17,0.5294117647058824,37.70393325433673,2.21787842672569
2026-07-26 12:46:26.357126,VOYG,30m,2026-05-01 09:30:00-04:00,2026-07-26,10,3.0,0.5,3.5,0.3,32,0.46875,-6.923510517661242,-0.21635970367691382
2026-07-26 12:46:26.357126,VOYG,30m,2026-05-01 09:30:00-04:00,2026-07-26,10,3.0,0.5,3.5,0.5,26,0.38461538461538464,-31.934575239848222,-1.2282528938403163
2026-07-26 12:46:26.357126,VOYG,30m,2026-05-01 09:30:00-04:00,2026-07-26,10,3.0,0.5,3.5,0.7,17,0.5882352941176471,30.579077666624777,1.7987692745073398
2026-07-26 12:46:26.357126,VOYG,30m,2026-05-01 09:30:00-04:00,2026-07-26,10,3.0,0.8,1.0,0.3,30,0.5,52.909888174806454,1.7636629391602152
2026-07-26 12:46:26.357126,VOYG,30m,2026-05-01 09:30:00-04:00,2026-07-26,10,3.0,0.8,1.0,0.5,26,0.46153846153846156,24.049477085091304,0.9249798878881271
2026-07-26 12:46:26.357126,VOYG,30m,2026-05-01 09:30:00-04:00,2026-07-26,10,3.0,0.8,1.0,0.7,17,0.6470588235294118,39.12895377379165,2.301703163164215
2026-07-26 12:46:26.357126,VOYG,30m,2026-05-01 09:30:00-04:00,2026-07-26,10,3.0,0.8,1.5,0.3,30,0.43333333333333335,54.85422436829076,1.828474145609692
2026-07-26 12:46:26.357126,VOYG,30m,2026-05-01 09:30:00-04:00,2026-07-26,10,3.0,0.8,1.5,0.5,26,0.38461538461538464,29.738607733718005,1.1437926051430003
2026-07-26 12:46:26.357126,VOYG,30m,2026-05-01 09:30:00-04:00,2026-07-26,10,3.0,0.8,1.5,0.7,17,0.5882352941176471,56.512824635711745,3.324283802100691
2026-07-26 12:46:26.357126,VOYG,30m,2026-05-01 09:30:00-04:00,2026-07-26,10,3.0,0.8,2.0,0.3,30,0.43333333333333335,60.38441907402067,2.0128139691340223
2026-07-26 12:46:26.357126,VOYG,30m,2026-05-01 09:30:00-04:00,2026-07-26,10,3.0,0.8,2.0,0.5,26,0.38461538461538464,35.35231351788017,1.3597043660723143
2026-07-26 12:46:26.357126,VOYG,30m,2026-05-01 09:30:00-04:00,2026-07-26,10,3.0,0.8,2.0,0.7,17,0.5882352941176471,69.6256038934547,4.095623758438512
2026-07-26 12:46:26.357126,VOYG,30m,2026-05-01 09:30:00-04:00,2026-07-26,10,3.0,0.8,2.5,0.3,30,0.4,27.97448833241603,0.9324829444138677
2026-07-26 12:46:26.357126,VOYG,30m,2026-05-01 09:30:00-04:00,2026-07-26,10,3.0,0.8,2.5,0.5,26,0.34615384615384615,6.6968563872405085,0.25757139950925034
2026-07-26 12:46:26.357126,VOYG,30m,2026-05-01 09:30:00-04:00,2026-07-26,10,3.0,0.8,2.5,0.7,17,0.5294117647058824,52.09341172011683,3.0643183364774607
2026-07-26 12:46:26.357126,VOYG,30m,2026-05-01 09:30:00-04:00,2026-07-26,10,3.0,0.8,3.0,0.3,30,0.4,4.027834539950987,0.13426115133169958
2026-07-26 12:46:26.357126,VOYG,30m,2026-05-01 09:30:00-04:00,2026-07-26,10,3.0,0.8,3.0,0.5,26,0.34615384615384615,-16.54153314511472,-0.6362128132736431
2026-07-26 12:46:26.357126,VOYG,30m,2026-05-01 09:30:00-04:00,2026-07-26,10,3.0,0.8,3.0,0.7,17,0.5294117647058824,37.70393325433673,2.21787842672569
2026-07-26 12:46:26.357126,VOYG,30m,2026-05-01 09:30:00-04:00,2026-07-26,10,3.0,0.8,3.5,0.3,30,0.43333333333333335,-15.128646273938315,-0.5042882091312771
2026-07-26 12:46:26.357126,VOYG,30m,2026-05-01 09:30:00-04:00,2026-07-26,10,3.0,0.8,3.5,0.5,26,0.38461538461538464,-31.934575239848222,-1.2282528938403163
2026-07-26 12:46:26.357126,VOYG,30m,2026-05-01 09:30:00-04:00,2026-07-26,10,3.0,0.8,3.5,0.7,17,0.5882352941176471,30.579077666624777,1.7987692745073398
2026-07-26 12:46:26.357126,VOYG,30m,2026-05-01 09:30:00-04:00,2026-07-26,10,3.0,1.0,1.0,0.3,28,0.4642857142857143,29.043127839882246,1.0372545657100802
2026-07-26 12:46:26.357126,VOYG,30m,2026-05-01 09:30:00-04:00,2026-07-26,10,3.0,1.0,1.0,0.5,26,0.46153846153846156,24.049477085091304,0.9249798878881271
2026-07-26 12:46:26.357126,VOYG,30m,2026-05-01 09:30:00-04:00,2026-07-26,10,3.0,1.0,1.0,0.7,17,0.6470588235294118,39.12895377379165,2.301703163164215
2026-07-26 12:46:26.357126,VOYG,30m,2026-05-01 09:30:00-04:00,2026-07-26,10,3.0,1.0,1.5,0.3,28,0.39285714285714285,33.32908386590436,1.1903244237822985
2026-07-26 12:46:26.357126,VOYG,30m,2026-05-01 09:30:00-04:00,2026-07-26,10,3.0,1.0,1.5,0.5,26,0.38461538461538464,29.738607733718005,1.1437926051430003
2026-07-26 12:46:26.357126,VOYG,30m,2026-05-01 09:30:00-04:00,2026-07-26,10,3.0,1.0,1.5,0.7,17,0.5882352941176471,56.512824635711745,3.324283802100691
2026-07-26 12:46:26.357126,VOYG,30m,2026-05-01 09:30:00-04:00,2026-07-26,10,3.0,1.0,2.0,0.3,28,0.39285714285714285,37.53961502746208,1.3407005366950742
2026-07-26 12:46:26.357126,VOYG,30m,2026-05-01 09:30:00-04:00,2026-07-26,10,3.0,1.0,2.0,0.5,26,0.38461538461538464,35.35231351788017,1.3597043660723143
2026-07-26 12:46:26.357126,VOYG,30m,2026-05-01 09:30:00-04:00,2026-07-26,10,3.0,1.0,2.0,0.7,17,0.5882352941176471,69.6256038934547,4.095623758438512
2026-07-26 12:46:26.357126,VOYG,30m,2026-05-01 09:30:00-04:00,2026-07-26,10,3.0,1.0,2.5,0.3,28,0.35714285714285715,7.480983274217863,0.2671779740792094
2026-07-26 12:46:26.357126,VOYG,30m,2026-05-01 09:30:00-04:00,2026-07-26,10,3.0,1.0,2.5,0.5,26,0.34615384615384615,6.6968563872405085,0.25757139950925034
2026-07-26 12:46:26.357126,VOYG,30m,2026-05-01 09:30:00-04:00,2026-07-26,10,3.0,1.0,2.5,0.7,17,0.5294117647058824,52.09341172011683,3.0643183364774607
2026-07-26 12:46:26.357126,VOYG,30m,2026-05-01 09:30:00-04:00,2026-07-26,10,3.0,1.0,3.0,0.3,28,0.35714285714285715,-14.11437152988686,-0.5040846974959593
2026-07-26 12:46:26.357126,VOYG,30m,2026-05-01 09:30:00-04:00,2026-07-26,10,3.0,1.0,3.0,0.5,26,0.34615384615384615,-16.54153314511472,-0.6362128132736431
2026-07-26 12:46:26.357126,VOYG,30m,2026-05-01 09:30:00-04:00,2026-07-26,10,3.0,1.0,3.0,0.7,17,0.5294117647058824,37.70393325433673,2.21787842672569
2026-07-26 12:46:26.357126,VOYG,30m,2026-05-01 09:30:00-04:00,2026-07-26,10,3.0,1.0,3.5,0.3,28,0.39285714285714285,-30.9195533554157,-1.104269762693418
2026-07-26 12:46:26.357126,VOYG,30m,2026-05-01 09:30:00-04:00,2026-07-26,10,3.0,1.0,3.5,0.5,26,0.38461538461538464,-31.934575239848222,-1.2282528938403163
2026-07-26 12:46:26.357126,VOYG,30m,2026-05-01 09:30:00-04:00,2026-07-26,10,3.0,1.0,3.5,0.7,17,0.5882352941176471,30.579077666624777,1.7987692745073398
2026-07-26 12:46:26.357126,VOYG,30m,2026-05-01 09:30:00-04:00,2026-07-26,10,3.0,1.2,1.0,0.3,26,0.5,31.11295864593881,1.1966522556130312
2026-07-26 12:46:26.357126,VOYG,30m,2026-05-01 09:30:00-04:00,2026-07-26,10,3.0,1.2,1.0,0.5,25,0.48,24.33033501152071,0.9732134004608284
2026-07-26 12:46:26.357126,VOYG,30m,2026-05-01 09:30:00-04:00,2026-07-26,10,3.0,1.2,1.0,0.7,17,0.6470588235294118,39.12895377379165,2.301703163164215
2026-07-26 12:46:26.357126,VOYG,30m,2026-05-01 09:30:00-04:00,2026-07-26,10,3.0,1.2,1.5,0.3,26,0.4230769230769231,37.75883007498919,1.452262695191892
2026-07-26 12:46:26.357126,VOYG,30m,2026-05-01 09:30:00-04:00,2026-07-26,10,3.0,1.2,1.5,0.5,25,0.4,31.484894623362045,1.259395784934482
2026-07-26 12:46:26.357126,VOYG,30m,2026-05-01 09:30:00-04:00,2026-07-26,10,3.0,1.2,1.5,0.7,17,0.5882352941176471,56.512824635711745,3.324283802100691
2026-07-26 12:46:26.357126,VOYG,30m,2026-05-01 09:30:00-04:00,2026-07-26,10,3.0,1.2,2.0,0.3,26,0.4230769230769231,44.329276639575106,1.7049721784451963
2026-07-26 12:46:26.357126,VOYG,30m,2026-05-01 09:30:00-04:00,2026-07-26,10,3.0,1.2,2.0,0.5,25,0.4,38.564029370738844,1.5425611748295538
2026-07-26 12:46:26.357126,VOYG,30m,2026-05-01 09:30:00-04:00,2026-07-26,10,3.0,1.2,2.0,0.7,17,0.5882352941176471,69.6256038934547,4.095623758438512
2026-07-26 12:46:26.357126,VOYG,30m,2026-05-01 09:30:00-04:00,2026-07-26,10,3.0,1.2,2.5,0.3,26,0.38461538461538464,16.630560289359266,0.6396369342061257
2026-07-26 12:46:26.357126,VOYG,30m,2026-05-01 09:30:00-04:00,2026-07-26,10,3.0,1.2,2.5,0.5,25,0.36,11.37400120331396,0.45496004813255836
2026-07-26 12:46:26.357126,VOYG,30m,2026-05-01 09:30:00-04:00,2026-07-26,10,3.0,1.2,2.5,0.7,17,0.5294117647058824,52.09341172011683,3.0643183364774607
2026-07-26 12:46:26.357126,VOYG,30m,2026-05-01 09:30:00-04:00,2026-07-26,10,3.0,1.2,3.0,0.3,26,0.38461538461538464,-5.651088462572282,-0.2173495562527801
2026-07-26 12:46:26.357126,VOYG,30m,2026-05-01 09:30:00-04:00,2026-07-26,10,3.0,1.2,3.0,0.5,25,0.36,-10.398959365826634,-0.4159583746330654
2026-07-26 12:46:26.357126,VOYG,30m,2026-05-01 09:30:00-04:00,2026-07-26,10,3.0,1.2,3.0,0.7,17,0.5294117647058824,37.70393325433673,2.21787842672569
2026-07-26 12:46:26.357126,VOYG,30m,2026-05-01 09:30:00-04:00,2026-07-26,10,3.0,1.2,3.5,0.3,26,0.4230769230769231,-20.530892519384736,-0.7896497122840282
2026-07-26 12:46:26.357126,VOYG,30m,2026-05-01 09:30:00-04:00,2026-07-26,10,3.0,1.2,3.5,0.5,25,0.4,-24.770075239848133,-0.9908030095939253
2026-07-26 12:46:26.357126,VOYG,30m,2026-05-01 09:30:00-04:00,2026-07-26,10,3.0,1.2,3.5,0.7,17,0.5882352941176471,30.579077666624777,1.7987692745073398
2026-07-26 12:46:26.357126,VOYG,30m,2026-05-01 09:30:00-04:00,2026-07-26,10,3.0,1.5,1.0,0.3,24,0.4583333333333333,23.712244258949973,0.9880101774562489
2026-07-26 12:46:26.357126,VOYG,30m,2026-05-01 09:30:00-04:00,2026-07-26,10,3.0,1.5,1.0,0.5,24,0.4583333333333333,23.712244258949973,0.9880101774562489
2026-07-26 12:46:26.357126,VOYG,30m,2026-05-01 09:30:00-04:00,2026-07-26,10,3.0,1.5,1.0,0.7,17,0.6470588235294118,39.12895377379165,2.301703163164215
2026-07-26 12:46:26.357126,VOYG,30m,2026-05-01 09:30:00-04:00,2026-07-26,10,3.0,1.5,1.5,0.3,24,0.4166666666666667,31.80775849450594,1.3253232706044142
2026-07-26 12:46:26.357126,VOYG,30m,2026-05-01 09:30:00-04:00,2026-07-26,10,3.0,1.5,1.5,0.5,24,0.4166666666666667,31.80775849450594,1.3253232706044142
2026-07-26 12:46:26.357126,VOYG,30m,2026-05-01 09:30:00-04:00,2026-07-26,10,3.0,1.5,1.5,0.7,17,0.5882352941176471,56.512824635711745,3.324283802100691
2026-07-26 12:46:26.357126,VOYG,30m,2026-05-01 09:30:00-04:00,2026-07-26,10,3.0,1.5,2.0,0.3,24,0.4166666666666667,39.82784786559737,1.6594936610665572
2026-07-26 12:46:26.357126,VOYG,30m,2026-05-01 09:30:00-04:00,2026-07-26,10,3.0,1.5,2.0,0.5,24,0.4166666666666667,39.82784786559737,1.6594936610665572
2026-07-26 12:46:26.357126,VOYG,30m,2026-05-01 09:30:00-04:00,2026-07-26,10,3.0,1.5,2.0,0.7,17,0.5882352941176471,69.6256038934547,4.095623758438512
2026-07-26 12:46:26.357126,VOYG,30m,2026-05-01 09:30:00-04:00,2026-07-26,10,3.0,1.5,2.5,0.3,24,0.375,13.578774321887117,0.5657822634119632
2026-07-26 12:46:26.357126,VOYG,30m,2026-05-01 09:30:00-04:00,2026-07-26,10,3.0,1.5,2.5,0.5,24,0.375,13.578774321887117,0.5657822634119632
2026-07-26 12:46:26.357126,VOYG,30m,2026-05-01 09:30:00-04:00,2026-07-26,10,3.0,1.5,2.5,0.7,17,0.5294117647058824,52.09341172011683,3.0643183364774607
2026-07-26 12:46:26.357126,VOYG,30m,2026-05-01 09:30:00-04:00,2026-07-26,10,3.0,1.5,3.0,0.3,24,0.375,-7.253231623538845,-0.30221798431411856
2026-07-26 12:46:26.357126,VOYG,30m,2026-05-01 09:30:00-04:00,2026-07-26,10,3.0,1.5,3.0,0.5,24,0.375,-7.253231623538845,-0.30221798431411856
2026-07-26 12:46:26.357126,VOYG,30m,2026-05-01 09:30:00-04:00,2026-07-26,10,3.0,1.5,3.0,0.7,17,0.5294117647058824,37.70393325433673,2.21787842672569
2026-07-26 12:46:26.357126,VOYG,30m,2026-05-01 09:30:00-04:00,2026-07-26,10,3.0,1.5,3.5,0.3,24,0.4166666666666667,-20.683392873845712,-0.861808036410238
2026-07-26 12:46:26.357126,VOYG,30m,2026-05-01 09:30:00-04:00,2026-07-26,10,3.0,1.5,3.5,0.5,24,0.4166666666666667,-20.683392873845712,-0.861808036410238
2026-07-26 12:46:26.357126,VOYG,30m,2026-05-01 09:30:00-04:00,2026-07-26,10,3.0,1.5,3.5,0.7,17,0.5882352941176471,30.579077666624777,1.7987692745073398
2026-07-26 12:46:26.357126,VOYG,30m,2026-05-01 09:30:00-04:00,2026-07-26,10,3.0,1.8,1.0,0.3,18,0.5,22.502623859016744,1.2501457699453746
2026-07-26 12:46:26.357126,VOYG,30m,2026-05-01 09:30:00-04:00,2026-07-26,10,3.0,1.8,1.0,0.5,18,0.5,22.502623859016744,1.2501457699453746
2026-07-26 12:46:26.357126,VOYG,30m,2026-05-01 09:30:00-04:00,2026-07-26,10,3.0,1.8,1.0,0.7,14,0.6428571428571429,28.386779907913713,2.027627136279551
2026-07-26 12:46:26.357126,VOYG,30m,2026-05-01 09:30:00-04:00,2026-07-26,10,3.0,1.8,1.5,0.3,18,0.4444444444444444,15.284319685313399,0.8491288714062999
2026-07-26 12:46:26.357126,VOYG,30m,2026-05-01 09:30:00-04:00,2026-07-26,10,3.0,1.8,1.5,0.5,18,0.4444444444444444,15.284319685313399,0.8491288714062999
2026-07-26 12:46:26.357126,VOYG,30m,2026-05-01 09:30:00-04:00,2026-07-26,10,3.0,1.8,1.5,0.7,14,0.5714285714285714,25.661375901013308,1.8329554215009505
2026-07-26 12:46:26.357126,VOYG,30m,2026-05-01 09:30:00-04:00,2026-07-26,10,3.0,1.8,2.0,0.3,18,0.4444444444444444,29.36283279283611,1.631268488490895
2026-07-26 12:46:26.357126,VOYG,30m,2026-05-01 09:30:00-04:00,2026-07-26,10,3.0,1.8,2.0,0.5,18,0.4444444444444444,29.36283279283611,1.631268488490895
2026-07-26 12:46:26.357126,VOYG,30m,2026-05-01 09:30:00-04:00,2026-07-26,10,3.0,1.8,2.0,0.7,14,0.5714285714285714,39.9065755866857,2.8504696847632642
2026-07-26 12:46:26.357126,VOYG,30m,2026-05-01 09:30:00-04:00,2026-07-26,10,3.0,1.8,2.5,0.3,18,0.3888888888888889,9.596224206555597,0.5331235670308665
2026-07-26 12:46:26.357126,VOYG,30m,2026-05-01 09:30:00-04:00,2026-07-26,10,3.0,1.8,2.5,0.5,18,0.3888888888888889,9.596224206555597,0.5331235670308665
2026-07-26 12:46:26.357126,VOYG,30m,2026-05-01 09:30:00-04:00,2026-07-26,10,3.0,1.8,2.5,0.7,14,0.5,24.7509026988676,1.7679216213476856
2026-07-26 12:46:26.357126,VOYG,30m,2026-05-01 09:30:00-04:00,2026-07-26,10,3.0,1.8,3.0,0.3,18,0.3888888888888889,-5.99269176193669,-0.3329273201075939
2026-07-26 12:46:26.357126,VOYG,30m,2026-05-01 09:30:00-04:00,2026-07-26,10,3.0,1.8,3.0,0.5,18,0.3888888888888889,-5.99269176193669,-0.3329273201075939
2026-07-26 12:46:26.357126,VOYG,30m,2026-05-01 09:30:00-04:00,2026-07-26,10,3.0,1.8,3.0,0.7,14,0.5,13.772922428837653,0.9837801734884037
2026-07-26 12:46:26.357126,VOYG,30m,2026-05-01 09:30:00-04:00,2026-07-26,10,3.0,1.8,3.5,0.3,18,0.4444444444444444,-14.179763035309882,-0.7877646130727712
2026-07-26 12:46:26.357126,VOYG,30m,2026-05-01 09:30:00-04:00,2026-07-26,10,3.0,1.8,3.5,0.5,18,0.4444444444444444,-14.179763035309882,-0.7877646130727712
2026-07-26 12:46:26.357126,VOYG,30m,2026-05-01 09:30:00-04:00,2026-07-26,10,3.0,1.8,3.5,0.7,14,0.5714285714285714,10.059565036875817,0.718540359776844
2026-07-26 12:46:26.357126,VOYG,30m,2026-05-01 09:30:00-04:00,2026-07-26,10,3.0,2.0,1.0,0.3,18,0.5,22.502623859016744,1.2501457699453746
2026-07-26 12:46:26.357126,VOYG,30m,2026-05-01 09:30:00-04:00,2026-07-26,10,3.0,2.0,1.0,0.5,18,0.5,22.502623859016744,1.2501457699453746
2026-07-26 12:46:26.357126,VOYG,30m,2026-05-01 09:30:00-04:00,2026-07-26,10,3.0,2.0,1.0,0.7,14,0.6428571428571429,28.386779907913713,2.027627136279551
2026-07-26 12:46:26.357126,VOYG,30m,2026-05-01 09:30:00-04:00,2026-07-26,10,3.0,2.0,1.5,0.3,18,0.4444444444444444,15.284319685313399,0.8491288714062999
2026-07-26 12:46:26.357126,VOYG,30m,2026-05-01 09:30:00-04:00,2026-07-26,10,3.0,2.0,1.5,0.5,18,0.4444444444444444,15.284319685313399,0.8491288714062999
2026-07-26 12:46:26.357126,VOYG,30m,2026-05-01 09:30:00-04:00,2026-07-26,10,3.0,2.0,1.5,0.7,14,0.5714285714285714,25.661375901013308,1.8329554215009505
2026-07-26 12:46:26.357126,VOYG,30m,2026-05-01 09:30:00-04:00,2026-07-26,10,3.0,2.0,2.0,0.3,18,0.4444444444444444,29.36283279283611,1.631268488490895
2026-07-26 12:46:26.357126,VOYG,30m,2026-05-01 09:30:00-04:00,2026-07-26,10,3.0,2.0,2.0,0.5,18,0.4444444444444444,29.36283279283611,1.631268488490895
2026-07-26 12:46:26.357126,VOYG,30m,2026-05-01 09:30:00-04:00,2026-07-26,10,3.0,2.0,2.0,0.7,14,0.5714285714285714,39.9065755866857,2.8504696847632642
2026-07-26 12:46:26.357126,VOYG,30m,2026-05-01 09:30:00-04:00,2026-07-26,10,3.0,2.0,2.5,0.3,18,0.3888888888888889,9.596224206555597,0.5331235670308665
2026-07-26 12:46:26.357126,VOYG,30m,2026-05-01 09:30:00-04:00,2026-07-26,10,3.0,2.0,2.5,0.5,18,0.3888888888888889,9.596224206555597,0.5331235670308665
2026-07-26 12:46:26.357126,VOYG,30m,2026-05-01 09:30:00-04:00,2026-07-26,10,3.0,2.0,2.5,0.7,14,0.5,24.7509026988676,1.7679216213476856
2026-07-26 12:46:26.357126,VOYG,30m,2026-05-01 09:30:00-04:00,2026-07-26,10,3.0,2.0,3.0,0.3,18,0.3888888888888889,-5.99269176193669,-0.3329273201075939
2026-07-26 12:46:26.357126,VOYG,30m,2026-05-01 09:30:00-04:00,2026-07-26,10,3.0,2.0,3.0,0.5,18,0.3888888888888889,-5.99269176193669,-0.3329273201075939
2026-07-26 12:46:26.357126,VOYG,30m,2026-05-01 09:30:00-04:00,2026-07-26,10,3.0,2.0,3.0,0.7,14,0.5,13.772922428837653,0.9837801734884037
2026-07-26 12:46:26.357126,VOYG,30m,2026-05-01 09:30:00-04:00,2026-07-26,10,3.0,2.0,3.5,0.3,18,0.4444444444444444,-14.179763035309882,-0.7877646130727712
2026-07-26 12:46:26.357126,VOYG,30m,2026-05-01 09:30:00-04:00,2026-07-26,10,3.0,2.0,3.5,0.5,18,0.4444444444444444,-14.179763035309882,-0.7877646130727712
2026-07-26 12:46:26.357126,VOYG,30m,2026-05-01 09:30:00-04:00,2026-07-26,10,3.0,2.0,3.5,0.7,14,0.5714285714285714,10.059565036875817,0.718540359776844
2026-07-26 12:46:26.357126,VOYG,30m,2026-05-01 09:30:00-04:00,2026-07-26,10,3.0,2.5,1.0,0.3,11,0.45454545454545453,14.299066347993445,1.2999151225448586
2026-07-26 12:46:26.357126,VOYG,30m,2026-05-01 09:30:00-04:00,2026-07-26,10,3.0,2.5,1.0,0.5,11,0.45454545454545453,14.299066347993445,1.2999151225448586
2026-07-26 12:46:26.357126,VOYG,30m,2026-05-01 09:30:00-04:00,2026-07-26,10,3.0,2.5,1.0,0.7,8,0.625,17.26881442720611,2.1586018034007637
2026-07-26 12:46:26.357126,VOYG,30m,2026-05-01 09:30:00-04:00,2026-07-26,10,3.0,2.5,1.5,0.3,11,0.36363636363636365,15.828983418778613,1.4389984926162376
2026-07-26 12:46:26.357126,VOYG,30m,2026-05-01 09:30:00-04:00,2026-07-26,10,3.0,2.5,1.5,0.5,11,0.36363636363636365,15.828983418778613,1.4389984926162376
2026-07-26 12:46:26.357126,VOYG,30m,2026-05-01 09:30:00-04:00,2026-07-26,10,3.0,2.5,1.5,0.7,8,0.5,21.834427679951922,2.7293034599939903
2026-07-26 12:46:26.357126,VOYG,30m,2026-05-01 09:30:00-04:00,2026-07-26,10,3.0,2.5,2.0,0.3,11,0.45454545454545453,22.214063565503395,2.019460324136672
2026-07-26 12:46:26.357126,VOYG,30m,2026-05-01 09:30:00-04:00,2026-07-26,10,3.0,2.5,2.0,0.5,11,0.45454545454545453,22.214063565503395,2.019460324136672
2026-07-26 12:46:26.357126,VOYG,30m,2026-05-01 09:30:00-04:00,2026-07-26,10,3.0,2.5,2.0,0.7,8,0.625,31.387989247067765,3.9234986558834706
2026-07-26 12:46:26.357126,VOYG,30m,2026-05-01 09:30:00-04:00,2026-07-26,10,3.0,2.5,2.5,0.3,11,0.36363636363636365,10.805079456879128,0.9822799506253752
2026-07-26 12:46:26.357126,VOYG,30m,2026-05-01 09:30:00-04:00,2026-07-26,10,3.0,2.5,2.5,0.5,11,0.36363636363636365,10.805079456879128,0.9822799506253752
2026-07-26 12:46:26.357126,VOYG,30m,2026-05-01 09:30:00-04:00,2026-07-26,10,3.0,2.5,2.5,0.7,8,0.5,23.14748655883463,2.8934358198543286
2026-07-26 12:46:26.357126,VOYG,30m,2026-05-01 09:30:00-04:00,2026-07-26,10,3.0,2.5,3.0,0.3,11,0.36363636363636365,0.3594283585421465,0.03267530532201332
2026-07-26 12:46:26.357126,VOYG,30m,2026-05-01 09:30:00-04:00,2026-07-26,10,3.0,2.5,3.0,0.5,11,0.36363636363636365,0.3594283585421465,0.03267530532201332
2026-07-26 12:46:26.357126,VOYG,30m,2026-05-01 09:30:00-04:00,2026-07-26,10,3.0,2.5,3.0,0.7,8,0.5,15.870316880888709,1.9837896101110886
2026-07-26 12:46:26.357126,VOYG,30m,2026-05-01 09:30:00-04:00,2026-07-26,10,3.0,2.5,3.5,0.3,11,0.45454545454545453,-3.016789561417923,-0.27425359649253844
2026-07-26 12:46:26.357126,VOYG,30m,2026-05-01 09:30:00-04:00,2026-07-26,10,3.0,2.5,3.5,0.5,11,0.45454545454545453,-3.016789561417923,-0.27425359649253844
2026-07-26 12:46:26.357126,VOYG,30m,2026-05-01 09:30:00-04:00,2026-07-26,10,3.0,2.5,3.5,0.7,8,0.625,15.525358564268643,1.9406698205335804
2026-07-26 12:46:26.357126,VOYG,30m,2026-05-01 09:30:00-04:00,2026-07-26,10,3.0,3.0,1.0,0.3,5,0.4,-1.9470292825097957,-0.38940585650195914
2026-07-26 12:46:26.357126,VOYG,30m,2026-05-01 09:30:00-04:00,2026-07-26,10,3.0,3.0,1.0,0.5,5,0.4,-1.9470292825097957,-0.38940585650195914
2026-07-26 12:46:26.357126,VOYG,30m,2026-05-01 09:30:00-04:00,2026-07-26,10,3.0,3.0,1.0,0.7,4,0.5,-0.726680191923812,-0.181670047980953
2026-07-26 12:46:26.357126,VOYG,30m,2026-05-01 09:30:00-04:00,2026-07-26,10,3.0,3.0,1.5,0.3,5,0.4,3.6749859836923804,0.7349971967384761
2026-07-26 12:46:26.357126,VOYG,30m,2026-05-01 09:30:00-04:00,2026-07-26,10,3.0,3.0,1.5,0.5,5,0.4,3.6749859836923804,0.7349971967384761
2026-07-26 12:46:26.357126,VOYG,30m,2026-05-01 09:30:00-04:00,2026-07-26,10,3.0,3.0,1.5,0.7,4,0.5,6.480509619571393,1.6201274048928482
2026-07-26 12:46:26.357126,VOYG,30m,2026-05-01 09:30:00-04:00,2026-07-26,10,3.0,3.0,2.0,0.3,5,0.4,-1.7333520217435705,-0.3466704043487141
2026-07-26 12:46:26.357126,VOYG,30m,2026-05-01 09:30:00-04:00,2026-07-26,10,3.0,3.0,2.0,0.5,5,0.4,-1.7333520217435705,-0.3466704043487141
2026-07-26 12:46:26.357126,VOYG,30m,2026-05-01 09:30:00-04:00,2026-07-26,10,3.0,3.0,2.0,0.7,4,0.5,2.657346159428471,0.6643365398571177
2026-07-26 12:46:26.357126,VOYG,30m,2026-05-01 09:30:00-04:00,2026-07-26,10,3.0,3.0,2.5,0.3,5,0.2,-7.1416900271795924,-1.4283380054359185
2026-07-26 12:46:26.357126,VOYG,30m,2026-05-01 09:30:00-04:00,2026-07-26,10,3.0,3.0,2.5,0.5,5,0.2,-7.1416900271795924,-1.4283380054359185
2026-07-26 12:46:26.357126,VOYG,30m,2026-05-01 09:30:00-04:00,2026-07-26,10,3.0,3.0,2.5,0.7,4,0.25,-1.1658173007145223,-0.29145432517863057
2026-07-26 12:46:26.357126,VOYG,30m,2026-05-01 09:30:00-04:00,2026-07-26,10,3.0,3.0,3.0,0.3,5,0.2,-11.586695022328257,-2.3173390044656514
2026-07-26 12:46:26.357126,VOYG,30m,2026-05-01 09:30:00-04:00,2026-07-26,10,3.0,3.0,3.0,0.5,5,0.2,-11.586695022328257,-2.3173390044656514
2026-07-26 12:46:26.357126,VOYG,30m,2026-05-01 09:30:00-04:00,2026-07-26,10,3.0,3.0,3.0,0.7,4,0.25,-4.025647750570229,-1.0064119376425573
2026-07-26 12:46:26.357126,VOYG,30m,2026-05-01 09:30:00-04:00,2026-07-26,10,3.0,3.0,3.5,0.3,5,0.4,-9.77076696715038,-1.9541533934300759
2026-07-26 12:46:26.357126,VOYG,30m,2026-05-01 09:30:00-04:00,2026-07-26,10,3.0,3.0,3.5,0.5,5,0.4,-9.77076696715038,-1.9541533934300759
2026-07-26 12:46:26.357126,VOYG,30m,2026-05-01 09:30:00-04:00,2026-07-26,10,3.0,3.0,3.5,0.7,4,0.5,-0.7617669671503791,-0.19044174178759476
2026-07-26 12:46:26.357126,VOYG,30m,2026-05-01 09:30:00-04:00,2026-07-26,10,3.0,3.5,1.0,0.3,3,0.0,-4.518910125051612,-1.506303375017204
2026-07-26 12:46:26.357126,VOYG,30m,2026-05-01 09:30:00-04:00,2026-07-26,10,3.0,3.5,1.0,0.5,3,0.0,-4.518910125051612,-1.506303375017204
2026-07-26 12:46:26.357126,VOYG,30m,2026-05-01 09:30:00-04:00,2026-07-26,10,3.0,3.5,1.0,0.7,2,0.0,-3.298561034465628,-1.649280517232814
2026-07-26 12:46:26.357126,VOYG,30m,2026-05-01 09:30:00-04:00,2026-07-26,10,3.0,3.5,1.5,0.3,3,0.0,-8.078365187577425,-2.6927883958591416
2026-07-26 12:46:26.357126,VOYG,30m,2026-05-01 09:30:00-04:00,2026-07-26,10,3.0,3.5,1.5,0.5,3,0.0,-8.078365187577425,-2.6927883958591416
2026-07-26 12:46:26.357126,VOYG,30m,2026-05-01 09:30:00-04:00,2026-07-26,10,3.0,3.5,1.5,0.7,2,0.0,-5.272841551698413,-2.6364207758492064
2026-07-26 12:46:26.357126,VOYG,30m,2026-05-01 09:30:00-04:00,2026-07-26,10,3.0,3.5,2.0,0.3,3,0.0,-11.63782025010331,-3.8792734167011034
2026-07-26 12:46:26.357126,VOYG,30m,2026-05-01 09:30:00-04:00,2026-07-26,10,3.0,3.5,2.0,0.5,3,0.0,-11.63782025010331,-3.8792734167011034
2026-07-26 12:46:26.357126,VOYG,30m,2026-05-01 09:30:00-04:00,2026-07-26,10,3.0,3.5,2.0,0.7,2,0.0,-7.247122068931269,-3.6235610344656344
2026-07-26 12:46:26.357126,VOYG,30m,2026-05-01 09:30:00-04:00,2026-07-26,10,3.0,3.5,2.5,0.3,3,0.0,-15.19727531262923,-5.065758437543077
2026-07-26 12:46:26.357126,VOYG,30m,2026-05-01 09:30:00-04:00,2026-07-26,10,3.0,3.5,2.5,0.5,3,0.0,-15.19727531262923,-5.065758437543077
2026-07-26 12:46:26.357126,VOYG,30m,2026-05-01 09:30:00-04:00,2026-07-26,10,3.0,3.5,2.5,0.7,2,0.0,-9.22140258616416,-4.61070129308208
2026-07-26 12:46:26.357126,VOYG,30m,2026-05-01 09:30:00-04:00,2026-07-26,10,3.0,3.5,3.0,0.3,3,0.0,-17.79339736486783,-5.931132454955943
2026-07-26 12:46:26.357126,VOYG,30m,2026-05-01 09:30:00-04:00,2026-07-26,10,3.0,3.5,3.0,0.5,3,0.0,-17.79339736486783,-5.931132454955943
2026-07-26 12:46:26.357126,VOYG,30m,2026-05-01 09:30:00-04:00,2026-07-26,10,3.0,3.5,3.0,0.7,2,0.0,-10.232350093109801,-5.1161750465549005
2026-07-26 12:46:26.357126,VOYG,30m,2026-05-01 09:30:00-04:00,2026-07-26,10,3.0,3.5,3.5,0.3,3,0.0,-18.44815269831848,-6.149384232772827
2026-07-26 12:46:26.357126,VOYG,30m,2026-05-01 09:30:00-04:00,2026-07-26,10,3.0,3.5,3.5,0.5,3,0.0,-18.44815269831848,-6.149384232772827
2026-07-26 12:46:26.357126,VOYG,30m,2026-05-01 09:30:00-04:00,2026-07-26,10,3.0,3.5,3.5,0.7,2,0.0,-9.43915269831848,-4.71957634915924
2026-07-26 12:46:26.357126,VOYG,30m,2026-05-01 09:30:00-04:00,2026-07-26,10,3.5,0.5,1.0,0.3,23,0.4782608695652174,20.493811385069556,0.8910352776117199
2026-07-26 12:46:26.357126,VOYG,30m,2026-05-01 09:30:00-04:00,2026-07-26,10,3.5,0.5,1.0,0.5,20,0.45,8.581003032080119,0.42905015160400595
2026-07-26 12:46:26.357126,VOYG,30m,2026-05-01 09:30:00-04:00,2026-07-26,10,3.5,0.5,1.0,0.7,13,0.6153846153846154,15.977856666143602,1.2290658973956616
2026-07-26 12:46:26.357126,VOYG,30m,2026-05-01 09:30:00-04:00,2026-07-26,10,3.5,0.5,1.5,0.3,23,0.391304347826087,21.963759002817014,0.9549460436007398
2026-07-26 12:46:26.357126,VOYG,30m,2026-05-01 09:30:00-04:00,2026-07-26,10,3.5,0.5,1.5,0.5,20,0.35,12.519546473332923,0.6259773236666462
2026-07-26 12:46:26.357126,VOYG,30m,2026-05-01 09:30:00-04:00,2026-07-26,10,3.5,0.5,1.5,0.7,13,0.5384615384615384,27.740649066782552,2.1338960820601964
2026-07-26 12:46:26.357126,VOYG,30m,2026-05-01 09:30:00-04:00,2026-07-26,10,3.5,0.5,2.0,0.3,23,0.391304347826087,15.679732018853905,0.6817274790806046
2026-07-26 12:46:26.357126,VOYG,30m,2026-05-01 09:30:00-04:00,2026-07-26,10,3.5,0.5,2.0,0.5,20,0.35,8.704115312875018,0.4352057656437509
2026-07-26 12:46:26.357126,VOYG,30m,2026-05-01 09:30:00-04:00,2026-07-26,10,3.5,0.5,2.0,0.7,13,0.5384615384615384,27.423253277057533,2.109481021312118
2026-07-26 12:46:26.357126,VOYG,30m,2026-05-01 09:30:00-04:00,2026-07-26,10,3.5,0.5,2.5,0.3,23,0.34782608695652173,-6.813928123134332,-0.29625774448410136
2026-07-26 12:46:26.357126,VOYG,30m,2026-05-01 09:30:00-04:00,2026-07-26,10,3.5,0.5,2.5,0.5,20,0.3,-11.320949005607908,-0.5660474502803954
2026-07-26 12:46:26.357126,VOYG,30m,2026-05-01 09:30:00-04:00,2026-07-26,10,3.5,0.5,2.5,0.7,13,0.46153846153846156,15.340473449620404,1.1800364192015695
2026-07-26 12:46:26.357126,VOYG,30m,2026-05-01 09:30:00-04:00,2026-07-26,10,3.5,0.5,3.0,0.3,23,0.34782608695652173,-23.97473113260201,-1.042379614460957
2026-07-26 12:46:26.357126,VOYG,30m,2026-05-01 09:30:00-04:00,2026-07-26,10,3.5,0.5,3.0,0.5,20,0.3,-29.059365542425333,-1.4529682771212666
2026-07-26 12:46:26.357126,VOYG,30m,2026-05-01 09:30:00-04:00,2026-07-26,10,3.5,0.5,3.0,0.7,13,0.46153846153846156,5.544341403848492,0.42648780029603783
2026-07-26 12:46:26.357126,VOYG,30m,2026-05-01 09:30:00-04:00,2026-07-26,10,3.5,0.5,3.5,0.3,23,0.391304347826087,-37.22097289191666,-1.6183031692137677
2026-07-26 12:46:26.357126,VOYG,30m,2026-05-01 09:30:00-04:00,2026-07-26,10,3.5,0.5,3.5,0.5,20,0.35,-39.828046370043886,-1.9914023185021943
2026-07-26 12:46:26.357126,VOYG,30m,2026-05-01 09:30:00-04:00,2026-07-26,10,3.5,0.5,3.5,0.7,13,0.5384615384615384,2.137220507721871,0.164401577517067
2026-07-26 12:46:26.357126,VOYG,30m,2026-05-01 09:30:00-04:00,2026-07-26,10,3.5,0.8,1.0,0.3,22,0.45454545454545453,13.57465378687106,0.6170297175850482
2026-07-26 12:46:26.357126,VOYG,30m,2026-05-01 09:30:00-04:00,2026-07-26,10,3.5,0.8,1.0,0.5,20,0.45,8.581003032080119,0.42905015160400595
2026-07-26 12:46:26.357126,VOYG,30m,2026-05-01 09:30:00-04:00,2026-07-26,10,3.5,0.8,1.0,0.7,13,0.6153846153846154,15.977856666143602,1.2290658973956616
2026-07-26 12:46:26.357126,VOYG,30m,2026-05-01 09:30:00-04:00,2026-07-26,10,3.5,0.8,1.5,0.3,22,0.36363636363636365,16.110022605519276,0.7322737547963307
2026-07-26 12:46:26.357126,VOYG,30m,2026-05-01 09:30:00-04:00,2026-07-26,10,3.5,0.8,1.5,0.5,20,0.35,12.519546473332923,0.6259773236666462
2026-07-26 12:46:26.357126,VOYG,30m,2026-05-01 09:30:00-04:00,2026-07-26,10,3.5,0.8,1.5,0.7,13,0.5384615384615384,27.740649066782552,2.1338960820601964
2026-07-26 12:46:26.357126,VOYG,30m,2026-05-01 09:30:00-04:00,2026-07-26,10,3.5,0.8,2.0,0.3,22,0.36363636363636365,10.891416822456925,0.4950644010207693
2026-07-26 12:46:26.357126,VOYG,30m,2026-05-01 09:30:00-04:00,2026-07-26,10,3.5,0.8,2.0,0.5,20,0.35,8.704115312875018,0.4352057656437509
2026-07-26 12:46:26.357126,VOYG,30m,2026-05-01 09:30:00-04:00,2026-07-26,10,3.5,0.8,2.0,0.7,13,0.5384615384615384,27.423253277057533,2.109481021312118
2026-07-26 12:46:26.357126,VOYG,30m,2026-05-01 09:30:00-04:00,2026-07-26,10,3.5,0.8,2.5,0.3,22,0.3181818181818182,-10.536822118630553,-0.4789464599377524
2026-07-26 12:46:26.357126,VOYG,30m,2026-05-01 09:30:00-04:00,2026-07-26,10,3.5,0.8,2.5,0.5,20,0.3,-11.320949005607908,-0.5660474502803954
2026-07-26 12:46:26.357126,VOYG,30m,2026-05-01 09:30:00-04:00,2026-07-26,10,3.5,0.8,2.5,0.7,13,0.46153846153846156,15.340473449620404,1.1800364192015695
2026-07-26 12:46:26.357126,VOYG,30m,2026-05-01 09:30:00-04:00,2026-07-26,10,3.5,0.8,3.0,0.3,22,0.3181818181818182,-26.632203927197473,-1.2105547239635215
2026-07-26 12:46:26.357126,VOYG,30m,2026-05-01 09:30:00-04:00,2026-07-26,10,3.5,0.8,3.0,0.5,20,0.3,-29.059365542425333,-1.4529682771212666
2026-07-26 12:46:26.357126,VOYG,30m,2026-05-01 09:30:00-04:00,2026-07-26,10,3.5,0.8,3.0,0.7,13,0.46153846153846156,5.544341403848492,0.42648780029603783
2026-07-26 12:46:26.357126,VOYG,30m,2026-05-01 09:30:00-04:00,2026-07-26,10,3.5,0.8,3.5,0.3,22,0.36363636363636365,-38.813024485611365,-1.7642283857096075
2026-07-26 12:46:26.357126,VOYG,30m,2026-05-01 09:30:00-04:00,2026-07-26,10,3.5,0.8,3.5,0.5,20,0.35,-39.828046370043886,-1.9914023185021943
2026-07-26 12:46:26.357126,VOYG,30m,2026-05-01 09:30:00-04:00,2026-07-26,10,3.5,0.8,3.5,0.7,13,0.5384615384615384,2.137220507721871,0.164401577517067
2026-07-26 12:46:26.357126,VOYG,30m,2026-05-01 09:30:00-04:00,2026-07-26,10,3.5,1.0,1.0,0.3,22,0.45454545454545453,13.57465378687106,0.6170297175850482
2026-07-26 12:46:26.357126,VOYG,30m,2026-05-01 09:30:00-04:00,2026-07-26,10,3.5,1.0,1.0,0.5,20,0.45,8.581003032080119,0.42905015160400595
2026-07-26 12:46:26.357126,VOYG,30m,2026-05-01 09:30:00-04:00,2026-07-26,10,3.5,1.0,1.0,0.7,13,0.6153846153846154,15.977856666143602,1.2290658973956616
2026-07-26 12:46:26.357126,VOYG,30m,2026-05-01 09:30:00-04:00,2026-07-26,10,3.5,1.0,1.5,0.3,22,0.36363636363636365,16.110022605519276,0.7322737547963307
2026-07-26 12:46:26.357126,VOYG,30m,2026-05-01 09:30:00-04:00,2026-07-26,10,3.5,1.0,1.5,0.5,20,0.35,12.519546473332923,0.6259773236666462
2026-07-26 12:46:26.357126,VOYG,30m,2026-05-01 09:30:00-04:00,2026-07-26,10,3.5,1.0,1.5,0.7,13,0.5384615384615384,27.740649066782552,2.1338960820601964
2026-07-26 12:46:26.357126,VOYG,30m,2026-05-01 09:30:00-04:00,2026-07-26,10,3.5,1.0,2.0,0.3,22,0.36363636363636365,10.891416822456925,0.4950644010207693
2026-07-26 12:46:26.357126,VOYG,30m,2026-05-01 09:30:00-04:00,2026-07-26,10,3.5,1.0,2.0,0.5,20,0.35,8.704115312875018,0.4352057656437509
2026-07-26 12:46:26.357126,VOYG,30m,2026-05-01 09:30:00-04:00,2026-07-26,10,3.5,1.0,2.0,0.7,13,0.5384615384615384,27.423253277057533,2.109481021312118
2026-07-26 12:46:26.357126,VOYG,30m,2026-05-01 09:30:00-04:00,2026-07-26,10,3.5,1.0,2.5,0.3,22,0.3181818181818182,-10.536822118630553,-0.4789464599377524
2026-07-26 12:46:26.357126,VOYG,30m,2026-05-01 09:30:00-04:00,2026-07-26,10,3.5,1.0,2.5,0.5,20,0.3,-11.320949005607908,-0.5660474502803954
2026-07-26 12:46:26.357126,VOYG,30m,2026-05-01 09:30:00-04:00,2026-07-26,10,3.5,1.0,2.5,0.7,13,0.46153846153846156,15.340473449620404,1.1800364192015695
2026-07-26 12:46:26.357126,VOYG,30m,2026-05-01 09:30:00-04:00,2026-07-26,10,3.5,1.0,3.0,0.3,22,0.3181818181818182,-26.632203927197473,-1.2105547239635215
2026-07-26 12:46:26.357126,VOYG,30m,2026-05-01 09:30:00-04:00,2026-07-26,10,3.5,1.0,3.0,0.5,20,0.3,-29.059365542425333,-1.4529682771212666
2026-07-26 12:46:26.357126,VOYG,30m,2026-05-01 09:30:00-04:00,2026-07-26,10,3.5,1.0,3.0,0.7,13,0.46153846153846156,5.544341403848492,0.42648780029603783
2026-07-26 12:46:26.357126,VOYG,30m,2026-05-01 09:30:00-04:00,2026-07-26,10,3.5,1.0,3.5,0.3,22,0.36363636363636365,-38.813024485611365,-1.7642283857096075
2026-07-26 12:46:26.357126,VOYG,30m,2026-05-01 09:30:00-04:00,2026-07-26,10,3.5,1.0,3.5,0.5,20,0.35,-39.828046370043886,-1.9914023185021943
2026-07-26 12:46:26.357126,VOYG,30m,2026-05-01 09:30:00-04:00,2026-07-26,10,3.5,1.0,3.5,0.7,13,0.5384615384615384,2.137220507721871,0.164401577517067
2026-07-26 12:46:26.357126,VOYG,30m,2026-05-01 09:30:00-04:00,2026-07-26,10,3.5,1.2,1.0,0.3,20,0.5,15.644484592927625,0.7822242296463813
2026-07-26 12:46:26.357126,VOYG,30m,2026-05-01 09:30:00-04:00,2026-07-26,10,3.5,1.2,1.0,0.5,19,0.47368421052631576,8.861860958509524,0.46641373465839603
2026-07-26 12:46:26.357126,VOYG,30m,2026-05-01 09:30:00-04:00,2026-07-26,10,3.5,1.2,1.0,0.7,13,0.6153846153846154,15.977856666143602,1.2290658973956616
2026-07-26 12:46:26.357126,VOYG,30m,2026-05-01 09:30:00-04:00,2026-07-26,10,3.5,1.2,1.5,0.3,20,0.4,20.53976881460411,1.0269884407302055
2026-07-26 12:46:26.357126,VOYG,30m,2026-05-01 09:30:00-04:00,2026-07-26,10,3.5,1.2,1.5,0.5,19,0.3684210526315789,14.265833362976963,0.7508333348935243
2026-07-26 12:46:26.357126,VOYG,30m,2026-05-01 09:30:00-04:00,2026-07-26,10,3.5,1.2,1.5,0.7,13,0.5384615384615384,27.740649066782552,2.1338960820601964
2026-07-26 12:46:26.357126,VOYG,30m,2026-05-01 09:30:00-04:00,2026-07-26,10,3.5,1.2,2.0,0.3,20,0.4,17.681078434569955,0.8840539217284977
2026-07-26 12:46:26.357126,VOYG,30m,2026-05-01 09:30:00-04:00,2026-07-26,10,3.5,1.2,2.0,0.5,19,0.3684210526315789,11.915831165733692,0.6271490087228259
2026-07-26 12:46:26.357126,VOYG,30m,2026-05-01 09:30:00-04:00,2026-07-26,10,3.5,1.2,2.0,0.7,13,0.5384615384615384,27.423253277057533,2.109481021312118
2026-07-26 12:46:26.357126,VOYG,30m,2026-05-01 09:30:00-04:00,2026-07-26,10,3.5,1.2,2.5,0.3,20,0.35,-1.3872451034891498,-0.06936225517445749
2026-07-26 12:46:26.357126,VOYG,30m,2026-05-01 09:30:00-04:00,2026-07-26,10,3.5,1.2,2.5,0.5,19,0.3157894736842105,-6.643804189534457,-0.34967390471233983
2026-07-26 12:46:26.357126,VOYG,30m,2026-05-01 09:30:00-04:00,2026-07-26,10,3.5,1.2,2.5,0.7,13,0.46153846153846156,15.340473449620404,1.1800364192015695
2026-07-26 12:46:26.357126,VOYG,30m,2026-05-01 09:30:00-04:00,2026-07-26,10,3.5,1.2,3.0,0.3,20,0.35,-18.168920859882896,-0.9084460429941448
2026-07-26 12:46:26.357126,VOYG,30m,2026-05-01 09:30:00-04:00,2026-07-26,10,3.5,1.2,3.0,0.5,19,0.3157894736842105,-22.916791763137248,-1.2061469349019605
2026-07-26 12:46:26.357126,VOYG,30m,2026-05-01 09:30:00-04:00,2026-07-26,10,3.5,1.2,3.0,0.7,13,0.46153846153846156,5.544341403848492,0.42648780029603783
2026-07-26 12:46:26.357126,VOYG,30m,2026-05-01 09:30:00-04:00,2026-07-26,10,3.5,1.2,3.5,0.3,20,0.4,-28.4243636495804,-1.42121818247902
2026-07-26 12:46:26.357126,VOYG,30m,2026-05-01 09:30:00-04:00,2026-07-26,10,3.5,1.2,3.5,0.5,19,0.3684210526315789,-32.6635463700438,-1.7191340194759892
2026-07-26 12:46:26.357126,VOYG,30m,2026-05-01 09:30:00-04:00,2026-07-26,10,3.5,1.2,3.5,0.7,13,0.5384615384615384,2.137220507721871,0.164401577517067
2026-07-26 12:46:26.357126,VOYG,30m,2026-05-01 09:30:00-04:00,2026-07-26,10,3.5,1.5,1.0,0.3,18,0.4444444444444444,8.243770205938787,0.457987233663266
2026-07-26 12:46:26.357126,VOYG,30m,2026-05-01 09:30:00-04:00,2026-07-26,10,3.5,1.5,1.0,0.5,18,0.4444444444444444,8.243770205938787,0.457987233663266
2026-07-26 12:46:26.357126,VOYG,30m,2026-05-01 09:30:00-04:00,2026-07-26,10,3.5,1.5,1.0,0.7,13,0.6153846153846154,15.977856666143602,1.2290658973956616
2026-07-26 12:46:26.357126,VOYG,30m,2026-05-01 09:30:00-04:00,2026-07-26,10,3.5,1.5,1.5,0.3,18,0.3888888888888889,14.588697234120858,0.810483179673381
2026-07-26 12:46:26.357126,VOYG,30m,2026-05-01 09:30:00-04:00,2026-07-26,10,3.5,1.5,1.5,0.5,18,0.3888888888888889,14.588697234120858,0.810483179673381
2026-07-26 12:46:26.357126,VOYG,30m,2026-05-01 09:30:00-04:00,2026-07-26,10,3.5,1.5,1.5,0.7,13,0.5384615384615384,27.740649066782552,2.1338960820601964
2026-07-26 12:46:26.357126,VOYG,30m,2026-05-01 09:30:00-04:00,2026-07-26,10,3.5,1.5,2.0,0.3,18,0.3888888888888889,13.179649660592219,0.7322027589217899
2026-07-26 12:46:26.357126,VOYG,30m,2026-05-01 09:30:00-04:00,2026-07-26,10,3.5,1.5,2.0,0.5,18,0.3888888888888889,13.179649660592219,0.7322027589217899
2026-07-26 12:46:26.357126,VOYG,30m,2026-05-01 09:30:00-04:00,2026-07-26,10,3.5,1.5,2.0,0.7,13,0.5384615384615384,27.423253277057533,2.109481021312118
2026-07-26 12:46:26.357126,VOYG,30m,2026-05-01 09:30:00-04:00,2026-07-26,10,3.5,1.5,2.5,0.3,18,0.3333333333333333,-4.439031070961299,-0.24661283727562772
2026-07-26 12:46:26.357126,VOYG,30m,2026-05-01 09:30:00-04:00,2026-07-26,10,3.5,1.5,2.5,0.5,18,0.3333333333333333,-4.439031070961299,-0.24661283727562772
2026-07-26 12:46:26.357126,VOYG,30m,2026-05-01 09:30:00-04:00,2026-07-26,10,3.5,1.5,2.5,0.7,13,0.46153846153846156,15.340473449620404,1.1800364192015695
2026-07-26 12:46:26.357126,VOYG,30m,2026-05-01 09:30:00-04:00,2026-07-26,10,3.5,1.5,3.0,0.3,18,0.3333333333333333,-19.771064020849458,-1.0983924456027476
2026-07-26 12:46:26.357126,VOYG,30m,2026-05-01 09:30:00-04:00,2026-07-26,10,3.5,1.5,3.0,0.5,18,0.3333333333333333,-19.771064020849458,-1.0983924456027476
2026-07-26 12:46:26.357126,VOYG,30m,2026-05-01 09:30:00-04:00,2026-07-26,10,3.5,1.5,3.0,0.7,13,0.46153846153846156,5.544341403848492,0.42648780029603783
2026-07-26 12:46:26.357126,VOYG,30m,2026-05-01 09:30:00-04:00,2026-07-26,10,3.5,1.5,3.5,0.3,18,0.3888888888888889,-28.576864004041376,-1.5876035557800765
2026-07-26 12:46:26.357126,VOYG,30m,2026-05-01 09:30:00-04:00,2026-07-26,10,3.5,1.5,3.5,0.5,18,0.3888888888888889,-28.576864004041376,-1.5876035557800765
2026-07-26 12:46:26.357126,VOYG,30m,2026-05-01 09:30:00-04:00,2026-07-26,10,3.5,1.5,3.5,0.7,13,0.5384615384615384,2.137220507721871,0.164401577517067
2026-07-26 12:46:26.357126,VOYG,30m,2026-05-01 09:30:00-04:00,2026-07-26,10,3.5,1.8,1.0,0.3,15,0.4,-0.7639596781626778,-0.05093064521084519
2026-07-26 12:46:26.357126,VOYG,30m,2026-05-01 09:30:00-04:00,2026-07-26,10,3.5,1.8,1.0,0.5,15,0.4,-0.7639596781626778,-0.05093064521084519
2026-07-26 12:46:26.357126,VOYG,30m,2026-05-01 09:30:00-04:00,2026-07-26,10,3.5,1.8,1.0,0.7,11,0.5454545454545454,5.120196370734291,0.46547239733948104
2026-07-26 12:46:26.357126,VOYG,30m,2026-05-01 09:30:00-04:00,2026-07-26,10,3.5,1.8,1.5,0.3,15,0.3333333333333333,-15.011085527912869,-1.0007390351941912
2026-07-26 12:46:26.357126,VOYG,30m,2026-05-01 09:30:00-04:00,2026-07-26,10,3.5,1.8,1.5,0.5,15,0.3333333333333333,-15.011085527912869,-1.0007390351941912
2026-07-26 12:46:26.357126,VOYG,30m,2026-05-01 09:30:00-04:00,2026-07-26,10,3.5,1.8,1.5,0.7,11,0.45454545454545453,-4.634029312212959,-0.42127539201935993
2026-07-26 12:46:26.357126,VOYG,30m,2026-05-01 09:30:00-04:00,2026-07-26,10,3.5,1.8,2.0,0.3,15,0.3333333333333333,-15.77049068262383,-1.0513660455082554
2026-07-26 12:46:26.357126,VOYG,30m,2026-05-01 09:30:00-04:00,2026-07-26,10,3.5,1.8,2.0,0.5,15,0.3333333333333333,-15.77049068262383,-1.0513660455082554
2026-07-26 12:46:26.357126,VOYG,30m,2026-05-01 09:30:00-04:00,2026-07-26,10,3.5,1.8,2.0,0.7,11,0.45454545454545453,-5.226747888774241,-0.4751588989794765
2026-07-26 12:46:26.357126,VOYG,30m,2026-05-01 09:30:00-04:00,2026-07-26,10,3.5,1.8,2.5,0.3,15,0.26666666666666666,-31.49543013776931,-2.099695342517954
2026-07-26 12:46:26.357126,VOYG,30m,2026-05-01 09:30:00-04:00,2026-07-26,10,3.5,1.8,2.5,0.5,15,0.26666666666666666,-31.49543013776931,-2.099695342517954
2026-07-26 12:46:26.357126,VOYG,30m,2026-05-01 09:30:00-04:00,2026-07-26,10,3.5,1.8,2.5,0.7,11,0.36363636363636365,-16.34075164545731,-1.4855228768597555
2026-07-26 12:46:26.357126,VOYG,30m,2026-05-01 09:30:00-04:00,2026-07-26,10,3.5,1.8,3.0,0.3,15,0.26666666666666666,-43.89874290101911,-2.9265828600679407
2026-07-26 12:46:26.357126,VOYG,30m,2026-05-01 09:30:00-04:00,2026-07-26,10,3.5,1.8,3.0,0.5,15,0.26666666666666666,-43.89874290101911,-2.9265828600679407
2026-07-26 12:46:26.357126,VOYG,30m,2026-05-01 09:30:00-04:00,2026-07-26,10,3.5,1.8,3.0,0.7,11,0.36363636363636365,-24.13312871024477,-2.1939207918404335
2026-07-26 12:46:26.357126,VOYG,30m,2026-05-01 09:30:00-04:00,2026-07-26,10,3.5,1.8,3.5,0.3,15,0.3333333333333333,-49.77582269757267,-3.3183881798381782
2026-07-26 12:46:26.357126,VOYG,30m,2026-05-01 09:30:00-04:00,2026-07-26,10,3.5,1.8,3.5,0.5,15,0.3333333333333333,-49.77582269757267,-3.3183881798381782
2026-07-26 12:46:26.357126,VOYG,30m,2026-05-01 09:30:00-04:00,2026-07-26,10,3.5,1.8,3.5,0.7,11,0.45454545454545453,-25.536494625386972,-2.3214995113988155
2026-07-26 12:46:26.357126,VOYG,30m,2026-05-01 09:30:00-04:00,2026-07-26,10,3.5,2.0,1.0,0.3,15,0.4,-0.7639596781626778,-0.05093064521084519
2026-07-26 12:46:26.357126,VOYG,30m,2026-05-01 09:30:00-04:00,2026-07-26,10,3.5,2.0,1.0,0.5,15,0.4,-0.7639596781626778,-0.05093064521084519
2026-07-26 12:46:26.357126,VOYG,30m,2026-05-01 09:30:00-04:00,2026-07-26,10,3.5,2.0,1.0,0.7,11,0.5454545454545454,5.120196370734291,0.46547239733948104
2026-07-26 12:46:26.357126,VOYG,30m,2026-05-01 09:30:00-04:00,2026-07-26,10,3.5,2.0,1.5,0.3,15,0.3333333333333333,-15.011085527912869,-1.0007390351941912
2026-07-26 12:46:26.357126,VOYG,30m,2026-05-01 09:30:00-04:00,2026-07-26,10,3.5,2.0,1.5,0.5,15,0.3333333333333333,-15.011085527912869,-1.0007390351941912
2026-07-26 12:46:26.357126,VOYG,30m,2026-05-01 09:30:00-04:00,2026-07-26,10,3.5,2.0,1.5,0.7,11,0.45454545454545453,-4.634029312212959,-0.42127539201935993
2026-07-26 12:46:26.357126,VOYG,30m,2026-05-01 09:30:00-04:00,2026-07-26,10,3.5,2.0,2.0,0.3,15,0.3333333333333333,-15.77049068262383,-1.0513660455082554
2026-07-26 12:46:26.357126,VOYG,30m,2026-05-01 09:30:00-04:00,2026-07-26,10,3.5,2.0,2.0,0.5,15,0.3333333333333333,-15.77049068262383,-1.0513660455082554
2026-07-26 12:46:26.357126,VOYG,30m,2026-05-01 09:30:00-04:00,2026-07-26,10,3.5,2.0,2.0,0.7,11,0.45454545454545453,-5.226747888774241,-0.4751588989794765
2026-07-26 12:46:26.357126,VOYG,30m,2026-05-01 09:30:00-04:00,2026-07-26,10,3.5,2.0,2.5,0.3,15,0.26666666666666666,-31.49543013776931,-2.099695342517954
2026-07-26 12:46:26.357126,VOYG,30m,2026-05-01 09:30:00-04:00,2026-07-26,10,3.5,2.0,2.5,0.5,15,0.26666666666666666,-31.49543013776931,-2.099695342517954
2026-07-26 12:46:26.357126,VOYG,30m,2026-05-01 09:30:00-04:00,2026-07-26,10,3.5,2.0,2.5,0.7,11,0.36363636363636365,-16.34075164545731,-1.4855228768597555
2026-07-26 12:46:26.357126,VOYG,30m,2026-05-01 09:30:00-04:00,2026-07-26,10,3.5,2.0,3.0,0.3,15,0.26666666666666666,-43.89874290101911,-2.9265828600679407
2026-07-26 12:46:26.357126,VOYG,30m,2026-05-01 09:30:00-04:00,2026-07-26,10,3.5,2.0,3.0,0.5,15,0.26666666666666666,-43.89874290101911,-2.9265828600679407
2026-07-26 12:46:26.357126,VOYG,30m,2026-05-01 09:30:00-04:00,2026-07-26,10,3.5,2.0,3.0,0.7,11,0.36363636363636365,-24.13312871024477,-2.1939207918404335
2026-07-26 12:46:26.357126,VOYG,30m,2026-05-01 09:30:00-04:00,2026-07-26,10,3.5,2.0,3.5,0.3,15,0.3333333333333333,-49.77582269757267,-3.3183881798381782
2026-07-26 12:46:26.357126,VOYG,30m,2026-05-01 09:30:00-04:00,2026-07-26,10,3.5,2.0,3.5,0.5,15,0.3333333333333333,-49.77582269757267,-3.3183881798381782
2026-07-26 12:46:26.357126,VOYG,30m,2026-05-01 09:30:00-04:00,2026-07-26,10,3.5,2.0,3.5,0.7,11,0.45454545454545453,-25.536494625386972,-2.3214995113988155
2026-07-26 12:46:26.357126,VOYG,30m,2026-05-01 09:30:00-04:00,2026-07-26,10,3.5,2.5,1.0,0.3,9,0.3333333333333333,-4.399007805449173,-0.48877864504990814
2026-07-26 12:46:26.357126,VOYG,30m,2026-05-01 09:30:00-04:00,2026-07-26,10,3.5,2.5,1.0,0.5,9,0.3333333333333333,-4.399007805449173,-0.48877864504990814
2026-07-26 12:46:26.357126,VOYG,30m,2026-05-01 09:30:00-04:00,2026-07-26,10,3.5,2.5,1.0,0.7,6,0.5,-1.4292597262365092,-0.23820995437275153
2026-07-26 12:46:26.357126,VOYG,30m,2026-05-01 09:30:00-04:00,2026-07-26,10,3.5,2.5,1.5,0.3,9,0.2222222222222222,-11.563657718842464,-1.2848508576491626
2026-07-26 12:46:26.357126,VOYG,30m,2026-05-01 09:30:00-04:00,2026-07-26,10,3.5,2.5,1.5,0.5,9,0.2222222222222222,-11.563657718842464,-1.2848508576491626
2026-07-26 12:46:26.357126,VOYG,30m,2026-05-01 09:30:00-04:00,2026-07-26,10,3.5,2.5,1.5,0.7,6,0.3333333333333333,-5.558213457669154,-0.9263689096115257
2026-07-26 12:46:26.357126,VOYG,30m,2026-05-01 09:30:00-04:00,2026-07-26,10,3.5,2.5,2.0,0.3,9,0.3333333333333333,-9.845970527218206,-1.0939967252464673
2026-07-26 12:46:26.357126,VOYG,30m,2026-05-01 09:30:00-04:00,2026-07-26,10,3.5,2.5,2.0,0.5,9,0.3333333333333333,-9.845970527218206,-1.0939967252464673
2026-07-26 12:46:26.357126,VOYG,30m,2026-05-01 09:30:00-04:00,2026-07-26,10,3.5,2.5,2.0,0.7,6,0.5,-0.6720448456538364,-0.1120074742756394
2026-07-26 12:46:26.357126,VOYG,30m,2026-05-01 09:30:00-04:00,2026-07-26,10,3.5,2.5,2.5,0.3,9,0.2222222222222222,-18.944963159022876,-2.104995906558097
2026-07-26 12:46:26.357126,VOYG,30m,2026-05-01 09:30:00-04:00,2026-07-26,10,3.5,2.5,2.5,0.5,9,0.2222222222222222,-18.944963159022876,-2.104995906558097
2026-07-26 12:46:26.357126,VOYG,30m,2026-05-01 09:30:00-04:00,2026-07-26,10,3.5,2.5,2.5,0.7,6,0.3333333333333333,-6.602556057067375,-1.100426009511229
2026-07-26 12:46:26.357126,VOYG,30m,2026-05-01 09:30:00-04:00,2026-07-26,10,3.5,2.5,3.0,0.3,9,0.2222222222222222,-27.080622780540295,-3.0089580867266994
2026-07-26 12:46:26.357126,VOYG,30m,2026-05-01 09:30:00-04:00,2026-07-26,10,3.5,2.5,3.0,0.5,9,0.2222222222222222,-27.080622780540295,-3.0089580867266994
2026-07-26 12:46:26.357126,VOYG,30m,2026-05-01 09:30:00-04:00,2026-07-26,10,3.5,2.5,3.0,0.7,6,0.3333333333333333,-11.569734258193733,-1.928289043032289
2026-07-26 12:46:26.357126,VOYG,30m,2026-05-01 09:30:00-04:00,2026-07-26,10,3.5,2.5,3.5,0.3,9,0.3333333333333333,-28.146849223680732,-3.127427691520081
2026-07-26 12:46:26.357126,VOYG,30m,2026-05-01 09:30:00-04:00,2026-07-26,10,3.5,2.5,3.5,0.5,9,0.3333333333333333,-28.146849223680732,-3.127427691520081
2026-07-26 12:46:26.357126,VOYG,30m,2026-05-01 09:30:00-04:00,2026-07-26,10,3.5,2.5,3.5,0.7,6,0.5,-9.604701097994166,-1.600783516332361
2026-07-26 12:46:26.357126,VOYG,30m,2026-05-01 09:30:00-04:00,2026-07-26,10,3.5,3.0,1.0,0.3,4,0.25,-2.412998768978021,-0.6032496922445052
2026-07-26 12:46:26.357126,VOYG,30m,2026-05-01 09:30:00-04:00,2026-07-26,10,3.5,3.0,1.0,0.5,4,0.25,-2.412998768978021,-0.6032496922445052
2026-07-26 12:46:26.357126,VOYG,30m,2026-05-01 09:30:00-04:00,2026-07-26,10,3.5,3.0,1.0,0.7,3,0.3333333333333333,-1.192649678392037,-0.3975498927973457
2026-07-26 12:46:26.357126,VOYG,30m,2026-05-01 09:30:00-04:00,2026-07-26,10,3.5,3.0,1.5,0.3,4,0.25,-6.869498153467042,-1.7173745383667605
2026-07-26 12:46:26.357126,VOYG,30m,2026-05-01 09:30:00-04:00,2026-07-26,10,3.5,3.0,1.5,0.5,4,0.25,-6.869498153467042,-1.7173745383667605
2026-07-26 12:46:26.357126,VOYG,30m,2026-05-01 09:30:00-04:00,2026-07-26,10,3.5,3.0,1.5,0.7,3,0.3333333333333333,-4.063974517588029,-1.3546581725293432
2026-07-26 12:46:26.357126,VOYG,30m,2026-05-01 09:30:00-04:00,2026-07-26,10,3.5,3.0,2.0,0.3,4,0.25,-11.325997537956134,-2.8314993844890335
2026-07-26 12:46:26.357126,VOYG,30m,2026-05-01 09:30:00-04:00,2026-07-26,10,3.5,3.0,2.0,0.5,4,0.25,-11.325997537956134,-2.8314993844890335
2026-07-26 12:46:26.357126,VOYG,30m,2026-05-01 09:30:00-04:00,2026-07-26,10,3.5,3.0,2.0,0.7,3,0.3333333333333333,-6.935299356784093,-2.3117664522613643
2026-07-26 12:46:26.357126,VOYG,30m,2026-05-01 09:30:00-04:00,2026-07-26,10,3.5,3.0,2.5,0.3,4,0.0,-15.782496922445262,-3.9456242306113154
2026-07-26 12:46:26.357126,VOYG,30m,2026-05-01 09:30:00-04:00,2026-07-26,10,3.5,3.0,2.5,0.5,4,0.0,-15.782496922445262,-3.9456242306113154
2026-07-26 12:46:26.357126,VOYG,30m,2026-05-01 09:30:00-04:00,2026-07-26,10,3.5,3.0,2.5,0.7,3,0.0,-9.806624195980191,-3.2688747319933973
2026-07-26 12:46:26.357126,VOYG,30m,2026-05-01 09:30:00-04:00,2026-07-26,10,3.5,3.0,3.0,0.3,4,0.0,-19.275663296647068,-4.818915824161767
2026-07-26 12:46:26.357126,VOYG,30m,2026-05-01 09:30:00-04:00,2026-07-26,10,3.5,3.0,3.0,0.5,4,0.0,-19.275663296647068,-4.818915824161767
2026-07-26 12:46:26.357126,VOYG,30m,2026-05-01 09:30:00-04:00,2026-07-26,10,3.5,3.0,3.0,0.7,3,0.0,-11.71461602488904,-3.9048720082963464
2026-07-26 12:46:26.357126,VOYG,30m,2026-05-01 09:30:00-04:00,2026-07-26,10,3.5,3.0,3.5,0.3,4,0.25,-16.50789662052233,-4.126974155130583
2026-07-26 12:46:26.357126,VOYG,30m,2026-05-01 09:30:00-04:00,2026-07-26,10,3.5,3.0,3.5,0.5,4,0.25,-16.50789662052233,-4.126974155130583
2026-07-26 12:46:26.357126,VOYG,30m,2026-05-01 09:30:00-04:00,2026-07-26,10,3.5,3.0,3.5,0.7,3,0.3333333333333333,-7.498896620522331,-2.499632206840777
2026-07-26 12:46:26.357126,VOYG,30m,2026-05-01 09:30:00-04:00,2026-07-26,10,3.5,3.5,1.0,0.3,3,0.0,-4.518910125051612,-1.506303375017204
2026-07-26 12:46:26.357126,VOYG,30m,2026-05-01 09:30:00-04:00,2026-07-26,10,3.5,3.5,1.0,0.5,3,0.0,-4.518910125051612,-1.506303375017204
2026-07-26 12:46:26.357126,VOYG,30m,2026-05-01 09:30:00-04:00,2026-07-26,10,3.5,3.5,1.0,0.7,2,0.0,-3.298561034465628,-1.649280517232814
2026-07-26 12:46:26.357126,VOYG,30m,2026-05-01 09:30:00-04:00,2026-07-26,10,3.5,3.5,1.5,0.3,3,0.0,-8.078365187577425,-2.6927883958591416
2026-07-26 12:46:26.357126,VOYG,30m,2026-05-01 09:30:00-04:00,2026-07-26,10,3.5,3.5,1.5,0.5,3,0.0,-8.078365187577425,-2.6927883958591416
2026-07-26 12:46:26.357126,VOYG,30m,2026-05-01 09:30:00-04:00,2026-07-26,10,3.5,3.5,1.5,0.7,2,0.0,-5.272841551698413,-2.6364207758492064
2026-07-26 12:46:26.357126,VOYG,30m,2026-05-01 09:30:00-04:00,2026-07-26,10,3.5,3.5,2.0,0.3,3,0.0,-11.63782025010331,-3.8792734167011034
2026-07-26 12:46:26.357126,VOYG,30m,2026-05-01 09:30:00-04:00,2026-07-26,10,3.5,3.5,2.0,0.5,3,0.0,-11.63782025010331,-3.8792734167011034
2026-07-26 12:46:26.357126,VOYG,30m,2026-05-01 09:30:00-04:00,2026-07-26,10,3.5,3.5,2.0,0.7,2,0.0,-7.247122068931269,-3.6235610344656344
2026-07-26 12:46:26.357126,VOYG,30m,2026-05-01 09:30:00-04:00,2026-07-26,10,3.5,3.5,2.5,0.3,3,0.0,-15.19727531262923,-5.065758437543077
2026-07-26 12:46:26.357126,VOYG,30m,2026-05-01 09:30:00-04:00,2026-07-26,10,3.5,3.5,2.5,0.5,3,0.0,-15.19727531262923,-5.065758437543077
2026-07-26 12:46:26.357126,VOYG,30m,2026-05-01 09:30:00-04:00,2026-07-26,10,3.5,3.5,2.5,0.7,2,0.0,-9.22140258616416,-4.61070129308208
2026-07-26 12:46:26.357126,VOYG,30m,2026-05-01 09:30:00-04:00,2026-07-26,10,3.5,3.5,3.0,0.3,3,0.0,-17.79339736486783,-5.931132454955943
2026-07-26 12:46:26.357126,VOYG,30m,2026-05-01 09:30:00-04:00,2026-07-26,10,3.5,3.5,3.0,0.5,3,0.0,-17.79339736486783,-5.931132454955943
2026-07-26 12:46:26.357126,VOYG,30m,2026-05-01 09:30:00-04:00,2026-07-26,10,3.5,3.5,3.0,0.7,2,0.0,-10.232350093109801,-5.1161750465549005
2026-07-26 12:46:26.357126,VOYG,30m,2026-05-01 09:30:00-04:00,2026-07-26,10,3.5,3.5,3.5,0.3,3,0.0,-18.44815269831848,-6.149384232772827
2026-07-26 12:46:26.357126,VOYG,30m,2026-05-01 09:30:00-04:00,2026-07-26,10,3.5,3.5,3.5,0.5,3,0.0,-18.44815269831848,-6.149384232772827
2026-07-26 12:46:26.357126,VOYG,30m,2026-05-01 09:30:00-04:00,2026-07-26,10,3.5,3.5,3.5,0.7,2,0.0,-9.43915269831848,-4.71957634915924
