timestamp,symbol,signal,volume,mean_volume,current_pct,price_threshold,trail_stop_pct,body_ratio,green_volume,green_price,red_price,green_body
2026-07-24 00:57:17.521390,AMAT,none,269773.0,250824.0,0.6010046645138183,0.17879958425900563,1.0727975055540337,0.52507836990596,False,True,False,True
2026-07-24 00:57:17.709104,LITE,none,221849.0,160312.6,-0.11256136989582739,0.2091691840876375,1.2550151045258249,0.09306930693069826,False,False,False,False
2026-07-24 00:57:17.904080,ALAB,none,107555.0,115084.0,0.9462740459441015,0.37957817714075076,2.2774690628445047,0.49190938511327137,False,True,False,True
2026-07-24 00:57:18.085539,STX,none,352180.0,274196.2,-0.31932572309898605,0.12359514628415856,0.7415708777049513,0.2905138339921001,False,False,True,False
2026-07-24 00:57:18.364941,CIEN,none,44889.0,79761.8,-0.019707831399498457,0.17377809618597126,1.0426685771158275,0.02597402597402094,False,False,False,False
2026-07-24 00:57:18.555438,AMD,none,813336.0,885104.8,1.0812324929971922,0.10524397967980137,0.6314638780788082,0.7480620155038704,False,True,False,True
2026-07-24 00:57:18.756848,MPWR,none,23803.0,29890.4,0.5590759314914746,0.32441270848039555,1.9464762508823732,0.5062295081967231,False,True,False,True
2026-07-24 00:57:18.949430,SIMO,none,55896.0,56092.2,0.7987828071510088,0.1644137352414757,0.9864824114488542,0.5984455958549207,False,True,False,True
2026-07-24 00:57:19.138501,BE,none,260582.0,319922.8,0.5054184500500798,0.3043056638992235,1.825833983395341,0.3936170212765875,False,True,False,True
2026-07-24 00:57:19.330421,ISRG,none,172778.0,232092.4,0.06636300564086371,0.09317312910758006,0.5590387746454804,0.33333333333336207,False,False,False,True
2026-07-24 00:57:19.522029,CRDO,none,120940.0,158402.8,0.08541898009738493,0.2747412443490297,1.6484474660941781,0.07751937984496833,False,False,False,False
2026-07-24 00:57:19.721680,ENTG,none,122656.0,117116.0,0.37839442053716493,0.15964229025990703,0.9578537415594421,0.3617021276595616,False,True,False,True
2026-07-24 00:57:19.913431,MXL,none,240822.0,310811.0,0.8396862225168389,0.5353928636318541,3.0,0.3838383838383785,False,True,False,True
2026-07-24 00:57:20.107457,NBIS,none,454547.0,397962.2,0.10911570811548493,0.23575660917418295,1.4145396550450977,0.06060606060606278,False,False,False,False
2026-07-24 00:57:20.296304,KLAC,none,455695.0,464971.4,0.9673068874110647,0.21732401029666285,1.3039440617799771,0.7222222222222205,False,True,False,True
2026-07-24 00:57:20.496319,AMKR,none,82180.0,119562.6,0.38467456531774125,0.2337630256423746,1.4025781538542477,0.3787878787878807,False,True,False,True
2026-07-24 00:57:20.692411,DELL,none,165971.0,174075.6,0.1304706097784273,0.2359144262289965,1.415486557373979,0.1610169491525421,False,False,False,False
2026-07-24 00:57:20.897448,AEHR,none,74814.0,69270.2,0.1576221571718088,0.37062706602458234,2.223762396147494,0.09032258064516183,False,False,False,False
2026-07-24 00:57:21.088943,MRVL,none,473596.0,553202.0,0.7021791767554424,0.15481347153691633,0.928880829221498,0.5390334572490668,False,True,False,True
2026-07-24 00:57:21.273170,HOOD,none,596242.0,634163.4,-0.0977517106549309,0.10707634548011664,0.6424580728806999,0.12820512820512073,False,False,False,False
2026-07-24 00:57:21.563629,RCL,none,122494.0,341753.8,-0.3929899097185391,0.16882876629011379,1.0129725977406827,0.7254901960784532,False,False,True,True
2026-07-24 00:57:21.757513,ARM,none,176206.0,179196.0,0.8446973764272213,0.1622672007836151,0.9736032047016905,0.5756097560975612,False,True,False,True
2026-07-24 00:57:21.945422,NXT,none,25643.0,135287.8,-0.18202720827744562,0.1771647055669846,1.0629882334019076,0.32758620689654877,False,False,True,True
2026-07-24 00:57:22.126467,INTC,none,4651022.0,5275484.6,0.8215609658350798,0.27365079143438015,1.6419047486062808,0.5815602836879399,False,True,False,True
2026-07-24 00:57:22.322927,APTV,none,169354.0,260863.6,-0.017882689556518446,0.22122370466008578,1.3273422279605147,0.03030303030304596,False,False,False,False
2026-07-24 00:57:22.512716,APO,none,47317.0,113792.6,0.10089120564991134,0.12010236813173299,0.720614208790398,0.22641509433963072,False,False,False,False
2026-07-24 00:57:22.700219,UAL,none,378445.0,367295.8,-0.27918338858838543,0.1390583505932931,0.8343501035597587,0.4102564102564191,False,False,True,True
2026-07-24 00:57:22.889936,ASTS,none,298751.0,377181.2,0.16897600540723456,0.17255604997765808,1.0353362998659486,0.1459854014598571,False,False,False,False
2026-07-24 00:57:23.087376,ARWR,none,49881.0,115692.4,-0.8356227106227152,0.21711436415005433,1.302686184900326,0.9068322981366432,False,False,True,True
2026-07-24 00:57:23.282911,GTLB,none,103779.0,147707.2,0.16644474034620743,0.07750472440784381,0.46502834644706287,0.21739130434782877,False,True,False,False
2026-07-24 00:57:23.481430,VSAT,none,28922.0,60013.4,-0.13435442697838038,0.20854684073136218,1.251281044388173,0.20408163265308077,False,False,False,False
2026-07-24 00:57:23.680917,QNT,none,37963.0,60109.8,0.986016493366793,0.4064216834913719,2.4385301009482316,0.5499999999999972,False,True,False,True
2026-07-24 00:57:23.878221,VSH,none,136561.0,208653.6,0.3232222774739,0.09507410001167316,0.5704446000700389,0.28888888888889275,False,True,False,False
2026-07-24 00:57:24.067367,TEAM,none,110590.0,204565.6,-0.4538763493621079,0.02858201923193196,0.4,0.9024390243902278,False,False,True,True
2026-07-24 00:57:24.268174,REZI,none,31535.0,91923.8,0.0,0.08290033026562034,0.49740198159372206,0.0,False,False,False,False
2026-07-24 00:57:24.469726,LEN,none,104037.0,159815.4,0.7737656595431042,0.12970502592775515,0.778230155566531,0.863013698630126,False,True,False,True
2026-07-24 00:57:24.671867,BROS,none,51561.0,95672.6,0.252246571023181,0.17477430932572446,1.0486458559543468,0.3478260869565291,False,True,False,True
2026-07-24 00:57:24.865315,ALK,none,324241.0,332184.6,-0.04532064355314554,0.3852255272407798,2.3113531634446787,0.05405405405406184,False,False,False,False
2026-07-24 00:57:25.064759,AOSL,none,7371.0,13009.2,0.7756563245823329,0.09932028176509973,0.5959216905905984,0.6190476190476119,False,True,False,True
2026-07-24 00:57:25.252164,CSCO,none,369190.0,465709.6,-0.16867897727272527,0.06488695837948642,0.4,0.5428571428571232,False,False,True,True
2026-07-24 00:57:25.453441,DHI,none,173511.0,210014.2,0.5432063469373104,0.16477301515348183,0.9886380909208909,0.644067796610158,False,True,False,True
2026-07-24 00:57:25.652188,A,none,103892.0,144876.4,0.13713460844460318,0.08068486152099852,0.4841091691259911,0.23170731707316988,False,True,False,False
2026-07-24 00:57:25.845095,MRNA,none,129863.0,229921.8,0.1406222534716089,0.16893472608287405,1.0136083564972442,0.24999999999999445,False,False,False,False
2026-07-24 00:57:26.050210,AFRM,none,243973.0,245455.2,-0.3651172588119519,0.16502776914684877,0.9901666148810926,0.49056603773583085,False,False,True,True
2026-07-24 00:57:26.246742,MWH,none,62117.0,116897.4,-0.269905533063434,0.22823934012102162,1.3694360407261297,0.4705882352941238,False,False,True,True
2026-07-24 00:57:26.446914,CEVA,none,13596.0,17991.6,0.41612483745122647,0.12895134084268614,0.7737080450561169,0.4999999999999889,False,True,False,True
2026-07-24 00:57:26.638366,RIOT,none,623586.0,854806.6,-0.6242197253433297,0.23028466007932727,1.3817079604759637,0.41666666666667324,False,False,True,True
2026-07-24 00:57:26.834157,CVNA,none,711093.0,686203.6,0.41785057663379577,0.179554392361327,1.077326354167962,0.6410256410256401,False,True,False,True
2026-07-24 00:57:27.015795,IREN,none,1907463.0,1724519.4,1.1579206701157891,0.237800583884645,1.42680350330787,0.622516556291393,False,True,False,True
2026-07-24 00:57:27.214404,HPE,none,454328.0,588244.0,-0.16771488469602808,0.2801418430415308,1.6808510582491847,0.2580645161290478,False,False,False,False
2026-07-24 00:57:27.404637,DAL,none,228104.0,411410.2,0.04898958971217641,0.1820120435369302,1.0920722612215812,0.17391304347822326,False,False,False,False
2026-07-24 00:57:27.590503,RBLX,none,210661.0,327565.0,0.3990758244066325,0.10155711531583289,0.6093426918949973,0.5135135135135109,False,True,False,True
2026-07-24 00:57:27.783425,IVZ,none,97060.0,191612.4,0.0,0.1444655190139665,0.866793114083799,0.0,False,False,False,False
2026-07-24 00:57:27.979249,JOBY,none,2861658.0,2662072.2,0.3984063745019835,0.17715951946337938,1.0629571167802763,0.2727272727272683,False,True,False,False
2026-07-24 10:00:32.487842,AMAT,none,563883.0,313246.8,0.32619739398585423,0.14375672750911778,0.8625403650547067,0.2932692307692369,False,True,False,False
2026-07-24 10:00:32.673297,LITE,none,268916.0,176587.2,-0.08991080847798984,0.02255219175010451,0.4,0.10245901639344351,False,False,True,False
2026-07-24 10:00:32.852205,ALAB,BUY,325386.0,155550.0,0.7667436489607419,0.38038356547772495,2.2823013928663496,0.3051470588235296,True,True,False,True
2026-07-24 10:00:36.566275,STX,none,360652.0,274335.2,-0.4423718102377417,0.09533717673496996,0.5720230604098198,0.4068136272545074,False,False,True,True
2026-07-24 10:00:36.755913,CIEN,none,183077.0,80518.4,0.3028885222487671,0.1078659064095339,0.6471954384572034,0.2200357781753173,True,True,False,False
2026-07-24 10:00:36.942784,AMD,none,1528596.0,1051492.4,-0.25683665927570215,0.2484261856715226,1.4905571140291356,0.23760683760685378,False,False,True,False
2026-07-24 10:00:37.129445,MPWR,BUY,87568.0,31588.2,0.6207199487293885,0.21793056088722573,1.3075833653233544,0.4382308083375627,True,True,False,True
2026-07-24 10:00:40.339721,SIMO,none,75848.0,52003.2,-0.758147512864487,0.27691926755290325,1.6615156053174194,0.49440715883668146,False,False,True,True
2026-07-24 10:00:40.529034,BE,none,724168.0,462633.4,-1.5894579540823344,0.26039998352485744,1.5623999011491447,0.593908629441628,False,False,True,True
2026-07-24 10:00:40.716729,ISRG,none,507302.0,232550.6,0.09345230917639738,0.08761882172219539,0.5257129303331723,0.18452380952377628,True,True,False,False
2026-07-24 10:00:40.905023,CRDO,none,359188.0,188697.8,0.8270452317005575,0.06752173789229801,0.40513042735378807,0.41991341991342157,False,True,False,True
2026-07-24 10:00:41.092463,ENTG,none,370323.0,118193.0,-0.04431969271679884,0.11896590030250664,0.7137954018150399,0.02643171806167489,True,False,False,False
2026-07-24 10:00:41.276112,MXL,none,744249.0,528703.2,-0.15325670498084354,0.5538555922176176,3.0,0.07777777777777822,False,False,False,False
2026-07-24 10:00:41.462606,NBIS,none,800410.0,606839.8,0.41314809770271343,0.13357592825056244,0.8014555695033747,0.28526645768024994,False,True,False,False
2026-07-24 10:00:41.683189,KLAC,BUY,1236169.0,518424.2,0.7229359487958842,0.2593338611539362,1.5560031669236172,0.37649880095923893,True,True,False,True
2026-07-24 10:00:44.376706,AMKR,none,283856.0,323298.2,0.10724682089782044,0.17749227610399423,1.0649536566239655,0.10447761194030927,False,False,False,False
2026-07-24 10:00:44.564268,DELL,none,344541.0,210899.4,0.3519919544696168,0.16067288043902875,0.9640372826341725,0.32976445396146337,False,True,False,True
2026-07-24 10:00:44.755724,AEHR,none,139713.0,94844.0,-0.5498821681068286,0.16991591356346883,1.019495481380813,0.3514308255038331,False,False,True,True
2026-07-24 10:00:44.943618,MRVL,none,1277887.0,716749.2,0.6536575987695786,0.16054539214036245,0.9632723528421747,0.36074270557028687,False,True,False,True
2026-07-24 10:00:45.134094,HOOD,none,1346430.0,915812.6,-0.6649716409153206,0.06669547754027272,0.4001728652416363,0.5354330708661488,False,False,True,True
2026-07-24 10:00:45.319442,RCL,none,624060.0,342107.4,0.7750835525847994,0.21498336425156336,1.2899001855093801,0.5023041474654357,False,True,False,True
2026-07-24 10:00:45.507729,ARM,BUY,584234.0,222321.0,0.5111095336125497,0.18783455516451872,1.1270073309871123,0.39237057220708216,True,True,False,True
2026-07-24 10:00:48.714519,NXT,none,564350.0,136773.4,0.2302158273381246,0.12795567276048278,0.7677340365628966,0.15584415584415331,True,True,False,False
2026-07-24 10:00:48.899768,INTC,none,10672640.0,8389581.6,-0.4172461752433953,0.21393540874901826,1.2836124524941095,0.3,False,False,True,False
2026-07-24 10:00:49.085742,APTV,BUY,691086.0,231537.0,0.3040057224606611,0.06242041365606359,0.4,0.3400000000000034,True,True,False,True
2026-07-24 10:00:49.268452,APO,none,343070.0,108667.2,-0.06717608531362691,0.06862869319189965,0.4117721591513979,0.10526315789473586,True,False,False,False
2026-07-24 10:00:49.449507,UAL,BUY,1134072.0,373573.6,0.9273840769903782,0.16652285880516768,0.999137152831006,0.7681159420289897,True,True,False,True
2026-07-24 10:00:52.651456,ASTS,none,912024.0,457071.2,-0.2359285473542308,0.08015312182933294,0.4809187309759977,0.144404332129965,False,False,True,False
2026-07-24 10:00:52.828901,ARWR,none,314030.0,101075.0,0.1305297708285038,0.34219961392322995,2.0531976835393797,0.11540816326530857,True,False,False,False
2026-07-24 10:00:53.012824,GTLB,BUY,381697.0,149877.6,0.398538691464633,0.07755082076885693,0.46530492461314155,0.4444444444444488,True,True,False,True
2026-07-24 10:00:55.712423,VSAT,none,187805.0,58820.2,-0.013458950201872013,0.12586435142047098,0.7551861085228259,0.016666666666651668,True,False,False,False
2026-07-24 10:00:55.894081,QNT,none,121971.0,60499.8,0.2662879460323071,0.29342254414602953,1.7605352648761772,0.14285714285714093,True,False,False,False
2026-07-24 10:00:56.069843,VSH,BUY,604933.0,224492.4,1.1648079306071843,0.10355370629693715,0.6213222377816229,0.5731707317073155,True,True,False,True
2026-07-24 10:00:59.272681,TEAM,SELL,657882.0,219903.4,-1.305579504865134,0.10218709452156916,0.6131225671294149,0.7361111111111138,True,False,True,True
2026-07-24 10:01:02.477235,REZI,SELL,223998.0,66856.6,-0.4966403739409717,0.0390663150698302,0.4,0.39534883720929004,True,False,True,True
2026-07-24 10:01:05.679796,LEN,none,399045.0,145235.8,0.07310832216400912,0.25660326291431107,1.5396195774858663,0.11320754716981536,True,False,False,False
2026-07-24 10:01:05.864480,BROS,BUY,259055.0,83762.8,0.6289308176100606,0.07093648400026754,0.4256189040016053,0.6557377049180387,True,True,False,True
2026-07-24 10:01:09.564693,ALK,BUY,911150.0,341171.6,1.5192743764172374,0.25218009262397334,1.51308055574384,0.8701298701298769,True,True,False,True
2026-07-24 10:01:12.765124,AOSL,none,31850.0,11620.2,0.11844832691737976,0.16905480564482636,1.0143288338689582,0.11428571428571138,True,False,False,False
2026-07-24 10:01:12.947019,CSCO,BUY,1243764.0,495837.6,0.2756780791462893,0.0399450323910002,0.4,0.5081967213114796,True,True,False,True
2026-07-24 10:01:16.661091,DHI,BUY,566884.0,199646.0,0.9736337147324315,0.17188469149621097,1.0313081489772657,0.9383561643835596,True,True,False,True
2026-07-24 10:01:19.364153,A,BUY,371351.0,138642.0,0.706306306306299,0.05170592203928551,0.4,0.73134328358208,True,True,False,True
2026-07-24 10:01:22.569464,MRNA,none,647815.0,240046.2,0.01754693805930516,0.04984704465158751,0.4,0.012195121951217082,True,False,False,False
2026-07-24 10:01:22.760235,AFRM,none,430231.0,216491.6,0.40879616577390226,0.19344620951134642,1.1606772570680786,0.5471698113207654,False,True,False,True
2026-07-24 10:01:22.935503,MWH,BUY,281171.0,89358.2,1.2508451656524713,0.10111611173197221,0.6066966703918333,0.8409090909090907,True,True,False,True
2026-07-24 10:01:23.119904,CEVA,none,31691.0,16942.2,0.1812063163344558,0.08667917095541501,0.5200750257324901,0.1555555555555552,False,True,False,False
2026-07-24 10:01:23.304497,RIOT,none,2082231.0,923196.4,0.0,0.2453457646246474,1.4720745877478845,0.0,True,False,False,False
2026-07-24 10:01:23.488612,CVNA,none,1550056.0,695674.6,0.21641418345264285,0.24643905560233179,1.4786343336139907,0.2708333333333404,True,False,False,False
2026-07-24 10:01:23.669601,IREN,none,3264999.0,1914169.4,-1.1687363038714313,0.3159765673515964,1.8958594041095784,0.5363128491620058,False,False,True,True
2026-07-24 10:01:23.856039,HPE,none,1494263.0,660029.0,0.020995171110640375,0.235750380045781,1.414502280274686,0.034482758620682896,True,False,False,False
2026-07-24 10:01:24.042058,DAL,BUY,1252006.0,429339.8,0.33047735618114565,0.1840314490985956,1.1041886945915735,0.509433962264156,True,True,False,True
2026-07-24 10:01:26.743284,RBLX,SELL,1109377.0,342003.6,-0.5229031583350763,0.11562586767393483,0.693755206043609,0.5319148936170226,True,False,True,True
2026-07-24 10:01:29.448137,IVZ,SELL,606024.0,178380.0,-0.4009355162044804,0.06127084347319992,0.4,0.5454545454545527,True,False,True,True
2026-07-24 10:01:32.649462,JOBY,none,3949901.0,2410038.6,-0.39682539682538837,0.15526036112982466,0.931562166778948,0.3749999999999917,False,False,True,True
2026-07-24 10:31:33.351862,AMAT,none,589276.0,360264.0,-1.4239226191546488,0.18738028276496596,1.1242816965897957,0.4271844660194222,False,False,True,True
2026-07-24 10:31:33.540666,LITE,none,381925.0,223230.2,-2.9302899444787167,0.03653940616241316,0.4,0.451778580939699,False,False,True,True
2026-07-24 10:31:33.721185,ALAB,none,299758.0,177028.2,-3.7411207576953505,0.40872677311087996,2.45236063866528,0.7457520453115187,False,False,True,True
2026-07-24 10:31:33.904080,STX,none,393191.0,305751.4,0.6585457399256108,0.15893761777627088,0.9536257066576252,0.1473282442748084,False,True,False,False
2026-07-24 10:31:34.088986,CIEN,none,125553.0,86849.2,-1.7917133258678724,0.14444344351151892,0.8666606610691134,0.4060913705583778,False,False,True,True
2026-07-24 10:31:34.271564,AMD,SELL,2847152.0,1394033.4,-4.757207059081436,0.2450841099852098,1.4705046599112588,0.8438107582631222,True,False,True,True
2026-07-24 10:31:34.455977,MPWR,none,44504.0,36065.8,-1.833193903902815,0.2664878864476212,1.5989273186857274,0.6725380304243402,False,False,True,True
2026-07-24 10:31:34.643368,SIMO,none,38403.0,46390.8,-2.250517155289251,0.29520802209851893,1.7712481325911136,0.4861325115562399,False,False,True,True
2026-07-24 10:31:34.825808,BE,SELL,1566634.0,639589.6,-5.691208739903823,0.4171917940837642,2.5031507645025854,0.7769279796048438,True,False,True,True
2026-07-24 10:31:38.526607,ISRG,none,286660.0,247967.2,0.08661887694144672,0.041704750514610034,0.4,0.050522648083617276,False,True,False,False
2026-07-24 10:31:38.710029,CRDO,none,443910.0,236605.6,-5.874978384921323,0.15990677302884607,0.9594406381730765,0.8917322834645682,False,False,True,True
2026-07-24 10:31:38.890517,ENTG,none,82136.0,137266.2,-1.7431813058832317,0.11392305295668931,0.6835383177401358,0.46774193548386883,False,False,True,True
2026-07-24 10:31:39.075683,MXL,SELL,2045392.0,788830.0,-5.662650602409642,0.2916699919759684,1.7500199518558102,0.33523537803138403,True,False,True,True
2026-07-24 10:31:41.774679,NBIS,SELL,2547451.0,1030880.4,-7.799634034766689,0.1617688442271012,0.9706130653626072,0.8276699029126208,True,False,True,True
2026-07-24 10:31:47.486838,KLAC,none,830477.0,621731.2,-0.3353048013784748,0.31276979273967626,1.8766187564380576,0.1069836552748881,False,False,True,False
2026-07-24 10:31:47.671989,AMKR,SELL,1498480.0,501199.8,-8.340365682137826,0.11796736544867446,0.7078041926920468,0.8224687933425778,True,False,True,True
2026-07-24 10:31:50.383450,DELL,none,472427.0,269444.8,0.025060372716091867,0.09184605621990465,0.5510763373194278,0.007874015748032457,False,False,False,False
2026-07-24 10:31:50.573466,AEHR,SELL,440874.0,159444.0,-7.373894059519711,0.20850217303793195,1.2510130382275917,0.8222293401665612,True,False,True,True
2026-07-24 10:31:53.772527,MRVL,SELL,2111817.0,959248.6,-2.5676408259819663,0.22839574610498115,1.3703744766298869,0.5178926441351895,True,False,True,True
2026-07-24 10:31:56.972043,HOOD,SELL,3151032.0,1296746.2,-4.5867892475267205,0.1450259530020477,0.8701557180122863,0.8693181818181795,True,False,True,True
2026-07-24 10:31:59.674297,RCL,none,198971.0,280172.2,1.4835549335199472,0.3060009474599858,1.8360056847599147,0.4840182648401842,False,True,False,True
2026-07-24 10:31:59.857154,ARM,none,409314.0,260987.8,-3.816631884263013,0.2271615773677634,1.3629694642065804,0.5721102863202522,False,False,True,True
2026-07-24 10:32:00.040206,NXT,none,51111.0,144347.0,-2.412089508863711,0.11998429339226159,0.7199057603535696,0.8084415584415618,False,False,True,True
2026-07-24 10:32:00.236581,INTC,SELL,28229197.0,11547480.0,-3.9258668792347526,0.25672416401296383,1.540344984077783,0.6577629382303841,True,False,True,True
2026-07-24 10:32:03.440278,APTV,none,73149.0,222578.0,0.4976892996800589,0.10418014167351354,0.6250808500410813,0.45901639344262524,False,True,False,True
2026-07-24 10:32:03.626356,APO,none,69266.0,110561.2,0.0673174015482988,0.04344071636689808,0.4,0.0484848484848477,False,True,False,False
2026-07-24 10:32:03.805147,UAL,none,205526.0,391727.4,0.5928853754940692,0.2258571482426183,1.3551428894557098,0.3285714285714284,False,True,False,True
2026-07-24 10:32:03.986490,ASTS,none,1205989.0,660331.2,-4.004037685060558,0.07874535338817391,0.4724721203290435,0.8150684931506829,False,False,True,True
2026-07-24 10:32:04.172777,ARWR,none,64422.0,102057.0,-0.8233532934131775,0.19831957847278905,1.1899174708367344,0.4062500000000008,False,False,True,True
2026-07-24 10:32:04.355916,GTLB,none,124724.0,150455.2,-0.9388151505341507,0.10525283854642838,0.6315170312785703,0.439393939393938,False,False,True,True
2026-07-24 10:32:04.585998,VSAT,none,51289.0,70803.8,-4.638069705093826,0.06954103684065385,0.4172462210439231,0.9351351351351327,False,False,True,True
2026-07-24 10:32:04.768518,QNT,none,90011.0,65275.6,-3.5809253678425743,0.25979606770466995,1.5587764062280196,0.7651515151515135,False,False,True,True
2026-07-24 10:32:04.950366,VSH,none,315655.0,258789.2,-1.0022550739163083,0.2604490366712215,1.5626942200273288,0.28776978417266075,False,False,True,False
2026-07-24 10:32:05.137761,TEAM,none,218753.0,235363.6,1.1420852265749633,0.30958251165225237,1.8574950699135142,0.4189189189189158,False,True,False,True
2026-07-24 10:32:05.321990,REZI,none,34745.0,111848.8,0.058394160583950735,0.12183971072665882,0.7310382643599529,0.05882352941177331,False,False,False,False
2026-07-24 10:32:05.507868,LEN,none,75079.0,141029.6,0.5820298290287426,0.20073552101316028,1.2044131260789617,0.4210526315789507,False,True,False,True
2026-07-24 10:32:05.692313,BROS,none,83904.0,100968.6,-1.2297633872976217,0.16261837313311295,0.9757102387986777,0.6220472440944804,False,False,True,True
2026-07-24 10:32:05.875756,ALK,none,257045.0,354266.6,1.0013351134846527,0.3176098566708277,1.9056591400249663,0.250000000000002,False,True,False,False
2026-07-24 10:32:06.060502,AOSL,none,22488.0,15095.2,-3.2664069523524013,0.16392057157384382,0.9835234294430629,0.807407407407408,False,False,True,True
2026-07-24 10:32:06.248793,CSCO,none,647039.0,575308.2,0.1156892409005922,0.07997649410776456,0.47985896464658734,0.08783783783783453,False,True,False,False
2026-07-24 10:32:06.429695,DHI,none,100947.0,195590.0,1.3715973834142345,0.3054130853619821,1.8324785121718925,0.7386363636363739,False,True,False,True
2026-07-24 10:32:06.613984,A,none,58647.0,126936.6,-1.1960700555318289,0.14779422375123674,0.8867653425074205,0.7148936170212812,False,False,True,True
2026-07-24 10:32:06.796557,MRNA,none,538984.0,305956.4,-3.0387705204331033,0.04103031089265664,0.4,0.7131147540983592,False,False,True,True
2026-07-24 10:32:06.978095,AFRM,none,104166.0,205268.8,-0.8419870895313057,0.22209544041048954,1.3325726424629372,0.5217391304347875,False,False,True,True
2026-07-24 10:32:07.158060,MWH,none,30088.0,94669.4,-2.520729684908783,0.28715117215795116,1.722907032947707,0.8444444444444436,False,False,True,True
2026-07-24 10:32:07.343668,CEVA,none,19653.0,16011.0,-5.279503105590059,0.10389321069081082,0.623359264144865,0.9760765550239214,False,False,True,True
2026-07-24 10:32:07.527014,RIOT,none,1623108.0,1093044.0,-1.2043010752688221,0.17312124956067684,1.038727497364061,0.2641509433962278,False,False,True,False
2026-07-24 10:32:07.708020,CVNA,none,306917.0,725212.0,-0.8464730290456398,0.24390869273966898,1.4634521564380139,0.6144578313252949,False,False,True,True
2026-07-24 10:32:07.893669,IREN,none,4251023.0,2413989.4,-3.9769884942471148,0.44102599861149105,2.6461559916689463,0.6463414634146343,False,False,True,True
2026-07-24 10:32:08.076685,HPE,none,725953.0,654652.8,-0.5000000000000041,0.04895132597477942,0.4,0.1518987341772166,False,False,True,False
2026-07-24 10:32:08.261305,DAL,none,419434.0,447723.8,1.0041132349382995,0.11818954592727737,0.7091372755636642,0.5684931506849328,False,True,False,True
2026-07-24 10:32:08.449805,RBLX,none,314496.0,381011.2,-1.5573089700996678,0.15716235897539402,0.9429741538523642,0.7211538461538467,False,False,True,True
2026-07-24 10:32:08.634725,IVZ,none,67063.0,179604.4,-0.36593479707251975,0.08907447744484952,0.5344468646690971,0.45833333333332715,False,False,True,True
2026-07-24 10:32:08.815782,JOBY,none,1418328.0,2400543.8,-5.4376657824933705,0.1992052952212292,1.1952317713273752,0.9534883720930242,False,False,True,True
2026-07-24 11:02:09.672347,AMAT,none,329769.0,381582.4,0.06565868427292376,0.3918541129423869,2.3511246776543215,0.03629032258064627,False,False,False,False
2026-07-24 11:02:09.861822,LITE,none,252023.0,241544.0,-0.2480916030534409,0.5221270204754224,3.0,0.10156250000000273,False,False,False,False
2026-07-24 11:02:10.041033,ALAB,none,137423.0,200810.8,-1.303379617500661,0.9090230754333657,3.0,0.3894324853228992,False,False,True,True
2026-07-24 11:02:10.227120,STX,none,368062.0,324994.6,-0.15152885833182916,0.2367072122103898,1.4202432732623387,0.05916114790287122,False,False,False,False
2026-07-24 11:02:10.420952,CIEN,none,52269.0,87731.2,-0.4885333873335713,0.352384946586023,2.114309679516138,0.2821637426900605,False,False,True,False
2026-07-24 11:02:10.609593,AMD,none,1938374.0,1560264.4,1.9438154814445245,1.015879368559055,3.0,0.8296478296478268,False,True,False,True
2026-07-24 11:02:10.796847,MPWR,none,20489.0,37610.6,-0.2830195668763335,0.5021649640206131,3.0,0.19371196754563544,False,False,False,False
2026-07-24 11:02:10.988188,SIMO,none,40473.0,46172.2,-1.507059770283124,0.6345745792174579,3.0,0.37251356238698047,False,False,True,True
2026-07-24 11:02:11.178570,BE,none,697728.0,717676.0,0.13366336633663872,1.2976808573393728,3.0,0.049360146252287074,False,False,False,False
2026-07-24 11:02:11.372663,ISRG,none,163562.0,245145.6,0.889924147404874,0.04107236529311797,0.4,0.6353944562899707,False,True,False,True
2026-07-24 11:02:11.566625,CRDO,none,338178.0,307850.6,-0.5875063111029518,1.1312404327865442,3.0,0.2249560632688931,False,False,False,False
2026-07-24 11:02:11.754257,ENTG,none,121779.0,152415.2,-1.1459129106187929,0.36098256985619925,2.1658954191371955,0.590551181102364,False,False,True,True
2026-07-24 11:02:11.951690,MXL,none,917404.0,839099.2,-3.5891561664757456,1.1092655883178875,3.0,0.5595238095238074,False,False,True,True
2026-07-24 11:02:12.141931,NBIS,none,1717767.0,1278867.4,-0.8583903939664532,1.3869829734308146,3.0,0.23928077455048208,False,False,False,False
2026-07-24 11:02:12.332978,KLAC,none,573946.0,669134.4,0.03271180896303247,0.337591272930904,2.025547637585424,0.022012578616350205,False,False,False,False
2026-07-24 11:02:12.523146,AMKR,none,833502.0,630241.8,0.3063725490196122,1.4720478447255647,3.0,0.08888888888889016,False,False,False,False
2026-07-24 11:02:12.717967,DELL,none,411685.0,306692.6,0.944147423501303,0.08458715616068933,0.507522936964136,0.44148936170212366,False,True,False,True
2026-07-24 11:02:12.905781,AEHR,none,183130.0,206952.0,0.4143098144289014,1.3468997307997246,3.0,0.1539170506912456,False,False,False,False
2026-07-24 11:02:13.092016,MRVL,none,1195084.0,1140467.0,-0.379285931020532,0.6539129335844979,3.0,0.17123287671232784,False,False,False,False
2026-07-24 11:02:13.279006,HOOD,none,1823819.0,1642627.6,-0.5968586387434484,0.8915854331828287,3.0,0.3433734939759002,False,False,False,True
2026-07-24 11:02:13.468089,RCL,none,134277.0,226441.2,-0.18604651162791402,0.44193806597054763,2.651628395823286,0.19636363636364382,False,False,False,False
2026-07-24 11:02:13.658304,ARM,none,162503.0,292303.6,0.1395981044046859,0.8620731323837973,3.0,0.05873261205564047,False,False,False,False
2026-07-24 11:02:13.850198,NXT,none,134992.0,167608.4,-0.863523573200997,0.47072209074654686,2.8243325444792813,0.4578947368421063,False,False,True,True
2026-07-24 11:02:14.038724,INTC,none,15594682.0,12981678.2,1.4002696815683109,0.860779003385538,3.0,0.5294117647058834,False,True,False,True
2026-07-24 11:02:14.227101,APTV,none,61265.0,206712.4,-0.30093821915383556,0.13659628528287307,0.8195777116972385,0.4722222222222277,False,False,True,True
2026-07-24 11:02:14.415107,APO,none,66161.0,113754.0,0.18493611297916365,0.03923078208530618,0.4,0.29333333333335077,False,True,False,False
2026-07-24 11:02:14.603614,UAL,none,128661.0,381494.6,-0.28188263432134475,0.2999088068454721,1.7994528410728328,0.568965517241378,False,False,False,True
2026-07-24 11:02:14.804767,ASTS,none,833268.0,755700.2,0.21034180543383796,0.7348237063036706,3.0,0.08333333333333662,False,False,False,False
2026-07-24 11:02:14.995710,ARWR,none,58932.0,104213.4,0.38606676342524937,0.2982509624773994,1.7895057748643963,0.22166666666666401,False,True,False,False
2026-07-24 11:02:15.176502,GTLB,none,87823.0,167020.4,0.32669062397909643,0.25063309705749853,1.503798582344991,0.24390243902439362,False,True,False,False
2026-07-24 11:02:15.373163,VSAT,none,84164.0,81974.0,0.7289038407625399,0.797647180379013,3.0,0.20233463035019353,False,False,False,False
2026-07-24 11:02:15.583466,QNT,none,84715.0,78934.6,-0.49815498154982124,0.8055383012069458,3.0,0.18620689655172684,False,False,False,False
2026-07-24 11:02:15.772875,VSH,none,232090.0,281804.4,-0.532859680284176,0.4150475469995654,2.4902852819973926,0.26923076923076084,False,False,True,False
2026-07-24 11:02:15.959622,TEAM,none,186662.0,242250.2,0.012143290831821635,0.4835901801337008,2.901541080802205,0.007352941176474353,False,False,False,False
2026-07-24 11:02:16.147447,REZI,none,235493.0,108864.2,0.1462843768285464,0.09250575575415375,0.5550345345249225,0.11363636363635776,True,True,False,False
2026-07-24 11:02:16.336739,LEN,none,61088.0,135076.0,0.4099348926935175,0.23815063512264265,1.4289038107358558,0.5396825396825368,False,True,False,True
2026-07-24 11:02:16.524557,BROS,none,90993.0,103259.0,0.504175200882307,0.3518234626551439,2.1109407759308634,0.283185840707966,False,True,False,False
2026-07-24 11:02:16.714229,ALK,none,183113.0,345267.2,0.19871936409804242,0.4276550222425059,2.5659301334550353,0.18000000000000682,False,False,False,False
2026-07-24 11:02:16.905622,AOSL,none,11520.0,16376.8,-0.15523129462901045,0.693418600642019,3.0,0.10869565217392295,False,False,False,False
2026-07-24 11:02:17.104688,CSCO,none,489542.0,623507.0,0.2577777777777833,0.09334104955326779,0.5600462973196068,0.3118279569892565,False,True,False,True
2026-07-24 11:02:17.290212,DHI,none,88120.0,195442.8,0.2707205331111942,0.4814062408473294,2.8884374450839765,0.37864077669901547,False,False,False,True
2026-07-24 11:02:17.487343,A,none,33031.0,118863.4,-0.28075732488660743,0.33991849504712185,2.039510970282731,0.4333333333333154,False,False,False,True
2026-07-24 11:02:17.674692,MRNA,none,259062.0,359213.0,-0.48754062838570444,0.5328232853273362,3.0,0.19424460431654894,False,False,False,False
2026-07-24 11:02:17.860470,AFRM,none,169404.0,206530.8,-0.18395358709494192,0.26931675235285996,1.6159005141171598,0.17105263157894024,False,False,False,False
2026-07-24 11:02:18.045600,MWH,none,45742.0,86711.2,-2.8164234815066114,0.673580063937448,3.0,0.8645833333333308,False,False,True,True
2026-07-24 11:02:18.230234,CEVA,none,15756.0,20043.6,-0.6261911244214454,0.9794723765626236,3.0,0.28048780487804487,False,False,False,False
2026-07-24 11:02:18.413221,RIOT,none,924510.0,1170360.0,2.0452567449956436,0.30475346676869197,1.8285208006121518,0.6354786371011317,False,True,False,True
2026-07-24 11:02:18.590980,CVNA,none,289754.0,612769.6,-0.267782426778237,0.24678963152201305,1.4807377891320783,0.3478260869565137,False,False,True,True
2026-07-24 11:02:18.775850,IREN,none,2333913.0,2576947.2,0.7816571130797215,1.0506075780390558,3.0,0.27777777777777374,False,False,False,False
2026-07-24 11:02:18.961552,HPE,none,394101.0,664761.4,0.7747068676717014,0.11478500930111209,0.6887100558066725,0.4683544303797531,False,True,False,True
2026-07-24 11:02:19.146975,DAL,none,187522.0,434477.8,-0.0359539789070004,0.23059669680527026,1.3835801808316215,0.09375000000000555,False,False,False,False
2026-07-24 11:02:19.400829,RBLX,none,219724.0,390125.2,0.02106593638086794,0.4132146588068961,2.4792879528413767,0.03225806451612238,False,False,False,False
2026-07-24 11:02:19.587865,IVZ,none,98013.0,185937.8,-0.1669449081803029,0.12781171887950002,0.7668703132770001,0.31250000000000416,False,False,True,True
2026-07-24 11:02:19.773067,JOBY,none,1684008.0,2212623.6,-0.14025245441794934,1.0388162589701238,3.0,0.08333333333333148,False,False,False,False
2026-07-24 11:32:20.606505,AMAT,none,245758.0,364397.4,-0.36307905635935867,0.3026297829022378,1.815778697413427,0.15402476780185878,False,False,True,False
2026-07-24 11:32:20.793471,LITE,none,175080.0,250492.0,-0.17325502885460764,0.544715392668358,3.0,0.09437890353921004,False,False,False,False
2026-07-24 11:32:20.972578,ALAB,none,192171.0,204805.8,-0.8373762211736498,0.9685406706927923,3.0,0.27937915742793645,False,False,False,False
2026-07-24 11:32:21.158186,STX,none,234786.0,297103.4,-0.2755195754957724,0.20874106808253026,1.2524464084951816,0.11894273127753578,False,False,True,False
2026-07-24 11:32:21.343520,CIEN,none,48630.0,86915.6,-0.055874434906290266,0.4305225392417018,2.583135235450211,0.0340557275541839,False,False,False,False
2026-07-24 11:32:21.525446,AMD,none,1163985.0,1697328.2,-0.30126720518180017,1.1596431999669436,3.0,0.15165876777251303,False,False,False,False
2026-07-24 11:32:21.703529,MPWR,none,19050.0,36835.8,-0.14058106841612739,0.4561555699180895,2.736933419508537,0.08433734939759452,False,False,False,False
2026-07-24 11:32:21.887302,SIMO,none,40616.0,42587.6,0.5953488372093108,0.7526207397394771,3.0,0.2698145025295145,False,False,False,False
2026-07-24 11:32:22.078944,BE,none,543166.0,763151.4,-0.7762286166320544,1.235721676720466,3.0,0.3625866050808312,False,False,False,True
2026-07-24 11:32:22.268056,ISRG,none,125656.0,229652.2,-0.1894387875917554,0.1783325555871197,1.0699953335227181,0.2529644268774677,False,False,True,False
2026-07-24 11:32:22.529803,CRDO,none,376946.0,336029.8,-1.003329017939702,1.2149216546208053,3.0,0.33231240428790004,False,False,False,True
2026-07-24 11:32:22.715444,ENTG,none,107032.0,144757.6,0.735066542865977,0.4889023182031373,2.9334139092188236,0.27377521613832534,False,True,False,False
2026-07-24 11:32:22.902221,MXL,none,532823.0,907005.4,-0.013203063110629661,1.5675105789777053,3.0,0.00427350427350038,False,False,False,False
2026-07-24 11:32:23.095792,NBIS,none,1510643.0,1449166.8,-1.2515644555694618,1.5118620877393092,3.0,0.43782837127845825,False,False,False,True
2026-07-24 11:32:23.283911,KLAC,none,409056.0,661304.2,0.21944159118498405,0.18182542652289857,1.0909525591373914,0.09832635983263573,False,True,False,False
2026-07-24 11:32:23.468806,AMKR,none,637817.0,688816.4,-0.7952286282306102,1.4589975086758764,3.0,0.21138211382113592,False,False,False,False
2026-07-24 11:32:23.661378,DELL,none,213337.0,304829.2,-0.5726911976911895,0.22019995844783527,1.3211997506870117,0.28733031674207815,False,False,True,False
2026-07-24 11:32:23.852504,AEHR,none,286293.0,222028.4,-1.2360509711740673,1.38968100700924,3.0,0.38284093957159715,False,False,False,True
2026-07-24 11:32:24.045146,MRVL,none,1065760.0,1220932.6,-0.24884464984003307,0.6000973926286796,3.0,0.11666666666666915,False,False,False,False
2026-07-24 11:32:24.233878,HOOD,none,1870585.0,1787933.8,-0.5583649388959135,0.9747699211975815,3.0,0.27748691099476547,False,False,False,False
2026-07-24 11:32:24.423763,RCL,none,157645.0,257792.8,0.4762397763743643,0.4074474996221101,2.4446849977326606,0.5328185328185245,False,True,False,True
2026-07-24 11:32:24.612920,ARM,none,208402.0,290370.8,-0.6670576161853077,0.7445565870467082,3.0,0.33272394881170075,False,False,False,True
2026-07-24 11:32:24.798816,NXT,none,145543.0,199424.4,-0.14050582095544015,0.5843048182338054,3.0,0.09589041095890491,False,False,False,False
2026-07-24 11:32:24.997283,INTC,none,10269468.0,13831400.6,-0.37840049089793876,0.9572304560077431,3.0,0.15102040816326787,False,False,False,False
2026-07-24 11:32:25.183720,APTV,none,79311.0,186896.0,0.7108583614714743,0.1837722068824259,1.1026332412945554,0.7843137254901854,False,True,False,True
2026-07-24 11:32:25.371447,APO,none,79127.0,123605.6,1.2836647369745793,0.05323826664018155,0.4,0.9935064935064993,False,True,False,True
2026-07-24 11:32:25.553937,UAL,none,181103.0,358352.0,1.3974622770919027,0.3003586811342987,1.8021520868057923,0.7652582159624408,False,True,False,True
2026-07-24 11:32:25.740051,ASTS,none,724319.0,779856.6,-0.6527826391319523,0.7417180063081045,3.0,0.2667334096109818,False,False,False,False
2026-07-24 11:32:25.922271,ARWR,none,48101.0,103252.8,-0.22555086461163978,0.2233249712778218,1.3399498276669308,0.22413793103447374,False,False,True,False
2026-07-24 11:32:26.158517,GTLB,none,202182.0,215503.4,1.7252604166666705,0.27734074432964667,1.66404446597788,0.828125000000001,False,True,False,True
2026-07-24 11:32:26.347998,VSAT,none,79938.0,92715.0,-0.23703290574456456,0.8967387493430395,3.0,0.11038961038961105,False,False,False,False
2026-07-24 11:32:26.533132,QNT,none,101284.0,85907.0,-0.8860993169651171,0.7242280492374505,3.0,0.41739130434783006,False,False,True,True
2026-07-24 11:32:26.717569,VSH,none,216398.0,285617.0,-0.9948979591836749,0.4499871141346114,2.6999226848076683,0.33620689655172353,False,False,True,True
2026-07-24 11:32:26.905124,TEAM,none,75005.0,262082.6,0.6682055643299686,0.40996800371198655,2.459808022271919,0.5445544554455389,False,True,False,True
2026-07-24 11:32:27.092976,REZI,none,114266.0,133128.0,1.3142523364485856,0.11688648522557814,0.7013189113534688,0.6521739130434675,False,True,False,True
2026-07-24 11:32:27.282256,LEN,none,89647.0,133695.0,0.34830650972855154,0.17751217398104488,1.0650730438862692,0.7073170731707182,False,True,False,True
2026-07-24 11:32:27.470196,BROS,none,67123.0,106658.8,1.270189744393908,0.39381156763166486,2.362869405789989,0.6694214876033013,False,True,False,True
2026-07-24 11:32:27.657573,ALK,none,136273.0,315383.0,1.3427250715386296,0.45322147566665544,2.7193288539999325,0.6224489795918381,False,True,False,True
2026-07-24 11:32:27.850820,AOSL,none,10430.0,17755.0,-0.12515644555694352,0.5900144289831319,3.0,0.08695652173912842,False,False,False,False
2026-07-24 11:32:28.035807,CSCO,none,511447.0,639813.2,0.20397304008512748,0.10819084963744413,0.6491450978246648,0.26744186046510454,False,True,False,False
2026-07-24 11:32:28.229648,DHI,none,97892.0,180932.4,0.1523440204971947,0.4359919385429767,2.61595163125786,0.32352941176470096,False,False,False,True
2026-07-24 11:32:28.416690,A,none,49179.0,106480.6,-0.1805184489854863,0.3638556144541225,2.183133686724735,0.4166666666666706,False,False,False,True
2026-07-24 11:32:28.598705,MRNA,none,334960.0,381596.8,-1.670904467853254,0.5906430144796855,3.0,0.741935483870968,False,False,True,True
2026-07-24 11:32:28.791204,AFRM,none,134796.0,182582.4,0.2268216614686654,0.23912280706669167,1.43473684240015,0.2539682539682504,False,False,False,False
2026-07-24 11:32:28.977929,MWH,none,53295.0,102410.2,-1.811846689895469,1.097999722011311,3.0,0.9811320754716952,False,False,True,True
2026-07-24 11:32:29.166441,CEVA,none,42304.0,27453.8,0.8779149519890268,1.0144834243909935,3.0,0.34408602150537676,False,False,False,True
2026-07-24 11:32:29.354004,RIOT,none,1062744.0,1240462.2,-0.6618274978650774,0.5415929700440776,3.0,0.25000000000000144,False,False,True,False
2026-07-24 11:32:29.536820,CVNA,none,370591.0,533532.8,-0.10067114093960113,0.22177827321275326,1.3306696392765196,0.10714285714286213,False,False,False,False
2026-07-24 11:32:29.723199,IREN,none,1874673.0,2552864.0,0.36199095022624583,0.9878969851997113,3.0,0.12785388127853864,False,False,False,False
2026-07-24 11:32:29.908106,HPE,none,413112.0,663056.2,-0.1454998960715034,0.21595033979705766,1.295702038782346,0.08750000000000066,False,False,False,False
2026-07-24 11:32:30.089402,DAL,none,162953.0,433805.4,1.1510791366906399,0.2284240950044076,1.3705445700264456,0.8648648648648597,False,True,False,True
2026-07-24 11:32:30.328086,RBLX,none,234956.0,403575.2,0.8644317942230734,0.35021301080260203,2.101278064815612,0.5857142857142886,False,True,False,True
2026-07-24 11:32:30.512180,IVZ,none,87442.0,180614.2,0.33456005352960144,0.15563587024288383,0.933815221457303,0.7142857142857143,False,True,False,True
2026-07-24 11:32:30.696688,JOBY,none,2108836.0,2230401.4,-0.28089887640450084,0.9957906056227848,3.0,0.2222222222222277,False,False,False,False
2026-07-24 12:02:31.493007,AMAT,none,158822.0,280291.4,-0.10620765427578116,0.30877672663115524,1.8526603597869316,0.04628890662410552,False,False,False,False
2026-07-24 12:02:31.679226,LITE,none,275725.0,228976.8,-0.3686224489795901,0.5586060960644609,3.0,0.1409756097560969,False,False,False,False
2026-07-24 12:02:31.862286,ALAB,none,117734.0,156558.0,0.4995641386709613,0.9803127660616102,3.0,0.22507552870090755,False,False,False,False
2026-07-24 12:02:32.044914,STX,none,224943.0,261967.0,-0.45620022753128453,0.18093236229220208,1.0855941737532124,0.3361274098910317,False,False,True,True
2026-07-24 12:02:32.230678,CIEN,none,45795.0,58012.6,0.2111959287531766,0.3893535246846223,2.336121148107734,0.183628318584068,False,False,False,False
2026-07-24 12:02:32.417823,AMD,none,1513158.0,1614960.0,-0.3000566144555637,1.1670482909512934,3.0,0.1652806652806685,False,False,False,False
2026-07-24 12:02:32.603102,MPWR,none,20270.0,22259.4,0.35835885056957045,0.37613242319921264,2.2567945391952757,0.21434937611407903,False,False,False,False
2026-07-24 12:02:32.793801,SIMO,none,26623.0,30767.6,0.8359533937488407,0.7254876271302809,3.0,0.2687277051129607,False,True,False,False
2026-07-24 12:02:32.980444,BE,none,456371.0,710255.2,0.89192286611191,1.100183453812086,3.0,0.32021466905187673,False,False,False,True
2026-07-24 12:02:33.167135,ISRG,none,136251.0,155088.8,1.3257407242637158,0.19433030198967938,1.1659818119380763,0.9235537190082631,False,True,False,True
2026-07-24 12:02:33.356064,CRDO,none,260764.0,309109.8,0.8971962616822371,1.2443022856606627,3.0,0.4067796610169466,False,False,False,True
2026-07-24 12:02:33.543396,ENTG,none,58194.0,77111.6,0.5751092707614447,0.6040267932280002,3.0,0.277777777777776,False,False,False,False
2026-07-24 12:02:33.729079,MXL,none,488845.0,827357.4,-0.4354711005542337,1.5441683053326696,3.0,0.14798206278026899,False,False,False,False
2026-07-24 12:02:33.923303,NBIS,none,1109652.0,1500208.0,0.8206271212197986,1.6515981473837673,3.0,0.2668863261943997,False,False,False,False
2026-07-24 12:02:34.112034,KLAC,none,419156.0,483292.4,-0.447114712868524,0.09790970025441521,0.5874582015264913,0.32000000000000267,False,False,True,True
2026-07-24 12:02:34.299307,AMKR,none,596420.0,761765.2,1.528721432983315,1.5736611432313412,3.0,0.4057377049180311,False,False,False,True
2026-07-24 12:02:34.483877,DELL,none,184224.0,272391.4,-0.40166110695078827,0.2569831656514307,1.541898993908584,0.3806451612903281,False,False,True,True
2026-07-24 12:02:34.666572,AEHR,none,98263.0,207538.8,0.6644934804413254,1.5040424741871135,3.0,0.28656393619897236,False,False,False,False
2026-07-24 12:02:34.852311,MRVL,none,763425.0,1096627.2,0.10177081213107501,0.5326285678070886,3.0,0.04999999999999716,False,False,False,False
2026-07-24 12:02:35.035132,HOOD,none,1353991.0,1751157.6,0.7735509166048423,0.9570021375276804,3.0,0.4171428571428513,False,False,False,True
2026-07-24 12:02:35.219329,RCL,none,243427.0,178155.6,2.4728671520813257,0.3576402035870376,2.1458412215222253,0.8633093525179809,False,True,False,True
2026-07-24 12:02:35.414281,ARM,none,171502.0,201206.8,-0.22525017539973177,0.7705479341421678,3.0,0.13377192982456432,False,False,False,False
2026-07-24 12:02:35.603550,NXT,none,159008.0,108273.0,1.2561551602853984,0.5693531505033581,3.0,0.4901960784313731,False,True,False,True
2026-07-24 12:02:35.794480,INTC,none,7574307.0,13123111.6,-0.9648942722233604,0.9507561752835003,3.0,0.5949367088607587,False,False,True,True
2026-07-24 12:02:35.981393,APTV,none,60546.0,61384.4,0.7764249161813971,0.2515809800508948,1.5094858803053688,0.619718309859151,False,True,False,True
2026-07-24 12:02:36.168429,APO,none,97907.0,77908.2,0.9361279098666305,0.2559863752503403,1.5359182515020418,0.8071428571428607,False,True,False,True
2026-07-24 12:02:36.360148,UAL,none,405823.0,226837.6,1.9969537992892192,0.3787050478178861,2.2722302869073165,0.7261538461538459,False,True,False,True
2026-07-24 12:02:36.546164,ASTS,none,503082.0,718702.8,0.907169279549046,0.8111936882710581,3.0,0.41532258064515537,False,True,False,True
2026-07-24 12:02:36.736778,ARWR,none,54803.0,50420.8,-0.1391465677179851,0.23916182024167779,1.4349709214500668,0.12767315671878843,False,False,False,False
2026-07-24 12:02:36.918145,GTLB,none,304257.0,151944.4,0.47969299648225816,0.4984610318633196,2.9907661911799175,0.5357142857142911,True,False,False,True
2026-07-24 12:02:37.102720,VSAT,none,95825.0,87108.8,0.7260541748114996,0.9340010752668219,3.0,0.2212765957446797,False,False,False,False
2026-07-24 12:02:37.296555,QNT,none,70174.0,74586.8,1.2281354670636333,0.8275299443929187,3.0,0.6111111111111049,False,True,False,True
2026-07-24 12:02:37.480948,VSH,none,86959.0,187816.4,0.2064516129032214,0.4216687855640265,2.530012713384159,0.12307692307692072,False,False,False,False
2026-07-24 12:02:37.670314,TEAM,none,229343.0,161789.0,2.9585798816568083,0.3037390136227922,1.8224340817367533,0.9459459459459458,False,True,False,True
2026-07-24 12:02:37.859429,REZI,none,67754.0,104108.2,1.4442518775274409,0.25315514564351377,1.5189308738610827,0.7352941176470591,False,True,False,True
2026-07-24 12:02:38.044771,LEN,none,122241.0,78631.6,1.7709704439392175,0.22337853857513526,1.3402712314508116,0.8409090909090907,False,True,False,True
2026-07-24 12:02:38.229405,BROS,none,82349.0,71029.2,1.1604518025684667,0.5006880554289728,3.0,0.7653061224489764,False,True,False,True
2026-07-24 12:02:38.417490,ALK,none,195508.0,179980.0,2.476107732406604,0.4237965915202208,2.5427795491213248,0.9047619047619015,False,True,False,True
2026-07-24 12:02:38.607080,AOSL,none,18177.0,14374.4,0.21978021978022066,0.5911324487563926,3.0,0.14285714285714285,False,False,False,False
2026-07-24 12:02:38.796323,CSCO,none,435523.0,460883.2,-0.15042916556057137,0.09624000979391717,0.577440058763503,0.3207547169811346,False,False,True,True
2026-07-24 12:02:38.988252,DHI,none,69536.0,82344.4,1.3620963838760969,0.29911032283710387,1.794661937022623,0.8794642857142928,False,True,False,True
2026-07-24 12:02:39.170736,A,none,87971.0,48982.6,0.19514310494361217,0.2762243049006538,1.6573458294039227,0.22499999999998163,False,False,False,False
2026-07-24 12:02:39.354710,MRNA,none,172821.0,275061.0,1.1823388139663782,0.866202602778677,3.0,0.6881720430107535,False,True,False,True
2026-07-24 12:02:39.543986,AFRM,none,156882.0,135276.6,2.4597116200169764,0.20879372301581886,1.252762338094913,0.8055555555555557,False,True,False,True
2026-07-24 12:02:39.727643,MWH,none,164381.0,66838.6,-0.39048633297835633,1.1914999760518106,3.0,0.17187500000000547,True,False,False,False
2026-07-24 12:02:39.911488,CEVA,none,35145.0,23768.0,0.653238976592256,1.1306015303334218,3.0,0.35820895522387586,False,False,False,True
2026-07-24 12:02:40.099745,RIOT,none,798033.0,982023.0,0.344086021505369,0.6518975530215905,3.0,0.22535211267605126,False,False,False,False
2026-07-24 12:02:40.285273,CVNA,none,334669.0,296781.4,2.04766700234978,0.2024877661272463,1.214926596763478,0.7770700636942667,False,True,False,True
2026-07-24 12:02:40.475599,IREN,none,1692446.0,2193353.8,1.0949375241530446,0.8534394262588471,3.0,0.3935185185185231,False,True,False,True
2026-07-24 12:02:40.663924,HPE,none,543470.0,510689.6,0.2082899395959205,0.23670112729053483,1.420206763743209,0.15873015873016033,False,False,False,False
2026-07-24 12:02:40.866702,DAL,none,320161.0,237818.4,1.6955181408584212,0.3651910584226566,2.1911463505359396,0.781420765027319,False,True,False,True
2026-07-24 12:02:41.051900,RBLX,none,202415.0,212126.8,1.5053313819778358,0.4071344501172682,2.442806700703609,0.8181818181818145,False,True,False,True
2026-07-24 12:02:41.353182,IVZ,none,78568.0,73006.8,1.0000000000000024,0.144573293130404,0.8674397587824241,0.882352941176473,False,True,False,True
2026-07-24 12:02:41.541850,JOBY,none,3854342.0,2219341.4,1.2676056338028274,0.9764695188859701,3.0,0.5294117647058869,False,True,False,True
2026-07-24 12:32:42.331152,AMAT,none,135786.0,190270.8,1.4281523851428084,0.0891575658180106,0.5349453949080636,0.9175500588928098,False,True,False,True
2026-07-24 12:32:42.523580,LITE,none,149019.0,190839.0,0.7911067801825922,0.1316615134812731,0.7899690808876387,0.44840116279070324,False,True,False,True
2026-07-24 12:32:42.708018,ALAB,none,61188.0,113440.6,0.8623859344185526,0.44005332955754534,2.640319977345272,0.7247191011235906,False,True,False,True
2026-07-24 12:32:42.891939,STX,none,186272.0,232557.6,1.4681164888690608,0.14720811022648103,0.8832486613588861,0.8035043804755885,False,True,False,True
2026-07-24 12:32:43.077667,CIEN,none,30473.0,38791.6,0.6731526405364842,0.1259339584988397,0.7556037509930382,0.6592039800994998,False,True,False,True
2026-07-24 12:32:43.263002,AMD,none,1050349.0,1259257.6,1.6867652348408777,0.4241898835136481,2.5451393010818886,0.837406015037592,False,True,False,True
2026-07-24 12:32:43.451254,MPWR,none,11908.0,16283.0,1.0719720871534133,0.13032658097700522,0.7819594858620313,0.8116919617762836,False,True,False,True
2026-07-24 12:32:43.634344,SIMO,none,15236.0,27055.8,0.4693458492226359,0.4897270002068792,2.9383620012412752,0.2370370370370305,False,False,False,False
2026-07-24 12:32:43.817456,BE,none,369950.0,438719.0,0.5684626791893115,0.30030247484676714,1.801814849080603,0.42435424354243023,False,True,False,True
2026-07-24 12:32:44.004913,ISRG,none,107235.0,114137.2,-0.4507536953021992,0.4008506098767242,2.4051036592603454,0.6968325791855103,False,False,True,True
2026-07-24 12:32:44.198545,CRDO,none,184121.0,263817.8,1.3763381064924227,0.4146719317874818,2.4880315907248907,0.5733590733590724,False,True,False,True
2026-07-24 12:32:44.384657,ENTG,none,24722.0,66941.4,1.0350863840475026,0.4093481207077024,2.4560887242462144,0.8395061728395122,False,True,False,True
2026-07-24 12:32:44.565666,MXL,none,419762.0,521989.0,-0.11952191235060214,0.6729717216901014,3.0,0.036290322580646475,False,False,False,False
2026-07-24 12:32:44.752308,NBIS,none,1068200.0,1167726.6,3.6244979919678713,0.48843032845928563,2.9305819707557137,0.928020565552699,False,True,False,True
2026-07-24 12:32:44.942558,KLAC,none,328162.0,384008.2,1.3244103332085286,0.11654468550275676,0.6992681130165406,0.860182370820666,False,True,False,True
2026-07-24 12:32:45.132624,AMKR,none,356388.0,514625.6,0.6396588486140751,0.4383871017055896,2.6303226102335375,0.3589743589743599,False,True,False,True
2026-07-24 12:32:45.314530,DELL,none,202442.0,236481.6,1.3523375142531373,0.3197499546905468,1.9184997281432807,0.799191374663072,False,True,False,True
2026-07-24 12:32:45.501734,AEHR,none,49325.0,131582.6,1.0708504544888549,0.38580904434071567,2.314854266044294,0.7678571428571392,False,True,False,True
2026-07-24 12:32:45.688376,MRVL,none,706379.0,828608.0,1.4452926208651418,0.12165023216527333,0.72990139299164,0.9015873015873092,False,True,False,True
2026-07-24 12:32:45.876574,HOOD,none,947009.0,1297886.8,0.0946471763592422,0.3214624157073674,1.9287744942442044,0.10112359550562175,False,False,False,False
2026-07-24 12:32:46.065997,RCL,none,198100.0,153319.4,-0.13750544991113292,0.5225255733472673,3.0,0.12852664576803302,False,False,False,False
2026-07-24 12:32:46.255729,ARM,none,97810.0,144111.6,0.8734270910436764,0.17198431599828756,1.0319058959897254,0.5944584382871531,False,True,False,True
2026-07-24 12:32:46.447038,NXT,none,64304.0,112438.8,0.00992457324334151,0.3766974257403059,2.2601845544418353,0.009523809523800759,False,False,False,False
2026-07-24 12:32:46.636443,INTC,none,6462311.0,8809410.2,0.5597595107287304,0.45726074078160167,2.74356444468961,0.40298507462686933,False,True,False,True
2026-07-24 12:32:46.822580,APTV,none,65818.0,65937.6,0.03500787677226679,0.29803691613445116,1.788221496806707,0.07999999999998408,False,False,False,False
2026-07-24 12:32:47.014972,APO,none,139842.0,82984.4,-0.631976362442556,0.40078812663672886,2.4047287598203733,0.7129629629629736,False,False,True,True
2026-07-24 12:32:47.201782,UAL,none,295345.0,222879.6,-0.17404276479362982,0.6127164517837445,3.0,0.1735537190082602,False,False,False,False
2026-07-24 12:32:47.390187,ASTS,none,481067.0,541183.8,-0.23566378633149693,0.2950489540191394,1.7702937241148362,0.18493150684931314,False,False,False,False
2026-07-24 12:32:47.574288,ARWR,none,50539.0,55398.6,0.7083139804923356,0.1251273659591457,0.7507641957548742,0.6666666666666615,False,True,False,True
2026-07-24 12:32:47.763115,GTLB,none,127850.0,154004.6,-0.9551098376313298,0.42194067285467085,2.531644037128025,0.6382978723404286,False,False,True,True
2026-07-24 12:32:47.947801,VSAT,none,141347.0,84043.8,0.9703354588300566,0.28199848688643403,1.6919909213186042,0.5982905982905998,False,True,False,True
2026-07-24 12:32:48.137141,QNT,none,34458.0,59774.2,0.5329902591435514,0.43539829426309523,2.6123897655785715,0.3295454545454607,False,True,False,True
2026-07-24 12:32:48.324114,VSH,none,116203.0,138362.8,0.8253804488006197,0.28903487539517875,1.7342092523710724,0.6666666666666617,False,True,False,True
2026-07-24 12:32:48.510003,TEAM,none,147342.0,138816.2,-0.9032258064516082,0.6064881228030997,3.0,0.5661764705882326,False,False,True,True
2026-07-24 12:32:48.694177,REZI,none,88293.0,104171.2,0.45649072753210757,0.4841314318007622,2.904788590804573,0.6153846153846343,False,False,False,True
2026-07-24 12:32:48.879211,LEN,none,84283.0,77328.2,-0.7755581668625108,0.4215353077268811,2.5292118463612865,0.9041095890410863,False,False,True,True
2026-07-24 12:32:49.066017,BROS,none,49900.0,60012.6,-0.5197187404463519,0.4891361246407803,2.934816747844682,0.5230769230769352,False,False,True,True
2026-07-24 12:32:49.255574,ALK,none,168699.0,148508.8,-0.4874947011445461,0.6695920280072127,3.0,0.6969696969696911,False,False,False,True
2026-07-24 12:32:49.447916,AOSL,none,13081.0,12983.6,0.8160703075957251,0.08336132666102909,0.5001679599661746,0.7647058823529437,False,True,False,True
2026-07-24 12:32:49.633734,CSCO,none,624276.0,491257.4,1.0191421481743987,0.10202999723724704,0.6121799834234822,0.9126984126984126,False,True,False,True
2026-07-24 12:32:49.820494,DHI,none,70004.0,69084.2,-0.6480218281036758,0.297526822914081,1.785160937484486,0.7851239669421342,False,False,True,True
2026-07-24 12:32:50.010648,A,none,24016.0,42110.8,0.03606722931545219,0.10940314646928433,0.6564188788157059,0.07042253521128283,False,False,False,False
2026-07-24 12:32:50.195487,MRNA,none,101143.0,192558.2,-0.03658313517469019,0.5567973183675562,3.0,0.04166666666667345,False,False,False,False
2026-07-24 12:32:50.388287,AFRM,none,128655.0,125527.2,-1.0080088373377574,0.4784144780967639,2.8704868685805836,0.6952380952381009,False,False,True,True
2026-07-24 12:32:50.569706,MWH,none,60697.0,74574.6,-0.28540849090261095,0.8364594173967395,3.0,0.5333333333333508,False,False,False,True
2026-07-24 12:32:50.755676,CEVA,none,9565.0,21278.4,0.13513513513512745,0.35955750883378806,2.1573450530027283,0.1612903225806385,False,False,False,False
2026-07-24 12:32:50.943327,RIOT,none,809873.0,790356.2,0.3000428632661821,0.5085283773943483,3.0,0.25,False,False,False,False
2026-07-24 12:32:51.252032,CVNA,none,241268.0,263109.2,-0.41111659266567996,0.4026867616779364,2.4161205700676183,0.34722222222222276,False,False,True,True
2026-07-24 12:32:51.440081,IREN,none,1258264.0,1556889.4,1.3513513513513542,0.37309759790983527,2.2385855874590117,0.7162162162162158,False,True,False,True
2026-07-24 12:32:51.626426,HPE,none,815705.0,517650.6,1.7051362029527826,0.18808278388985422,1.1284967033391253,0.8282828282828256,False,True,False,True
2026-07-24 12:32:51.817882,DAL,none,237410.0,208675.4,-0.11661807580174265,0.4804252094093436,2.8825512564560616,0.2777777777777624,False,False,False,False
2026-07-24 12:32:52.056434,RBLX,none,146583.0,174886.0,-0.4737384140061728,0.39847151876362946,2.390829112581777,0.3898305084745734,False,False,True,True
2026-07-24 12:32:52.241971,IVZ,none,54563.0,68242.6,-0.13205678441729662,0.25025082695165113,1.5015049617099068,0.30769230769229505,False,False,False,True
2026-07-24 12:32:52.430223,JOBY,none,3430829.0,2681118.4,-0.5571030640668528,0.28145949410421295,1.6887569646252776,0.3333333333333333,False,False,True,True
2026-07-24 13:02:53.423366,AMAT,none,108971.0,142062.2,-0.533058672593544,0.3162398492963247,1.8974390957779481,0.45384615384614335,False,False,True,True
2026-07-24 13:02:53.686399,LITE,none,158035.0,167680.0,-1.0143509043993362,0.22216404300279832,1.3329842580167899,0.6143187066974606,False,False,True,True
2026-07-24 13:02:53.870181,ALAB,none,86890.0,95618.2,-0.42080848243871394,0.36655438237719395,2.1993262942631637,0.3045563549160794,False,False,True,True
2026-07-24 13:02:54.046591,STX,none,225893.0,204820.4,0.19179782253059532,0.36663938198268625,2.1998362918961174,0.14394580863674203,False,False,False,False
2026-07-24 13:02:54.225045,CIEN,none,30432.0,33371.4,-0.5802951936419859,0.1567038340326585,0.940223004195951,0.5043859649122829,False,False,True,True
2026-07-24 13:02:54.410115,AMD,none,977597.0,1037446.2,0.3296457704771449,0.38134817574637364,2.2880890544782417,0.34169884169883397,False,False,False,True
2026-07-24 13:02:54.596740,MPWR,none,12514.0,14048.6,-0.3034600321829364,0.26181866768985185,1.570912006139111,0.3441666666666758,False,False,True,True
2026-07-24 13:02:54.781424,SIMO,none,17704.0,21153.8,0.35401459854015593,0.3167746800301312,1.9006480801807872,0.22558139534884594,False,True,False,False
2026-07-24 13:02:54.963822,BE,none,192961.0,339980.6,-0.7038440714672336,0.3727690269888793,2.236614161933276,0.41210374639768843,False,False,True,True
2026-07-24 13:02:55.148906,ISRG,none,62764.0,102230.6,0.03234342840339806,0.3276555345262784,1.9659332071576703,0.061111111111086726,False,False,False,False
2026-07-24 13:02:55.325244,CRDO,none,205851.0,224738.2,-0.4660513570318972,0.546143897685727,3.0,0.20318725099601756,False,False,False,False
2026-07-24 13:02:55.508375,ENTG,none,28483.0,47718.8,-0.045286436712206404,0.3908770329458207,2.3452621976749244,0.0461538461538475,False,False,False,False
2026-07-24 13:02:55.741570,MXL,none,474587.0,435929.2,-1.5066666666666606,0.09469934600257758,0.5681960760154655,0.4977973568281896,False,False,True,True
2026-07-24 13:02:55.924834,NBIS,none,664308.0,935829.0,-1.3323643410852712,0.9494482614595219,3.0,0.6278538812785395,False,False,True,True
2026-07-24 13:02:56.117099,KLAC,none,280340.0,313301.8,-0.6464124111182961,0.3318277728770061,1.9909666372620367,0.5982905982905998,False,False,True,True
2026-07-24 13:02:56.301297,AMKR,none,222445.0,381922.6,-1.073805202661839,0.49393481830466673,2.9636089098280003,0.645454545454556,False,False,True,True
2026-07-24 13:02:56.488215,DELL,none,248527.0,184916.0,1.4645669291338563,0.38778163648251923,2.3266898188951153,0.9066852367688001,False,True,False,True
2026-07-24 13:02:56.668973,AEHR,none,63501.0,104949.2,-0.01234415504259365,0.49523248435070794,2.9713949061042477,0.008697164724304336,False,False,False,False
2026-07-24 13:02:56.856186,MRVL,none,597323.0,676040.8,-0.18072289156625765,0.29931801380604167,1.7959080828362501,0.15517241379309754,False,False,False,False
2026-07-24 13:02:57.037782,HOOD,none,799914.0,1073661.4,0.4098360655737711,0.2377605053099997,1.4265630318599982,0.5131578947368394,False,True,False,True
2026-07-24 13:02:57.400752,RCL,none,53577.0,138853.2,-0.04701615340698739,0.5144353963944704,3.0,0.12389380530972294,False,False,False,False
2026-07-24 13:02:57.586837,ARM,none,127259.0,137225.8,-0.7739427062318944,0.294289147104786,1.765734882628716,0.487297921478065,False,False,True,True
2026-07-24 13:02:57.774916,NXT,none,66236.0,91263.4,0.5163853028798372,0.23443092574736335,1.40658555448418,0.440677966101689,False,True,False,True
2026-07-24 13:02:57.962143,INTC,none,7249122.0,7284893.2,-1.8554788166168552,0.3171757123083383,1.9030542738500298,0.746887966804985,False,False,True,True
2026-07-24 13:02:58.158073,APTV,none,73770.0,60071.4,0.05256702295426868,0.2537151924041897,1.5222911544251383,0.14285714285715254,False,False,False,False
2026-07-24 13:02:58.337750,APO,none,75411.0,83063.0,0.9420709032311384,0.4752948348806276,2.8517690092837658,0.883720930232564,False,True,False,True
2026-07-24 13:02:58.521986,UAL,none,139346.0,222690.4,-0.008304958059954244,0.594743140195792,3.0,0.020408163265287774,False,False,False,False
2026-07-24 13:02:58.703299,ASTS,none,236673.0,420965.4,-0.12254901960784365,0.2992692841687492,1.7956157050124952,0.15909090909090798,False,False,False,False
2026-07-24 13:02:58.885797,ARWR,none,91557.0,54058.0,-0.6868686868686855,0.17883523547032676,1.0730114128219606,0.42805755395683354,False,False,True,True
2026-07-24 13:02:59.068944,GTLB,none,102948.0,159616.0,0.5462724935732588,0.5266772084633764,3.0,0.7391304347825993,False,True,False,True
2026-07-24 13:02:59.255780,VSAT,none,36247.0,75130.6,0.04118616144975444,0.3222370898976868,1.9334225393861209,0.043478260869567006,False,False,False,False
2026-07-24 13:02:59.441143,QNT,none,10419.0,55557.2,-0.6237387635296209,0.4412041738620503,2.647225043172302,0.4788732394366139,False,False,True,True
2026-07-24 13:02:59.623697,VSH,none,54238.0,101072.6,-0.10240655401945506,0.337788336814586,2.026730020887516,0.08510638297872179,False,False,False,False
2026-07-24 13:02:59.809540,TEAM,none,112920.0,124284.4,0.8533839042313605,0.7550018754063975,3.0,0.847058823529402,False,True,False,True
2026-07-24 13:02:59.989841,REZI,none,31527.0,74196.8,0.7106310403638431,0.5358324902513557,3.0,0.6944444444444455,False,True,False,True
2026-07-24 13:03:00.177508,LEN,none,47913.0,75296.4,0.10660980810234945,0.48247252008837993,2.8948351205302796,0.36000000000001364,False,False,False,True
2026-07-24 13:03:00.355013,BROS,none,34147.0,50719.6,-0.21521906225980103,0.49172671456812106,2.9503602874087265,0.466666666666673,False,False,False,True
2026-07-24 13:03:00.536910,ALK,none,101844.0,135866.8,-0.1490947816826417,0.7177212508482965,3.0,0.21212121212120952,False,False,False,False
2026-07-24 13:03:00.721043,AOSL,none,13110.0,11562.6,-0.28063610851262816,0.19350116215548155,1.1610069729328893,0.34615384615384354,False,False,True,True
2026-07-24 13:03:00.906524,CSCO,none,692040.0,523279.4,0.2807017543859589,0.22892405897001625,1.3735443538200975,0.5245901639344155,False,True,False,True
2026-07-24 13:03:01.094654,DHI,none,32630.0,57285.0,-0.10982976386600535,0.3604103720794945,2.162462232476967,0.571428571428557,False,False,False,True
2026-07-24 13:03:01.273866,A,none,21727.0,40426.6,0.028847540747145566,0.06862146387409178,0.41172878324455064,0.07142857142855692,False,False,False,False
2026-07-24 13:03:01.468755,MRNA,none,159897.0,170007.0,0.36609921288668446,0.4816377361657205,2.889826416994323,0.5263157894736793,False,False,False,True
2026-07-24 13:03:01.650791,AFRM,none,70431.0,110008.2,0.5439330543933062,0.6157570198038999,3.0,0.9512195121951312,False,False,False,True
2026-07-24 13:03:01.845116,MWH,none,89743.0,91060.4,-0.1432151808091627,0.41462358562940604,2.4877415137764363,0.23529411764705638,False,False,False,False
2026-07-24 13:03:02.031114,CEVA,none,4658.0,18712.0,0.6209503239740928,0.27771484395273505,1.6662890637164103,0.5000000000000078,False,True,False,True
2026-07-24 13:03:02.223711,RIOT,none,538928.0,691219.4,-0.940572894399311,0.2176593971061048,1.3059563826366287,0.8,False,False,True,True
2026-07-24 13:03:02.408067,CVNA,none,148399.0,243898.8,0.26424442609414317,0.4265757893258435,2.559454735955061,0.5925925925925994,False,False,False,True
2026-07-24 13:03:02.595486,IREN,none,995754.0,1317977.0,-1.7102615694164984,0.46804663762177406,2.8082798257306445,0.7906976744186048,False,False,True,True
2026-07-24 13:03:02.785814,HPE,none,578118.0,541257.2,0.3885480572597236,0.34315433977003446,2.0589260386202066,0.3725490196078541,False,True,False,True
2026-07-24 13:03:02.970955,DAL,none,186799.0,207553.4,0.38528896672504176,0.4938692255584673,2.9632153533508037,0.8684210526315523,False,False,False,True
2026-07-24 13:03:03.258889,RBLX,none,119507.0,152412.8,-0.18618121638395407,0.4739169317011804,2.843501590207082,0.3214285714285823,False,False,False,True
2026-07-24 13:03:03.445060,IVZ,none,36678.0,69268.2,0.2644628099173497,0.24443613965781674,1.4666168379469005,0.571428571428557,False,True,False,True
2026-07-24 13:03:03.624907,JOBY,none,3710609.0,3069437.6,0.9817671809256702,0.3509345957123635,2.105607574274181,0.7000000000000053,False,True,False,True
2026-07-24 13:33:04.603628,AMAT,none,112385.0,114818.8,-0.36897015522192245,0.3445697853353556,2.0674187120121337,0.42468619246861594,False,False,True,True
2026-07-24 13:33:04.783446,LITE,none,128738.0,153809.8,-0.6472076329408092,0.36234668892691974,2.1740801335615183,0.5322069693769745,False,False,True,True
2026-07-24 13:33:04.969207,ALAB,none,42921.0,68261.2,-0.5862562872655778,0.2971264259213713,1.7827585555282277,0.5966101694915247,False,False,True,True
2026-07-24 13:33:05.156987,STX,none,279607.0,221823.2,-1.1766957931717914,0.35268575648849015,2.116114538930941,0.549421661409046,False,False,True,True
2026-07-24 13:33:05.343354,CIEN,none,19042.0,33200.6,-0.7587869559700569,0.2441072938219411,1.4646437629316467,0.8305555555555528,False,False,True,True
2026-07-24 13:33:05.526578,AMD,none,793188.0,950565.8,-0.5959342801447921,0.38607793662893103,2.316467619773586,0.48270676691728326,False,False,True,True
2026-07-24 13:33:05.704788,MPWR,none,10211.0,12232.0,-0.3383458646616481,0.2889651616509867,1.73379096990592,0.4083629893238358,False,False,True,True
2026-07-24 13:33:05.886042,SIMO,none,8793.0,15609.0,0.3681697225968691,0.2765523069186054,1.6593138415116324,0.3531468531468553,False,True,False,True
2026-07-24 13:33:06.070954,BE,none,258445.0,280130.0,-0.9064341968398555,0.36070493612807586,2.164229616768455,0.7656903765690354,False,False,True,True
2026-07-24 13:33:06.254684,ISRG,none,146735.0,107242.8,-0.5320243379089393,0.30147297466155215,1.808837847969313,0.9141414141414069,False,False,True,True
2026-07-24 13:33:06.437941,CRDO,none,132565.0,178226.4,-0.3954204791024937,0.4565976208677595,2.739585725206557,0.32950191570881937,False,False,False,True
2026-07-24 13:33:06.622281,ENTG,none,30051.0,31564.0,-0.2644503211182428,0.2759136819201923,1.6554820915211537,0.3365384615384586,False,False,False,True
2026-07-24 13:33:06.805070,MXL,none,386323.0,377065.0,-1.29958034384731,0.3436099465952494,2.0616596795714965,0.44036697247706647,False,False,True,True
2026-07-24 13:33:06.990032,NBIS,none,627851.0,757311.4,-1.5114338993031762,0.9629149090454902,3.0,0.6457023060796658,False,False,True,True
2026-07-24 13:33:07.175385,KLAC,none,217037.0,275960.0,-0.278914094458904,0.40298957619922476,2.4179374571953485,0.3703703703703658,False,False,False,True
2026-07-24 13:33:07.359235,AMKR,none,198601.0,294443.4,-0.29069767441860117,0.5403642473765381,3.0,0.23170731707316988,False,False,False,False
2026-07-24 13:33:07.549702,DELL,none,118746.0,169175.4,-1.040834442964935,0.5364275917229636,3.0,0.6836734693877534,False,False,True,True
2026-07-24 13:33:07.736654,AEHR,none,45239.0,59524.8,-0.84033613445379,0.29128134832879565,1.7476880899727738,0.5440000000000055,False,False,True,True
2026-07-24 13:33:07.920690,MRVL,none,445909.0,544882.8,-0.22655188038060145,0.287964387427079,1.7277863245624743,0.26162790697673777,False,False,False,False
2026-07-24 13:33:08.104476,HOOD,none,726000.0,844175.0,-0.6908101318819455,0.2130056930896426,1.2780341585378556,0.7252747252747399,False,False,True,True
2026-07-24 13:33:08.288562,RCL,none,63286.0,120283.0,-0.43361344537815816,0.4428981258999076,2.6573887553994457,0.6450000000000102,False,False,False,True
2026-07-24 13:33:08.478715,ARM,none,130792.0,118532.4,-0.6690817684459568,0.3121033287792171,1.8726199726753026,0.6630036630036732,False,False,True,True
2026-07-24 13:33:08.661021,NXT,none,41993.0,68678.0,-0.8304498269896227,0.2970775060680962,1.7824650364085772,0.7241379310344879,False,False,True,True
2026-07-24 13:33:08.845185,INTC,none,7249220.0,6268918.4,1.144597290769704,0.5633554332614911,3.0,0.7841726618704955,False,True,False,True
2026-07-24 13:33:09.029081,APTV,none,37677.0,53378.0,-0.15767344078485687,0.14399996931798875,0.8639998159079325,0.2647058823529332,False,False,True,False
2026-07-24 13:33:09.211969,APO,none,35654.0,74755.0,-0.40134327135720294,0.4183625292567208,2.5101751755403248,0.5632183908046144,False,False,False,True
2026-07-24 13:33:09.397707,UAL,none,218987.0,224347.6,-0.3074621904603661,0.3632169203571339,2.1793015221428034,0.5692307692307712,False,False,False,True
2026-07-24 13:33:09.621140,ASTS,none,287627.0,348374.2,-1.3236325385694294,0.21089701424806442,1.2653820854883866,0.838888888888893,False,False,True,True
2026-07-24 13:33:09.800645,ARWR,none,47853.0,56023.6,0.2208018593840764,0.25572153917983437,1.534329235079006,0.279411764705882,False,False,False,False
2026-07-24 13:33:09.983710,GTLB,none,117563.0,138344.6,-0.8628954937679757,0.33017922128114113,1.9810753276868467,0.8437499999999979,False,False,True,True
2026-07-24 13:33:10.166017,VSAT,none,40987.0,67367.4,-0.6739100536377319,0.28959596584855174,1.7375757950913104,0.636363636363633,False,False,True,True
2026-07-24 13:33:10.350133,QNT,none,70324.0,45637.0,-1.2948575656677817,0.39747741495613426,2.3848644897368056,0.6481481481481518,False,False,True,True
2026-07-24 13:33:10.534015,VSH,none,71045.0,78029.2,-0.4356740133265036,0.189039769287216,1.134238615723296,0.4857142857142886,False,False,True,True
2026-07-24 13:33:10.714695,TEAM,none,95410.0,128630.6,-0.31719924812031275,0.7858649320566294,3.0,0.5869565217391425,False,False,False,True
2026-07-24 13:33:11.060918,REZI,none,79422.0,56342.8,-0.16939582156974103,0.4352289409038986,2.6113736454233916,0.2068965517241464,False,False,False,False
2026-07-24 13:33:11.245230,LEN,none,48777.0,75926.4,-0.05916459590582341,0.442189736484013,2.653138418904078,0.13888888888892068,False,False,False,False
2026-07-24 13:33:11.427325,BROS,none,29531.0,43696.8,-0.33913981809773214,0.31589826754576994,1.8953896052746195,0.5945945945945842,False,False,True,True
2026-07-24 13:33:11.606381,ALK,none,111224.0,123916.2,-0.23464163822525475,0.518782869205632,3.0,0.35483870967742304,False,False,False,True
2026-07-24 13:33:11.787204,AOSL,none,5741.0,12144.6,-0.2817783343769563,0.21941443931476232,1.3164866358885738,0.4499999999999929,False,False,True,True
2026-07-24 13:33:11.971918,CSCO,none,587766.0,535441.4,-0.08746610688357764,0.24171217802015485,1.450273068120929,0.20833333333332593,False,False,False,False
2026-07-24 13:33:12.150937,DHI,none,29794.0,45029.2,0.0,0.353324662640963,2.119947975845778,0.0,False,False,False,False
2026-07-24 13:33:12.334176,A,none,35832.0,38172.2,0.1658374792703077,0.043342979167701655,0.4,0.3333333333333196,False,True,False,True
2026-07-24 13:33:12.516923,MRNA,none,113769.0,133657.4,-0.31078610603290985,0.26417019367129213,1.5850211620277528,0.3953488372093065,False,False,True,True
2026-07-24 13:33:12.700031,AFRM,none,112666.0,98420.6,-0.9439200444197762,0.6686089186246732,3.0,0.8395061728395122,False,False,True,True
2026-07-24 13:33:12.882679,MWH,none,124021.0,96512.8,-0.4307250538406353,0.13651833411502165,0.8191100046901298,0.3243243243243261,False,False,True,True
2026-07-24 13:33:13.067100,CEVA,none,3612.0,12370.6,-0.10778765831312086,0.23488740595024604,1.4093244357014763,0.11111111111110891,False,False,False,False
2026-07-24 13:33:13.250288,RIOT,none,366329.0,544705.2,-0.7330746011211803,0.2641169631951437,1.5847017791708624,0.6538461538461654,False,False,True,True
2026-07-24 13:33:13.435423,CVNA,none,207632.0,206011.0,-0.9224180530390418,0.4538380035182672,2.723028021109603,0.7887323943662073,False,False,True,True
2026-07-24 13:33:13.618122,IREN,none,1222235.0,1168462.2,-1.0987605367170326,0.6927584074868163,3.0,0.6507575757575859,False,False,True,True
2026-07-24 13:33:13.799426,HPE,none,480865.0,559361.2,-0.9777958851089915,0.3836623666347378,2.3019741998084267,0.8135593220339004,False,False,True,True
2026-07-24 13:33:13.981252,DAL,none,286838.0,229649.4,-0.279167151331854,0.36623753056420094,2.1974251833852056,0.7272727272727155,False,False,False,True
2026-07-24 13:33:14.163708,RBLX,none,105090.0,124858.0,-0.6839378238341933,0.3608751687279938,2.1652510123679627,0.9428571428571342,False,False,True,True
2026-07-24 13:33:14.452236,IVZ,none,133079.0,81202.4,-0.791295746785356,0.23275326572244145,1.3965195943346487,0.9230769230769241,False,False,True,True
2026-07-24 13:33:14.637042,JOBY,none,3606547.0,3178553.2,-0.9722222222222261,0.4677459797992251,2.8064758787953505,0.7000000000000053,False,False,True,True
2026-07-24 14:03:15.625087,AMAT,none,87322.0,97762.6,0.10763673514066331,0.38836353549304575,2.3301812129582746,0.12164948453609131,False,False,False,False
2026-07-24 14:03:15.806566,LITE,none,106884.0,120689.4,0.5674400568732614,0.40877755292045626,2.4526653175227375,0.42130518234165104,False,True,False,True
2026-07-24 14:03:15.986575,ALAB,none,49075.0,53869.6,0.5296148560319247,0.31157511735380733,1.869450704122844,0.36073059360731563,False,True,False,True
2026-07-24 14:03:16.172566,STX,none,283547.0,221109.0,-0.28740548123310433,0.472768350761908,2.836610104571448,0.24489795918366986,False,False,False,False
2026-07-24 14:03:16.360588,CIEN,none,49245.0,30173.6,0.9252632655147747,0.3353724650247545,2.012234790148527,0.7283702213279647,False,True,False,True
2026-07-24 14:03:16.546666,AMD,none,614066.0,750981.0,0.11953456229804942,0.4353908809104691,2.6123452854628146,0.13034623217922414,False,False,False,False
2026-07-24 14:03:16.728132,MPWR,none,11374.0,10268.6,-0.14583950251702898,0.28562966399966633,1.713777983997998,0.22853828306265106,False,False,False,False
2026-07-24 14:03:16.913060,SIMO,none,14614.0,13580.6,0.4069915331225715,0.19858836172661012,1.1915301703596608,0.3218390804597697,False,True,False,True
2026-07-24 14:03:17.102274,BE,none,248182.0,250783.4,0.5148455463360997,0.36312349124940013,2.178740947496401,0.4345991561181431,False,True,False,True
2026-07-24 14:03:17.290545,ISRG,none,108635.0,106667.0,-0.2777777777777771,0.1691869102690894,1.0151214616145365,0.4630541871921233,False,False,True,True
2026-07-24 14:03:17.478382,CRDO,none,149659.0,149034.6,0.33233325640433825,0.3729683237711356,2.2378099426268134,0.1919999999999997,False,False,False,False
2026-07-24 14:03:17.662136,ENTG,none,23074.0,24013.6,0.02271178741767063,0.22413719031299195,1.3448231418779517,0.023076923076924254,False,False,False,False
2026-07-24 14:03:17.848101,MXL,none,242544.0,328350.0,-0.46767537826685474,0.48762815381076213,2.925768922864573,0.3655913978494689,False,False,False,True
2026-07-24 14:03:18.035387,NBIS,none,535187.0,620866.8,1.6990533134031018,1.0780493720593864,3.0,0.6570327552986563,False,True,False,True
2026-07-24 14:03:18.225597,KLAC,none,207829.0,232299.4,-0.10252586447944768,0.3749561397976215,2.249736838785729,0.12222222222222082,False,False,False,False
2026-07-24 14:03:18.412383,AMKR,none,170006.0,207323.0,0.18424689083372417,0.3340269542824192,2.004161725694515,0.11764705882353432,False,False,False,False
2026-07-24 14:03:18.594476,DELL,none,132421.0,150715.8,0.017942852016324427,0.6429564810586549,3.0,0.013355592654421362,False,False,False,False
2026-07-24 14:03:18.784392,AEHR,none,52673.0,48025.0,-0.5610972568578589,0.32058845733087304,1.9235307439852383,0.36885245901639613,False,False,True,True
2026-07-24 14:03:18.971144,MRVL,none,346757.0,471702.0,0.02018163471242203,0.30876123213533346,1.8525673928120008,0.020000000000010232,False,False,False,False
2026-07-24 14:03:19.159052,HOOD,none,713808.0,718345.6,1.317731393632722,0.19921556230249315,1.195293373814959,0.8012820512820501,False,True,False,True
2026-07-24 14:03:19.347359,RCL,none,69993.0,89496.6,-0.06077590572981963,0.10302250811604641,0.6181350486962784,0.1224489795918391,False,False,False,False
2026-07-24 14:03:19.533049,ARM,none,112069.0,110634.0,0.07073715562174152,0.38607526095358796,2.3164515657215277,0.06551724137931007,False,False,False,False
2026-07-24 14:03:19.717716,NXT,none,43733.0,50527.6,0.04986536351849722,0.2261266171854669,1.3567597031128014,0.06410256410256036,False,False,False,False
2026-07-24 14:03:19.905187,INTC,none,4755605.0,5585649.0,-0.07267441860464409,0.5933059363525482,3.0,0.06666666666666035,False,False,False,False
2026-07-24 14:03:20.092615,APTV,none,44089.0,52062.4,-0.2632502632502608,0.04087472341856539,0.4,0.3260869565217354,False,False,True,True
2026-07-24 14:03:20.281756,APO,none,52319.0,70452.4,-0.24671052631578716,0.3292317561718162,1.9753905370308973,0.7317073170731699,False,False,False,True
2026-07-24 14:03:20.472584,UAL,none,90547.0,162478.8,-0.383397232872152,0.08163498555232503,0.4898099133139502,0.4509803921568723,False,False,True,True
2026-07-24 14:03:20.654578,ASTS,none,311880.0,285347.2,0.7460035523978716,0.28030755741812835,1.68184534450877,0.4883720930232581,False,True,False,True
2026-07-24 14:03:20.836125,ARWR,none,55435.0,52732.0,-0.19728443773935442,0.26933075445751625,1.6159845267450974,0.26562500000000244,False,False,False,False
2026-07-24 14:03:21.019432,GTLB,none,74745.0,94357.4,0.1934235976789127,0.3940463041620941,2.3642778249725644,0.46153846153845524,False,False,False,True
2026-07-24 14:03:21.208562,VSAT,none,30434.0,53291.2,-0.027704668236592355,0.28090527898625717,1.685431673917543,0.02222222222221801,False,False,False,False
2026-07-24 14:03:21.397275,QNT,none,60208.0,38826.8,-0.15023474178403434,0.40859776472349224,2.4515865883409536,0.17777777777777287,False,False,False,False
2026-07-24 14:03:21.581029,VSH,none,83754.0,72305.2,-0.36017494211474294,0.2272435026910964,1.3634610161465783,0.31111111111111533,False,False,True,True
2026-07-24 14:03:21.768763,TEAM,none,152041.0,121542.6,0.2710346452981428,0.34563482646721355,2.0738089588032813,0.45098039215686603,False,False,False,True
2026-07-24 14:03:21.955364,REZI,none,32956.0,50675.2,-0.4524886877827958,0.2227529315776153,1.3365175894656918,0.4705882352941029,False,False,True,True
2026-07-24 14:03:22.147709,LEN,none,96162.0,67213.6,-0.17759886336726435,0.1568887618117806,0.9413325708706837,0.4838709677419266,False,False,True,True
2026-07-24 14:03:22.334494,BROS,none,34064.0,33140.6,-0.27855153203343674,0.17901293680064753,1.0740776208038851,0.5454545454545454,False,False,True,True
2026-07-24 14:03:22.518529,ALK,none,96095.0,105160.0,-0.5771697306541324,0.14520518684207376,0.8712311210524426,0.6000000000000126,False,False,True,True
2026-07-24 14:03:22.703300,AOSL,none,14396.0,10412.2,0.5347593582887754,0.2297474584142183,1.3784847504853097,0.4722222222222277,False,True,False,True
2026-07-24 14:03:22.894703,CSCO,none,512072.0,534875.2,0.10504201680672667,0.23121833490732255,1.3873100094439352,0.21052631578947895,False,False,False,False
2026-07-24 14:03:23.081900,DHI,none,31784.0,38039.4,-0.1305662451896631,0.1263085986616135,0.7578515919696811,0.3015873015873002,False,False,True,True
2026-07-24 14:03:23.278061,A,none,36316.0,28380.8,-0.15120967741936056,0.03845870822215091,0.4,0.5000000000000339,False,False,True,True
2026-07-24 14:03:23.467065,MRNA,none,151516.0,116950.8,0.348623853211005,0.11891140901571408,0.7134684540942845,0.5757575757575718,False,True,False,True
2026-07-24 14:03:23.685013,AFRM,none,37407.0,73698.8,-0.3783102143758025,0.41597698935847327,2.4958619361508396,0.6428571428571646,False,False,False,True
2026-07-24 14:03:23.872911,MWH,none,74493.0,78671.4,-0.6130544536603019,0.14322478759206816,0.859348725552409,0.44736842105263724,False,False,True,True
2026-07-24 14:03:24.063969,CEVA,none,12186.0,7918.2,-0.37878787878788034,0.1439788529037235,0.8638731174223411,0.28000000000000114,False,False,True,False
2026-07-24 14:03:24.254307,RIOT,none,318246.0,443561.2,0.434216239687355,0.3289483931311122,1.9736903587866732,0.32258064516128476,False,True,False,True
2026-07-24 14:03:24.469690,CVNA,none,177400.0,194041.4,0.48228837518709317,0.26629651196647747,1.5977790717988647,0.617021276595735,False,True,False,True
2026-07-24 14:03:24.656512,IREN,none,1120011.0,1052423.0,-0.310140481480814,0.6933955762474809,3.0,0.23742574257425866,False,False,False,False
2026-07-24 14:03:24.838238,HPE,none,483238.0,514452.2,-0.4730563554092902,0.5119133575535829,3.0,0.4107142857142837,False,False,False,True
2026-07-24 14:03:25.026073,DAL,none,154216.0,183229.4,-0.32660678875539617,0.13017903230977307,0.7810741938586384,0.3943661971830958,False,False,True,True
2026-07-24 14:03:25.210715,RBLX,none,81797.0,101584.8,0.37570444583595664,0.22397624237072003,1.3438574542243202,0.5454545454545572,False,True,False,True
2026-07-24 14:03:25.498579,IVZ,none,166468.0,110500.6,-0.0664672648720491,0.19796922352000038,1.1878153411200023,0.2,False,False,False,False
2026-07-24 14:03:25.673051,JOBY,none,2111721.0,2982893.8,0.9831460674157343,0.4185154112024582,2.511092467214749,0.8750000000000028,False,True,False,True
2026-07-24 14:33:26.491859,AMAT,none,89163.0,92651.6,-0.6872413730244262,0.16827759382602162,1.0096655629561297,0.7073170731707593,False,False,True,True
2026-07-24 14:33:26.684200,LITE,none,92173.0,110373.4,-0.5356867581316572,0.3714997657022345,2.2289985942134067,0.5567423230974723,False,False,True,True
2026-07-24 14:33:26.863718,ALAB,none,44150.0,51179.6,-0.35373423212974775,0.25611327095603603,1.536679625736216,0.35099337748344656,False,False,True,True
2026-07-24 14:33:27.057012,STX,none,211196.0,231395.4,-0.14965955307773832,0.2759831828225819,1.6558990969354914,0.18903318903319893,False,False,False,False
2026-07-24 14:33:27.246261,CIEN,none,30279.0,34480.6,-0.5394316973104379,0.3773909025211362,2.2643454151268174,0.6938110749185669,False,False,True,True
2026-07-24 14:33:27.432717,AMD,none,492316.0,639535.4,-0.6676613204028423,0.17418576881999773,1.0451146129199864,0.6473779385171896,False,False,True,True
2026-07-24 14:33:27.614080,MPWR,none,7731.0,9897.6,-0.2632066728452237,0.13127423322693557,0.7876453993616135,0.3268876611418036,False,False,True,True
2026-07-24 14:33:27.794578,SIMO,none,29313.0,16882.8,-0.13377200911093956,0.18819597570993274,1.1291758542595964,0.1674208144796159,False,False,False,False
2026-07-24 14:33:27.974994,BE,none,260990.0,364125.4,-1.2581431199960222,0.3541873024405315,2.125123814643189,0.7167138810198301,False,False,True,True
2026-07-24 14:33:28.161459,ISRG,none,172316.0,123097.2,0.1837690438081702,0.14035759068168577,0.8421455440901147,0.44285714285713534,False,True,False,True
2026-07-24 14:33:28.348463,CRDO,none,111162.0,131348.2,0.10120991857201954,0.19896751542312152,1.1938050925387291,0.1067961165048537,False,False,False,False
2026-07-24 14:33:28.531323,ENTG,none,21302.0,24502.6,-0.3107944208611254,0.05540809087468664,0.4,0.4183673469387764,False,False,True,True
2026-07-24 14:33:28.717345,MXL,none,192736.0,286607.4,-0.9405255878284822,0.5456537314634708,3.0,0.7391304347825993,False,False,True,True
2026-07-24 14:33:28.908132,NBIS,none,316035.0,548934.6,-1.2635290660659113,0.7571419256319248,3.0,0.6753926701570651,False,False,True,True
2026-07-24 14:33:29.097120,KLAC,none,203895.0,208215.2,-0.5131075660042888,0.17130872834277464,1.0278523700566478,0.6508875739644946,False,False,True,True
2026-07-24 14:33:29.284055,AMKR,none,126124.0,165083.6,-0.536151960784305,0.2581249613190274,1.5487497679141644,0.47945205479451014,False,False,True,True
2026-07-24 14:33:29.469549,DELL,none,80204.0,134677.2,0.10086293847361773,0.4205573706858526,2.5233442241151156,0.13432835820897016,False,False,False,False
2026-07-24 14:33:29.650809,AEHR,none,44586.0,58672.0,-0.9534562790114051,0.23562959105904044,1.4137775463542426,0.6909090909090773,False,False,True,True
2026-07-24 14:33:29.837564,MRVL,none,390486.0,399535.2,-0.6151363888468707,0.07124273444321352,0.42745640665928114,0.5350877192982448,False,False,True,True
2026-07-24 14:33:30.026177,HOOD,none,604532.0,656243.8,-0.6138799292477405,0.4030629318480731,2.4183775910884386,0.5462962962963003,False,False,True,True
2026-07-24 14:33:30.213980,RCL,none,107763.0,70365.0,-0.05743631326441513,0.0902342507524942,0.5414055045149652,0.11971830985916479,False,False,False,False
2026-07-24 14:33:30.400453,ARM,none,127075.0,117717.8,-0.725500409256637,0.2522936050499321,1.5137616302995927,0.5371900826446256,False,False,True,True
2026-07-24 14:33:30.584141,NXT,none,73659.0,77005.8,-0.179318589360423,0.2327834155646595,1.396700493387957,0.3333333333333158,False,False,False,True
2026-07-24 14:33:30.769241,INTC,none,3425717.0,5180236.8,-0.21820448877804838,0.5121250876652005,3.0,0.32812499999998995,False,False,False,True
2026-07-24 14:33:30.950524,APTV,none,51599.0,47467.4,0.24634875945803375,0.07891512116489773,0.4734907269893863,0.4117647058823591,False,True,False,True
2026-07-24 14:33:31.139307,APO,none,72932.0,66847.8,0.057670126874285216,0.2650207834840214,1.5901247009041284,0.1590909090909267,False,False,False,False
2026-07-24 14:33:31.325080,UAL,none,89467.0,116212.8,-0.1171156098377117,0.1165273968987454,0.6991643813924724,0.32558139534883335,False,False,True,True
2026-07-24 14:33:31.512334,ASTS,none,186623.0,231748.2,0.22032255221644487,0.3653641850958575,2.192185110575145,0.34916201117318035,False,False,False,True
2026-07-24 14:33:31.697343,ARWR,none,29585.0,54051.2,0.046565774155986075,0.18415916399868604,1.1049549839921162,0.09638554216865407,False,False,False,False
2026-07-24 14:33:31.874533,GTLB,none,80834.0,87055.8,0.09649404953361575,0.2670985975033579,1.6025915850201473,0.27272727272727565,False,False,False,False
2026-07-24 14:33:32.059722,VSAT,none,34259.0,30936.8,0.08313703755023177,0.12380014722067978,0.7428008833240787,0.15000000000000355,False,False,False,False
2026-07-24 14:33:32.248828,QNT,none,22376.0,35678.8,0.24413145539906583,0.3448051784969062,2.068831070981437,0.36111111111111166,False,False,False,True
2026-07-24 14:33:32.438428,VSH,none,86135.0,66993.8,-0.46475600309837267,0.1497092515767836,0.8982555094607017,0.5624999999999987,False,False,True,True
2026-07-24 14:33:32.619513,TEAM,none,134473.0,112378.2,0.3290633446938549,0.24026963294163597,1.441617797649816,0.5185185185185146,False,True,False,True
2026-07-24 14:33:32.804842,REZI,none,30592.0,38515.4,-0.2840909090909131,0.22208592495272997,1.3325155497163799,0.5882352941176495,False,False,True,True
2026-07-24 14:33:32.993969,LEN,none,89801.0,63828.4,-0.3913662239089164,0.0572288778959062,0.4,0.7021276595744661,False,False,True,True
2026-07-24 14:33:33.183362,BROS,none,28014.0,27754.6,-0.24798512089274116,0.13881840206516166,0.83291041239097,0.6666666666666272,False,False,True,True
2026-07-24 14:33:33.368536,ALK,none,83836.0,87247.8,-0.06447453255964139,0.16015102509367146,0.9609061505620288,0.17647058823529904,False,False,False,False
2026-07-24 14:33:33.553983,AOSL,none,8933.0,11655.4,-0.1566906925728634,0.1828623001963933,1.0971738011783598,0.23809523809523647,False,False,False,False
2026-07-24 14:33:33.740498,CSCO,none,374766.0,475885.4,-0.25362952597516725,0.07886831301271054,0.47320987807626325,0.5800000000000125,False,False,True,True
2026-07-24 14:33:33.919041,DHI,none,35601.0,33099.0,-0.3234019128879095,0.040066001509278075,0.4,0.7014925373134442,False,False,True,True
2026-07-24 14:33:34.108831,A,none,52868.0,34007.8,0.05048683736025472,0.05764911623946897,0.4,0.11475409836064199,False,False,False,False
2026-07-24 14:33:34.296014,MRNA,none,105915.0,118934.8,-0.42070605450887866,0.17091819535509986,1.0255091721305991,0.47916666666667806,False,False,True,True
2026-07-24 14:33:34.485817,AFRM,none,34446.0,55761.0,-0.15462468372223703,0.31102721886481416,1.8661633131888848,0.4399999999999977,False,False,False,True
2026-07-24 14:33:34.669048,MWH,none,58325.0,79715.2,-0.871143375680588,0.19783244805168332,1.1869946883101,0.7741935483870975,False,False,True,True
2026-07-24 14:33:34.864042,CEVA,none,15454.0,7753.4,0.0,0.18458764351251566,1.107525861075094,0.0,False,False,False,False
2026-07-24 14:33:35.050688,RIOT,none,291762.0,361455.6,-0.8643042350907488,0.351310622534641,2.107863735207846,0.7407407407407393,False,False,True,True
2026-07-24 14:33:35.239739,CVNA,none,258831.0,192445.4,0.24822108224391623,0.27815847572004637,1.6689508543202782,0.4285714285714228,False,False,False,True
2026-07-24 14:33:35.428395,IREN,none,1082248.0,1011061.0,-0.4674267650486138,0.5198604312690575,3.0,0.33981132075470855,False,False,False,True
2026-07-24 14:33:35.612456,HPE,none,282162.0,411696.4,-0.12399256044637791,0.3065667162963342,1.8394002977780053,0.15789473684211314,False,False,False,False
2026-07-24 14:33:35.796872,DAL,none,75841.0,148647.6,-0.175561797752799,0.16517715113538198,0.9910629068122918,0.4999999999999763,False,False,True,True
2026-07-24 14:33:35.985097,RBLX,none,83813.0,92940.8,0.2286902286902275,0.207637247675684,1.245823486054104,0.47826086956520664,False,True,False,True
2026-07-24 14:33:36.237778,IVZ,none,220296.0,119591.2,0.033266799733870804,0.18703763692912578,1.1222258215747547,0.08333333333334567,False,False,False,False
2026-07-24 14:33:36.413115,JOBY,none,2893368.0,2857559.2,-0.417246175243397,0.4895225784272718,2.937135470563631,0.6000000000000071,False,False,False,True
2026-07-24 15:03:37.268419,AMAT,none,128820.0,109651.0,-1.2044211067454826,0.193974710564502,1.163848263387012,0.8586387434554917,False,False,True,True
2026-07-24 15:03:37.452163,LITE,none,114866.0,115184.0,-0.9718399048837517,0.2917224079909546,1.7503344479457277,0.8545454545454458,False,False,True,True
2026-07-24 15:03:37.631952,ALAB,none,66115.0,48003.0,-1.028475711892795,0.24493422923787503,1.4696053754272502,0.7506112469437682,False,False,True,True
2026-07-24 15:03:37.820454,STX,none,294364.0,262473.8,-1.4773417011188963,0.2689601379137723,1.613760827482634,0.7856272838002512,False,False,True,True
2026-07-24 15:03:38.006782,CIEN,none,74673.0,41842.8,-0.6730229949523241,0.3705803197992115,2.2234819187952692,0.6717557251908448,False,False,True,True
2026-07-24 15:03:38.194917,AMD,none,728010.0,663375.6,-1.0651888033063985,0.23052169380761398,1.3831301628456838,0.8539156626505834,False,False,True,True
2026-07-24 15:03:38.379853,MPWR,none,14462.0,14045.8,-0.6995398351137835,0.12456534000398346,0.7473920400239008,0.7107250755287066,False,False,True,True
2026-07-24 15:03:38.565759,SIMO,none,30363.0,22369.4,-1.2665098606839151,0.15148887747173004,0.9089332648303803,0.627240143369171,False,False,True,True
2026-07-24 15:03:38.756401,BE,SELL,1311461.0,545863.6,-4.056366381479619,0.44657047719532955,2.679422863171977,0.9056179775280896,True,False,True,True
2026-07-24 15:03:42.455999,ISRG,none,175948.0,139404.0,0.026627218934903843,0.16559519324914776,0.9935711594948866,0.11392405063287678,False,False,False,False
2026-07-24 15:03:42.635020,CRDO,none,97562.0,125529.4,-1.4657232126447335,0.13816060901314192,0.8289636540788515,0.848404255319144,False,False,True,True
2026-07-24 15:03:42.822707,ENTG,none,35192.0,28291.0,-0.9732360097323609,0.09965942156617313,0.5979565293970388,0.7950310559006292,False,False,True,True
2026-07-24 15:03:43.008169,MXL,none,296661.0,253048.8,-0.6139249337240097,0.4512968849904411,2.707781309942647,0.32352941176470096,False,False,True,True
2026-07-24 15:03:43.192597,NBIS,none,931790.0,661328.6,-2.816761715844288,0.7456693797953649,3.0,0.9403973509933798,False,False,True,True
2026-07-24 15:03:43.382017,KLAC,none,233976.0,211656.6,-0.933220784093045,0.14909125415710675,0.8945475249426404,0.7007042253521151,False,False,True,True
2026-07-24 15:03:43.579985,AMKR,none,176351.0,160672.4,-1.2775126981683829,0.16851608767277174,1.0110965260366305,0.8556701030927828,False,False,True,True
2026-07-24 15:03:43.770524,DELL,none,183668.0,122219.4,-1.3954842756025487,0.19327337224247954,1.1596402334548772,0.9453717754172971,False,False,True,True
2026-07-24 15:03:43.954110,AEHR,none,123377.0,71669.2,-2.096130707364956,0.392481611720509,2.354889670323054,0.9457142857142864,False,False,True,True
2026-07-24 15:03:44.144372,MRVL,none,409504.0,393227.2,-1.2126439697600155,0.14364498398998238,0.8618699039398943,0.8327526132404302,False,False,True,True
2026-07-24 15:03:44.331558,HOOD,none,618163.0,626864.2,-0.30360134003349254,0.4370702424604013,2.622421454762408,0.4833333333333246,False,False,False,True
2026-07-24 15:03:44.517518,RCL,none,94004.0,78564.6,0.1385931109083004,0.09197094406206548,0.5518256643723929,0.35042735042738404,False,True,False,True
2026-07-24 15:03:44.700150,ARM,none,136839.0,129595.2,-1.1430498819473116,0.2442198888873892,1.4653193333243353,0.8402203856749353,False,False,True,True
2026-07-24 15:03:44.891103,NXT,SELL,204886.0,84425.6,-0.5592170960655105,0.17660562997809048,1.059633779868543,0.49122807017544035,True,False,True,True
2026-07-24 15:03:50.607544,INTC,none,6631251.0,5254557.2,-1.4995313964386106,0.2392460330253994,1.4354761981523965,0.7619047619047604,False,False,True,True
2026-07-24 15:03:50.790371,APTV,none,40578.0,43548.0,-0.43898156277436345,0.11121207724885858,0.6672724634931515,0.9615384615384689,False,False,True,True
2026-07-24 15:03:50.977246,APO,none,117366.0,61531.6,0.14820913956360032,0.11762065409121254,0.7057239245472753,0.2769230769230631,False,True,False,False
2026-07-24 15:03:51.162880,UAL,none,70497.0,102362.0,-0.46916890080429147,0.13466250552837164,0.8079750331702298,0.6829268292683012,False,False,True,True
2026-07-24 15:03:51.349804,ASTS,none,264062.0,252574.0,-0.7566426183353857,0.3816597738639577,2.289958643183746,0.682539682539687,False,False,True,True
2026-07-24 15:03:51.539120,ARWR,none,103848.0,57154.6,0.06982833866744519,0.07744201187990281,0.4646520712794169,0.11764705882353269,False,False,False,False
2026-07-24 15:03:51.728741,GTLB,none,91618.0,95560.4,-0.3854802441374797,0.1921355234967507,1.1528131409805042,0.6666666666666535,False,False,True,True
2026-07-24 15:03:51.915871,VSAT,none,22129.0,31777.4,-1.0798837048317889,0.13079195990409268,0.7847517594245561,1.0,False,False,True,True
2026-07-24 15:03:52.103697,QNT,none,29533.0,39975.2,-1.0702215546376272,0.2815372938084803,1.6892237628508817,0.7215189873417733,False,False,True,True
2026-07-24 15:03:52.292555,VSH,none,91294.0,92589.8,-0.778412039439536,0.21010082642326985,1.260604958539619,0.8571428571428455,False,False,True,True
2026-07-24 15:03:52.473141,TEAM,none,182270.0,131311.4,0.8548009367681378,0.15288287301871842,0.9172972381123106,0.8588235294117584,False,True,False,True
2026-07-24 15:03:52.652651,REZI,none,33689.0,38279.0,-0.2564102564102661,0.1509959030739083,0.9059754184434499,0.45000000000002666,False,False,True,True
2026-07-24 15:03:52.838128,LEN,none,58807.0,67253.4,0.1667262117422896,0.10468828053033402,0.6281296831820041,0.3589743589743599,False,True,False,True
2026-07-24 15:03:53.022546,BROS,none,23917.0,26588.8,-0.24852438645541566,0.14427941183731835,0.8656764710239101,0.5925925925925887,False,False,True,True
2026-07-24 15:03:53.206027,ALK,none,65241.0,80443.4,-0.43010752688172654,0.1460476502398381,0.8762859014390285,0.8000000000000114,False,False,True,True
2026-07-24 15:03:53.395114,AOSL,none,21862.0,15261.4,0.5028284098051544,0.1622047308730992,0.9732283852385952,0.3404255319148947,False,True,False,True
2026-07-24 15:03:53.577950,CSCO,none,400935.0,419092.6,-0.526085050416479,0.07435627494424525,0.44613764966547154,0.7792207792207615,False,False,True,True
2026-07-24 15:03:53.817835,DHI,none,45610.0,32953.0,0.12427506213753578,0.07566135967959543,0.4539681580775726,0.4186046511628276,False,True,False,True
2026-07-24 15:03:54.002254,A,none,33863.0,37748.4,-0.07211885186787416,0.061255665674987164,0.4,0.21276595744679694,False,False,True,False
2026-07-24 15:03:54.186794,MRNA,none,117228.0,111087.8,-0.33076074972436553,0.18001933562546557,1.0801160137527934,0.5454545454545474,False,False,True,True
2026-07-24 15:03:54.371801,AFRM,none,32682.0,61882.6,-0.2956913545480059,0.24614249041963596,1.4768549425178157,0.7241379310344456,False,False,True,True
2026-07-24 15:03:54.556717,MWH,none,103890.0,87023.4,-0.6593406593406583,0.3191538138635875,1.914922883181525,0.4864864864864844,False,False,True,True
2026-07-24 15:03:54.745060,CEVA,none,6543.0,9474.4,-0.13583265417007406,0.08109592285016687,0.4865755371010012,0.15151515151516523,False,False,True,False
2026-07-24 15:03:54.932719,RIOT,none,428885.0,362191.4,-0.719895287958127,0.3385991793165473,2.031595075899284,0.7500000000000161,False,False,True,True
2026-07-24 15:03:55.118894,CVNA,none,244511.0,241239.2,-0.4291845493562199,0.2754879184116752,1.6529275104700512,0.519999999999996,False,False,True,True
2026-07-24 15:03:55.306316,IREN,none,1053532.0,1122137.2,-0.9321857068336084,0.3127212972077434,1.8763277832464604,0.776956521739141,False,False,True,True
2026-07-24 15:03:55.494618,HPE,none,346030.0,361091.0,-1.200331125827811,0.2624741334941099,1.5748448009646596,0.8923076923076819,False,False,True,True
2026-07-24 15:03:55.691253,DAL,none,73477.0,134904.0,-0.32825322391559336,0.13022262297334153,0.7813357378400492,0.6999999999999929,False,False,True,True
2026-07-24 15:03:55.877789,RBLX,none,103942.0,82821.0,-0.39402737453338393,0.2147220830600629,1.2883324983603774,0.7307692307692076,False,False,True,True
2026-07-24 15:03:56.062061,IVZ,none,63937.0,132049.6,-0.2993016295310936,0.14850496856521264,0.8910298113912758,0.6428571428571392,False,False,True,True
2026-07-24 15:03:56.248288,JOBY,none,2615114.0,2471223.4,-0.5586592178770955,0.3954357441468929,2.3726144648813574,0.6666666666666716,False,False,True,True
2026-07-24 15:33:57.038932,AMAT,none,179377.0,128322.2,-0.5166325961717102,0.3332165358184287,1.9992992149105722,0.5914893617021161,False,False,True,True
2026-07-24 15:33:57.228298,LITE,none,201581.0,123821.4,-0.48268214728327336,0.3458277866481117,2.0749667198886703,0.4490291262135835,False,False,True,True
2026-07-24 15:33:57.465893,ALAB,none,54636.0,61031.4,0.06432392172794289,0.31863746667574455,1.9118248000544673,0.06834532374100705,False,False,False,False
2026-07-24 15:33:57.652221,STX,none,396235.0,288999.8,-1.8524329161291886,0.3190677892382898,1.914406735429739,0.865363735070575,False,False,True,True
2026-07-24 15:33:57.841912,CIEN,none,80113.0,61716.2,-0.32583318367241754,0.3562863262962561,2.1377179577775367,0.39076923076922515,False,False,False,True
2026-07-24 15:33:58.029280,AMD,none,1067975.0,717989.6,-0.3284352811633858,0.30873078100121504,1.8523846860072903,0.29421768707483326,False,False,True,False
2026-07-24 15:33:58.215379,MPWR,none,36373.0,18756.0,-0.5076142131979675,0.18476433507933934,1.108586010476036,0.6996904024767734,False,False,True,True
2026-07-24 15:33:58.399069,SIMO,none,46389.0,25923.0,-0.25355528607650674,0.301212233819571,1.807273402917426,0.14712153518123627,False,False,False,False
2026-07-24 15:33:58.585272,BE,none,900708.0,655143.6,-1.457787100157316,0.9715591746352902,3.0,0.70737913486005,False,False,True,True
2026-07-24 15:33:58.771288,ISRG,none,173271.0,150824.0,-0.062117312982512364,0.08136234008680852,0.4881740405208511,0.1981132075471501,False,False,False,False
2026-07-24 15:33:58.957574,CRDO,none,173116.0,128650.8,-0.8439408775120074,0.3165443979368486,1.8992663876210916,0.6678966789667885,False,False,True,True
2026-07-24 15:33:59.144561,ENTG,none,47932.0,37705.4,-0.4990403071017318,0.21779036966852616,1.306742218011157,0.8666666666666742,False,False,True,True
2026-07-24 15:33:59.325070,MXL,none,194487.0,244841.0,-0.8562605277933738,0.33702098330322444,2.0221258998193465,0.5922330097087367,False,False,True,True
2026-07-24 15:33:59.509576,NBIS,none,1259736.0,722827.4,-1.8318195734258615,0.9632240158855501,3.0,0.8930348258706453,False,False,True,True
2026-07-24 15:33:59.697981,KLAC,none,317726.0,267316.8,-0.6103619588360502,0.25814236909613025,1.5488542145767816,0.6683937823834132,False,False,True,True
2026-07-24 15:33:59.884485,AMKR,none,243966.0,170762.0,-0.34294621979735923,0.33298525829773534,1.9979115497864122,0.44000000000001194,False,False,True,True
2026-07-24 15:34:00.076833,DELL,none,170333.0,141559.2,-0.4815992730577021,0.2523816776820818,1.514290066092491,0.5247524752475307,False,False,True,True
2026-07-24 15:34:00.271916,AEHR,none,112433.0,83605.0,-0.5202947259565711,0.6017807072057033,3.0,0.46802325581395776,False,False,False,True
2026-07-24 15:34:00.455341,MRVL,none,517986.0,473171.8,-0.3236911062015082,0.30799366555321805,1.8479619933193083,0.41176470588234965,False,False,True,True
2026-07-24 15:34:00.643072,HOOD,none,703669.0,619201.2,-0.46208779668136707,0.3725354438189925,2.235212662913955,0.5,False,False,True,True
2026-07-24 15:34:00.833279,RCL,none,95246.0,85352.0,-0.6683093124514671,0.04280088831708919,0.4,0.8839285714285731,False,False,True,True
2026-07-24 15:34:01.020437,ARM,none,217343.0,150316.4,-0.4321619470033144,0.3232145744709483,1.93928744682569,0.4913793103448356,False,False,True,True
2026-07-24 15:34:01.207593,NXT,none,77149.0,89417.0,-0.30147723846850705,0.1314001748240718,0.7884010489444307,0.2752293577981783,False,False,True,False
2026-07-24 15:34:01.392535,INTC,none,6419693.0,5531116.4,-0.8456659619450287,0.29840171730355053,1.7904103038213033,0.77669902912621,False,False,True,True
2026-07-24 15:34:01.579238,APTV,none,97205.0,64575.8,-0.10582010582010982,0.15809676424710964,0.9485805854826579,0.2608695652173967,False,False,False,False
2026-07-24 15:34:01.765265,APO,none,79191.0,71955.4,0.024664967524460363,0.07543163212561212,0.4525897927536727,0.05660377358490768,False,False,False,False
2026-07-24 15:34:01.947389,UAL,none,83328.0,81377.8,-0.050500799595995516,0.16161362391902587,0.9696817435141551,0.13043478260870237,False,False,False,False
2026-07-24 15:34:02.134682,ASTS,none,357113.0,277096.0,-0.6822612085769946,0.28716145382495034,1.7229687229497022,0.6209677419354832,False,False,True,True
2026-07-24 15:34:02.316276,ARWR,none,94663.0,67475.2,0.2907483863464558,0.05227975842713095,0.4,0.4901960784313813,False,True,False,True
2026-07-24 15:34:02.495300,GTLB,none,165320.0,95961.8,0.5482102547565242,0.11256631522500136,0.6753978913500082,0.6538461538461517,False,True,False,True
2026-07-24 15:34:02.682670,VSAT,none,46072.0,31093.6,-0.055959709009521894,0.19845423510310214,1.190725410618613,0.05405405405406184,False,False,False,False
2026-07-24 15:34:02.874716,QNT,none,29280.0,41127.8,0.113851992409858,0.24409795863678788,1.4645877518207273,0.1363636363636239,False,False,False,False
2026-07-24 15:34:03.062686,VSH,none,176848.0,108977.8,-0.5227391531625608,0.26722383077544193,1.6033429846526515,0.5405405405405224,False,False,True,True
2026-07-24 15:34:03.253234,TEAM,none,163361.0,146585.0,0.2553092723685724,0.24248315446002258,1.4548989267601355,0.32835820895522133,False,True,False,True
2026-07-24 15:34:03.436748,REZI,none,21438.0,32688.0,-0.08581235697940828,0.1654983088806625,0.9929898532839749,0.17647058823529904,False,False,False,False
2026-07-24 15:34:03.624986,LEN,none,78923.0,86014.0,0.04754546535124956,0.1226152165030784,0.7356912990184704,0.1428571428571646,False,False,False,False
2026-07-24 15:34:03.816403,BROS,none,30146.0,29300.2,-0.2645502645502672,0.12917683989693227,0.7750610393815935,0.6296296296296121,False,False,True,True
2026-07-24 15:34:04.000707,ALK,none,83701.0,79301.2,-0.19442644199610348,0.17862529834925003,1.0717517900955003,0.473684210526302,False,False,True,True
2026-07-24 15:34:04.186297,AOSL,SELL,49473.0,22587.4,-1.0006253908692941,0.19904641011113222,1.1942784606667933,0.9142857142857114,True,False,True,True
2026-07-24 15:34:11.409969,CSCO,none,345145.0,404823.8,0.1145778247840734,0.14745943219972882,0.884756593198373,0.32500000000001955,False,False,False,True
2026-07-24 15:34:11.598096,DHI,none,38466.0,36624.2,-0.07583591864875121,0.09637387003585139,0.5782432202151083,0.37931034482764364,False,False,False,True
2026-07-24 15:34:11.784793,A,none,45909.0,38367.0,0.03608805485383107,0.04563589444124824,0.4,0.09259259259256238,False,False,False,False
2026-07-24 15:34:11.970603,MRNA,none,110926.0,115124.8,0.11055831951353448,0.18334844290737484,1.100090657444249,0.17142857142855691,False,False,False,False
2026-07-24 15:34:12.159454,AFRM,none,114530.0,51751.6,0.014130281192602963,0.13810437544100757,0.8286262526460454,0.025000000000012436,True,False,False,False
2026-07-24 15:34:12.448756,MWH,none,115494.0,122297.6,-0.4053058216654364,0.357256414780258,2.143538488681548,0.478260869565214,False,False,True,True
2026-07-24 15:34:12.634944,CEVA,none,14739.0,15889.2,-0.6518196632265127,0.08577008882632574,0.5146205329579544,0.5217391304347859,False,False,True,True
2026-07-24 15:34:12.819295,RIOT,none,563058.0,376284.8,-0.6152493957372032,0.33640262712270513,2.0184157627362307,0.4000000000000041,False,False,True,True
2026-07-24 15:34:13.007145,CVNA,none,413302.0,249066.0,-0.39787798408488395,0.1932823344645382,1.1596940067872292,0.5454545454545527,False,False,True,True
2026-07-24 15:34:13.193612,IREN,none,1557173.0,1157130.4,-0.8160042116346466,0.28495882556050606,1.7097529533630365,0.5349439171699752,False,False,True,True
2026-07-24 15:34:13.376685,HPE,none,288606.0,324832.0,-0.16753926701570324,0.2995633402805799,1.7973800416834793,0.3199999999999932,False,False,False,True
2026-07-24 15:34:13.561673,DAL,none,131442.0,103279.8,0.035285815102330205,0.13840363507063144,0.8304218104237886,0.10714285714286077,False,False,False,False
2026-07-24 15:34:13.747356,RBLX,none,65914.0,80496.2,0.02082465639316537,0.16640367484326135,0.9984220490595681,0.06249999999998612,False,False,False,False
2026-07-24 15:34:13.934344,IVZ,none,143677.0,134619.4,-0.40026684456304534,0.06650594902283559,0.4,0.8571428571428608,False,False,True,True
2026-07-24 15:34:14.185681,JOBY,none,1833301.0,2171951.4,-0.42075736325386043,0.3265085767560378,1.9590514605362266,0.5000000000000074,False,False,True,True
2026-07-24 16:04:14.975240,AMAT,none,321801.0,186751.4,-0.22976481796275533,0.40138251265693653,2.408295075941619,0.202302631578949,False,False,False,False
2026-07-24 16:04:15.167895,LITE,none,161721.0,134364.8,-0.6009347874471294,0.3317014683831137,1.9902088102986824,0.488297872340418,False,False,True,True
2026-07-24 16:04:15.347573,ALAB,none,147544.0,93762.4,-0.31463563163949076,0.24108897762508097,1.4465338657504858,0.15525876460768037,False,False,True,False
2026-07-24 16:04:15.541780,STX,none,445122.0,325754.8,-0.046150023075023375,0.5799056950543039,3.0,0.03087885985749012,False,False,False,False
2026-07-24 16:04:15.742134,CIEN,none,117862.0,73698.8,-0.42691081164488437,0.2563813126558632,1.5382878759351795,0.40786240786240074,False,False,True,True
2026-07-24 16:04:15.936052,AMD,none,1048618.0,784385.8,-0.4969156956819765,0.34354756747877113,2.061285404872627,0.31071428571428816,False,False,True,True
2026-07-24 16:04:16.115147,MPWR,none,41731.0,26109.2,0.03460155556558773,0.2450601201928291,1.4703607211569747,0.03402366863905599,False,False,False,False
2026-07-24 16:04:16.296076,SIMO,none,18966.0,29678.8,-0.1220278815220146,0.27563952597856023,1.6538371558713614,0.08776595744680449,False,False,False,False
2026-07-24 16:04:16.484351,BE,none,984680.0,823939.0,-1.2870286656384553,1.1287161002721595,3.0,0.6740947075208873,False,False,True,True
2026-07-24 16:04:16.668412,ISRG,none,186972.0,166365.4,0.2990023387311616,0.04541892928759774,0.4,0.612121212121194,False,True,False,True
2026-07-24 16:04:16.853574,CRDO,none,193674.0,141394.2,-0.04229720838424824,0.4018123347881268,2.4108740087287606,0.022443890274315117,False,False,False,False
2026-07-24 16:04:17.040666,ENTG,none,134379.0,72557.8,-0.239179075688606,0.2971784562825363,1.7830707376952177,0.19018404907975653,False,False,False,False
2026-07-24 16:04:17.225701,MXL,none,487305.0,324553.0,-2.564829247555602,0.4017851748909776,2.4107110493458657,0.8379629629629588,False,False,True,True
2026-07-24 16:04:17.416717,NBIS,none,889530.0,850498.8,-0.11430352782251721,0.9853517258893435,3.0,0.08979591836734689,False,False,False,False
2026-07-24 16:04:17.605527,KLAC,none,593258.0,356340.0,-0.2903102988768388,0.34278171815556396,2.056690308933384,0.21034482758621117,False,False,False,False
2026-07-24 16:04:17.791193,AMKR,none,221727.0,186118.0,0.21892103205629485,0.3594351464583412,2.156610878750047,0.15053763440860396,False,False,False,False
2026-07-24 16:04:17.977248,DELL,none,185945.0,143208.2,-0.7761139517896223,0.3296577478556448,1.9779464871338686,0.5329153605015642,False,False,True,True
2026-07-24 16:04:18.160213,AEHR,none,128171.0,108688.0,-0.4942125113798874,0.5949802853888221,3.0,0.29230769230768944,False,False,False,False
2026-07-24 16:04:18.348428,MRVL,none,1067744.0,603373.8,-0.25750630890456816,0.3585785774680657,2.1514714648083944,0.151515151515151,False,False,False,False
2026-07-24 16:04:18.536588,HOOD,none,786163.0,698787.8,-0.48528325772761677,0.22992817766043336,1.3795690659626,0.47916666666667096,False,False,True,True
2026-07-24 16:04:18.723634,RCL,none,110135.0,128222.2,-0.7269021739130389,0.14405645610403042,0.8643387366241826,0.84920634920635,False,False,True,True
2026-07-24 16:04:18.906573,ARM,none,224807.0,174200.2,-0.5592968839173498,0.38345203970121045,2.3007122382072627,0.4362017804154209,False,False,True,True
2026-07-24 16:04:19.090144,NXT,none,80606.0,110850.2,0.2417648836506589,0.17333548731574008,1.0400129238944404,0.38095238095239814,False,True,False,True
2026-07-24 16:04:19.274854,INTC,none,9574217.0,6558049.6,-0.8956178697089278,0.4272336411936146,2.5634018471616877,0.451612903225805,False,False,True,True
2026-07-24 16:04:19.463005,APTV,none,121822.0,84749.4,-0.3531073446327734,0.13185840467541785,0.791150428052507,0.6451612903225998,False,False,True,True
2026-07-24 16:04:19.655510,APO,none,83537.0,101596.2,0.45200525969756505,0.03842403899372432,0.4,0.8333333333333334,False,True,False,True
2026-07-24 16:04:19.840351,UAL,none,105282.0,90165.6,-1.01877578513092,0.10613088503966644,0.6367853102379987,0.9527559055118091,False,False,True,True
2026-07-24 16:04:20.028309,ASTS,none,413224.0,325260.0,0.1605136436597045,0.2765377298548042,1.659226379128825,0.16901408450703342,False,False,False,False
2026-07-24 16:04:20.208131,ARWR,none,85949.0,75535.6,-0.6435901895981824,0.06785708319498117,0.407142499169887,0.5549999999999926,False,False,True,True
2026-07-24 16:04:20.390881,GTLB,none,103162.0,111310.6,-0.4169339320076941,0.1716974247379366,1.0301845484276195,0.6499999999999974,False,False,True,True
2026-07-24 16:04:20.577263,VSAT,none,41265.0,36637.0,-0.013997760358329935,0.20316340856525708,1.2189804513915425,0.02083333333331483,False,False,False,False
2026-07-24 16:04:20.766091,QNT,none,79002.0,40412.0,-0.37900322152738836,0.23803416707442518,1.4282050024465511,0.35087719298246095,False,False,True,True
2026-07-24 16:04:20.948896,VSH,none,165183.0,128020.0,-0.10515247108306822,0.29431786595007825,1.7659071957004695,0.09756097560975314,False,False,False,False
2026-07-24 16:04:21.131642,TEAM,none,176818.0,157734.8,-0.06945248292626724,0.23986225897176083,1.439173553830565,0.13636363636364224,False,False,False,False
2026-07-24 16:04:21.314505,REZI,none,60892.0,37115.2,-0.6580829756795535,0.10438558708009792,0.6263135224805875,0.5609756097561022,False,False,True,True
2026-07-24 16:04:21.502615,LEN,none,135574.0,84071.8,0.08314526665875685,0.10093965016707594,0.6056379010024556,0.20588235294119614,False,False,False,False
2026-07-24 16:04:21.691384,BROS,none,72742.0,39346.0,0.23393636930753503,0.126843295316404,0.761059771898424,0.35714285714284144,False,True,False,True
2026-07-24 16:04:21.879634,ALK,none,122871.0,105390.4,-0.865800865800878,0.11483475023957856,0.6890085014374714,0.8510638297872481,False,False,True,True
2026-07-24 16:04:22.069679,AOSL,none,32858.0,25421.2,-1.1998736975055337,0.276690748874552,1.6601444932473117,0.6909090909090947,False,False,True,True
2026-07-24 16:04:22.256588,CSCO,none,652979.0,492065.6,0.035205069530005316,0.1490487335292866,0.8942924011757196,0.06349206349205132,False,False,False,False
2026-07-24 16:04:22.586989,DHI,none,52520.0,45947.8,0.05518763796908394,0.0872521489456994,0.5235128936741964,0.24242424242420588,False,False,False,False
2026-07-24 16:04:22.771431,A,none,46127.0,43809.8,0.23096355106459268,0.02644895734699333,0.4,0.6274509803921546,False,True,False,True
2026-07-24 16:04:22.958313,MRNA,none,134367.0,129283.4,0.01840603718020452,0.14367085395779644,0.8620251237467786,0.038461538461558434,False,False,False,False
2026-07-24 16:04:23.146810,AFRM,none,74825.0,63874.6,-0.12704686617730576,0.0774077199104743,0.46444631946284587,0.26470588235294856,False,False,True,False
2026-07-24 16:04:23.329419,MWH,none,314203.0,154686.6,0.5917159763313615,0.3226316427811138,1.9357898566866827,0.296296296296297,True,True,False,False
2026-07-24 16:04:23.516140,CEVA,SELL,34234.0,16543.8,-0.6854949273375377,0.13127538623276447,0.7876523173965868,0.4629629629629637,True,False,True,True
2026-07-24 16:04:26.212120,RIOT,none,438184.0,434467.4,-0.7073386383731217,0.36657481979767975,2.1994489187860786,0.5333333333333389,False,False,True,True
2026-07-24 16:04:26.403321,CVNA,none,267902.0,291821.8,-0.4491765097321511,0.17921393594750334,1.07528361568502,0.47368421052630855,False,False,True,True
2026-07-24 16:04:26.585271,IREN,none,1493727.0,1360510.2,-0.6104033970275926,0.36926944725281147,2.2156166835168687,0.46938775510203934,False,False,True,True
2026-07-24 16:04:26.776212,HPE,none,338589.0,319117.0,-0.16782043213760917,0.24864382554831535,1.4918629532898922,0.25806451612903075,False,False,False,False
2026-07-24 16:04:26.969499,DAL,none,163467.0,138308.6,-0.39971784622619727,0.08985013946178709,0.5391008367707225,0.9189189189189522,False,False,True,True
2026-07-24 16:04:27.155825,RBLX,none,99685.0,106934.6,-0.6870705808869421,0.1072570432694628,0.6435422596167768,0.9166666666666634,False,False,True,True
2026-07-24 16:04:27.336682,IVZ,none,131299.0,153480.4,0.033489618218357546,0.12213921230466829,0.7328352738280097,0.1428571428571646,False,False,False,False
2026-07-24 16:04:27.526684,JOBY,none,1936397.0,2200718.6,-0.9859154929577381,0.23277712606239218,1.396662756374353,0.6999999999999902,False,False,True,True
