timestamp,symbol,signal,volume,mean_volume,current_pct,price_threshold,trail_stop_pct,body_ratio,green_volume,green_price,red_price,green_body
2026-07-28 01:02:41.252168,AMAT,BUY,235290.0,316815.9166666667,1.654957064793134,1.215926709473465,3.0,0.8769389865563603,True,True,False,True
2026-07-28 01:02:41.470250,LITE,none,106236.0,193930.4,1.1161654452026009,3.21781911192852,3.0,0.7636887608069232,False,False,False,True
2026-07-28 01:02:41.679238,ALAB,none,108808.0,188331.93333333332,1.6755385659676314,3.9340582028304496,3.0,0.8916349809885943,True,False,False,True
2026-07-28 01:02:41.877815,STX,none,261056.0,288915.26666666666,1.2968761557237722,4.305971991217802,3.0,0.8832913518052161,True,False,False,True
2026-07-28 01:02:42.166164,CIEN,none,29626.0,65888.16666666667,0.773839911868231,0.41298353426719203,3.0,0.659038901601829,False,True,False,True
2026-07-28 01:02:42.379176,AMD,none,1205848.0,1393765.5333333334,1.3744017670879918,1.8190334156878958,3.0,0.9032258064516169,False,False,False,True
2026-07-28 01:02:42.563671,MPWR,none,25099.0,48717.333333333336,1.4745866688882683,2.7287131301250005,3.0,0.9258202567760367,False,False,False,True
2026-07-28 01:02:42.749883,SIMO,none,44056.0,65175.75,0.7739105243554213,5.798416988541316,2.4850358522319924,0.5789473684210508,False,False,False,True
2026-07-28 01:02:42.946703,BE,none,777198.0,627114.0,1.3143776824034272,2.722284409445834,3.0,0.3351573187414484,False,False,False,False
2026-07-28 01:02:43.145926,ISRG,none,262572.0,221668.08333333334,-0.22985283812193222,0.9939411996301495,0.8696985496763808,0.532467532467521,False,False,False,True
2026-07-28 01:02:43.327315,CRDO,none,161817.0,207317.91666666666,1.7111003393116824,3.3747726559004154,3.0,0.9438502673796771,False,False,False,True
2026-07-28 01:02:43.507541,ENTG,none,77123.0,90606.57142857143,1.7108433734939723,1.0863577619249474,2.8969540317998597,0.9424778761061965,False,True,False,True
2026-07-28 01:02:43.742057,MXL,none,346567.0,352187.25,3.233908948194666,2.955004607526117,3.0,0.9581395348837258,False,True,False,True
2026-07-28 01:02:43.944877,NBIS,none,657161.0,961175.3333333334,1.7278962198947312,2.811438435784437,1.6868630614706621,0.6989247311827949,False,False,False,True
2026-07-28 01:02:44.149301,KLAC,none,610193.0,713381.9166666666,1.773682124455006,4.6910156498253555,3.0,0.9274611398963725,False,False,False,True
2026-07-28 01:02:44.353783,AMKR,none,287892.0,446629.9,1.2368073878627968,3.154496986331622,2.703854559712819,0.8928571428571468,False,False,False,True
2026-07-28 01:02:44.559348,DELL,none,205038.0,222088.86666666667,1.0049176822749668,2.3454371978118265,2.814524637374192,0.7891791044776133,False,False,False,True
2026-07-28 01:02:44.744423,AEHR,none,109211.0,127594.13333333333,2.371594164279511,4.617738673205672,3.0,0.7987077088755213,False,False,False,True
2026-07-28 01:02:44.936946,MRVL,none,665118.0,864201.0,1.0040907400520718,0.5769793763958802,3.0,0.879069767441865,False,True,False,True
2026-07-28 01:02:45.138237,HOOD,none,684403.0,649305.5714285715,0.6654695257209206,0.2273208965318549,0.9092835861274196,0.6631578947368453,False,True,False,False
2026-07-28 01:02:45.342391,RCL,none,336639.0,215389.13333333333,1.639232988291207,2.722576774245369,2.3822546774646978,0.9113207547169869,False,False,False,True
2026-07-28 01:02:45.546670,ARM,none,212186.0,249885.46666666667,1.6287388690159184,4.310327887200305,2.1551639436001526,0.9284164859002206,False,False,False,True
2026-07-28 01:02:45.746827,NXT,none,56304.0,89542.2,0.8714383628708515,1.9747222058299017,1.184833323497941,0.9270833333333263,False,False,False,True
2026-07-28 01:02:45.933986,INTC,none,6278759.0,5146288.4,0.9948617032906927,2.565625638364881,2.2449224335692706,0.8425925925925908,False,False,False,True
2026-07-28 01:02:46.127997,APTV,none,41152.0,69360.26666666666,0.5807814149947171,0.6257940543558264,1.4601861268302616,1.0,False,False,False,True
2026-07-28 01:02:46.330535,APO,none,80151.0,164207.53333333333,-0.040228497867898755,1.3937923385665054,0.5226721269624395,0.14285714285717185,False,False,False,False
2026-07-28 01:02:46.531297,UAL,none,142227.0,152273.8,0.5890272635476295,0.9503593371616899,0.4751796685808449,0.6730769230769218,False,False,False,False
2026-07-28 01:02:46.720078,ASTS,none,275436.0,283859.71428571426,0.9579378211268906,0.3564603311268767,2.13876198676126,0.7544581618655686,False,True,False,True
2026-07-28 01:02:46.902228,ARWR,none,115302.0,89369.42857142857,0.9178575578017966,1.8939554321310936,1.8939554321310936,0.658333333333337,False,False,False,True
2026-07-28 01:02:47.101946,GTLB,none,157182.0,185790.8,-0.955794504181602,0.3749654410152435,2.249792646091461,0.7111111111111073,False,False,True,True
2026-07-28 01:02:47.284249,VSAT,none,38704.0,64847.2,0.6837377664566173,1.969541618738958,2.757358266234541,0.6623376623376539,False,False,False,False
2026-07-28 01:02:47.492935,QNT,none,78626.0,64289.142857142855,0.7469833365255709,1.2671632655693519,1.689551020759136,0.3391304347826096,False,False,False,False
2026-07-28 01:02:47.683429,VSH,none,157735.0,210032.46666666667,2.031850631521128,4.2988379937636205,3.0,0.9610389610389505,False,False,False,True
2026-07-28 01:02:47.873975,TEAM,none,244133.0,306030.5714285714,-2.134208906217934,1.3327607195450466,2.2212678659084113,0.8739495798319286,False,False,True,True
2026-07-28 01:02:48.074811,REZI,none,143357.0,65381.13333333333,0.0,1.6345816704040763,1.9614980044848918,0.0,True,False,False,False
2026-07-28 01:02:48.276454,LEN,none,72578.0,93559.26666666666,-0.02352387673488123,1.0299300726671177,0.8827972051432437,0.05555555555554459,False,False,False,False
2026-07-28 01:02:48.478784,BROS,none,95397.0,130576.33333333333,-0.22817158503193108,1.602135215566233,0.6008007058373374,0.46874999999998335,False,False,False,False
2026-07-28 01:02:48.668354,ALK,none,143125.0,123942.83333333333,0.4946236559139718,1.6184073284368072,1.6184073284368072,0.5749999999999942,False,False,False,True
2026-07-28 01:02:48.854471,AOSL,none,14892.0,36584.8,2.17173404610758,4.52400564504388,1.938859562161663,1.0,False,False,False,True
2026-07-28 01:02:49.042418,CSCO,none,412215.0,486174.0833333333,0.12228142195825013,1.3992471321336457,1.3992471321336457,0.4117647058823505,True,False,False,False
2026-07-28 01:02:49.240028,DHI,none,56440.0,81740.33333333333,-0.033990482664842246,1.0123975344863976,0.8677693152740551,0.111111111111069,False,False,False,False
2026-07-28 01:02:49.443093,A,none,52332.0,62059.28571428572,-0.028966615975082946,0.19583714702513796,0.4,0.13793103448273497,False,False,False,False
2026-07-28 01:02:49.638054,MRNA,none,152879.0,201406.58333333334,0.4871887405268784,0.558998424744647,1.9564944866062646,0.8709677419354847,False,False,False,True
2026-07-28 01:02:49.827161,AFRM,none,91007.0,161804.6,0.04107900862659337,0.31831361241305794,2.2281952868914057,0.07692307692307973,False,False,False,False
2026-07-28 01:02:50.011960,MWH,none,80268.0,106357.0,0.6428571428571418,1.9747710465616268,1.2342319041010168,0.620689655172407,False,False,False,True
2026-07-28 01:02:50.208404,CEVA,none,47833.0,53080.57142857143,0.8340523439746883,0.24209190942213538,1.6946433659549476,0.8529411764705772,False,True,False,True
2026-07-28 01:02:50.407098,RIOT,none,582893.0,715402.1666666666,1.2885411872986707,0.5111978072223677,3.0,0.8,False,True,False,True
2026-07-28 01:02:50.606600,CVNA,none,238043.0,393944.6666666667,-0.3916040100250626,0.219263963435387,1.315583780612322,0.6944444444444455,False,False,True,False
2026-07-28 01:02:50.807756,IREN,none,1185021.0,1910065.0666666667,1.1407902058987305,0.5467166286708433,3.0,0.7961165048543752,False,True,False,True
2026-07-28 01:02:51.004682,HPE,none,641861.0,482864.9,1.0991333756076855,1.3301578161982972,1.5961893794379565,0.9122807017543785,False,False,False,True
2026-07-28 01:02:51.196700,DAL,none,415822.0,337940.75,0.023242300987793167,1.1275790928442153,0.9866317062386885,0.057142857142846705,False,False,False,False
2026-07-28 01:02:51.376914,RBLX,none,242818.0,373941.0833333333,-0.39207593891869114,1.54318196494213,3.0,0.3877551020408101,False,False,False,False
2026-07-28 01:02:51.666945,IVZ,none,355678.0,383615.2,0.4679144385026638,0.727245706482688,0.6060380887355734,0.6999999999999875,False,False,False,True
2026-07-28 01:02:51.859796,JOBY,none,3171864.0,3660729.2,1.2379642365887311,2.9622390060383124,2.221679254528734,0.8181818181818226,False,False,False,True
2026-07-28 10:05:55.763573,AMAT,none,544594.0,333199.1666666667,-0.7355200491627056,1.0078461061577904,3.0,0.6089030206677366,True,False,False,True
2026-07-28 10:05:55.950489,LITE,none,357232.0,235207.0,-1.1125463560981694,3.3169019307276493,3.0,0.7437325905292483,True,False,False,True
2026-07-28 10:05:56.127910,ALAB,none,367919.0,198809.4,-0.9474016632162492,4.2481127261369425,3.0,0.5357142857142813,True,False,False,False
2026-07-28 10:05:56.317175,STX,none,347427.0,318017.4666666667,-0.6176967692513379,4.69081080126357,3.0,0.42157676348546874,True,False,False,False
2026-07-28 10:05:56.499661,CIEN,BUY,127487.0,98525.0,0.5463898291532321,0.32967250301728257,2.6373800241382606,0.6507936507936474,True,True,False,True
2026-07-28 10:05:59.712597,AMD,none,1493374.0,1572115.4,-0.14320001613520897,1.920281808542436,3.0,0.17401960784313292,False,False,False,False
2026-07-28 10:05:59.902103,MPWR,none,101164.0,50878.53333333333,0.01865393224891807,3.1164014298657223,3.0,0.02088554720133663,True,False,False,False
2026-07-28 10:06:00.088358,SIMO,none,79480.0,68114.41666666667,0.26679801338094883,4.484354430539475,1.9218661845169178,0.14672686230248508,False,False,False,False
2026-07-28 10:06:00.270149,BE,none,922333.0,735652.4,-0.37064492216457534,2.324158292056563,2.9051978650707038,0.21084337349398147,False,False,False,False
2026-07-28 10:06:00.457237,ISRG,none,537225.0,236695.66666666666,0.21914421374988696,1.0190589920128832,0.8916766180112727,0.3768115942028866,False,False,False,False
2026-07-28 10:06:00.644437,CRDO,none,365249.0,222899.33333333334,-0.6201402471020288,2.562595022052212,3.0,0.2813852813852774,False,False,False,False
2026-07-28 10:06:00.833365,ENTG,none,206599.0,111968.71428571429,-0.18940888643358447,1.3596499512503208,3.0,0.15286624203821259,True,False,False,False
2026-07-28 10:06:01.014779,MXL,none,688652.0,349157.3333333333,-1.5489749430523858,2.871081571468598,3.0,0.46153846153846106,False,False,False,False
2026-07-28 10:06:01.205343,NBIS,none,842591.0,1060328.7333333334,-1.771715271244912,3.121744722721402,1.873046833632841,0.8228155339805909,False,False,False,True
2026-07-28 10:06:01.391275,KLAC,none,2097774.0,754664.0,-0.9879787803572303,4.177282422286025,3.0,0.6655737704918012,True,False,False,False
2026-07-28 10:06:01.576902,AMKR,none,1017095.0,659035.6,-1.1235955056179738,2.969459139683422,2.545250691157219,0.5390624999999978,False,False,False,False
2026-07-28 10:06:01.766517,DELL,none,328121.0,284249.06666666665,0.2774055528128469,2.3894379152128544,2.8673254982554255,0.3002544529262099,False,False,False,False
2026-07-28 10:06:01.957574,AEHR,none,208918.0,138991.2,0.5780722265523424,5.12318757975557,3.0,0.25284090909090445,False,False,False,False
2026-07-28 10:06:02.150048,MRVL,none,1307124.0,948813.4166666666,-0.5150846210448806,0.42507767210995945,3.0,0.43362831858406803,False,False,True,False
2026-07-28 10:06:02.335973,HOOD,none,1417118.0,818516.4285714285,0.35669324381032674,0.23287300211688225,0.931492008467529,0.5862068965517317,False,True,False,False
2026-07-28 10:06:02.524096,RCL,none,1102361.0,232551.13333333333,2.364650479275904,3.0032939479001897,2.627882204412666,0.8408551068883575,True,False,False,True
2026-07-28 10:06:02.720755,ARM,none,411473.0,277352.6666666667,-0.29186155285312354,4.639386959538326,2.319693479769163,0.24374999999999233,False,False,False,False
2026-07-28 10:06:02.910181,NXT,none,341569.0,113914.6,0.7380790521511169,1.7974287144691532,1.0784572286814917,0.5801526717557344,False,False,False,True
2026-07-28 10:06:03.096520,INTC,none,7566037.0,5796321.2,-0.7792207792207779,2.6960636074479516,2.359055656516958,0.5714285714285682,False,False,False,True
2026-07-28 10:06:03.281749,APTV,none,198398.0,63858.666666666664,0.4897673605037627,0.652064139397589,1.5214829919277078,0.8235294117647182,True,False,False,True
2026-07-28 10:06:03.468532,APO,none,482692.0,163470.26666666666,0.0,1.2670917964650696,0.4751594236744011,0.0,True,False,False,False
2026-07-28 10:06:03.652804,UAL,none,371086.0,157138.8,0.819466510577799,1.1337351836477134,0.5668675918238567,0.8672566371681361,True,False,False,True
2026-07-28 10:06:03.836740,ASTS,none,801771.0,476037.14285714284,0.3964833649370867,0.41054399853674994,2.4632639912205,0.2728674813145141,False,False,False,False
2026-07-28 10:06:04.133367,ARWR,none,312659.0,92958.57142857143,-1.5253554365970055,2.0562197969055807,2.0562197969055807,0.9746947182580512,True,False,False,True
2026-07-28 10:06:04.317746,GTLB,none,450815.0,193763.93333333332,-0.9047044632086767,0.39445731529409866,2.366743891764592,0.6521739130434708,False,False,True,True
2026-07-28 10:06:04.500731,VSAT,none,157218.0,68218.73333333334,-0.345974717232209,2.0983377737578595,2.9376728832610035,0.28260869565217894,False,False,False,False
2026-07-28 10:06:04.688860,QNT,none,162035.0,112307.28571428571,0.09475080538184036,1.1040145307639255,1.4720193743519006,0.07936507936507453,False,False,False,False
2026-07-28 10:06:04.880944,VSH,none,379976.0,222944.13333333333,0.10767160161507174,4.817564421573868,3.0,0.09999999999999823,False,False,False,False
2026-07-28 10:06:05.066619,TEAM,none,639051.0,340768.71428571426,0.47174756263759604,1.6403237716385648,2.733872952730941,0.5,False,False,False,False
2026-07-28 10:06:05.253050,REZI,none,95439.0,62169.26666666667,0.028384899233622245,1.5080272520041622,1.8096327024049945,0.04347826086958805,True,False,False,False
2026-07-28 10:06:05.474507,LEN,none,136018.0,90422.6,0.011760555098206652,1.0106802651238176,0.8662973701061294,0.02702702702704156,False,False,False,False
2026-07-28 10:06:05.673298,BROS,none,477722.0,131665.06666666668,0.15248551387619477,1.600361435789124,0.6001355384209215,0.21276595744682716,True,False,False,False
2026-07-28 10:06:05.853008,ALK,BUY,512940.0,121463.41666666667,1.6477637491975246,1.5052420509597169,1.5052420509597169,0.9506172839506185,True,True,False,True
2026-07-28 10:06:09.566846,AOSL,none,50573.0,37559.666666666664,0.3585397653194245,4.794062133816853,2.0545980573500797,0.2894736842105229,False,False,False,False
2026-07-28 10:06:09.755225,CSCO,none,1287477.0,591115.0,-0.008722958827638795,1.2271458436989156,1.2271458436989156,0.025000000000013324,True,False,False,False
2026-07-28 10:06:09.943085,DHI,none,263421.0,83247.6,0.3602991162474515,1.008548781137816,0.8644703838324137,0.5824175824175859,True,False,False,True
2026-07-28 10:06:10.135296,A,none,205152.0,74638.85714285714,-0.1231170336037195,0.11955658629353916,0.4,0.24637681159422678,False,False,True,False
2026-07-28 10:06:10.399949,MRNA,none,441554.0,167211.0,-0.16157989228007794,0.4233450424321014,1.481707648512355,0.18367346938776133,True,False,False,False
2026-07-28 10:06:10.585996,AFRM,none,575796.0,161263.2,-0.13679890560874736,0.3150071563534151,2.2050500944739055,0.15624999999999445,True,False,False,False
2026-07-28 10:06:10.779034,MWH,none,278519.0,99186.71428571429,-0.4613200851667814,2.344912616703194,1.4655703854394964,0.38235294117646784,True,False,False,False
2026-07-28 10:06:10.965653,CEVA,none,125332.0,60547.0,0.1426126640045555,0.2997313264706216,2.0981192852943513,0.1315789473684127,False,False,False,False
2026-07-28 10:06:11.144430,RIOT,none,2067555.0,716294.0,-0.18165304268846116,0.4102315941933948,2.4613895651603688,0.24242424242423852,False,False,False,False
2026-07-28 10:06:11.328113,CVNA,none,1239819.0,386504.6666666667,0.7232704402515736,0.15895694589152715,0.9537416753491629,0.7419354838709636,False,True,False,True
2026-07-28 10:06:11.510657,IREN,none,2517721.0,2095147.6666666667,-0.1100412654745506,0.5671161213197332,3.0,0.06956521739130252,False,False,False,False
2026-07-28 10:06:11.699077,HPE,none,1376137.0,568778.4,0.7944804515994199,1.3378278936736776,1.6053934724084131,0.6551724137931098,True,False,False,True
2026-07-28 10:06:11.882998,DAL,none,1245660.0,349540.0,0.6971070059254195,0.9153716292983989,0.800950175636099,0.8000000000000114,True,False,False,True
2026-07-28 10:06:12.069863,RBLX,none,1254122.0,339275.4166666667,0.2692068751294317,1.561252325139661,3.0,0.1857142857142886,True,False,False,False
2026-07-28 10:06:12.270090,IVZ,none,900666.0,365590.6,0.16627868307283242,0.6652927612077565,0.5544106343397971,0.16129032258064627,False,False,False,False
2026-07-28 10:06:12.451789,JOBY,none,3804470.0,3612826.4,0.2717391304347768,3.082762666119213,2.31207199958941,0.2857142857142785,False,False,False,False
2026-07-28 10:36:13.286326,AMAT,SELL,1132609.0,339573.9166666667,-2.671615613655824,1.0096414528841415,3.0,0.5957253296953142,True,False,True,True
2026-07-28 10:36:15.987603,LITE,SELL,926549.0,251518.73333333334,-8.354672553348047,3.4336091100115746,3.0,0.8802915180648159,True,False,True,True
2026-07-28 10:36:20.195918,ALAB,SELL,404326.0,171103.46666666667,-4.962732686617477,4.1726108935284385,3.0,0.8163894023413437,True,False,True,True
2026-07-28 10:36:29.922530,STX,SELL,1070461.0,322626.93333333335,-8.380118996915366,4.591414114412734,3.0,0.9208622890370154,True,False,True,True
2026-07-28 10:36:33.624928,CIEN,SELL,706881.0,122780.08333333333,-5.418427726120023,0.30711431032164144,2.4569144825731315,0.8144853875476472,True,False,True,True
2026-07-28 10:36:41.352096,AMD,none,4463224.0,1652876.5333333334,-3.2555348378662208,1.9237788027769391,3.0,0.6706401766004421,True,False,True,False
2026-07-28 10:36:41.537448,MPWR,none,105867.0,39765.4,-1.3390249032147545,3.092878556776376,3.0,0.38030973451327515,True,False,False,False
2026-07-28 10:36:41.725418,SIMO,none,100514.0,68212.75,-3.0973451327433628,4.43302942652028,1.899869754222977,0.4438807863031069,False,False,False,False
2026-07-28 10:36:41.907948,BE,SELL,2432138.0,838365.2,-6.54877353108957,2.27848954271843,2.848111928398038,0.8491124260355054,True,False,True,True
2026-07-28 10:36:54.140992,ISRG,none,598922.0,241614.33333333334,0.4103967168262654,0.9461422280740053,0.8278744495647546,0.15479876160990716,False,False,False,False
2026-07-28 10:36:54.328180,CRDO,none,701108.0,235111.58333333334,-5.945022362932817,2.211461543383983,3.0,0.9206225680933846,False,False,True,True
2026-07-28 10:36:54.514007,ENTG,none,400407.0,168463.42857142858,-0.8077948034643562,1.3547543814990268,3.0,0.17352415026833645,True,False,False,False
2026-07-28 10:36:54.698734,MXL,none,1055086.0,353872.4166666667,-6.828872668288729,2.7292025234397825,3.0,0.8369781312127237,False,False,True,True
2026-07-28 10:36:54.884978,NBIS,SELL,3290211.0,1063722.2666666666,-8.128808631967345,3.008441037234376,1.8050646223406257,0.9133165829145731,True,False,True,True
2026-07-28 10:37:01.099801,KLAC,none,1788857.0,779365.75,-1.7178041082423663,4.3309810694453805,3.0,0.4832605531295516,True,False,False,False
2026-07-28 10:37:01.294626,AMKR,SELL,3029171.0,787125.3,-10.961279136967825,3.3133777690713373,2.840038087775432,0.9530988274706865,True,False,True,True
2026-07-28 10:37:04.998222,DELL,SELL,1743163.0,349475.93333333335,-9.804117031351238,2.3411215672963763,2.8093458807556515,0.8718971631205668,True,False,True,True
2026-07-28 10:37:07.724285,AEHR,none,396593.0,140525.6,-7.5045082535719185,5.187390853032403,3.0,0.9179604649189774,False,False,True,True
2026-07-28 10:37:07.915199,MRVL,SELL,3471625.0,980759.8333333334,-5.177777777777774,0.4078303981095268,3.0,0.8403967538322804,True,False,True,True
2026-07-28 10:37:11.622915,HOOD,none,2609196.0,1130512.2857142857,-4.4905008635578545,0.2367996537648696,0.9471986150594784,0.8832271762208046,False,False,True,True
2026-07-28 10:37:11.815328,RCL,none,453666.0,219980.13333333333,2.4942186983812396,3.600348959971398,3.0,0.3928199791883455,True,False,False,False
2026-07-28 10:37:12.040223,ARM,none,774441.0,266064.73333333334,-4.5377287639827735,4.538472141725809,2.2692360708629047,0.9394435351882154,True,False,False,True
2026-07-28 10:37:12.222196,NXT,none,414515.0,141027.7,-4.029523239577106,1.9022352691674125,1.1413411615004474,0.8228105906313641,False,False,True,True
2026-07-28 10:37:12.415135,INTC,none,19332497.0,6698528.8,-2.37820364811822,3.0184696959830695,2.641160983985186,0.6023391812865501,True,False,False,True
2026-07-28 10:37:12.612932,APTV,none,47675.0,47889.13333333333,0.9742519137091202,0.6860915990291979,1.6008803977347952,0.5600000000000023,False,True,False,False
2026-07-28 10:37:12.799261,APO,none,92988.0,134897.0,0.2902757619738747,1.1638900244151271,0.43645875915567267,0.19459459459459488,False,False,False,False
2026-07-28 10:37:12.984072,UAL,none,276966.0,162796.5,-0.22380636604774207,1.2470426345011245,0.6235213172505623,0.18881118881118514,False,False,False,False
2026-07-28 10:37:13.203346,ASTS,none,1818838.0,604817.8571428572,-4.894297388523721,0.376817072975951,2.260902437855706,0.9402730375426631,False,False,True,True
2026-07-28 10:37:13.397638,ARWR,none,92714.0,109302.14285714286,-1.540966447636219,2.8324107555454754,2.8324107555454754,0.5076822866776524,False,False,False,False
2026-07-28 10:37:13.582372,GTLB,none,265437.0,181891.06666666668,-1.24092009685229,0.3995249154212256,2.3971494925273538,0.38679245283018465,False,False,True,False
2026-07-28 10:37:13.775244,VSAT,none,111604.0,62723.4,-3.893996755002698,2.0732449503211416,2.9025429304495978,0.8158640226628913,False,False,True,True
2026-07-28 10:37:13.963835,QNT,SELL,493260.0,138955.14285714287,-9.21331025197153,0.7236105977143694,0.9648141302858259,0.8315972222222223,True,False,True,True
2026-07-28 10:37:22.197848,VSH,SELL,452052.0,211547.8,-6.070016939582152,4.719089651264552,3.0,0.9388646288209576,True,False,True,True
2026-07-28 10:37:34.434623,TEAM,none,662162.0,384645.4285714286,-1.0753779040275826,1.625157347856982,2.708595579761637,0.3136094674556182,False,False,False,False
2026-07-28 10:37:34.620936,REZI,none,16304.0,56906.73333333333,0.2262443438913979,1.4082786836548298,1.6899344203857956,0.2857142857142785,False,False,False,False
2026-07-28 10:37:34.804414,LEN,none,124676.0,84156.2,0.8852609795355207,0.8892470668174948,0.7622117715578527,0.3532110091743113,False,False,False,True
2026-07-28 10:37:35.032702,BROS,none,98566.0,120520.53333333334,-0.7714858818083629,1.532380173933843,0.5746425652251911,0.2577319587628869,False,False,False,False
2026-07-28 10:37:35.221329,ALK,none,81911.0,123891.25,-1.0714285714285672,2.081959363178851,2.081959363178851,0.822580645161281,False,False,False,True
2026-07-28 10:37:35.403860,AOSL,none,54693.0,30266.133333333335,-6.049083995852056,4.486186632671137,1.922651414001916,0.9562841530054653,False,False,True,True
2026-07-28 10:37:35.591712,CSCO,none,2344334.0,690863.0833333334,-0.39439088518842125,1.1001350713177922,1.1001350713177922,0.16791044776119024,True,False,False,False
2026-07-28 10:37:35.785791,DHI,none,109289.0,73787.4,1.1571906354514983,0.7844208182267091,0.6723607013371792,0.5904436860068268,False,True,False,True
2026-07-28 10:37:35.974749,A,none,171703.0,90482.85714285714,1.0572183727409026,0.17024317441525064,0.4,0.42285714285713993,False,True,False,False
2026-07-28 10:37:36.159836,MRNA,none,281707.0,183075.0,-2.3484434735117405,0.41804764099320463,1.4631667434762161,0.7413793103448263,False,False,True,True
2026-07-28 10:37:36.345704,AFRM,none,92691.0,147760.06666666668,-1.9831979066244287,0.2887472562164227,2.021230793514959,0.5333333333333319,False,False,True,False
2026-07-28 10:37:36.533122,MWH,none,85628.0,100207.57142857143,-5.794460641399417,2.051860012652379,1.282412507907737,0.9137931034482766,False,False,True,True
2026-07-28 10:37:36.782914,CEVA,none,120841.0,69839.14285714286,-4.6028880866426025,0.2708643582534812,1.8960505077743686,0.9444444444444466,False,False,True,True
2026-07-28 10:37:36.968587,RIOT,none,2124773.0,825722.0833333334,-3.7283305628116845,0.3894840489895895,2.336904293937537,0.781094527363185,False,False,True,True
2026-07-28 10:37:37.190487,CVNA,none,719503.0,393408.5833333333,-2.1549031855090717,0.17681128146882508,1.0608676888129505,0.4156626506024134,False,False,True,False
2026-07-28 10:37:37.371613,IREN,SELL,6549994.0,2217736.2666666666,-6.468656290161361,0.5302790292468316,3.0,0.9322905947725855,True,False,True,True
2026-07-28 10:37:40.069866,HPE,SELL,1651051.0,689687.9,-5.159758203799655,1.4262564874839216,1.711507784980706,0.8659420289855081,True,False,True,True
2026-07-28 10:37:43.333726,DAL,none,428617.0,354132.9166666667,-0.011506155793338978,1.1570828466140304,1.0124474907872765,0.013888888888876278,False,False,False,False
2026-07-28 10:37:43.517460,RBLX,none,344380.0,339318.1666666667,-1.8514708907632145,1.325426601159926,2.650853202319852,0.5232558139534857,True,False,True,False
2026-07-28 10:37:43.705015,IVZ,none,629090.0,381666.2,-0.03346720214189428,0.6899082536062934,0.5749235446719112,0.0076923076923061575,False,False,False,False
2026-07-28 10:37:43.892266,JOBY,none,1624590.0,3500580.4,-1.1188811188811199,2.7718973886987497,2.078923041524062,0.5714285714285733,False,False,False,True
2026-07-28 11:07:44.704408,AMAT,none,591924.0,347013.1666666667,-1.19227223200067,1.004771388126859,3.0,0.42814145974416773,True,False,True,False
2026-07-28 11:07:44.892964,LITE,none,463438.0,257921.46666666667,-1.9071069911162648,4.05354255731425,3.0,0.490683229813666,True,False,False,True
2026-07-28 11:07:45.073540,ALAB,none,260109.0,160263.66666666666,-0.3390097760958742,4.67607125922614,3.0,0.07726864330638021,True,False,False,False
2026-07-28 11:07:45.260165,STX,none,449661.0,317410.6,0.5415009730095653,6.507431487070601,3.0,0.1416974169741708,True,False,False,False
2026-07-28 11:07:45.440539,CIEN,none,413145.0,156610.83333333334,-1.5395631936985394,0.5115231062645781,3.0,0.47339449541284734,True,False,True,False
2026-07-28 11:07:45.622456,AMD,none,3144946.0,1629439.1333333333,-0.8155486115728136,1.7919438688304061,3.0,0.22800495662949175,True,False,False,False
2026-07-28 11:07:45.807818,MPWR,none,56162.0,39082.26666666667,0.5152887434699783,3.362369188009281,3.0,0.25996810207336524,False,False,False,False
2026-07-28 11:07:46.011453,SIMO,none,101667.0,66398.08333333333,-0.9101356010112701,4.4928420114130345,1.9255037191770148,0.22197309417040595,False,False,False,False
2026-07-28 11:07:46.194998,BE,none,1647332.0,910464.0,-1.6848788230266716,3.4310683953864,3.0,0.3220536756126013,False,False,False,False
2026-07-28 11:07:46.381393,ISRG,none,300732.0,243697.66666666666,0.9179059759219929,1.001094351152287,0.8759575572582511,0.72008547008547,False,False,False,True
2026-07-28 11:07:46.571105,CRDO,none,411637.0,241772.33333333334,-0.519049657534246,3.164191715354673,3.0,0.1172914147521162,False,False,False,False
2026-07-28 11:07:46.755775,ENTG,none,355212.0,195493.7142857143,-0.8705114254624525,1.087486159719829,2.8999630925862108,0.34551495016611133,True,False,False,False
2026-07-28 11:07:46.939259,MXL,none,491073.0,348253.5833333333,-0.55584505819003,3.7298215565559865,3.0,0.16326530612244905,False,False,False,False
2026-07-28 11:07:47.125071,NBIS,none,2390118.0,1069740.3333333333,-0.7004507248142318,3.864889908414634,2.31893394504878,0.15582655826558353,False,False,False,False
2026-07-28 11:07:47.310319,KLAC,none,1248363.0,817418.4166666666,-0.5107413647851722,4.083717948570327,3.0,0.2090517241379314,False,False,False,False
2026-07-28 11:07:47.499444,AMKR,none,1400204.0,858264.5,-0.6059294524994614,7.645390469194052,3.0,0.17283950617283972,False,False,False,False
2026-07-28 11:07:47.686009,DELL,none,686929.0,355448.06666666665,1.3574410439302274,4.166914143114223,3.0,0.4866204162537175,True,False,False,False
2026-07-28 11:07:47.873648,AEHR,none,262406.0,133736.73333333334,-0.4655353656705245,6.6132330902387135,3.0,0.1130561633843916,False,False,False,False
2026-07-28 11:07:48.061191,MRVL,none,2357806.0,1085098.75,-1.1189876384088093,0.59130892673408,3.0,0.28550074738415504,False,False,True,False
2026-07-28 11:07:48.246366,HOOD,none,2276466.0,1266265.4285714286,1.5023155992318968,0.6423299439206751,2.5693197756827004,0.8159509202454001,False,True,False,True
2026-07-28 11:07:48.427001,RCL,none,304353.0,221545.33333333334,1.5893912150012808,4.04478578716573,3.0,0.6913407821229065,False,False,False,True
2026-07-28 11:07:48.614630,ARM,none,303209.0,254974.8,0.9855072463768098,5.686188741341723,2.8430943706708613,0.43830570902393967,False,False,False,False
2026-07-28 11:07:48.802518,NXT,none,346351.0,151093.0,-0.9041779255872008,2.7858603199967957,1.6715161919980774,0.40465116279069874,False,False,False,False
2026-07-28 11:07:48.988427,INTC,none,14218777.0,7415046.3,-0.6977294228949898,3.455944865341706,3.0,0.23320158102766922,False,False,False,False
2026-07-28 11:07:49.175363,APTV,none,43475.0,47279.666666666664,0.20661157024794172,0.6979434760947217,1.6285347775543508,0.3428571428571614,False,False,False,False
2026-07-28 11:07:49.374916,APO,none,71928.0,125637.8,0.5222981116914355,0.775407019343925,0.4,0.7647058823529362,False,False,False,True
2026-07-28 11:07:49.558502,UAL,none,225986.0,175135.5,0.4236936113649505,1.035174099976631,0.5175870499883155,0.36428571428571,False,False,False,False
2026-07-28 11:07:49.745017,ASTS,none,911049.0,698070.8571428572,1.2601869158878487,0.776442268774969,3.0,0.5146564885496167,False,True,False,False
2026-07-28 11:07:49.930632,ARWR,none,144409.0,127662.57142857143,-1.3491969768540535,3.5793161257544304,3.0,0.5216894977169012,False,False,False,False
2026-07-28 11:07:50.111615,GTLB,none,180421.0,179570.06666666668,1.7468587189702736,0.4318014371647597,2.5908086229885585,0.6195652173913083,False,True,False,True
2026-07-28 11:07:50.297476,VSAT,none,113326.0,65757.26666666666,-1.2071869736103307,2.423703025904334,3.0,0.31501831501831434,False,False,False,False
2026-07-28 11:07:50.487480,QNT,none,174179.0,151181.0,1.735449735449736,3.3826065898914788,3.0,0.5899280575539568,False,False,False,False
2026-07-28 11:07:50.672099,VSH,none,272153.0,214979.33333333334,-2.2843402464683047,5.491341624978151,3.0,0.6178861788617908,False,False,False,False
2026-07-28 11:07:50.858692,TEAM,none,468386.0,415695.5714285714,2.4923076923076994,1.7107151981669444,2.851191996944907,0.8127090301003381,False,True,False,True
2026-07-28 11:07:51.044403,REZI,none,71846.0,58355.26666666667,-0.6197183098591518,1.254323522704549,1.5051882272454589,0.523809523809519,False,False,False,False
2026-07-28 11:07:51.231291,LEN,none,132682.0,81316.06666666667,0.5010248235026327,1.0274193177851578,0.8806451295301352,0.5301204819277263,False,False,False,True
2026-07-28 11:07:51.414966,BROS,none,111557.0,121944.4,1.0245265445513763,1.7133979404158448,0.6425242276559417,0.5454545454545454,False,False,False,False
2026-07-28 11:07:51.597212,ALK,none,85764.0,121067.91666666667,0.9114031369224241,2.456959363178849,2.456959363178849,0.5657894736842116,False,False,False,True
2026-07-28 11:07:51.801626,AOSL,none,34484.0,30768.133333333335,0.9922822491730965,5.6616508645465435,2.4264217990913757,0.3374999999999992,False,False,False,False
2026-07-28 11:07:51.987964,CSCO,none,1752291.0,728287.8333333334,0.40478704681449645,1.1207726770412223,1.1207726770412223,0.27544910179640314,True,False,False,False
2026-07-28 11:07:52.175555,DHI,none,71462.0,69541.73333333334,0.3702968987634744,1.0525098544525302,0.9021513038164546,0.4827586206896586,False,False,False,False
2026-07-28 11:07:52.356138,A,none,100493.0,90924.71428571429,-0.37463773238142445,0.698852360785702,0.41931141647142117,0.3192771084337363,False,False,False,False
2026-07-28 11:07:52.546484,MRNA,none,493298.0,198870.33333333334,-0.0932835820895602,0.6457158132457064,2.2600053463599723,0.07575757575758262,True,False,False,False
2026-07-28 11:07:52.730510,AFRM,none,153866.0,139723.93333333332,0.5616399887672082,0.2966954808319622,2.076868365823735,0.3305785123967006,False,True,False,False
2026-07-28 11:07:52.913843,MWH,none,72534.0,101246.28571428571,-2.049497293116787,6.08721416349967,3.0,0.7066666666666682,False,False,False,True
2026-07-28 11:07:53.097410,CEVA,none,78674.0,75635.42857142857,0.06279434850863289,0.66178900506803,3.0,0.024390243902438494,False,False,False,False
2026-07-28 11:07:53.284859,RIOT,none,1829634.0,893754.5833333334,0.6407097092163754,0.5066804571486323,3.0,0.17567567567567952,False,True,False,False
2026-07-28 11:07:53.486992,CVNA,none,469969.0,389692.8333333333,-0.30317536301261344,0.2829701463280353,1.6978208779682118,0.18269230769231248,False,False,True,False
2026-07-28 11:07:53.670845,IREN,none,4182654.0,2181946.933333333,0.549954170485792,0.7033174772939255,3.0,0.165319617927994,False,False,False,False
2026-07-28 11:07:53.857320,HPE,none,2121935.0,872359.3,-1.0931450694602527,2.9062095399907273,3.0,0.33566433566433357,True,False,False,False
2026-07-28 11:07:54.041878,DAL,none,153194.0,354288.75,0.034522439585732034,1.0457701588212465,0.9150488889685906,0.05769230769231032,False,False,False,False
2026-07-28 11:07:54.228456,RBLX,BUY,448604.0,304894.5,3.038558256496234,1.2139471702739835,2.427894340547967,0.953947368421057,True,True,False,True
2026-07-28 11:07:57.429630,IVZ,none,521445.0,394535.5,-0.16733601070950707,0.68989564033915,0.5749130336159582,0.12500000000000222,False,False,False,False
2026-07-28 11:07:57.612776,JOBY,none,2075425.0,3549672.4,-0.141442715700151,2.856512546342147,2.1423844097566103,0.0555555555555594,False,False,False,False
2026-07-28 11:37:58.374298,AMAT,none,438346.0,345541.0,0.3541512034778954,1.0924135227076168,3.0,0.18371837183718598,True,False,False,False
2026-07-28 11:37:58.561503,LITE,BUY,375568.0,247285.8,4.19030132135479,4.111322212583613,3.0,0.8063091482649813,True,True,False,True
2026-07-28 11:38:01.260799,ALAB,none,111007.0,150843.33333333334,0.4387525198624393,3.911172330313293,3.0,0.1533149171270696,True,False,False,False
2026-07-28 11:38:01.450117,STX,none,356893.0,320811.0,2.47408799562406,5.373147593324328,3.0,0.7226546497337127,True,False,False,True
2026-07-28 11:38:01.642439,CIEN,BUY,403230.0,176755.66666666666,2.681306682034631,0.5606886466551825,3.0,0.8073059360730579,True,True,False,True
2026-07-28 11:38:04.343277,AMD,none,2167838.0,1561208.2666666666,1.1244243751956073,1.4428655286156522,3.0,0.5521405049396292,False,False,False,False
2026-07-28 11:38:04.534425,MPWR,none,32116.0,37459.4,0.26942744703748134,2.9111580631825973,3.0,0.14267886855241552,False,False,False,False
2026-07-28 11:38:04.856394,SIMO,none,51259.0,62079.416666666664,3.4081926814525563,4.715945605346442,2.0211195451484754,0.6730945821854932,False,False,False,True
2026-07-28 11:38:05.041362,BE,none,1248983.0,968477.1,1.545336064047669,3.5637270949907327,3.0,0.4048780487804889,False,False,False,False
2026-07-28 11:38:05.230251,ISRG,none,197897.0,244320.75,-1.222804081412291,1.3121226934142047,1.1481073567374291,0.9359504132231397,False,False,False,True
2026-07-28 11:38:05.416585,CRDO,none,275467.0,248189.66666666666,1.2781268460340451,3.206620064462257,3.0,0.3366336633663363,False,False,False,False
2026-07-28 11:38:05.607105,ENTG,none,206137.0,220173.42857142858,1.248418388865461,1.3364692019630278,3.0,0.36097560975609777,False,False,False,False
2026-07-28 11:38:05.788146,MXL,none,200273.0,343302.6666666667,1.4345696291112673,3.51596690142214,3.0,0.49101796407185594,False,False,False,False
2026-07-28 11:38:05.973433,NBIS,none,1859647.0,1093383.9333333333,1.3236916288760856,3.8472891522614128,2.3083734913568477,0.41538461538461563,False,False,False,False
2026-07-28 11:38:06.161008,KLAC,none,998749.0,848450.5,0.11643291876157655,4.005651993849585,3.0,0.055276381909547596,False,False,False,False
2026-07-28 11:38:06.347778,AMKR,none,1039966.0,925628.0,1.6978667827601244,7.517585885221357,3.0,0.39195979899497646,False,False,False,False
2026-07-28 11:38:06.532886,DELL,none,634126.0,358224.5333333333,3.529572090487884,3.6379144609008374,3.0,0.8949550794747768,True,False,False,True
2026-07-28 11:38:06.717460,AEHR,none,228941.0,127373.13333333333,1.6847990329404574,6.110007289288429,3.0,0.40499800225200444,False,False,False,False
2026-07-28 11:38:06.904417,MRVL,none,2219411.0,1169506.4166666667,2.955285756588694,0.6245334953226298,3.0,0.6539973787680226,False,True,False,False
2026-07-28 11:38:07.088988,HOOD,none,1183202.0,1356587.0,1.291328064121114,0.7460744462633035,2.984297785053214,0.5658536585365845,False,True,False,False
2026-07-28 11:38:07.274267,RCL,none,180965.0,226734.8,0.3440547962501105,4.241477641235928,3.0,0.20921305182341252,False,False,False,False
2026-07-28 11:38:07.462913,ARM,none,305750.0,248975.13333333333,-0.020465801645455105,4.9673079181433035,2.4836539590716518,0.00954198473282658,False,False,False,False
2026-07-28 11:38:07.649342,NXT,none,151750.0,161102.6,1.1327879169288844,2.684904441141051,1.6109426646846305,0.6067415730337066,False,False,False,True
2026-07-28 11:38:07.838477,INTC,none,11682146.0,7867751.0,2.548529236632131,3.41241430763921,2.985862519184309,0.7867647058823535,False,False,False,True
2026-07-28 11:38:08.024522,APTV,none,42052.0,46644.6,-0.6532576929688887,0.6770841788343307,1.5798630839467718,0.9268292682926809,False,False,False,True
2026-07-28 11:38:08.318606,APO,none,36456.0,115454.33333333333,-1.223314943631556,0.82529170510011,0.4,0.8895348837209233,False,False,True,True
2026-07-28 11:38:08.494562,UAL,none,294278.0,197769.4,-0.32244729226953334,1.1441257821346271,0.5720628910673136,0.2689655172413792,False,False,False,False
2026-07-28 11:38:08.670184,ASTS,none,974001.0,780278.8571428572,3.3570241831271925,0.8378547092724313,3.0,0.7514462809917373,False,True,False,True
2026-07-28 11:38:08.848637,ARWR,none,136882.0,130069.57142857143,-0.47197992591707016,4.454331433929885,3.0,0.36238532110091265,False,False,False,False
2026-07-28 11:38:09.032167,GTLB,none,111206.0,183853.86666666667,1.2048192771084294,0.4965971677657418,2.979583006594451,0.645161290322581,False,True,False,True
2026-07-28 11:38:09.281227,VSAT,none,100066.0,63185.8,2.1503845058387996,2.4902948793898574,3.0,0.5531135531135541,False,False,False,False
2026-07-28 11:38:09.467938,QNT,none,80179.0,158277.85714285713,3.365184877440792,3.8683510278747213,3.0,0.9101123595505598,False,False,False,True
2026-07-28 11:38:09.654120,VSH,none,291707.0,188208.26666666666,2.08652961030991,4.890753848798166,3.0,0.7816091954023008,False,False,False,True
2026-07-28 11:38:09.834150,TEAM,none,404624.0,421139.4285714286,-1.3616339607529029,2.238706629118664,3.0,0.7597765363128522,False,False,False,True
2026-07-28 11:38:10.019394,REZI,none,82348.0,53735.13333333333,0.9631728045325877,1.1415379416353997,1.3698455299624797,0.5573770491803339,True,False,False,True
2026-07-28 11:38:10.341325,LEN,none,77794.0,81286.06666666667,-0.8381470155170564,1.1371694216749921,0.9747166471499933,0.7708333333333478,False,False,False,True
2026-07-28 11:38:10.524115,BROS,none,121896.0,121947.53333333334,0.2305918524212232,1.7943296066462784,0.6728736024923544,0.14423076923077383,False,False,False,False
2026-07-28 11:38:10.705743,ALK,none,40053.0,110795.08333333333,0.14721345951629924,2.465430815981291,2.465430815981291,0.11111111111111237,False,False,False,False
2026-07-28 11:38:10.888751,AOSL,none,31771.0,30152.933333333334,3.8209606986899587,4.856414379618855,2.0813204484080807,0.6907894736842112,False,False,False,True
2026-07-28 11:38:11.072850,CSCO,none,691990.0,781811.6666666666,0.5610098176718098,1.2227069012534808,1.2227069012534808,0.5333333333333325,True,False,False,True
2026-07-28 11:38:11.258683,DHI,none,79965.0,69233.66666666667,-0.928976149690339,1.0291447962065257,0.8821241110341649,0.9155844155844012,False,False,False,True
2026-07-28 11:38:11.441014,A,none,67466.0,95653.71428571429,-1.0572624707301561,0.8282254063187302,0.49693524379123816,0.949044585987271,False,False,True,True
2026-07-28 11:38:11.626199,MRNA,none,239310.0,220270.75,0.20533880903490653,0.5886883608377331,2.060409262932066,0.22916666666666696,False,False,False,False
2026-07-28 11:38:11.831138,AFRM,none,66954.0,138441.66666666666,0.06973500697349673,0.284729059478701,1.9931034163509067,0.04999999999999716,False,False,False,False
2026-07-28 11:38:12.013189,MWH,none,97689.0,110080.71428571429,0.9069400630914843,7.556659569776149,3.0,0.547619047619051,False,False,False,False
2026-07-28 11:38:12.198565,CEVA,none,71106.0,75255.85714285714,1.0062893081760904,0.6105310406093432,3.0,0.3764705882352896,False,True,False,False
2026-07-28 11:38:12.384800,RIOT,none,1328203.0,908843.0833333334,2.743081067842284,0.5082994709201664,3.0,0.7368421052631594,False,True,False,True
2026-07-28 11:38:12.566597,CVNA,none,211640.0,386961.1666666667,0.9929532351057088,0.29019240654215794,1.7411544392529477,0.6078431372549046,False,True,False,False
2026-07-28 11:38:12.752312,IREN,none,2820795.0,2110635.066666667,3.1003039513677906,0.6070018513422742,3.0,0.7260303224428781,False,True,False,True
2026-07-28 11:38:12.938041,HPE,none,1571480.0,946805.6,2.393555811277328,2.970801755792665,3.0,0.8595041322314037,False,False,False,True
2026-07-28 11:38:13.125021,DAL,none,362488.0,382768.0,-0.56360708534621,1.0133523924851964,0.8866833434245468,0.6805555555555495,False,False,False,True
2026-07-28 11:38:13.312453,RBLX,none,267874.0,308826.5833333333,0.34609120521172987,1.7259451303539222,3.0,0.20731707317073372,True,False,False,False
2026-07-28 11:38:13.496311,IVZ,none,603366.0,413807.0,-0.9386523633925498,0.6647069458627525,0.5539224548856271,0.6829268292682925,False,False,True,True
2026-07-28 11:38:13.675907,JOBY,none,3118596.0,3736801.6666666665,1.5580736543909395,2.8570595959516485,2.1427946969637364,0.6111111111111138,False,False,False,True
2026-07-28 12:08:14.532123,AMAT,none,327919.0,353992.5833333333,0.3824212972744564,0.9381506545243086,3.0,0.24794520547945198,True,False,False,False
2026-07-28 12:08:14.723386,LITE,none,271297.0,246581.66666666666,-0.3399165945393157,4.745987592002306,3.0,0.1466395112016347,False,False,False,False
2026-07-28 12:08:14.903842,ALAB,none,154910.0,153079.26666666666,2.223793807952222,3.969930111988871,3.0,0.7398692810457507,True,False,False,True
2026-07-28 12:08:15.104523,STX,none,517919.0,311696.4,-0.527390035752938,6.113725647457168,3.0,0.30507131537242643,True,False,False,False
2026-07-28 12:08:15.287826,CIEN,none,225488.0,184000.41666666666,0.4845762912185281,0.6757472197805099,3.0,0.2747068676716882,True,False,False,False
2026-07-28 12:08:15.556831,AMD,none,1493552.0,1505924.9333333333,0.7915800645646275,1.4805749680644702,3.0,0.40820980615735364,False,False,False,False
2026-07-28 12:08:15.745625,MPWR,none,25797.0,34986.0,0.892269607996749,2.6934911695280777,3.0,0.5096196868009014,False,False,False,False
2026-07-28 12:08:15.995390,SIMO,none,23601.0,55178.833333333336,1.3862009991448816,4.928297907544414,2.1121276746618918,0.4858044164037872,False,False,False,False
2026-07-28 12:08:16.206046,BE,none,1150140.0,1040289.7,2.560811636719226,3.7642540200535204,3.0,0.6446153846153843,False,False,False,True
2026-07-28 12:08:16.395184,ISRG,none,152528.0,241885.5,-0.1448008305556999,1.56060562138,1.3655299187074998,0.196296296296287,False,False,False,False
2026-07-28 12:08:16.580933,CRDO,none,260782.0,249343.83333333334,1.8797987821022035,3.278934522939564,3.0,0.5916666666666686,False,False,False,True
2026-07-28 12:08:16.766152,ENTG,none,257458.0,226230.0,-0.458066128091944,1.4480930633159481,3.0,0.22727272727272593,False,False,False,False
2026-07-28 12:08:16.968152,MXL,none,193559.0,336057.3333333333,1.068965517241375,3.4367921952598075,3.0,0.3483146067415714,False,False,False,False
2026-07-28 12:08:17.155401,NBIS,none,1859796.0,1105714.4,3.881734083076375,3.98629905921374,2.391779435528244,0.7925925925925951,False,False,False,True
2026-07-28 12:08:17.341266,KLAC,none,824203.0,848586.0833333334,0.7243694813091549,3.4630700541663253,3.0,0.37329700272479815,False,False,False,False
2026-07-28 12:08:17.523181,AMKR,none,955650.0,976016.0,-0.8135302932990849,8.025384976356937,3.0,0.3140495867768614,False,False,False,False
2026-07-28 12:08:17.710288,DELL,none,389793.0,357248.73333333334,-0.5820384514090018,4.0552446201841255,3.0,0.23840345199568327,False,False,False,False
2026-07-28 12:08:17.899755,AEHR,none,91921.0,127410.33333333333,1.7508923259964344,5.978442380942219,3.0,0.5633014354066989,False,False,False,True
2026-07-28 12:08:18.085180,MRVL,none,1622905.0,1210828.0833333333,1.5642072574616295,0.7056418674395453,3.0,0.5900216919739775,False,True,False,False
2026-07-28 12:08:18.278888,HOOD,none,1097890.0,1474923.857142857,2.0114310837546694,0.8306307296442113,3.0,0.762500000000002,False,True,False,True
2026-07-28 12:08:18.466723,RCL,none,144906.0,235735.2,0.7127158555729928,4.157600193313178,3.0,0.48297872340425263,False,False,False,False
2026-07-28 12:08:18.655503,ARM,none,199702.0,240215.26666666666,1.0431581100429583,4.471181615809642,2.235590807904821,0.5460385438972202,False,False,False,False
2026-07-28 12:08:18.850275,NXT,none,119052.0,164253.0,0.8609958506224048,2.9795078473359746,1.787704708401585,0.494047619047616,False,False,False,False
2026-07-28 12:08:19.031679,INTC,none,8315950.0,8389427.9,0.4180213655364601,4.6643923202053355,3.0,0.2264150943396238,False,False,False,False
2026-07-28 12:08:19.218447,APTV,none,52775.0,52087.4,1.3331024930747977,0.6646763003568719,1.5509113674993678,0.9871794871794898,False,True,False,True
2026-07-28 12:08:19.408931,APO,none,40824.0,112940.2,0.963172804532576,1.17945527214524,0.442295727054465,0.7345679012345644,False,False,False,True
2026-07-28 12:08:19.585636,UAL,none,415009.0,226689.6,2.214848610535049,1.1837664243715835,0.5918832121857918,0.7563739376770541,False,True,False,True
2026-07-28 12:08:19.765057,ASTS,none,660474.0,834697.8571428572,2.521459227467805,1.0865929673602739,3.0,0.8057142857142837,False,True,False,True
2026-07-28 12:08:19.943343,ARWR,none,49039.0,127395.14285714286,0.925147182506303,4.644285075844916,3.0,0.7064220183486272,False,False,False,True
2026-07-28 12:08:20.124113,GTLB,none,202535.0,184521.46666666667,2.4412027389103694,0.49865893068549805,2.9919535841129883,0.9213483146067407,False,True,False,True
2026-07-28 12:08:20.313610,VSAT,none,65662.0,60771.666666666664,0.4722878177524704,2.634521152475784,3.0,0.22368421052631862,False,False,False,False
2026-07-28 12:08:20.584646,QNT,none,83477.0,157504.85714285713,2.0955067499496254,4.54670370203084,3.0,0.6459627329192543,False,False,False,False
2026-07-28 12:08:20.784056,VSH,none,155092.0,181414.66666666666,0.631199278629377,5.007938202427534,3.0,0.396226415094327,False,False,False,False
2026-07-28 12:08:20.962607,TEAM,none,310491.0,480473.28571428574,2.638790216177808,2.2605828077831145,3.0,0.9848484848484825,False,True,False,True
2026-07-28 12:08:21.148631,REZI,none,37106.0,55337.066666666666,0.6730229949523332,1.0919692054766386,1.3103630465719664,0.7500000000000056,False,False,False,True
2026-07-28 12:08:21.339089,LEN,none,113848.0,81388.2,0.4567252797442403,1.1456774198058155,0.9820092169764134,0.5633802816901539,False,False,False,True
2026-07-28 12:08:21.533045,BROS,none,57617.0,118730.53333333334,0.7209694738456801,1.709523219915608,0.641071207468353,0.5280898876404478,False,False,False,False
2026-07-28 12:08:21.710916,ALK,none,169465.0,129527.08333333333,2.791771620486982,2.203589506773623,2.203589506773623,0.8159509202453964,False,True,False,True
2026-07-28 12:08:21.900073,AOSL,none,10620.0,30018.733333333334,1.6748080949057935,5.757752655959161,2.4676082811253544,0.5393258426966293,False,False,False,False
2026-07-28 12:08:22.082610,CSCO,BUY,1437152.0,875973.5833333334,1.5604568041147295,1.3167947237171136,1.3167947237171136,0.8950000000000031,True,True,False,True
2026-07-28 12:08:24.786401,DHI,none,80106.0,71016.53333333334,0.7985094490284727,1.2211359464749771,1.046687954121409,0.7547169811320668,False,False,False,True
2026-07-28 12:08:24.963908,A,none,49549.0,96978.71428571429,0.6458557588805208,1.320601112715643,0.7923606676293858,0.8653846153846275,False,False,False,True
2026-07-28 12:08:25.147711,MRNA,none,278125.0,223114.25,1.6020864381520108,0.5171977018639236,1.8101919565237323,0.9148936170212713,False,True,False,True
2026-07-28 12:08:25.338509,AFRM,none,118654.0,133929.26666666666,1.3919821826280623,0.26416838303830315,1.8491786812681221,0.8928571428571506,False,True,False,True
2026-07-28 12:08:25.525412,MWH,none,101510.0,107594.57142857143,0.8994915917090357,7.88406018050529,3.0,0.48936170212766167,False,False,False,False
2026-07-28 12:08:25.715255,CEVA,none,36564.0,74960.14285714286,1.242236024844716,0.6648636751306569,3.0,0.43478260869564983,False,True,False,False
2026-07-28 12:08:25.903437,RIOT,none,720570.0,920845.0,1.6448152562574438,0.5925123478416919,3.0,0.5999999999999988,False,True,False,True
2026-07-28 12:08:26.088821,CVNA,none,243013.0,398170.6666666667,1.2995245641838356,0.28894948305571305,1.7336968983342782,0.7321428571428544,False,True,False,True
2026-07-28 12:08:26.275046,IREN,none,2048786.0,2047903.8,1.4003537735849099,0.7127886930206432,3.0,0.4847928148601748,False,True,False,False
2026-07-28 12:08:26.462325,HPE,none,965161.0,983377.5,0.5844009889862846,3.7187879468168306,3.0,0.36111111111110894,False,False,False,False
2026-07-28 12:08:26.649071,DAL,none,596319.0,399233.1666666667,2.139965297860028,0.9749674089888769,0.8530964828652673,0.8937198067632852,False,True,False,True
2026-07-28 12:08:26.838164,RBLX,BUY,299007.0,315968.6666666667,2.455855490156269,1.6916222655772581,3.0,0.967999999999995,True,True,False,True
2026-07-28 12:08:27.028265,IVZ,none,422310.0,431453.0,1.1848341232227537,0.8412336676964551,0.7010280564137127,0.5833333333333378,False,True,False,True
2026-07-28 12:08:27.210983,JOBY,none,5028921.0,3947382.933333333,2.7894002789400303,3.1643313174748426,2.3732484881061318,0.8333333333333334,False,False,False,True
2026-07-28 12:38:28.103510,AMAT,BUY,347458.0,363009.9166666667,1.1636960501673008,0.8910118159450129,3.0,0.6921151439299154,True,True,False,True
2026-07-28 12:38:28.409146,LITE,none,229129.0,251251.6,2.051192976361542,4.3619729610211175,3.0,0.7330699774266359,False,False,False,True
2026-07-28 12:38:28.677340,ALAB,none,168269.0,149272.13333333333,1.915237289439281,4.004615199949218,3.0,0.715517241379315,True,False,False,True
2026-07-28 12:38:29.095147,STX,none,350429.0,314624.2,2.7231092957049077,5.850823009486044,3.0,0.8071748878923757,True,False,False,True
2026-07-28 12:38:29.278817,CIEN,none,127169.0,188938.0,1.225425372476405,0.6652218827754712,3.0,0.4744027303754239,False,True,False,False
2026-07-28 12:38:29.543591,AMD,none,1531200.0,1489323.6,1.7265966082358888,1.3690474490358076,3.0,0.758919961427194,False,True,False,True
2026-07-28 12:38:29.874575,MPWR,none,24895.0,34167.2,1.0838867854260907,2.3758577079329326,2.7152659519233513,0.5285660234581826,False,False,False,False
2026-07-28 12:38:30.052400,SIMO,none,38989.0,53648.833333333336,1.3513513513513478,5.047802986299145,2.163344136985348,0.5812619502868034,False,False,False,True
2026-07-28 12:38:30.231572,BE,none,907387.0,1068801.0,-0.3218308600035712,3.735532759143394,3.0,0.1914893617021253,False,False,False,False
2026-07-28 12:38:30.409251,ISRG,none,136649.0,241448.33333333334,-0.2436020254550549,1.6006373659621729,1.4005576952169012,0.3662551440329471,False,False,False,False
2026-07-28 12:38:30.594285,CRDO,none,192314.0,250703.0,2.6444305901911904,3.7230514181895638,3.0,0.8569023569023578,False,False,False,True
2026-07-28 12:38:30.787912,ENTG,none,114926.0,240327.0,0.4267425320056823,1.0722598896953395,2.8593597058542386,0.35915492957746153,False,False,False,False
2026-07-28 12:38:30.980622,MXL,none,267802.0,335202.5833333333,2.590761888529054,3.505680589305026,3.0,0.7272727272727242,False,False,False,True
2026-07-28 12:38:31.253607,NBIS,none,1233598.0,1098145.7333333334,-0.18043187241720637,4.403545242555586,2.642127145533351,0.10000000000000092,False,False,False,False
2026-07-28 12:38:31.434203,KLAC,none,587751.0,851629.25,1.3016322888783864,3.293550487477302,3.0,0.7294117647058842,False,False,False,True
2026-07-28 12:38:31.621395,AMKR,none,544166.0,1052247.8,-0.021570319240720472,7.724020549898109,3.0,0.010309278350513425,False,False,False,False
2026-07-28 12:38:31.911344,DELL,none,335857.0,364411.4,2.2768790871303444,3.961055094435721,3.0,0.8838643371017478,False,False,False,True
2026-07-28 12:38:32.175889,AEHR,none,136355.0,125896.93333333333,1.4496998096353708,5.498573598532314,3.0,0.5722874154575377,False,False,False,True
2026-07-28 12:38:32.360624,MRVL,none,1084768.0,1241729.8333333333,1.0820303648311786,0.7318904063465608,3.0,0.5536231884057979,False,True,False,False
2026-07-28 12:38:32.539663,HOOD,none,1175418.0,1461449.857142857,0.6141579571166826,0.9652268854475861,3.0,0.5757575757575718,False,False,False,False
2026-07-28 12:38:32.856866,RCL,none,202490.0,233193.6,0.5206547155105272,4.2971548341473556,3.0,0.452574525745262,False,False,False,False
2026-07-28 12:38:33.128342,ARM,none,198182.0,236586.6,0.1418669693161989,4.072626714757769,2.0363133573788845,0.05529225908372752,False,False,False,False
2026-07-28 12:38:33.310457,NXT,none,87531.0,168403.7,0.5450992492029221,2.874168092189021,1.7245008553134127,0.445378151260506,False,False,False,False
2026-07-28 12:38:33.495193,INTC,none,7936080.0,8677348.9,1.1795998612235412,4.555783477731175,3.0,0.48113207547169523,False,False,False,False
2026-07-28 12:38:33.772185,APTV,none,118507.0,52873.46666666667,0.410186292941381,0.7719044186157179,1.8011103101033417,0.5333333333333344,False,False,False,False
2026-07-28 12:38:34.108064,APO,none,66758.0,107768.8,-0.12028869286287544,1.4387030391038726,0.5395136396639523,0.2500000000000118,False,False,False,False
2026-07-28 12:38:34.294283,UAL,none,272915.0,232513.3,0.2272173983607897,1.948545179638014,0.974272589819007,0.26168224299065695,False,False,False,False
2026-07-28 12:38:34.477380,ASTS,none,477866.0,874016.0,0.09584386163631561,1.2429451079943654,3.0,0.05978910751168585,False,False,False,False
2026-07-28 12:38:34.668833,ARWR,none,69781.0,127870.28571428571,-0.4517893235049286,4.650116775608522,3.0,0.3838383838383757,False,False,False,False
2026-07-28 12:38:34.940289,GTLB,none,198476.0,180823.6,-0.319581638582218,0.5155809003707579,3.0,0.22448979591836854,False,False,False,False
2026-07-28 12:38:35.217301,VSAT,none,59542.0,64986.666666666664,-0.05523336095002244,2.617090497898937,3.0,0.03539823008850081,False,False,False,False
2026-07-28 12:38:35.408376,QNT,none,41206.0,152304.85714285713,0.6124061635717153,4.951260726058056,3.0,0.40789473684210553,False,False,False,False
2026-07-28 12:38:35.751316,VSH,none,157734.0,183073.06666666668,-0.4468275245755096,4.585346578734001,3.0,0.2586206896551707,False,False,False,False
2026-07-28 12:38:35.936436,TEAM,none,984556.0,509069.71428571426,-0.23731830317412725,2.4119572007710763,3.0,0.18181818181817694,False,False,False,False
2026-07-28 12:38:36.204507,REZI,none,67111.0,51639.8,0.3062360801781721,1.1330047746891239,1.3596057296269486,0.39285714285713924,False,False,False,False
2026-07-28 12:38:36.594291,LEN,none,88677.0,84908.13333333333,-0.11366219595363551,1.1999526346188032,1.0285308296732598,0.17543859649124074,False,False,False,False
2026-07-28 12:38:36.863973,BROS,none,66904.0,117381.86666666667,-0.487581898522007,1.9031916282433263,0.7136968605912474,0.7111111111110915,False,False,False,True
2026-07-28 12:38:37.119655,ALK,none,206234.0,136587.83333333334,0.5510204081632717,3.1215004388203633,3.0,0.5094339622641557,False,False,False,False
2026-07-28 12:38:37.389226,AOSL,none,15298.0,30569.666666666668,0.8236101578586082,5.746502674727195,2.4627868605973693,0.4067796610169466,False,False,False,False
2026-07-28 12:38:37.572788,CSCO,none,1081102.0,898705.6666666666,0.3604840786198624,1.7619672663528294,1.7619672663528294,0.46153846153845796,True,False,False,False
2026-07-28 12:38:37.964453,DHI,none,72716.0,73078.26666666666,-0.08580858085808281,1.3581444292248712,1.164123796478461,0.1666666666666606,False,False,False,False
2026-07-28 12:38:38.148857,A,none,45182.0,94912.85714285714,0.03564554074284091,1.6290456841683618,0.977427410501017,0.0704225352112428,False,False,False,False
2026-07-28 12:38:38.332525,MRNA,none,129232.0,235886.33333333334,1.0084341767510163,0.6345032352036148,2.2207613232126517,0.8333333333333441,False,True,False,True
2026-07-28 12:38:38.600354,AFRM,none,97154.0,125609.6,-0.5079626578802918,0.30457935435754996,2.1320554805028498,0.3894736842105299,False,False,True,False
2026-07-28 12:38:38.790918,MWH,none,46589.0,109678.28571428571,0.38759689922479795,8.089367739586804,3.0,0.3703703703703582,False,False,False,False
2026-07-28 12:38:38.973415,CEVA,none,50261.0,72131.85714285714,0.7668711656441718,0.7056820432176597,3.0,0.3333333333333333,False,True,False,False
2026-07-28 12:38:39.149542,RIOT,none,482632.0,920413.8333333334,-0.1407789770060891,0.6212398486722475,3.0,0.12499999999999074,False,False,False,False
2026-07-28 12:38:39.344968,CVNA,none,476827.0,437620.0833333333,0.7667031763417448,0.33896979186943843,2.0338187512166304,0.6533333333333516,False,True,False,False
2026-07-28 12:38:39.623974,IREN,none,1815672.0,2063969.7333333334,0.9303677860154099,0.7248307786058662,3.0,0.5728607232366653,False,True,False,True
2026-07-28 12:38:39.831827,HPE,none,664646.0,1006992.9,0.6033519553072696,3.6550356722398436,3.0,0.39130434782608875,False,False,False,False
2026-07-28 12:38:40.049739,DAL,none,472465.0,406563.1666666667,0.27167760923703294,1.7344129006188056,1.517611288041455,0.3380281690140735,False,False,False,False
2026-07-28 12:38:40.237996,RBLX,none,256829.0,318000.0,-1.4475510608764561,2.1786755954388606,3.0,0.651785714285713,True,False,False,False
2026-07-28 12:38:40.422409,IVZ,none,345865.0,427308.7,0.23427041499330753,1.2729583470872616,1.0607986225727182,0.3333333333333333,False,False,False,False
2026-07-28 12:38:40.697067,JOBY,none,5727264.0,3841608.533333333,-0.5427408412483045,3.722629753420392,2.7919723150652938,0.4000000000000018,False,False,False,False
2026-07-28 13:08:41.500708,AMAT,SELL,318172.0,379285.5833333333,-1.0629004076878306,0.9916977934776753,3.0,0.6443883984867603,True,False,True,True
2026-07-28 13:08:41.687084,LITE,none,240384.0,254273.06666666668,-0.1097932484883979,4.736216690619,3.0,0.06436990027197864,False,False,False,False
2026-07-28 13:08:41.873089,ALAB,none,100632.0,147769.73333333334,-0.06412432575158082,4.427897635042296,3.0,0.048295454545458534,True,False,False,False
2026-07-28 13:08:42.069463,STX,none,279379.0,315161.6666666667,-0.3627504785361527,6.520120194573236,3.0,0.20862201693610735,True,False,False,False
2026-07-28 13:08:42.248385,CIEN,none,122377.0,196577.75,-0.9957614817395364,0.7158710792781449,3.0,0.5735785953177251,False,False,True,True
2026-07-28 13:08:42.431554,AMD,none,1096716.0,1471474.6666666667,-0.6577386728774351,1.5125496592481906,3.0,0.42420027816411066,False,False,False,False
2026-07-28 13:08:42.623812,MPWR,none,14621.0,34565.666666666664,-0.4696276742687097,2.3982166826236826,2.740819065855637,0.38490566037736373,False,False,False,False
2026-07-28 13:08:42.853227,SIMO,none,26509.0,53769.916666666664,-1.5627743634767348,5.283959753252271,2.2645541799652587,0.6568265682656812,False,False,False,True
2026-07-28 13:08:43.040015,BE,none,681377.0,1074118.3,-2.603231597845598,3.73623487773464,3.0,0.8877551020408141,False,False,False,True
2026-07-28 13:08:43.226198,ISRG,none,106281.0,236213.66666666666,0.005488172987207565,1.6232136585733854,1.4203119512517122,0.010752688172033153,False,False,False,False
2026-07-28 13:08:43.477760,CRDO,none,160043.0,247022.66666666666,-0.8558695431986213,4.233031135329932,3.0,0.46556473829201095,False,False,False,False
2026-07-28 13:08:43.660064,ENTG,none,151464.0,222668.0,-0.6746064795535839,1.1434599833669687,3.0,0.4196891191709799,False,False,False,False
2026-07-28 13:08:43.840705,MXL,none,152652.0,334810.4166666667,-1.5438247011952186,3.928655302036219,3.0,0.6549295774647877,False,False,False,False
2026-07-28 13:08:44.050512,NBIS,none,699915.0,1077831.4,-1.3236151603498603,4.356744087056856,2.6140464522341134,0.48922413793103814,False,False,False,False
2026-07-28 13:08:44.228925,KLAC,none,594125.0,857866.4166666666,-0.8912378879734695,3.6352009895129713,3.0,0.4956772334293946,False,False,False,False
2026-07-28 13:08:44.413116,AMKR,none,1265720.0,1129411.3,-1.2295081967213122,7.653435948337124,3.0,0.5377358490566065,False,False,False,False
2026-07-28 13:08:44.607120,DELL,none,213412.0,365017.26666666666,-0.541450777202066,4.3192309494830985,3.0,0.33873581847649425,False,False,False,False
2026-07-28 13:08:44.789441,AEHR,none,61373.0,126598.6,-1.5847860538827176,5.865470875970958,3.0,0.5820105820105789,False,False,False,True
2026-07-28 13:08:44.977314,MRVL,none,816982.0,1259103.5,-0.6728343145500357,0.7567928889599386,3.0,0.34482758620689147,False,False,False,False
2026-07-28 13:08:45.164948,HOOD,none,524995.0,1314379.4285714286,-0.44991965720405735,0.9909733567782217,3.0,0.6363636363636207,False,False,False,False
2026-07-28 13:08:45.392587,RCL,none,135487.0,232693.06666666668,-0.8682439765574161,4.065927231589612,3.0,0.6572769953051684,False,False,False,True
2026-07-28 13:08:45.604474,ARM,none,161015.0,232511.86666666667,-0.5700424499696772,3.9999528761389667,1.9999764380694833,0.4325153374233093,False,False,False,False
2026-07-28 13:08:45.786512,NXT,none,91140.0,172775.3,-1.5855155482815173,3.013683946521235,1.808210367912741,0.714285714285719,False,False,False,True
2026-07-28 13:08:45.981135,INTC,none,5406123.0,8948876.4,-0.8687700045724795,5.112360816980819,3.0,0.6031746031746048,False,False,False,True
2026-07-28 13:08:46.170494,APTV,none,40620.0,53905.53333333333,-0.2722940776038063,0.7582265836766435,1.7691953619121683,0.4324324324324179,False,False,False,False
2026-07-28 13:08:46.371554,APO,none,26818.0,97804.8,0.02409638554216959,1.4015603074635004,0.5255851152988127,0.05000000000000118,False,False,False,False
2026-07-28 13:08:46.560177,UAL,none,128810.0,235228.6,0.49432739059967534,1.8297768086258186,0.9148884043129093,0.5865384615384654,False,False,False,False
2026-07-28 13:08:46.744630,ASTS,none,536247.0,809762.7142857143,0.052219321148814675,1.2128811576642884,3.0,0.06317119393555307,False,False,False,False
2026-07-28 13:08:46.924424,ARWR,none,91233.0,86103.57142857143,0.29231044562429703,3.7912638851348595,3.0,0.5051546391752677,False,False,False,False
2026-07-28 13:08:47.112801,GTLB,none,98072.0,178962.86666666667,-0.3207932341790593,0.48263727869425577,2.895823672165535,0.6874999999999806,False,False,False,True
2026-07-28 13:08:47.315489,VSAT,none,91466.0,62042.066666666666,0.19318338622878511,2.562874910250315,3.0,0.25,False,False,False,False
2026-07-28 13:08:47.502365,QNT,none,40833.0,134838.57142857142,-0.3142183817753411,5.1065573335150205,3.0,0.15094339622641825,False,False,False,False
2026-07-28 13:08:47.690913,VSH,none,219419.0,186140.4,-0.5683517798384616,4.607193413625934,3.0,0.41304347826086385,False,False,False,False
2026-07-28 13:08:47.881718,TEAM,none,107355.0,434818.5714285714,0.11894142134998964,2.341628422932036,3.0,0.15584415584416256,False,False,False,False
2026-07-28 13:08:48.073737,REZI,none,19773.0,52159.46666666667,0.1388117712381931,1.180799520011681,1.416959424014017,0.312499999999975,False,False,False,False
2026-07-28 13:08:48.265666,LEN,none,119061.0,81916.0,0.07970849464815236,1.0302660811916615,0.8830852124499957,0.1129032258064653,False,False,False,False
2026-07-28 13:08:48.454266,BROS,none,83759.0,116390.0,-0.045969966288693126,1.898172604947727,0.7118147268553976,0.07317073170732045,False,False,False,False
2026-07-28 13:08:48.639538,ALK,none,117473.0,140001.33333333334,0.5077173030056864,3.1661466987641087,3.0,0.5,False,False,False,False
2026-07-28 13:08:48.820379,AOSL,none,23990.0,31038.266666666666,-0.5800068236096833,5.885318582809646,2.522279392632705,0.3469387755102014,False,False,False,False
2026-07-28 13:08:49.010447,CSCO,none,529527.0,927708.0,-0.41901829998289286,1.849748381273671,1.849748381273671,0.73134328358208,True,False,False,True
2026-07-28 13:08:49.285937,DHI,none,55149.0,73216.66666666667,0.12554513017047556,1.2394219268672528,1.0623616516005026,0.3454545454545342,False,False,False,False
2026-07-28 13:08:49.474138,A,none,28282.0,71599.0,0.2208921191392349,1.5853099377379225,0.9511859626427536,0.31313131313131254,False,False,False,False
2026-07-28 13:08:49.662589,MRNA,none,288053.0,231762.83333333334,0.27243007628041876,0.6427540602861246,2.249639211001436,0.3061224489795921,False,False,False,False
2026-07-28 13:08:49.870577,AFRM,none,60308.0,122524.93333333333,-0.04141358365544055,0.28019021744759603,1.9613315221331722,0.06250000000000185,False,False,False,False
2026-07-28 13:08:50.051726,MWH,none,92488.0,76527.14285714286,0.38624951718809525,8.030389190833217,3.0,0.4761904761904641,False,False,False,False
2026-07-28 13:08:50.238496,CEVA,none,27012.0,57220.857142857145,-0.9104704097116972,0.7681078933816213,3.0,0.5660377358490635,False,False,True,False
2026-07-28 13:08:50.417156,RIOT,none,390574.0,918740.3333333334,-1.549295774647896,0.6235706995941144,3.0,0.8148148148148171,False,False,True,True
2026-07-28 13:08:50.602238,CVNA,none,697415.0,440588.1666666667,0.9165760447413223,0.36704287301049193,2.2022572380629515,0.7564102564102415,False,True,False,True
2026-07-28 13:08:50.787807,IREN,none,1856617.0,1998772.8666666667,-1.6563445196600972,0.7361122165191281,3.0,0.6388888888888931,False,False,True,True
2026-07-28 13:08:50.976673,HPE,none,491743.0,1008057.0,-0.2666074205732003,3.757695209013327,3.0,0.19999999999999526,False,False,False,False
2026-07-28 13:08:51.279082,DAL,none,276671.0,416806.9166666667,0.6097560975609666,1.7048191672655666,1.4917167713573707,0.7012987012986945,False,False,False,True
2026-07-28 13:08:51.466390,RBLX,none,118930.0,312797.1666666667,-0.14081673707503578,2.381748269025965,3.0,0.269230769230765,False,False,False,False
2026-07-28 13:08:51.670340,IVZ,none,149036.0,420134.8,-0.033400133600539623,1.335658847277157,1.113049039397631,0.06666666666667773,False,False,False,False
2026-07-28 13:08:51.866220,JOBY,none,3588295.0,3717474.6,-0.4092769440654877,3.6774253438310116,2.758069007873259,0.3750000000000028,False,False,False,False
2026-07-28 13:38:52.766155,AMAT,none,273549.0,390525.5,0.6265506076279421,1.0152709011358252,3.0,0.3720349563046219,True,False,False,False
2026-07-28 13:38:52.953251,LITE,none,188089.0,258572.73333333334,0.7751698101530388,4.557243426318097,3.0,0.3581129378127306,False,False,False,True
2026-07-28 13:38:53.136744,ALAB,none,61106.0,143412.6,0.10190217391305807,3.880092511627627,3.0,0.04761904761905478,False,False,False,False
2026-07-28 13:38:53.324387,STX,none,262281.0,327395.26666666666,1.148142670843371,6.055939960494963,3.0,0.5163240628778777,True,False,False,False
2026-07-28 13:38:53.502382,CIEN,none,108086.0,204824.25,0.789527750873176,0.7112164069400589,3.0,0.441707717569788,False,True,False,False
2026-07-28 13:38:53.683225,AMD,none,751317.0,1450504.5333333334,0.15412668779576683,1.5115115422428043,3.0,0.13601532567049346,False,False,False,False
2026-07-28 13:38:53.869036,MPWR,none,27275.0,33917.933333333334,0.9693165431565587,2.337510768473998,2.671440878255998,0.5066505441354278,False,False,False,False
2026-07-28 13:38:54.053410,SIMO,none,37969.0,54311.916666666664,0.821648655889972,5.768740697824498,2.472317441924785,0.3747454175152759,False,False,False,False
2026-07-28 13:38:54.236071,BE,none,504350.0,1067945.1,0.09223390518354897,4.237471279325077,3.0,0.05154639175257883,False,False,False,False
2026-07-28 13:38:54.411211,ISRG,none,94222.0,233932.58333333334,0.18379327371480744,1.6008765757290135,1.4007670037628868,0.8271604938271077,False,False,False,True
2026-07-28 13:38:54.593788,CRDO,none,124835.0,248172.0,0.47521716913643686,4.1041767389513675,3.0,0.2066666666666682,False,False,False,False
2026-07-28 13:38:54.775727,ENTG,none,88991.0,182924.14285714287,0.5040746030412453,1.1035034861937372,2.942675963183299,0.26785714285713924,False,False,False,False
2026-07-28 13:38:54.956625,MXL,none,153355.0,336280.1666666667,0.8105369807497534,4.062121437494388,3.0,0.3664122137404624,False,False,False,False
2026-07-28 13:38:55.139377,NBIS,none,625407.0,1079542.7333333334,0.9991722833156121,4.511482574753568,2.7068895448521406,0.48148148148149017,False,False,False,False
2026-07-28 13:38:55.319827,KLAC,none,440531.0,867886.25,0.7056978567694691,3.5714729011042,3.0,0.369863013698628,False,False,False,False
2026-07-28 13:38:55.503943,AMKR,none,685356.0,1051506.7,0.9172308364271713,7.739413095299068,3.0,0.4242424242424251,False,False,False,False
2026-07-28 13:38:55.692358,DELL,none,164298.0,363334.4666666667,0.33328125813674236,4.225420467247606,3.0,0.2195540308747815,False,False,False,False
2026-07-28 13:38:55.878735,AEHR,none,100677.0,125585.93333333333,1.1880316808448048,5.799128867293949,3.0,0.47647058823529026,False,False,False,False
2026-07-28 13:38:56.061221,MRVL,none,581940.0,1268661.6666666667,0.35010446665537553,0.7543276850927001,3.0,0.1828908554572277,False,False,False,False
2026-07-28 13:38:56.244370,HOOD,none,427446.0,1021069.7142857143,0.8501937150236677,0.5869152361428419,2.3476609445713676,0.7247706422018253,False,True,False,True
2026-07-28 13:38:56.428880,RCL,none,108278.0,231069.6,0.2721386343019815,4.24264334446695,3.0,0.4438775510204023,False,False,False,False
2026-07-28 13:38:56.613258,ARM,none,119051.0,224243.93333333332,1.1105235325224707,3.768905320643228,1.884452660321614,0.5582822085889565,False,False,False,True
2026-07-28 13:38:56.795916,NXT,none,65651.0,173637.3,1.0621680724773466,3.333630357881876,2.0001782147291256,0.6845637583892614,False,False,False,True
2026-07-28 13:38:56.978693,INTC,none,5717410.0,9013877.2,0.3690036900369089,4.932468010744646,3.0,0.23703703703704102,False,False,False,False
2026-07-28 13:38:57.163680,APTV,none,36761.0,56652.73333333333,0.30711482682136104,0.7344665158713454,1.7137552036998058,0.5806451612903174,False,False,False,False
2026-07-28 13:38:57.355212,APO,none,75532.0,95572.73333333334,0.4661629963028438,1.3965896053891376,0.5237211020209266,0.8656716417910401,False,False,False,True
2026-07-28 13:38:57.530752,UAL,none,102733.0,237908.1,0.30659996772631554,1.9930629162386881,0.9965314581193441,0.5135135135135109,False,False,False,False
2026-07-28 13:38:57.720283,ASTS,none,358081.0,587111.7142857143,0.2783576896311825,0.7286733509267976,3.0,0.1927710843373526,False,False,False,False
2026-07-28 13:38:57.900604,ARWR,none,21038.0,75495.0,0.7314897413024024,2.7923390835253215,2.7923390835253215,0.7151162790697619,False,False,False,True
2026-07-28 13:38:58.086250,GTLB,none,95294.0,175042.8,0.7903981264637094,0.45040279133733535,2.702416748024012,0.7297297297297433,False,True,False,True
2026-07-28 13:38:58.272481,VSAT,none,25749.0,61401.13333333333,1.1311905090357393,2.581792406278796,3.0,0.7068965517241463,False,False,False,True
2026-07-28 13:38:58.454124,QNT,none,54330.0,69878.28571428571,1.9960474308300356,2.4368297724561634,3.0,0.7266187050359695,False,False,False,True
2026-07-28 13:38:58.644491,VSH,none,176663.0,194103.8,0.030093289196524577,4.428200162216456,3.0,0.020833333333344126,False,False,False,False
2026-07-28 13:38:58.826940,TEAM,none,133360.0,364154.0,1.306025526862578,2.054697478128758,3.0,0.8918918918918944,False,False,False,True
2026-07-28 13:38:59.012158,REZI,none,40006.0,50713.26666666667,0.5546311702717575,0.9858776208675518,1.1830531450410622,0.8695652173912977,False,False,False,True
2026-07-28 13:38:59.206711,LEN,none,54884.0,81398.53333333334,-0.3185800432358643,0.9949662356646107,0.8528282019982377,0.5714285714285797,False,False,False,True
2026-07-28 13:38:59.388838,BROS,none,78257.0,115539.13333333333,0.3678724708767767,1.8036921435448552,0.6763845538293207,0.4285714285714431,False,False,False,False
2026-07-28 13:38:59.567760,ALK,none,97657.0,142973.91666666666,0.2222671246716497,3.1279821657050775,3.0,0.2894736842105229,False,False,False,False
2026-07-28 13:38:59.750889,AOSL,none,21293.0,28672.066666666666,1.0958904109589052,5.5133891371781685,2.3628810587906437,0.6153846153846164,False,False,False,True
2026-07-28 13:38:59.935770,CSCO,none,607485.0,936576.4166666666,0.3434950622584727,1.8237107756440853,1.8237107756440853,0.4999999999999911,True,False,False,False
2026-07-28 13:39:00.120326,DHI,none,53444.0,72221.4,-0.37631214101801885,1.2165731541477511,1.042776989269501,0.7599999999999909,False,False,False,True
2026-07-28 13:39:00.301458,A,none,46834.0,52202.71428571428,-0.4404973357016018,1.1671468109370886,0.7002880865622532,0.6666666666666666,False,False,False,True
2026-07-28 13:39:00.482582,MRNA,none,114934.0,235056.0,0.2899601304820654,0.6556008109409797,2.2946028382934287,0.3809523809523882,False,False,False,False
2026-07-28 13:39:00.668920,AFRM,none,46239.0,119219.73333333334,0.8285004142501993,0.2521647011381602,1.7651529079671213,0.7058823529411745,False,True,False,True
2026-07-28 13:39:00.851887,MWH,none,49525.0,75633.0,0.03849114703617402,3.7038202914641603,2.3148876821651,0.045454545454535915,False,False,False,False
2026-07-28 13:39:01.036400,CEVA,none,18628.0,44852.71428571428,1.2891344383057144,0.3988661256885308,2.792062879819716,0.7118644067796598,False,True,False,True
2026-07-28 13:39:01.223791,RIOT,none,344837.0,926895.6666666666,0.9541984732824393,0.6434155447705361,3.0,0.512952038984352,False,True,False,False
2026-07-28 13:39:01.404926,CVNA,none,355341.0,440654.5833333333,0.21558361564521183,0.4089328064906647,2.453596838943988,0.274509803921567,False,False,False,False
2026-07-28 13:39:01.586669,IREN,none,1066768.0,1982729.5333333334,0.9228065035887062,0.7245099953465336,3.0,0.4809160305343629,False,True,False,False
2026-07-28 13:39:01.770944,HPE,none,280213.0,1067912.8,-0.0445732114998797,3.7482603989409675,3.0,0.05263157894735759,False,False,False,False
2026-07-28 13:39:01.950109,DAL,none,243411.0,420320.0,0.12348450830713902,1.948721606289953,1.705131405503709,0.2,False,False,False,False
2026-07-28 13:39:02.133202,RBLX,none,103804.0,313427.4166666667,0.24178924037879798,2.319002525531882,3.0,0.3243243243243134,False,False,False,False
2026-07-28 13:39:02.322073,IVZ,none,98825.0,420258.6,0.8355614973262031,1.209807513613518,1.008172928011265,0.8333333333333314,False,False,False,True
2026-07-28 13:39:02.609051,JOBY,none,2227166.0,3491794.6,0.27397260273973234,3.5046263154180015,2.6284697365635012,0.25000000000000555,False,False,False,False
2026-07-28 14:09:03.886788,AMAT,none,264369.0,403581.8333333333,-0.7902328887402209,1.066688677772762,3.0,0.6885245901639283,False,False,False,True
2026-07-28 14:09:04.071975,LITE,none,196557.0,258629.4,-0.7051016175860687,4.479577984544456,3.0,0.5795454545454616,False,False,False,True
2026-07-28 14:09:04.258735,ALAB,none,46204.0,139870.6,-1.1364065390568925,3.7105827274341,3.0,0.6794582392776493,False,False,False,False
2026-07-28 14:09:04.451777,STX,none,396550.0,337480.6,-0.031900470531941554,5.947657250622334,3.0,0.0262008733624465,True,False,False,False
2026-07-28 14:09:04.720566,CIEN,none,133285.0,211167.75,-0.08737185461323724,0.7485315085185682,3.0,0.07751937984496408,False,False,False,False
2026-07-28 14:09:04.903004,AMD,none,665365.0,1432705.0666666667,-0.5028502069922174,1.45692493000484,3.0,0.49466950959488154,False,False,False,False
2026-07-28 14:09:05.093479,MPWR,none,27510.0,34191.0,-0.14072334860384986,2.4743209347068156,2.8277953539506466,0.18775510204080884,False,False,False,False
2026-07-28 14:09:05.424684,SIMO,none,28123.0,50593.083333333336,-0.017711654268505156,5.4065616701628,2.3170978586412,0.01403508771929548,False,False,False,False
2026-07-28 14:09:05.608319,BE,none,525471.0,1062689.6,-0.5040260618353882,3.9319353350201074,3.0,0.3489361702127639,False,False,False,False
2026-07-28 14:09:05.884089,ISRG,none,105997.0,231337.16666666666,0.049284012813845195,1.5150313354141391,1.3256524184873717,0.21951219512196135,False,False,False,False
2026-07-28 14:09:06.153843,CRDO,none,123200.0,250167.83333333334,-0.8796461076930848,4.183870789240852,3.0,0.55806451612903,False,False,False,True
2026-07-28 14:09:06.334613,ENTG,none,115518.0,144499.57142857142,-0.7521310379408253,0.9935724394673748,2.649526505246333,0.5590062111801192,False,False,False,False
2026-07-28 14:09:06.605697,MXL,none,188215.0,328650.5833333333,-0.854987426655487,4.138988107519633,3.0,0.5666666666666653,False,False,False,False
2026-07-28 14:09:06.789969,NBIS,none,733700.0,1084748.0,-1.6285881663737558,4.66849318482964,2.801095910897784,0.723958333333333,False,False,False,True
2026-07-28 14:09:07.180163,KLAC,none,480952.0,873582.5833333334,-0.5709540122495559,3.8357619383699806,3.0,0.4867256637168136,False,False,False,False
2026-07-28 14:09:07.367092,AMKR,none,381351.0,1073820.8,-0.432900432900439,7.599598354045982,3.0,0.30303030303030565,False,False,False,False
2026-07-28 14:09:07.558735,DELL,none,124280.0,362870.8,-0.7599336030708598,4.13341837842432,3.0,0.6554809843400506,False,False,False,False
2026-07-28 14:09:07.749134,AEHR,none,40183.0,124247.46666666666,-0.20275162925416448,5.836904537276908,3.0,0.1773049645390094,False,False,False,False
2026-07-28 14:09:08.076344,MRVL,none,439261.0,1295286.75,-0.6471945523102064,0.7646109536830517,3.0,0.5837563451776682,False,False,False,False
2026-07-28 14:09:08.256167,HOOD,none,584262.0,783388.1428571428,-0.41622198505869856,0.5217030477220191,2.0868121908880766,0.5064935064935006,False,False,False,False
2026-07-28 14:09:08.444512,RCL,none,74879.0,230211.66666666666,0.436885629583409,4.199514339021339,3.0,0.5204460966542882,False,False,False,False
2026-07-28 14:09:08.630747,ARM,none,103392.0,220427.46666666667,-0.6521476591119538,3.97490552647977,1.987452763239885,0.5644599303135895,False,False,False,True
2026-07-28 14:09:08.812833,NXT,none,209401.0,196982.9,0.5676540406646683,3.3932333921339057,2.0359400352803436,0.45454545454545453,False,False,False,False
2026-07-28 14:09:08.995619,INTC,none,4326246.0,8732133.8,0.16084558823529477,4.619539004117755,3.0,0.18421052631579243,False,False,False,False
2026-07-28 14:09:09.183085,APTV,none,70392.0,58218.13333333333,0.20411634631739656,0.7414178373633612,1.7299749538478428,0.2926829268292645,False,False,False,False
2026-07-28 14:09:09.375480,APO,none,71989.0,94513.0,-0.40803264261140165,1.4855524110679745,0.5570821541504904,0.7083333333333218,False,False,False,True
2026-07-28 14:09:09.555209,UAL,none,163080.0,235801.8,-0.24133215348724732,1.8871526803056953,0.9435763401528476,0.4285714285714228,False,False,False,False
2026-07-28 14:09:09.735563,ASTS,none,244907.0,516139.28571428574,-0.6421381464769134,0.630490428301131,3.0,0.6382611695704603,False,False,True,True
2026-07-28 14:09:09.921307,ARWR,none,19639.0,68167.42857142857,-0.8914339689473942,2.298173295084001,2.298173295084001,0.9617834394904442,False,False,False,True
2026-07-28 14:09:10.101380,GTLB,none,104195.0,176153.46666666667,-0.26147588611273503,0.4726884706576696,2.836130823946018,0.3461538461538619,False,False,False,False
2026-07-28 14:09:10.286251,VSAT,none,21067.0,61114.13333333333,-0.9826668486420075,2.698046125683815,3.0,0.7499999999999926,False,False,False,True
2026-07-28 14:09:10.468577,QNT,none,24472.0,49223.142857142855,-0.8741258741258658,2.515009081070253,3.0,0.4945054945054878,False,False,False,False
2026-07-28 14:09:10.662741,VSH,none,240449.0,194910.26666666666,-1.023171832681301,4.294680257667997,3.0,0.7555555555555425,False,False,False,True
2026-07-28 14:09:10.844381,TEAM,none,150559.0,307976.85714285716,-0.1465129908185109,1.698812828495222,2.831354714158703,0.16666666666665614,False,False,False,False
2026-07-28 14:09:11.028498,REZI,none,29673.0,49969.46666666667,-0.22099447513813644,0.950289950635866,1.1403479407630392,0.3200000000000216,False,False,False,False
2026-07-28 14:09:11.219536,LEN,none,41563.0,83875.46666666666,0.04563605248145127,1.0114782333451884,0.8669813428673043,0.19047619047614536,False,False,False,False
2026-07-28 14:09:11.406663,BROS,none,51904.0,116571.13333333333,-0.15278838808251874,1.8133469528063269,0.6800051073023725,0.3333333333333649,False,False,False,False
2026-07-28 14:09:11.679267,ALK,none,88549.0,140240.75,-0.40306328093509824,2.973590767407781,2.973590767407781,0.5263157894736694,False,False,False,False
2026-07-28 14:09:11.861393,AOSL,none,14197.0,29362.6,-0.4073319755600848,5.6630537574136195,2.4270230388915515,0.4000000000000071,False,False,False,False
2026-07-28 14:09:12.207767,CSCO,none,470141.0,946078.3333333334,-0.5734337555631648,1.8700165696637026,1.8700165696637026,0.8072289156626543,False,False,False,True
2026-07-28 14:09:12.399856,DHI,none,42489.0,71416.53333333334,0.1060304837640799,1.246754569298298,1.0686467736842555,0.35555555555555696,False,False,False,False
2026-07-28 14:09:12.585559,A,none,32679.0,41427.71428571428,-0.46375570776256114,1.2000766125971774,0.7200459675583064,0.7386363636363739,False,False,False,True
2026-07-28 14:09:12.858660,MRNA,none,211795.0,236019.08333333334,0.12646793134598064,0.6468745319108675,2.264060861688036,0.1666666666666695,False,False,False,False
2026-07-28 14:09:13.042848,AFRM,none,51564.0,111500.46666666666,-0.3287671232876642,0.26460243038144016,1.852217012670081,0.6153846153846237,False,False,True,True
2026-07-28 14:09:13.230836,MWH,none,81827.0,76875.71428571429,-1.270696958028488,2.0950153745996696,1.3093846091247934,0.7857142857142851,False,False,False,True
2026-07-28 14:09:13.519060,CEVA,none,33046.0,37067.142857142855,-0.7290400972053523,0.521500134668239,3.0,0.5106382978723459,False,False,True,False
2026-07-28 14:09:13.787214,RIOT,none,366791.0,936570.1666666666,-0.7088846880907306,0.678340717156183,3.0,0.6666666666666562,False,False,True,True
2026-07-28 14:09:14.254566,CVNA,none,227882.0,455887.6666666667,-0.15363343063451915,0.41499055195658896,2.489943311739534,0.27027027027029,False,False,False,False
2026-07-28 14:09:14.443656,IREN,none,1097697.0,1954948.0,-1.4417659018298032,0.7321784018134854,3.0,0.8633043478260849,False,False,True,True
2026-07-28 14:09:14.626704,HPE,none,1048169.0,1053834.3,-1.026098594691057,3.4187103476572784,3.0,0.7666666666666663,False,False,False,True
2026-07-28 14:09:14.953546,DAL,none,181308.0,398387.5,-0.05603496581866766,1.8270962277315956,1.598709199265146,0.11363636363635776,False,False,False,False
2026-07-28 14:09:15.222048,RBLX,none,143919.0,309437.0,-0.04020908725372562,2.1822132845313185,3.0,0.04878048780488523,False,False,False,False
2026-07-28 14:09:15.407140,IVZ,none,198188.0,417610.7,-0.29840848806366,1.3476751606723454,1.1230626338936212,0.35999999999999943,False,False,False,False
2026-07-28 14:09:15.589601,JOBY,none,1740152.0,3346991.6,-0.5471956224350211,3.419631323223226,2.5647234924174196,0.5714285714285696,False,False,False,True
2026-07-28 14:39:16.529921,AMAT,none,252019.0,408258.5,-0.34766118836916016,1.063431741458798,3.0,0.2839931153184223,False,False,False,False
2026-07-28 14:39:16.719629,LITE,none,135289.0,257880.53333333333,-0.5803605973845083,4.534832180468006,3.0,0.4664179104477567,False,False,False,True
2026-07-28 14:39:16.952090,ALAB,none,81580.0,140186.4,-0.11472275334608466,3.763823008152646,3.0,0.0974025974026016,True,False,False,False
2026-07-28 14:39:17.145782,STX,none,277007.0,352769.5333333333,-0.21406727828746358,5.940936178845949,3.0,0.14273049645390226,True,False,False,False
2026-07-28 14:39:17.327158,CIEN,none,94070.0,213518.16666666666,-0.5104570778519967,0.727109504689777,3.0,0.407925407925406,False,False,False,False
2026-07-28 14:39:17.512087,AMD,none,664143.0,1424553.5333333334,-0.1677559912853991,1.435671865018629,3.0,0.17701149425286847,False,False,False,False
2026-07-28 14:39:17.701728,MPWR,none,20212.0,34268.2,-0.9399057796162229,2.378209245953628,2.7179534239470033,0.5450910706352726,False,False,False,False
2026-07-28 14:39:17.888937,SIMO,none,42502.0,51348.333333333336,-0.25233520740182974,4.75862414197625,2.03941034656125,0.2923076923076863,False,False,False,False
2026-07-28 14:39:18.070588,BE,none,790356.0,1044344.9,-1.3287188678079265,3.965280619937811,3.0,0.6656346749225986,False,False,False,True
2026-07-28 14:39:18.261174,ISRG,none,101988.0,224377.16666666666,-0.1121873802878477,1.4508288566235932,1.269475249545644,0.3228346456692709,False,False,False,False
2026-07-28 14:39:18.447367,CRDO,none,120649.0,248656.08333333334,-0.21550618297500515,4.202100411309089,3.0,0.1999999999999946,False,False,False,False
2026-07-28 14:39:18.632999,ENTG,none,96393.0,142728.57142857142,-0.5055185778077297,0.8446862341899841,2.2524966245066245,0.4477611940298454,False,False,False,False
2026-07-28 14:39:18.821502,MXL,none,83195.0,325239.3333333333,0.28750211398612313,4.094249552241593,3.0,0.28333333333332367,False,False,False,False
2026-07-28 14:39:19.004441,NBIS,none,869754.0,1104033.1333333333,-1.0792439329795493,4.888505869273087,2.9331035215638517,0.5621118012422369,False,False,False,True
2026-07-28 14:39:19.191655,KLAC,none,477475.0,885101.1666666666,-0.036549707602350455,3.7202123295125546,3.0,0.03517587939699562,False,False,False,False
2026-07-28 14:39:19.373339,AMKR,none,508478.0,1027276.4,0.2826086956521795,7.297419259732061,3.0,0.25000000000000344,False,False,False,False
2026-07-28 14:39:19.558897,DELL,none,115231.0,364659.5333333333,0.17245884504834727,4.212729123150166,3.0,0.20183486238532988,False,False,False,False
2026-07-28 14:39:19.738928,AEHR,none,40730.0,123568.66666666667,-0.3986951794128184,5.811513787327164,3.0,0.2422907488986698,False,False,False,False
2026-07-28 14:39:19.916582,MRVL,none,672166.0,1298502.5,-0.668668895562989,0.7543798744840328,3.0,0.46640316205533844,False,False,False,False
2026-07-28 14:39:20.092223,HOOD,none,788853.0,766444.5714285715,-0.4825219815569406,0.4341924398157776,1.7367697592631104,0.3781512605042048,False,False,True,False
2026-07-28 14:39:20.283092,RCL,none,68480.0,228891.4,0.09321112319402035,4.185500492981556,3.0,0.14851485148512733,False,False,False,False
2026-07-28 14:39:20.468823,ARM,none,92974.0,219104.93333333332,-0.9811871553681429,4.05942473486239,2.029712367431195,0.6648351648351639,False,False,False,True
2026-07-28 14:39:20.654376,NXT,none,219790.0,180414.1,-1.8474802422251988,3.3399755760443908,2.003985345626634,0.8411214953271079,False,False,False,True
2026-07-28 14:39:20.842509,INTC,none,3489484.0,8281389.8,-0.6423491626519869,4.310351408625013,3.0,0.44800000000000184,False,False,False,False
2026-07-28 14:39:21.026067,APTV,none,46504.0,59872.666666666664,-0.10183299389002422,0.7078688180196918,1.6516939087126143,0.28571428571429536,False,False,False,False
2026-07-28 14:39:21.215983,APO,none,36440.0,93584.53333333334,-0.15262270061852176,1.4772354265143828,0.5539632849428935,0.4222222222222278,False,False,False,False
2026-07-28 14:39:21.396604,UAL,none,122282.0,206070.6,-0.5886622046609177,1.6703522963967385,0.8351761481983693,0.7525773195876339,False,False,False,True
2026-07-28 14:39:21.581939,ASTS,none,408534.0,422364.4285714286,-1.5023146126299232,0.35900182463610314,2.154010947816619,0.8075117370892031,False,False,True,True
2026-07-28 14:39:21.758761,ARWR,none,106927.0,55733.0,-0.1309991663689406,2.6337365295082606,2.6337365295082606,0.23655913978494328,False,False,False,False
2026-07-28 14:39:21.939323,GTLB,none,131289.0,164873.53333333333,-0.02913752913752334,0.4827452355081594,2.8964714130489564,0.06666666666665404,False,False,False,False
2026-07-28 14:39:22.123398,VSAT,none,19801.0,59697.13333333333,-1.0223818734456962,2.5922860936291627,3.0,0.6218487394957952,False,False,False,False
2026-07-28 14:39:22.307997,QNT,none,25363.0,41119.0,-0.5682931608857518,1.7676913800757748,2.356921840101033,0.4084507042253504,False,False,False,False
2026-07-28 14:39:22.498672,VSH,none,173382.0,207398.66666666666,-0.6084575600851712,4.510187287830524,3.0,0.39215686274508577,False,False,False,False
2026-07-28 14:39:22.677335,TEAM,none,76003.0,274017.28571428574,0.11742831979646204,1.3342765375149042,2.223794229191507,0.3076923076923189,False,False,False,False
2026-07-28 14:39:22.861355,REZI,none,45952.0,52707.2,0.027708506511493515,0.9872754795526927,1.1847305754632311,0.0624999999999889,False,False,False,False
2026-07-28 14:39:23.045494,LEN,none,80411.0,82929.33333333333,-0.31923383878689654,1.0079686431204702,0.8639731226746887,0.6666666666666554,False,False,False,True
2026-07-28 14:39:23.228356,BROS,none,78017.0,115820.8,-0.4593477262287508,1.7989808298915275,0.6746178112093228,0.5263157894736724,False,False,False,False
2026-07-28 14:39:23.417470,ALK,none,48893.0,138675.25,-0.9313626240129598,3.061895308584516,3.0,0.9019607843137307,False,False,False,True
2026-07-28 14:39:23.606002,AOSL,none,22876.0,30072.666666666668,-0.7169682485489958,5.727056766594,2.454452899968857,0.4038461538461558,False,False,False,False
2026-07-28 14:39:23.790557,CSCO,none,451918.0,1024986.3333333334,-0.30991735537190035,1.8992320523998956,1.8992320523998956,0.610169491525434,False,False,False,True
2026-07-28 14:39:23.977737,DHI,none,39360.0,71330.26666666666,-0.43046357615894415,1.2570235211519583,1.0774487324159643,0.7142857142857232,False,False,False,True
2026-07-28 14:39:24.165909,A,none,25082.0,38437.142857142855,0.02149921169557198,0.9033232311133798,0.5419939386680278,0.07894736842105066,False,False,False,False
2026-07-28 14:39:24.355804,MRNA,none,112445.0,250831.25,0.2887044388307409,0.6595213250454656,2.3083246376591293,0.3720930232558063,False,False,False,False
2026-07-28 14:39:24.543858,AFRM,none,53191.0,109138.33333333333,-0.3849855630413875,0.27196994069618596,1.9037895848733017,0.5957446808510677,False,False,True,True
2026-07-28 14:39:24.723623,MWH,none,76961.0,69411.14285714286,-0.975800156128025,2.386020890549273,1.4912630565932954,0.8333333333333314,False,False,False,True
2026-07-28 14:39:24.906315,CEVA,none,30960.0,31443.571428571428,-1.0713192531374391,0.4937752135711652,3.0,0.7291666666666744,False,False,True,True
2026-07-28 14:39:25.092059,RIOT,none,533621.0,946637.9166666666,-0.8329366968110457,0.6790144369571036,3.0,0.5704041720990914,False,False,True,True
2026-07-28 14:39:25.289556,CVNA,none,344428.0,464052.1666666667,0.3232261043558688,0.3958963532725332,2.375378119635199,0.47727272727274783,False,False,False,False
2026-07-28 14:39:25.480007,IREN,none,1163211.0,1969457.6666666667,-0.6203857885972892,0.7838586124242742,3.0,0.5397435897435973,False,False,False,True
2026-07-28 14:39:25.668316,HPE,none,494353.0,971954.0,-0.2253775073247562,3.4910910173734147,3.0,0.33333333333330967,False,False,False,False
2026-07-28 14:39:25.856802,DAL,none,153330.0,387279.6666666667,-0.3924646781789734,1.8123613865689312,1.5858162132478149,0.6481481481481735,False,False,False,True
2026-07-28 14:39:26.038967,RBLX,none,95996.0,305643.3333333333,0.24144869215291234,2.044724956451917,3.0,0.3870967741935373,False,False,False,False
2026-07-28 14:39:26.341390,IVZ,none,498699.0,362278.2,-1.396740937811778,1.3972238375439057,1.1643531979532546,0.7924528301886861,False,False,False,True
2026-07-28 14:39:26.524874,JOBY,none,1859647.0,3057692.1333333333,-0.27510316368637655,3.4605023944696995,2.5953767958522747,0.24999999999999445,False,False,False,False
2026-07-28 15:09:27.610267,AMAT,none,206561.0,406474.9166666667,0.19021049961957417,0.9327021538164006,3.0,0.39647577092509334,False,False,False,False
2026-07-28 15:09:27.791033,LITE,none,116888.0,262449.26666666666,-0.3704626112944569,4.5213974841747895,3.0,0.37837837837839106,False,False,False,True
2026-07-28 15:09:27.976091,ALAB,none,61715.0,142197.13333333333,-0.7720827122271842,3.4950019691864798,3.0,0.5233160621761592,False,False,False,False
2026-07-28 15:09:28.176429,STX,none,354019.0,367309.26666666666,-0.20386409060625885,5.782086738026921,3.0,0.15580448065172758,True,False,False,False
2026-07-28 15:09:28.364144,CIEN,none,83965.0,217435.16666666666,-0.6597079692722688,0.7139403629889653,3.0,0.5769230769230803,False,False,False,True
2026-07-28 15:09:28.547815,AMD,none,636547.0,1414152.8666666667,-0.6416552085379423,1.371353560706502,3.0,0.6036960985626273,False,False,False,False
2026-07-28 15:09:28.731209,MPWR,none,26805.0,35680.86666666667,-0.5799656660325708,2.3734925797012085,2.7125629482299525,0.48669695003245106,False,False,False,False
2026-07-28 15:09:28.948041,SIMO,none,45323.0,51167.75,-1.183143528160583,4.576072781042493,1.9611740490182115,0.6252927400468381,False,False,False,True
2026-07-28 15:09:29.221894,BE,none,715100.0,906351.5,-1.0144020037570296,2.6602669541173998,3.0,0.5934065934065869,False,False,False,True
2026-07-28 15:09:29.403305,ISRG,none,137305.0,215615.75,-0.2547945205479471,1.4037626734899598,1.2282923393037148,0.5705521472392696,False,False,False,True
2026-07-28 15:09:29.586957,CRDO,none,105637.0,247246.83333333334,-0.6879203244519757,3.82820187222492,3.0,0.6380952380952415,False,False,False,True
2026-07-28 15:09:29.770393,ENTG,none,217272.0,131227.7142857143,0.29635901778154833,0.8589219691047199,2.290458584279253,0.3465346534653532,True,False,False,False
2026-07-28 15:09:29.950227,MXL,none,114124.0,305479.25,-0.9949409780775655,3.504968185399884,3.0,0.7283950617283884,False,False,False,True
2026-07-28 15:09:30.145018,NBIS,none,664137.0,1128425.9333333333,-0.2289294535815383,4.838976414250658,2.9033858485503954,0.19487179487179085,False,False,False,False
2026-07-28 15:09:30.333619,KLAC,none,572400.0,874902.3333333334,-0.4230648699467263,3.0253593627714928,3.0,0.49390243902439573,False,False,False,False
2026-07-28 15:09:30.604402,AMKR,none,521251.0,771213.7,-1.1053315994798396,2.6255009416564654,2.2504293785626848,0.6144578313252949,False,False,False,False
2026-07-28 15:09:30.794687,DELL,none,111134.0,369754.06666666665,0.20857776039630072,4.149170131995809,3.0,0.24767801857585353,False,False,False,False
2026-07-28 15:09:30.976294,AEHR,none,35006.0,125231.6,-0.2181183655663683,5.5338121551992545,3.0,0.19030702867291402,False,False,False,False
2026-07-28 15:09:31.167780,MRVL,none,453235.0,1292204.0,-0.2738319356494893,0.7376087822595786,3.0,0.30967741935482984,False,False,False,False
2026-07-28 15:09:31.458020,HOOD,none,859172.0,689166.2857142857,-0.5710591531085024,0.2813015295960047,1.1252061183840187,0.6385542168674726,False,False,True,False
2026-07-28 15:09:31.647639,RCL,none,83663.0,230474.66666666666,0.06826150361474773,4.172928131370807,3.0,0.09282700421939663,False,False,False,False
2026-07-28 15:09:31.840517,ARM,none,63306.0,218615.86666666667,-0.0040981926970168866,4.090139615128563,2.0450698075642815,0.006249999999994338,False,False,False,False
2026-07-28 15:09:32.157717,NXT,none,154965.0,169701.7,-0.05229031583351952,2.6580871393719194,1.5948522836231518,0.06944444444446034,False,False,False,False
2026-07-28 15:09:32.496266,INTC,none,3077941.0,6689702.6,-0.7272307514717713,3.442424165891896,3.0,0.69230769230769,False,False,False,True
2026-07-28 15:09:32.728114,APTV,none,50225.0,60666.53333333333,0.25488530161427114,0.7054138490660946,1.6459656478208875,0.41666666666666335,False,False,False,False
2026-07-28 15:09:32.920530,APO,none,82015.0,92214.8,0.21726885008450167,1.4046944307142348,0.526760411517838,0.4285714285714479,False,False,False,False
2026-07-28 15:09:33.185714,UAL,none,69200.0,184982.1,-0.008110957904132627,1.8071732358766792,0.9035866179383396,0.013888888888896016,False,False,False,False
2026-07-28 15:09:33.371018,ASTS,none,379527.0,379473.14285714284,-0.26595744680850814,0.2570873631523149,1.5425241789138893,0.26086956521739074,False,False,True,False
2026-07-28 15:09:33.637161,ARWR,none,37202.0,53986.857142857145,-0.4770423375074436,1.9984181165983703,1.9984181165983703,0.6558452205279456,False,False,False,True
2026-07-28 15:09:33.821301,GTLB,none,90158.0,160369.66666666666,-1.7196152725153115,0.44107947185016577,2.6464768311009945,0.9076923076923149,False,False,True,True
2026-07-28 15:09:34.010234,VSAT,none,26361.0,61047.933333333334,-0.5847953216374095,2.5032139377713225,3.0,0.6885245901639145,False,False,False,False
2026-07-28 15:09:34.192415,QNT,none,26582.0,34105.57142857143,-0.11841326228538045,1.3095273033566128,1.7460364044754837,0.12000000000000455,False,False,False,False
2026-07-28 15:09:34.380390,VSH,none,299483.0,227792.6,-0.4895960832313237,4.44883068896044,3.0,0.4571428571428455,False,False,False,False
2026-07-28 15:09:34.563831,TEAM,none,224722.0,251730.0,-0.9284597341673072,0.5778679686005004,0.9631132810008338,0.6785714285714177,False,False,True,True
2026-07-28 15:09:34.751428,REZI,none,47625.0,51369.4,0.0,0.8602063157380413,1.0322475788856496,0.0,False,False,False,False
2026-07-28 15:09:34.940341,LEN,none,52073.0,82575.6,0.02288067726805884,1.030760979532528,0.8835094110278813,0.08695652173917341,False,False,False,False
2026-07-28 15:09:35.125590,BROS,none,48672.0,100579.4,0.20015396458813772,1.7329914625820102,0.6498717984682538,0.30952380952379743,False,False,False,False
2026-07-28 15:09:35.315435,ALK,none,84826.0,135152.5,-1.1449601308525765,3.2147539474191618,3.0,0.861538461538456,False,False,False,True
2026-07-28 15:09:35.499007,AOSL,none,15986.0,29993.333333333332,0.10309278350514633,5.564997061808949,2.3849987407752637,0.13636363636362608,False,False,False,False
2026-07-28 15:09:35.689321,CSCO,none,1316765.0,1025969.0833333334,-0.6131260794473176,1.9742864257653554,1.9742864257653554,0.3776595744680827,True,False,False,False
2026-07-28 15:09:35.880334,DHI,none,30471.0,73148.73333333334,-0.026616981634277375,1.3382205208315439,1.1470461607127518,0.13793103448272145,False,False,False,False
2026-07-28 15:09:36.061347,A,none,43252.0,35815.28571428572,0.4728809916171073,0.5911449575209053,0.4,0.8354430379746576,False,False,False,True
2026-07-28 15:09:36.244520,MRNA,none,300841.0,256948.58333333334,-0.44980208708168407,0.6396728948758519,2.2388551320654817,0.3787878787878807,False,False,False,False
2026-07-28 15:09:36.430071,AFRM,none,42920.0,108517.0,-0.5107675317504204,0.27144954420065265,1.9001468094045686,0.6379310344827683,False,False,True,True
2026-07-28 15:09:36.644499,MWH,none,44374.0,66832.14285714286,-0.5513981882630979,2.4470677420844638,1.5294173388027898,0.7777777777777821,False,False,False,True
2026-07-28 15:09:36.828886,CEVA,none,28717.0,29796.285714285714,-0.49474335188622043,0.4766835364004375,3.0,0.695652173913069,False,False,True,False
2026-07-28 15:09:37.018720,RIOT,none,790441.0,943134.5833333334,0.31197504199662934,0.6562342124327225,3.0,0.30952380952380265,False,False,False,False
2026-07-28 15:09:37.325754,CVNA,none,420734.0,499516.0833333333,-0.7210800859159451,0.3924774579890735,2.354864747934441,0.5731707317073378,False,False,True,False
2026-07-28 15:09:37.506697,IREN,none,1004186.0,1997831.8666666667,-0.7115327601541503,0.7742747882398889,3.0,0.5341642555085564,False,False,False,True
2026-07-28 15:09:37.828356,HPE,none,535247.0,890069.5,0.29365258640161607,1.9490970497250086,2.3389164596700107,0.5416666666666432,False,False,False,True
2026-07-28 15:09:38.012905,DAL,none,161504.0,367589.75,0.2701181767023175,1.9600503374454035,1.715044045264728,0.5333333333333502,False,False,False,True
2026-07-28 15:09:38.196061,RBLX,none,107036.0,302450.9166666667,-0.34136546184737876,2.0145995070987612,3.0,0.31481481481480533,False,False,False,False
2026-07-28 15:09:38.573407,IVZ,none,198919.0,335540.4,-0.03373819163293375,1.9084514884201118,1.5903762403500932,0.025641025641029613,False,False,False,False
2026-07-28 15:09:38.759278,JOBY,none,1404313.0,2865848.8,-0.2762430939226583,3.374446438433372,2.530834828825029,0.3333333333333432,False,False,False,False
2026-07-28 15:39:39.600887,AMAT,none,247365.0,394528.9166666667,0.6031973678660341,0.8781711988620875,3.0,0.775067750677511,False,False,False,True
2026-07-28 15:39:39.791251,LITE,none,122100.0,264932.4,0.5829764621299591,4.471055968494079,3.0,0.45543345543344704,False,False,False,True
2026-07-28 15:39:39.971882,ALAB,none,69167.0,145381.66666666666,0.3885811018774972,3.667343189364428,3.0,0.40890688259108493,False,False,False,False
2026-07-28 15:39:40.163342,STX,none,332696.0,386715.4,-0.1281760284123578,5.834522290524758,3.0,0.13061224489796575,True,False,False,False
2026-07-28 15:39:40.344523,CIEN,none,120272.0,218547.91666666666,0.7735687501845359,0.7196062699949171,3.0,0.6968085106383007,False,True,False,True
2026-07-28 15:39:40.528245,AMD,none,493056.0,1427043.3333333333,0.3975662793507155,1.4234322271263071,3.0,0.7801724137931068,False,False,False,True
2026-07-28 15:39:40.713423,MPWR,none,19818.0,36873.933333333334,0.4127894773665565,2.4652958303601222,2.817480948982997,0.5880398671096555,False,False,False,False
2026-07-28 15:39:40.893320,SIMO,none,42360.0,54843.166666666664,-0.1749271137026178,4.8967937112153646,2.098625876235156,0.24223602484470996,False,False,False,False
2026-07-28 15:39:41.074627,BE,none,1084028.0,874010.9,2.6683528295921586,2.4926477492999894,3.0,0.9525959367945807,False,True,False,True
2026-07-28 15:39:41.267114,ISRG,none,144120.0,184002.41666666666,-0.23344593666749683,1.4180227962091831,1.2407699466830353,0.31021897810219706,False,False,False,False
2026-07-28 15:39:41.451426,CRDO,none,149677.0,231375.91666666666,0.0,3.8451468915624067,3.0,0.0,False,False,False,False
2026-07-28 15:39:41.632499,ENTG,none,157922.0,149527.0,0.405165864775896,0.8198069148374799,2.1861517728999464,0.5274725274725338,False,False,False,False
2026-07-28 15:39:41.816986,MXL,none,93311.0,261275.91666666666,0.8512087163772557,3.3941613924049205,3.0,0.6024096385542181,False,False,False,False
2026-07-28 15:39:42.002843,NBIS,none,625122.0,1155914.7333333334,0.11471351808247161,4.6950483734069515,2.817029024044171,0.09743589743589684,False,False,False,False
2026-07-28 15:39:42.191480,KLAC,none,456979.0,749813.0,0.5559634952271071,2.799393798607291,2.799393798607291,0.7571428571428557,False,False,False,True
2026-07-28 15:39:42.372782,AMKR,none,527162.0,702622.0,0.5700504275378163,2.8439893809603816,2.437705183680327,0.30588235294117616,False,False,False,False
2026-07-28 15:39:42.563800,DELL,none,193611.0,380305.3333333333,0.908381051535661,4.040360371228763,3.0,0.8309523809523853,False,False,False,True
2026-07-28 15:39:42.771116,AEHR,none,75517.0,130010.33333333333,0.8813105400665261,5.46695718448224,3.0,0.5712264150943444,False,False,False,True
2026-07-28 15:39:42.958904,MRVL,none,575222.0,1260268.6666666667,-0.0629110666285303,0.7255461479898091,3.0,0.06432748538010909,False,False,False,False
2026-07-28 15:39:43.141234,HOOD,none,542292.0,599907.8571428572,-0.5744634727942782,0.27699164919518665,1.1079665967807466,0.7464788732394299,False,False,True,True
2026-07-28 15:39:43.333424,RCL,none,75517.0,234836.06666666668,0.20764248303218738,4.079563660100796,3.0,0.3489583333333091,False,False,False,False
2026-07-28 15:39:43.517825,ARM,none,127001.0,222144.13333333333,0.4672514140503381,4.005331170123847,2.0026655850619237,0.6063829787234136,False,False,False,True
2026-07-28 15:39:43.704217,NXT,none,268248.0,144771.8,-0.7017911385775655,2.3918722613238943,1.4351233567943367,0.23263888888888984,False,False,False,False
2026-07-28 15:39:43.890104,INTC,none,3451761.0,5742282.0,0.651162790697677,3.457174830180287,3.0,0.6222222222222307,False,False,False,True
2026-07-28 15:39:44.081788,APTV,none,73115.0,64411.53333333333,-0.18644067796610073,0.6882159263010726,1.6058371613691695,0.40740740740740056,False,False,False,False
2026-07-28 15:39:44.300355,APO,none,54712.0,93231.66666666667,0.03212335367812902,1.429396753395665,0.5360237825233745,0.09523809523810974,False,False,False,False
2026-07-28 15:39:44.483617,UAL,none,70124.0,172768.6,-0.14599724227431812,1.651329740828873,0.8256648704144365,0.4000000000000126,False,False,False,False
2026-07-28 15:39:44.669978,ASTS,none,344986.0,380424.14285714284,-0.506846878890266,0.2740987216695342,1.6445923300172052,0.6559263521288761,False,False,True,True
2026-07-28 15:39:44.849662,ARWR,none,35629.0,55335.857142857145,0.09585430146179309,2.0186205278003824,2.0186205278003824,0.2539682539682955,False,False,False,False
2026-07-28 15:39:45.034569,GTLB,none,82437.0,172290.93333333332,-0.14827995255040677,0.4751958304296048,2.8511749825776285,0.20833333333332593,False,False,False,False
2026-07-28 15:39:45.216856,VSAT,none,42370.0,62927.13333333333,0.4621201512393199,2.6026808135539845,3.0,0.5076923076923007,False,False,False,False
2026-07-28 15:39:45.409769,QNT,none,31921.0,31394.285714285714,0.9478672985781929,1.1613294329707124,1.5484392439609498,0.786885245901635,False,False,False,True
2026-07-28 15:39:45.599123,VSH,none,379272.0,248222.06666666668,0.3073140749846387,4.573201536361964,3.0,0.34482758620690246,False,False,False,False
2026-07-28 15:39:45.780621,TEAM,none,95528.0,128465.85714285714,-0.05918910920390872,0.7852103978984544,1.308683996497424,0.09677419354839005,False,False,False,False
2026-07-28 15:39:45.964020,REZI,none,31061.0,53962.86666666667,0.19358407079646098,0.8272957009677561,0.9927548411613072,0.2916666666666654,False,False,False,False
2026-07-28 15:39:46.152425,LEN,none,59821.0,85842.13333333333,-0.3088184833581267,1.0021041096573937,0.8589463797063375,0.7714285714285819,False,False,False,True
2026-07-28 15:39:46.335655,BROS,none,52079.0,103984.53333333334,0.2922627288109486,1.6308862996755722,0.6115823623783396,0.5937500000000056,False,False,False,True
2026-07-28 15:39:46.517119,ALK,none,100823.0,99519.83333333333,0.35145751498863287,3.03877268099843,3.0,0.7727272727272845,False,False,False,True
2026-07-28 15:39:46.699154,AOSL,none,21227.0,26397.466666666667,0.4118050789293102,5.31408323371322,2.277464243019951,0.5217391304347859,False,False,False,False
2026-07-28 15:39:46.884535,CSCO,none,428873.0,972213.3333333334,0.373620644712827,2.216047674013227,2.216047674013227,0.8775510204081574,False,False,False,True
2026-07-28 15:39:47.073846,DHI,none,76552.0,75879.4,-0.22630457933972536,1.308806363713015,1.121834026039727,0.8095238095238417,False,False,False,True
2026-07-28 15:39:47.253882,A,none,39125.0,38719.57142857143,0.16398117781264665,0.8097626829580385,0.4858576097748232,0.5897435897436141,False,False,False,True
2026-07-28 15:39:47.438279,MRNA,none,234328.0,240472.66666666666,-0.2711006687149803,0.6684951143560125,2.3397329002460436,0.3191489361702105,False,False,False,False
2026-07-28 15:39:47.775620,AFRM,none,63542.0,110187.4,-0.20798668885192134,0.2737220051230167,1.9160540358611169,0.4166666666666831,False,False,False,False
2026-07-28 15:39:47.957566,MWH,none,92165.0,71559.42857142857,0.23752969121139636,2.578108773315104,1.61131798332194,0.21428571428571155,False,False,False,False
2026-07-28 15:39:48.138175,CEVA,none,26427.0,27927.285714285714,0.49704877291085336,0.44947075502464234,3.0,0.7619047619047764,False,True,False,True
2026-07-28 15:39:48.319966,RIOT,none,389169.0,820317.8333333334,0.5264417324718805,0.6627503123981308,3.0,0.478260869565214,False,False,False,False
2026-07-28 15:39:48.501823,CVNA,none,693493.0,437126.8333333333,0.7882534775888577,0.39236794027229205,2.354207641633752,0.8225806451612696,False,True,False,True
2026-07-28 15:39:48.685133,IREN,none,1013579.0,2043174.7333333334,0.10450880859957178,0.7662923270171019,3.0,0.11308562197090986,False,False,False,False
2026-07-28 15:39:48.868152,HPE,none,1130606.0,820654.0,0.9909909909910019,1.6992556487691848,2.039106778523022,0.9166666666666692,False,False,False,True
2026-07-28 15:39:49.057411,DAL,none,221027.0,283921.5,0.12344293569745195,1.7892548057561626,1.5655979550366423,0.4399999999999977,False,False,False,False
2026-07-28 15:39:49.294946,RBLX,none,210606.0,217197.91666666666,0.34246575342466096,2.029031224442351,3.0,0.5666666666666778,True,False,False,False
2026-07-28 15:39:49.479258,IVZ,none,361752.0,307890.6,-0.8440243079000674,1.8583523062663971,1.5486269218886641,0.6756756756756739,False,False,False,True
2026-07-28 15:39:49.662273,JOBY,none,752399.0,2751962.6,0.2770083102493139,3.204802403672176,2.403601802754132,0.5000000000000111,False,False,False,False
