timestamp,symbol,signal,volume,mean_volume,current_pct,price_threshold,trail_stop_pct,body_ratio,green_volume,green_price,red_price,green_body
2026-07-30 01:50:30.769415,AMAT,SELL,416716.0,407756.6666666667,-2.1377108589671616,0.669048682723398,0.5,0.5805506736965401,True,False,True,True
2026-07-30 01:50:30.962334,LITE,none,473409.0,336353.06666666665,-2.7871223315622378,3.270369206155376,0.5,0.5882548108825467,True,False,False,True
2026-07-30 01:50:31.141435,ALAB,none,294473.0,214026.8,-3.265923684404761,5.321385389713669,0.5,0.590787716955942,True,False,False,False
2026-07-30 01:50:31.331908,STX,none,354620.0,535605.6666666666,-2.4541015021326604,4.128399515557339,0.5,0.5417576419213982,True,False,False,False
2026-07-30 01:50:31.621223,CIEN,SELL,136380.0,131858.25,-2.2486580589003338,0.5122300037434686,0.5,0.6285482562854805,True,False,True,True
2026-07-30 01:50:31.821796,AMD,none,1384261.0,1515626.8666666667,-2.025001665297423,1.6643766922648857,0.5,0.6075949367088614,False,False,True,False
2026-07-30 01:50:32.007116,MPWR,none,39248.0,57769.6,-1.982876193362619,3.1164458157574275,0.5,0.5854586129753875,False,False,False,False
2026-07-30 01:50:32.196401,SIMO,none,101061.0,74402.58333333333,-1.3000045614195113,4.214676361884912,0.5,0.4453124999999987,False,False,False,False
2026-07-30 01:50:32.385832,BE,none,2676794.0,1838280.7,-5.989699955217191,4.308216204019484,0.5,0.6384248210023863,False,False,True,True
2026-07-30 01:50:32.569036,ISRG,none,94756.0,106009.0,-0.5245051040550487,0.7442422633866569,0.5,0.6413793103448248,False,False,False,True
2026-07-30 01:50:32.767381,CRDO,none,280638.0,310205.0833333333,-2.8136922424756263,3.3963451365015,0.5,0.6068571428571431,False,False,False,True
2026-07-30 01:50:32.961704,ENTG,none,255928.0,243747.7142857143,-2.2453112617768753,1.279021534942573,0.5,0.6028368794326229,False,False,True,False
2026-07-30 01:50:33.151059,MXL,none,161141.0,140760.75,-1.753214226081144,1.8806551650937657,0.5,0.435684647302904,False,False,False,False
2026-07-30 01:50:33.346656,NBIS,none,1533159.0,1898623.5333333334,-4.788259436602194,5.383883042417135,0.5,0.7446808510638284,False,False,False,True
2026-07-30 01:50:33.540474,KLAC,none,997902.0,1019295.75,-2.330743618201992,4.592746067720499,0.5,0.6363636363636352,False,False,False,False
2026-07-30 01:50:33.736493,AMKR,none,453552.0,499845.9,-2.669270833333327,3.5403043223688346,0.5,0.5720930232558129,False,False,False,False
2026-07-30 01:50:33.936321,DELL,none,250530.0,300808.13333333336,-1.9665174528423996,2.2647435785602132,0.5,0.6075139888089551,False,False,False,False
2026-07-30 01:50:34.131940,AEHR,none,125645.0,138323.13333333333,-2.44950580146112,5.673724652017109,0.5,0.5588235294117669,False,False,False,True
2026-07-30 01:50:34.313685,MRVL,none,1038513.0,1082891.6666666667,-2.935654548557772,0.5365562648496859,0.5,0.6573248407643313,False,False,True,False
2026-07-30 01:50:34.503587,HOOD,none,1459666.0,1191382.4285714286,-1.8774277082434279,0.42385527564631875,0.5,0.6877470355731258,False,False,True,False
2026-07-30 01:50:34.698571,RCL,none,99211.0,148925.0,-1.0106544901065428,3.189543763913276,0.5,0.7649769585253384,False,False,False,True
2026-07-30 01:50:34.895275,ARM,none,438737.0,361996.5333333333,-2.822429126132517,4.05698789643386,0.5,0.7300215982721358,False,False,False,True
2026-07-30 01:50:35.091503,NXT,none,128286.0,162473.0,-2.346928131845207,2.5281975950377955,0.5,0.6521739130434777,False,False,False,True
2026-07-30 01:50:35.284069,INTC,none,7232735.0,6587136.5,-2.029988465974631,2.9701827781719006,0.5,0.5827814569536421,False,False,False,True
2026-07-30 01:50:35.480431,APTV,none,76060.0,89767.53333333334,-0.8824028508399849,0.7097943440247108,0.5,0.6753246753246829,False,False,True,False
2026-07-30 01:50:35.675975,APO,none,73193.0,119398.13333333333,-1.0490943365297936,2.2681983594582564,0.5,0.9208633093525185,False,False,False,True
2026-07-30 01:50:35.868918,UAL,none,144783.0,142913.6,-1.7669570881850025,1.1172870958425207,0.5,0.8157894736842122,False,False,True,True
2026-07-30 01:50:36.054319,ASTS,none,718342.0,603597.0,-4.249737670514166,0.4329684198607097,0.5,0.8209459459459456,False,False,True,True
2026-07-30 01:50:36.253635,ARWR,none,82745.0,85148.71428571429,-1.1752624372432692,3.2867046592169884,0.5,0.6539682539682535,False,False,False,True
2026-07-30 01:50:36.437164,GTLB,none,198372.0,266596.13333333336,-0.9474590869939659,0.3340880046089285,0.5,0.7857142857142785,False,False,True,True
2026-07-30 01:50:36.629671,VSAT,SELL,309311.0,117441.46666666666,-4.2194092827004255,3.3564599744229513,0.5,0.7339449541284411,True,False,True,True
2026-07-30 01:50:36.811524,QNT,none,84621.0,72214.28571428571,-3.276723276723278,1.382458537070443,0.5,0.686192468619247,False,False,True,False
2026-07-30 01:50:36.996499,VSH,none,222070.0,344697.13333333336,-2.4944035817077106,4.181377029105809,0.5,0.6724137931034492,False,False,False,False
2026-07-30 01:50:37.185828,TEAM,none,315045.0,290854.71428571426,0.05694760820045774,0.6019979392726207,0.5,0.05084745762712028,False,False,False,False
2026-07-30 01:50:37.377154,REZI,none,91354.0,87958.53333333334,-1.6088765603328663,2.019529741484812,0.5,0.8055555555555545,False,False,False,True
2026-07-30 01:50:37.569951,LEN,none,350648.0,191728.73333333334,-1.3569937369519853,1.1664207651445553,0.5,0.9435483870967795,False,False,True,True
2026-07-30 01:50:37.859696,BROS,none,74404.0,98173.13333333333,-0.8752074845329687,1.9682956789881234,0.5,0.7945205479451988,False,False,False,True
2026-07-30 01:50:38.052268,ALK,none,113471.0,129751.25,-1.8274543136421577,2.172284787483203,0.5,0.8269230769230771,False,False,False,True
2026-07-30 01:50:38.242082,AOSL,none,38359.0,44700.4,-1.7943409247757058,4.787392183280563,0.5,0.5977011494252862,False,False,False,True
2026-07-30 01:50:38.430940,CSCO,none,1155365.0,977613.5833333334,-1.2860348696702872,1.7521290205159155,0.5,0.7680412371134003,True,False,False,True
2026-07-30 01:50:38.628344,DHI,none,162713.0,130621.6,-1.4015884669292014,1.5500362074733336,0.5,0.9459459459459567,False,False,False,True
2026-07-30 01:50:38.812917,A,none,35007.0,42682.857142857145,-0.11391143386017127,0.5393652855267176,0.5,0.2807017543859623,False,False,False,False
2026-07-30 01:50:39.005077,MRNA,none,117337.0,137571.16666666666,-1.5227517018989636,0.561837911554819,0.5,0.6967213114754116,False,False,True,False
2026-07-30 01:50:39.195950,AFRM,none,246647.0,198922.73333333334,-1.9236053860950888,0.2733194604585848,0.5,0.8860759493670931,False,False,True,True
2026-07-30 01:50:39.393414,MWH,none,85128.0,81720.71428571429,-2.332127060715729,3.5177259593822945,0.5,0.753246753246756,False,False,False,True
2026-07-30 01:50:39.596461,CEVA,none,85285.0,72963.28571428571,-2.310126582278482,0.3587087168610134,0.5,0.5658914728682177,False,False,True,False
2026-07-30 01:50:39.793462,RIOT,none,1070538.0,1269069.1666666667,-3.752535496957396,0.5826489356703247,0.5,0.6406926406926388,False,False,True,True
2026-07-30 01:50:39.987165,CVNA,none,1061705.0,767640.3333333334,-1.9774826789838402,0.40532878347609624,0.5,0.6748768472906422,False,False,True,False
2026-07-30 01:50:40.177849,IREN,none,3772992.0,3634157.066666667,-4.330708661417323,0.7633589098587058,0.5,0.710374044224013,False,False,True,True
2026-07-30 01:50:40.372451,HPE,none,1165980.0,652360.0,-2.066293585880329,1.577118983559898,0.5,0.6906474820143923,False,False,True,True
2026-07-30 01:50:40.563169,DAL,none,198927.0,202943.41666666666,-1.4740900328835438,1.286577188030083,0.5,0.8387096774193545,False,False,True,True
2026-07-30 01:50:40.747101,RBLX,none,212463.0,370119.9166666667,-1.4544025157232743,1.2722279364648075,0.5,0.7789473684210524,False,False,True,True
2026-07-30 01:50:40.929111,IVZ,none,405955.0,285770.3,-0.8716875871687587,1.1434067771638983,0.5,0.6944444444444455,False,False,False,True
2026-07-30 01:50:41.107439,JOBY,none,2423562.0,2213525.1333333333,-2.5677603423680417,3.0200284637383614,0.5,0.7826086956521712,False,False,False,True
2026-07-30 09:53:25.335213,AMAT,SELL,1357898.0,431926.3333333333,-3.7406044040822684,0.7980088354801318,0.5,0.8566380615850593,True,False,True,True
2026-07-30 09:53:25.526084,LITE,none,718883.0,341128.86666666664,-2.704492947961938,3.416500979125059,0.5,0.6440938822624087,True,False,False,True
2026-07-30 09:53:25.710779,ALAB,none,730383.0,223141.6,-4.717952629772304,5.64375711422769,0.5,0.6496848739495803,True,False,False,False
2026-07-30 09:53:25.919767,STX,none,656947.0,539751.0666666667,-3.1324843185706177,4.723082007301178,0.5,0.8000000000000015,True,False,False,True
2026-07-30 09:53:26.125607,CIEN,SELL,288756.0,128437.0,-1.9671255637313063,0.6070926255639872,0.5,0.8689384010484927,True,False,True,True
2026-07-30 09:53:26.320614,AMD,SELL,2985938.0,1552809.7333333334,-2.6030811055731657,1.6952560251346789,0.5,0.8102961918194603,True,False,True,True
2026-07-30 09:53:26.515067,MPWR,SELL,222632.0,57510.2,-3.616589035910979,3.2756137951875064,0.5,0.8619293078055963,True,False,True,True
2026-07-30 09:53:26.699647,SIMO,none,213836.0,82525.66666666667,-3.8989870958790096,3.6113797581006732,0.5,0.8610827374872333,False,False,True,True
2026-07-30 09:53:26.886820,BE,none,3175973.0,1920408.9,-2.4608234523029395,5.689083926398406,0.5,0.5543624161073866,False,False,False,True
2026-07-30 09:53:27.072357,ISRG,none,316170.0,106445.25,0.10773418008618604,0.8456068661444716,0.5,0.24050632911392358,False,False,False,False
2026-07-30 09:53:27.304682,CRDO,none,594199.0,307814.8333333333,-3.5276825085742227,3.4424140475723366,0.5,0.7605633802816906,False,False,True,True
2026-07-30 09:53:27.486968,ENTG,SELL,695828.0,246533.7142857143,-3.8752023017442925,1.751105896177148,0.5,0.8707070707070707,True,False,True,True
2026-07-30 09:53:27.674728,MXL,none,401572.0,147193.33333333334,-2.88722826086957,1.685475907884119,0.5,0.7943925233644871,False,False,True,True
2026-07-30 09:53:27.865723,NBIS,none,3003751.0,1990857.2666666666,-3.219907256221022,5.938158761925917,0.5,0.5719257540603272,False,False,False,True
2026-07-30 09:53:28.060481,KLAC,none,2698461.0,955581.6666666666,-3.6372921749985796,4.341677003167632,0.5,0.8052763819095465,True,False,False,True
2026-07-30 09:53:28.251791,AMKR,SELL,1364762.0,496422.9,-4.790552584670244,4.393156123470485,0.5,0.9110169491525423,True,False,True,True
2026-07-30 09:53:28.455683,DELL,SELL,624119.0,303929.4,-2.5494331663590866,2.3601802335861715,0.5,0.8711711711711708,True,False,True,True
2026-07-30 09:53:28.645640,AEHR,none,295545.0,137373.26666666666,-3.9635936582501508,5.512405187085333,0.5,0.7142857142857149,False,False,False,True
2026-07-30 09:53:28.865441,MRVL,none,2742357.0,1074082.6666666667,-4.259932028594873,0.5373156747201462,0.5,0.8634204275534467,False,False,True,True
2026-07-30 09:53:29.056440,HOOD,none,2665328.0,1466780.4285714286,-1.5827654429544928,0.5881579303862777,0.5,0.5691699604743071,False,False,True,False
2026-07-30 09:53:29.250843,RCL,none,268485.0,149561.13333333333,-0.39988926143528086,3.3777723770815435,0.5,0.2574257425742507,False,False,False,False
2026-07-30 09:53:29.444725,ARM,none,1386895.0,434111.6,-3.435983335480823,4.615602923108019,0.5,0.7011393514461001,True,False,False,True
2026-07-30 09:53:29.633567,NXT,none,400609.0,152203.9,-0.950651570177313,2.7912178993973153,0.5,0.57051282051282,False,False,False,True
2026-07-30 09:53:29.828826,INTC,none,16149856.0,6638504.7,-3.6962919364331968,3.3797639057461133,0.5,0.8920454545454557,False,False,True,True
2026-07-30 09:53:30.028172,APTV,none,295228.0,84723.8,-0.7363013698630132,0.7998541110335402,0.5,0.5443037974683547,True,False,False,False
2026-07-30 09:53:30.221198,APO,none,448086.0,116899.6,-0.762030978215855,2.42796119370101,0.5,0.7419354838709636,True,False,False,True
2026-07-30 09:53:30.411887,UAL,none,443349.0,153584.8,-0.8874512731193441,1.4783946502323484,0.5,0.7430555555555447,True,False,False,True
2026-07-30 09:53:30.595253,ASTS,none,1572751.0,651736.8571428572,-3.230516517612696,0.8388269493370313,0.5,0.8349056603773548,False,False,True,True
2026-07-30 09:53:30.781250,ARWR,none,192956.0,82484.28571428571,-0.39840637450199073,3.9715350866658987,0.5,0.34499999999999886,False,False,False,False
2026-07-30 09:53:30.974379,GTLB,none,833200.0,254617.6,-1.3623188405797069,0.3236940765048031,0.5,0.7580645161290336,False,False,True,True
2026-07-30 09:53:31.162481,VSAT,none,414119.0,116075.26666666666,-3.4126874913994825,3.8303619331408583,0.5,0.8888888888888883,True,False,False,True
2026-07-30 09:53:31.353750,QNT,none,129968.0,63485.0,-2.291021671826624,2.105817508687804,0.5,0.9327731092436932,False,False,True,True
2026-07-30 09:53:31.546562,VSH,none,835805.0,323070.2,-1.8348623853210968,4.407528672144764,0.5,0.7000000000000008,True,False,False,True
2026-07-30 09:53:31.731136,TEAM,none,747681.0,290478.28571428574,-1.0998388167251318,0.5477487615843842,0.5,0.623655913978493,False,False,True,True
2026-07-30 09:53:31.926340,REZI,none,273558.0,86013.53333333334,0.620417371686404,2.2758200790968877,0.5,0.42307692307691835,True,False,False,False
2026-07-30 09:53:32.123206,LEN,none,616552.0,188725.6,-0.5410491649023685,1.5163223757686821,0.5,0.5476190476190379,True,False,False,True
2026-07-30 09:53:32.313000,BROS,none,348263.0,98041.0,-1.6443361753958776,2.0205733292664276,0.5,0.8000000000000126,True,False,False,True
2026-07-30 09:53:32.506229,ALK,none,377244.0,130269.83333333333,-0.7359307359307433,2.7597106236690334,0.5,0.6938775510204224,True,False,False,True
2026-07-30 09:53:32.691270,AOSL,none,161915.0,43168.46666666667,-2.980364656381479,4.994349848432208,0.5,0.8252427184465989,True,False,False,True
2026-07-30 09:53:32.885050,CSCO,none,2577080.0,973034.25,-1.6522423288749022,2.218515524130171,0.5,0.9130434782608728,True,False,False,True
2026-07-30 09:53:33.071543,DHI,none,344116.0,127794.06666666667,-0.338592808288752,1.900445910954836,0.5,0.4032258064516192,True,False,False,False
2026-07-30 09:53:33.263294,A,none,139245.0,47490.42857142857,0.042780748663103225,0.574854097268967,0.5,0.06741573033708224,False,False,False,False
2026-07-30 09:53:33.450899,MRNA,none,499306.0,140436.25,-0.8550118246316152,0.5868273162373648,0.5,0.6811594202898557,True,False,True,False
2026-07-30 09:53:33.637227,AFRM,none,408316.0,193959.46666666667,-1.7376681614349705,0.33341346483151313,0.5,0.8435374149659836,False,False,True,True
2026-07-30 09:53:33.855087,MWH,none,224045.0,87560.57142857143,-1.729818780889628,4.954207632717572,0.5,0.8235294117647067,True,False,False,True
2026-07-30 09:53:34.040799,CEVA,SELL,201759.0,64153.57142857143,-3.5564177174264513,0.5831098048409279,0.5,0.8527131782945753,True,False,True,True
2026-07-30 09:53:34.230580,RIOT,none,3841215.0,1219190.3333333333,-3.9251844046364646,0.7232925255528142,0.5,0.8475540386803184,False,False,True,True
2026-07-30 09:53:34.428271,CVNA,none,2407956.0,1043596.1666666666,-2.3855102341333976,0.4440603572827279,0.5,0.7012987012986964,False,False,True,True
2026-07-30 09:53:34.618773,IREN,SELL,10252582.0,3816680.2666666666,-3.473251028806583,0.8547685784041312,0.5,0.694078947368421,True,False,True,True
2026-07-30 09:53:34.805719,HPE,SELL,1602520.0,654245.9,-2.3296703296703347,1.879126974198095,0.5,0.8217054263565915,True,False,True,True
2026-07-30 09:53:35.041978,DAL,none,716181.0,202567.66666666666,-0.7135458625848826,1.7071089964302988,0.5,0.7948717948717996,True,False,False,True
2026-07-30 09:53:35.230392,RBLX,none,942592.0,380150.0833333333,0.09974067424695224,1.1333032578460553,0.5,0.07142857142856708,True,False,False,False
2026-07-30 09:53:35.419782,IVZ,none,895391.0,267386.3,-1.2310939148786544,1.4303960053309095,0.5,0.6862745098039222,True,False,False,True
2026-07-30 09:53:35.600670,JOBY,none,3692186.0,2150306.466666667,-2.4890190336749622,3.7676096315558136,0.5,0.7727272727272733,False,False,False,True
2026-07-30 10:23:36.533490,AMAT,BUY,1700722.0,519180.6666666667,4.277442251416478,1.130851352739841,0.5,0.7543923865300153,True,True,False,True
2026-07-30 10:23:36.724158,LITE,BUY,799987.0,362799.13333333336,4.827304250389909,3.798657875223324,0.5,0.7308574048601557,True,True,False,True
2026-07-30 10:23:36.906556,ALAB,none,477367.0,219397.13333333333,0.6945921043305618,6.267902691991175,0.5,0.1689655172413772,True,False,False,False
2026-07-30 10:23:37.091643,STX,none,1185347.0,544521.1333333333,0.9160218479745185,5.531469461915687,0.5,0.2086032650945863,True,False,False,False
2026-07-30 10:23:37.274071,CIEN,BUY,209796.0,136133.91666666666,1.6644863194811752,0.6614563192229946,0.5,0.551660516605169,True,True,False,True
2026-07-30 10:23:37.462369,AMD,BUY,4296265.0,1628446.6666666667,4.778988106885834,1.7408385754998936,0.5,0.8971428571428579,True,True,False,True
2026-07-30 10:23:40.686203,MPWR,none,107263.0,55971.6,1.3945591356357272,3.6399889456210524,0.5,0.519402127048001,True,False,False,False
2026-07-30 10:23:40.873160,SIMO,none,380641.0,96590.08333333333,0.6923343205507948,4.640823186063837,0.5,0.06183442116111338,True,False,False,False
2026-07-30 10:23:41.058088,BE,BUY,6293220.0,2333723.5,13.315436241610744,5.809149499725378,0.5,0.9212481426448735,True,True,False,True
2026-07-30 10:23:41.246240,ISRG,none,242266.0,117378.5,2.122077098290233,0.8427093438100602,0.5,0.8548199767711965,False,True,False,True
2026-07-30 10:23:41.431964,CRDO,none,821225.0,327865.0,6.2413166613230775,3.7014437860769753,0.5,0.9434571890145405,False,True,False,True
2026-07-30 10:23:41.613121,ENTG,none,305624.0,275955.71428571426,3.8696888735671764,2.8560850128040807,0.5,0.9933628318584068,False,True,False,True
2026-07-30 10:23:41.792456,MXL,none,637305.0,180412.91666666666,1.374407582938396,2.2282655212432694,0.5,0.2332439678284192,True,False,False,False
2026-07-30 10:23:41.979272,NBIS,BUY,7922259.0,2353268.7333333334,12.626321291671495,6.476570144424788,0.5,0.8319938767699947,True,True,False,True
2026-07-30 10:23:44.682244,KLAC,none,1719969.0,989710.8333333334,-0.8298533033515426,5.20597760271498,0.5,0.18902439024390408,False,False,False,False
2026-07-30 10:23:44.867475,AMKR,none,1625643.0,607592.3,2.502651113467656,5.556535513849522,0.5,0.4738955823293168,True,False,False,False
2026-07-30 10:23:45.054716,DELL,BUY,874551.0,313211.93333333335,6.193977500064962,2.7873945234345725,0.5,0.9229578010065833,True,True,False,True
2026-07-30 10:23:48.766986,AEHR,none,338485.0,137782.4,0.9169795577805662,6.053250478597094,0.5,0.18065753424657716,False,False,False,False
2026-07-30 10:23:48.959723,MRVL,none,3179231.0,1169538.8333333333,1.1884740441753585,0.7422889788718684,0.5,0.35099337748344495,False,True,False,False
2026-07-30 10:23:49.142536,HOOD,none,5447895.0,1929450.5714285714,-1.9892295856687419,0.7275035169979853,0.5,0.2845911949685516,True,False,True,False
2026-07-30 10:23:49.323871,RCL,none,290564.0,138534.66666666666,-0.8589341692789997,3.4386821999435333,0.5,0.35816993464052516,True,False,False,False
2026-07-30 10:23:49.512273,ARM,SELL,2284425.0,494814.86666666664,-7.658914728682167,5.297775784187886,0.5,0.61519302615193,True,False,True,True
2026-07-30 10:23:52.209732,NXT,none,203899.0,146092.4,2.748717948717956,2.7710545830409643,0.5,0.9084745762711879,False,False,False,True
2026-07-30 10:23:52.394086,INTC,BUY,19973329.0,7926817.0,5.610179294389814,5.083696438077604,0.5,0.8915441176470581,True,True,False,True
2026-07-30 10:23:56.630921,APTV,none,64775.0,66814.0,-2.1115879828326127,0.7967470412478781,0.5,0.6439790575916226,False,False,True,False
2026-07-30 10:23:56.828475,APO,none,139592.0,89783.46666666666,-1.659959758551311,2.4662601042272008,0.5,0.5577464788732388,False,False,False,True
2026-07-30 10:23:57.010226,UAL,none,286769.0,159629.9,-0.04925299622392716,1.7894803100040684,0.5,0.03550295857987464,False,False,False,False
2026-07-30 10:23:57.191127,ASTS,none,1562197.0,782915.1428571428,3.9774791136941476,1.1145111389011797,0.5,0.6537313432835812,False,True,False,True
2026-07-30 10:23:57.375781,ARWR,none,94613.0,86872.71428571429,-1.0821151210598505,3.7192024315627505,0.5,0.47139303482587197,False,False,False,False
2026-07-30 10:23:57.559859,GTLB,none,321145.0,226317.73333333334,-0.7290400972053523,0.33795301120165594,0.5,0.2926829268292706,False,False,True,False
2026-07-30 10:23:57.748807,VSAT,none,99640.0,109033.46666666666,3.9433910414949223,4.2210514224750355,0.5,0.8200000000000013,False,False,False,True
2026-07-30 10:23:57.937206,QNT,none,129397.0,73388.42857142857,6.85785536159602,2.7805952986049727,0.5,0.9428571428571441,False,True,False,True
2026-07-30 10:23:58.119758,VSH,none,359198.0,303451.73333333334,1.7187499999999911,4.504051695740441,0.5,0.3985507246376784,False,False,False,False
2026-07-30 10:23:58.297310,TEAM,none,479365.0,313120.14285714284,-0.4297554486851547,0.7834146923162102,0.5,0.13953488372093056,False,False,False,False
2026-07-30 10:23:58.483260,REZI,none,61193.0,74872.86666666667,-2.4558498896247256,2.1236003173268925,0.5,0.6449275362318833,False,False,True,True
2026-07-30 10:23:58.668809,LEN,none,96530.0,178181.26666666666,-2.0710755471875797,1.5416318245142198,0.5,0.7521367521367532,False,False,True,True
2026-07-30 10:23:58.851889,BROS,none,227042.0,78772.33333333333,-0.07602250266078328,2.4505377862880375,0.5,0.026315789473682637,True,False,False,False
2026-07-30 10:23:59.033175,ALK,none,86910.0,131800.08333333334,-1.0599957600169598,2.9650364345610654,0.5,0.4273504273504267,False,False,False,False
2026-07-30 10:23:59.231211,AOSL,none,33131.0,37033.666666666664,2.9271613342409784,5.158984013696439,0.5,0.7543859649122822,False,False,False,True
2026-07-30 10:23:59.425623,CSCO,none,1599949.0,1038886.6666666666,1.2063154160014187,2.5873914988820523,0.5,0.5461847389558242,True,False,False,True
2026-07-30 10:23:59.610822,DHI,none,73386.0,114136.0,-1.5334509431401757,1.7870446781270513,0.5,0.6996904024767734,False,False,False,True
2026-07-30 10:23:59.793654,A,none,84690.0,54128.42857142857,-0.014417531718577157,0.4709850055637302,0.5,0.009478672985786779,False,False,False,False
2026-07-30 10:23:59.982538,MRNA,none,352559.0,158505.91666666666,-0.5173028897609688,0.6014322980097427,0.5,0.18831168831168787,True,False,False,False
2026-07-30 10:24:00.168899,AFRM,none,196557.0,173958.53333333333,-0.4794134235758649,0.3949234593290789,0.5,0.28099173553719103,False,False,True,False
2026-07-30 10:24:00.355641,MWH,none,178768.0,100276.57142857143,5.217045001991248,5.977111057757415,0.5,0.903448275862071,False,False,False,True
2026-07-30 10:24:00.537684,CEVA,none,38057.0,67262.0,3.1629392971245958,0.8562160863227609,0.5,0.9801980198019772,False,True,False,True
2026-07-30 10:24:00.732226,RIOT,none,4511211.0,1475767.25,12.300000000000004,0.8421291683620604,0.5,0.9609375000000008,False,True,False,True
2026-07-30 10:24:00.918325,CVNA,none,7273093.0,1354938.25,0.9669211195928757,0.5062016034654171,0.5,0.12555066079295163,True,True,False,False
2026-07-30 10:24:01.108747,IREN,BUY,13419883.0,4459555.2,14.538461538461542,0.959098281069443,0.5,0.9535822401614537,True,True,False,True
2026-07-30 10:24:13.349414,HPE,none,949716.0,707489.1,0.4536616979909286,2.461185873928259,0.5,0.16935483870967782,False,False,False,False
2026-07-30 10:24:13.533960,DAL,none,457994.0,212603.25,-0.842536718661044,1.84679126039856,0.5,0.37755102040816185,True,False,False,False
2026-07-30 10:24:13.720686,RBLX,none,817356.0,410754.9166666667,2.486858067124943,1.0711495864557077,0.5,0.6473684210526304,True,True,False,False
2026-07-30 10:24:13.906322,IVZ,none,180086.0,240646.4,-0.03510003510002812,1.79883889386495,0.5,0.02127659574467667,False,False,False,False
2026-07-30 10:24:14.084753,JOBY,none,1873492.0,2051995.4666666666,2.773722627737232,4.448581005312567,0.5,0.7037037037037039,False,False,False,True
2026-07-30 10:54:14.975108,AMAT,none,816556.0,553461.4166666666,0.9668673497866956,1.5329664490509276,0.5,0.4166666666666691,True,False,False,False
2026-07-30 10:54:15.155945,LITE,none,419455.0,361734.93333333335,0.09533852398630133,3.7599771182094073,0.5,0.027742749054223168,False,False,False,False
2026-07-30 10:54:15.336294,ALAB,none,231172.0,221832.06666666668,0.689049042010911,5.8305200238307044,0.5,0.19178082191781126,True,False,False,False
2026-07-30 10:54:15.523965,STX,none,481232.0,482125.4,-0.17252266474224057,4.990000076810724,0.5,0.10379918588874393,True,False,False,False
2026-07-30 10:54:15.710536,CIEN,none,154872.0,139337.91666666666,-0.11773080714051222,0.7166623714399378,0.5,0.04704595185995676,True,False,False,False
2026-07-30 10:54:15.900644,AMD,BUY,2983884.0,1667233.2,3.198820940756418,1.984095572179092,0.5,0.8985422740524774,True,True,False,True
2026-07-30 10:54:18.600735,MPWR,none,103804.0,54094.6,1.3746829851564668,3.7053573907969652,0.5,0.6145726932243746,True,False,False,False
2026-07-30 10:54:18.787325,SIMO,none,140822.0,104142.0,0.3782379460533388,4.861677934105674,0.5,0.1016427104722801,False,False,False,False
2026-07-30 10:54:18.977042,BE,none,3377690.0,2488513.6,1.5874520210396599,8.767060929205371,0.5,0.33168316831683037,False,False,False,False
2026-07-30 10:54:19.166290,ISRG,none,149214.0,121264.75,-1.4907253169202894,1.4876643009708945,0.5,0.8641571194762621,False,False,True,True
2026-07-30 10:54:19.346742,CRDO,none,396751.0,334569.5,0.6184944938904761,5.020491968736103,0.5,0.1889400921658973,False,False,False,False
2026-07-30 10:54:19.528905,ENTG,none,192335.0,283653.14285714284,0.7896267974399491,3.8007902517762604,0.5,0.3518518518518525,False,False,False,False
2026-07-30 10:54:19.715973,MXL,none,355412.0,197448.25,0.9038491506934678,2.2055691831596684,0.5,0.28712871287128583,False,False,False,False
2026-07-30 10:54:19.902815,NBIS,none,4300359.0,2356417.8,0.7271789582258879,7.404156019106523,0.5,0.1344137273593898,False,False,False,False
2026-07-30 10:54:20.091718,KLAC,none,1252792.0,979402.4166666666,0.5722615127139244,5.259204606231364,0.5,0.29201101928374756,False,False,False,False
2026-07-30 10:54:20.275784,AMKR,none,585915.0,609948.8,-0.22722577979756134,6.4846478877655604,0.5,0.08870967741935423,False,False,False,False
2026-07-30 10:54:20.604844,DELL,none,343919.0,301298.0,0.5749235474006171,3.6741187382525315,0.5,0.26286353467561785,False,False,False,False
2026-07-30 10:54:20.791735,AEHR,none,180954.0,135945.0,1.2947905181918347,5.6876286272554175,0.5,0.35592514017275145,False,False,False,False
2026-07-30 10:54:20.997404,MRVL,none,1876731.0,1254627.4166666667,1.689750692520782,0.7680737194230989,0.5,0.5876685934489427,False,True,False,False
2026-07-30 10:54:21.183094,HOOD,none,2174006.0,2139665.4285714286,-1.514641534836749,0.8664064688959691,0.5,0.4770318021201396,False,False,True,False
2026-07-30 10:54:21.368058,RCL,none,143614.0,127973.2,0.6198804516271798,2.987654754742181,0.5,0.3943661971830923,False,False,False,False
2026-07-30 10:54:21.555274,ARM,none,852266.0,505209.6666666667,1.771323035594358,6.754197893436311,0.5,0.6205882352941164,False,False,False,True
2026-07-30 10:54:21.771975,NXT,none,180872.0,154720.9,0.20018016214593418,3.4985706311534983,0.5,0.07042253521126852,False,False,False,False
2026-07-30 10:54:21.953126,INTC,none,12933322.0,8516740.6,2.6177437020810523,7.647735102989755,0.5,0.6751412429378548,False,False,False,True
2026-07-30 10:54:22.130485,APTV,none,64790.0,67523.4,-0.12285012285012335,0.9033786943854449,0.5,0.12962962962963037,False,False,False,False
2026-07-30 10:54:22.315528,APO,none,156989.0,91123.46666666666,0.2214462141214591,2.3560185117183075,0.5,0.20000000000000218,False,False,False,False
2026-07-30 10:54:22.504304,UAL,none,153717.0,163523.2,0.21376305187865258,1.7335084962431297,0.5,0.19847328244275164,False,False,False,False
2026-07-30 10:54:22.690945,ASTS,none,880590.0,856555.7142857143,1.0476689366160195,1.4886741446102167,0.5,0.27397260273972374,False,False,False,False
2026-07-30 10:54:22.878469,ARWR,none,84022.0,89545.0,1.090909090909083,4.308450812819672,0.5,0.6472602739725946,False,False,False,True
2026-07-30 10:54:23.055361,GTLB,none,249406.0,222951.26666666666,-2.0208205756276687,0.27466564678698596,0.5,0.7415730337078609,False,False,True,True
2026-07-30 10:54:23.234807,VSAT,none,106222.0,114966.0,2.11071286340104,4.3186595310307245,0.5,0.7098214285714317,False,False,False,True
2026-07-30 10:54:23.707422,QNT,none,72085.0,80903.14285714286,1.1516689439781445,4.637576202637943,0.5,0.41258741258741505,False,False,False,False
2026-07-30 10:54:23.893154,VSH,none,701549.0,328946.6,3.1019656019655955,4.444737957193665,0.5,0.6084337349397565,True,False,False,False
2026-07-30 10:54:24.078201,TEAM,none,217782.0,322326.5714285714,-2.086759868421054,0.6803161192448723,0.5,0.8750000000000031,False,False,True,True
2026-07-30 10:54:24.262813,REZI,none,97138.0,74156.0,-0.056561085972839424,2.2883565022258785,0.5,0.04651162790696752,False,False,False,False
2026-07-30 10:54:24.452925,LEN,none,110678.0,179526.06666666668,0.4684684684684691,2.068172359887762,0.5,0.4148936170212782,False,False,False,True
2026-07-30 10:54:24.704864,BROS,none,65077.0,80054.6,-0.3347534996956769,1.940941713928982,0.5,0.17187500000000086,False,False,False,False
2026-07-30 10:54:24.888707,ALK,none,61514.0,123594.75,0.4071137775873103,2.9697384960603785,0.5,0.3015873015873002,False,False,False,False
2026-07-30 10:54:25.072323,AOSL,none,25986.0,37122.933333333334,2.216341382732379,5.394749660173108,0.5,0.676767676767676,False,False,False,True
2026-07-30 10:54:25.252234,CSCO,none,916035.0,1040792.4166666666,-0.48207555438688504,2.972989928372191,0.5,0.5045871559632986,True,False,False,True
2026-07-30 10:54:25.432969,DHI,none,66391.0,114498.66666666667,0.0,1.9667887993456126,0.5,0.0,False,False,False,False
2026-07-30 10:54:25.621130,A,none,78355.0,64244.28571428572,-0.10090817356206917,0.388914434232818,0.5,0.12068965517242689,False,False,False,False
2026-07-30 10:54:25.810549,MRNA,none,242046.0,163442.58333333334,0.376074498567324,0.5917796658809464,0.5,0.3134328358208854,False,False,False,False
2026-07-30 10:54:26.000914,AFRM,none,149239.0,173040.46666666667,0.11345908381789574,0.40740360725642805,0.5,0.09523809523809443,False,False,False,False
2026-07-30 10:54:26.184956,MWH,none,120422.0,119032.28571428571,2.273588480485024,9.529324328361037,0.5,0.6593406593406569,False,False,False,True
2026-07-30 10:54:26.372029,CEVA,none,29798.0,63249.42857142857,2.039555006180481,1.1626868333240228,0.5,0.5945945945945982,False,True,False,False
2026-07-30 10:54:26.560152,RIOT,none,2337441.0,1512901.1666666667,-2.179715302491112,1.4241509846989449,0.5,0.5104166666666683,False,False,True,False
2026-07-30 10:54:26.752793,CVNA,none,3017418.0,1545471.25,-0.9408602150537672,0.5151483136228782,0.5,0.3589743589743599,False,False,True,False
2026-07-30 10:54:26.947207,IREN,none,7752459.0,4463583.2,0.22837184309511246,1.2840580157306278,0.5,0.057436313264410586,False,False,False,False
2026-07-30 10:54:27.130274,HPE,none,745307.0,722744.7,0.5807700580769972,2.519193707152615,0.5,0.28723404255318796,False,False,False,False
2026-07-30 10:54:27.317114,DAL,none,320563.0,221431.5,0.45950603101666365,1.9689979039872925,0.5,0.6250000000000083,False,False,False,True
2026-07-30 10:54:27.501387,RBLX,SELL,1937365.0,522476.5,-4.379562043795619,1.5112848957106224,0.5,0.798561151079136,True,False,True,True
2026-07-30 10:54:27.691452,IVZ,none,335533.0,260245.0,1.9649122807017498,1.798722370200263,0.5,0.9180327868852393,False,True,False,True
2026-07-30 10:54:27.877517,JOBY,none,1369447.0,2075750.8666666667,0.5681818181818187,5.129415716101928,0.5,0.2666666666666663,False,False,False,False
2026-07-30 11:24:28.803398,AMAT,SELL,653858.0,562511.0,-2.2054613303848236,1.5263936391693071,0.5,0.781665500349895,True,False,True,True
2026-07-30 11:24:28.990500,LITE,none,275029.0,363070.5333333333,-2.1645021645021645,3.5404756261793144,0.5,0.7302823758519974,False,False,False,True
2026-07-30 11:24:29.171219,ALAB,none,302868.0,229970.86666666667,-0.2828311044380049,5.496886112561246,0.5,0.11604584527220632,True,False,False,False
2026-07-30 11:24:29.356595,STX,none,323263.0,469264.26666666666,-3.1477189213635626,4.719817176399251,0.5,0.8648648648648675,True,False,False,True
2026-07-30 11:24:29.545020,CIEN,none,139256.0,144999.08333333334,-0.5817942314553102,0.6659225857847124,0.5,0.32465543644716616,True,False,False,False
2026-07-30 11:24:29.734015,AMD,SELL,2606809.0,1671573.0666666667,-2.459972644621453,2.178277839622435,0.5,0.8246797033041154,True,False,True,True
2026-07-30 11:24:32.440627,MPWR,none,57295.0,53262.86666666667,-1.5468642004988369,3.83819077181513,0.5,0.6226186876322939,False,False,False,False
2026-07-30 11:24:32.628288,SIMO,none,207947.0,115990.33333333333,-4.608981212769205,4.55462007484862,0.5,0.7099999999999996,False,False,True,True
2026-07-30 11:24:32.807592,BE,none,2252335.0,2589531.2,-3.423986565284323,8.718592239133594,0.5,0.6684881602914399,False,False,False,True
2026-07-30 11:24:32.994043,ISRG,none,95573.0,123082.83333333333,0.197764402407566,2.076076202590591,0.5,0.33990147783250624,False,False,False,False
2026-07-30 11:24:33.177514,CRDO,none,372326.0,354658.5,-1.1343194083549921,5.047691769494042,0.5,0.38737201365187796,False,False,False,False
2026-07-30 11:24:33.359109,ENTG,none,120930.0,270379.28571428574,-0.4700643245917923,3.9997104732537694,0.5,0.1952054794520572,False,False,False,False
2026-07-30 11:24:33.543152,MXL,none,265423.0,207100.66666666666,-0.38598116411919103,2.35820467181779,0.5,0.13736263736263787,False,False,False,False
2026-07-30 11:24:33.728259,NBIS,none,2780680.0,2401408.8,-3.143720239619075,6.937302951641373,0.5,0.8611500701262298,False,False,False,True
2026-07-30 11:24:33.915267,KLAC,none,789559.0,969100.9166666666,-1.3955235897160616,4.969481649319428,0.5,0.6249999999999991,False,False,False,False
2026-07-30 11:24:34.097454,AMKR,none,604173.0,642187.7,-0.6420878210439153,6.1114055540029595,0.5,0.3444444444444448,False,False,False,False
2026-07-30 11:24:34.279975,DELL,none,313760.0,301791.86666666664,-0.4378283712784616,3.708723696184912,0.5,0.2310654685494232,False,False,False,False
2026-07-30 11:24:34.466791,AEHR,none,308403.0,142440.4,-0.98079280751941,5.161447206544859,0.5,0.27376425855513165,False,False,False,False
2026-07-30 11:24:34.765805,MRVL,none,1515410.0,1312663.0833333333,-1.4383785550833532,0.820490758904671,0.5,0.5443298969072143,False,False,True,False
2026-07-30 11:24:34.952193,HOOD,none,1538679.0,2185314.0,-0.375811411001023,0.9736912541446092,0.5,0.19298245614034898,False,False,False,False
2026-07-30 11:24:35.146121,RCL,none,68768.0,117875.53333333334,-0.21990449861773959,2.880494978613162,0.5,0.2916666666666647,False,False,False,False
2026-07-30 11:24:35.331762,ARM,none,568160.0,513598.06666666665,-0.8305441923887406,6.679099808734169,0.5,0.25031133250311216,False,False,False,False
2026-07-30 11:24:35.522728,NXT,none,123363.0,151357.5,-0.35989203239028233,3.1749480700354846,0.5,0.19354838709677394,False,False,False,False
2026-07-30 11:24:35.709934,INTC,none,10763051.0,9147616.6,-1.7289220917822887,8.950608873416074,0.5,0.6532258064516174,False,False,False,True
2026-07-30 11:24:35.895353,APTV,none,54967.0,68150.0,-0.3339191564147588,0.7201827414427198,0.5,0.2835820895522347,False,False,False,False
2026-07-30 11:24:36.089224,APO,none,284856.0,104425.26666666666,0.1529181887690144,2.408944851411734,0.5,0.20454545454546336,True,False,False,False
2026-07-30 11:24:36.278153,UAL,none,158635.0,173850.3,-0.48424162836507173,1.6899276839248127,0.5,0.40689655172414346,False,False,False,False
2026-07-30 11:24:36.464551,ASTS,none,842933.0,891333.5714285715,-2.3328149300155423,1.5679432896687702,0.5,0.5999999999999974,False,False,True,True
2026-07-30 11:24:36.650066,ARWR,none,63402.0,88425.71428571429,-1.0172591153274666,4.866513297476027,0.5,0.57051282051282,False,False,False,True
2026-07-30 11:24:36.835589,GTLB,none,193276.0,217057.66666666666,1.4075695964967245,0.3422264544181784,0.5,0.9000000000000057,False,True,False,True
2026-07-30 11:24:37.017918,VSAT,none,156515.0,118228.33333333333,-2.3617960031144656,4.209337397556995,0.5,0.8017621145374496,False,False,False,True
2026-07-30 11:24:37.206293,QNT,none,65900.0,77366.42857142857,-1.3140096618357482,4.810130622706,0.5,0.4689655172413782,False,False,False,False
2026-07-30 11:24:37.393843,VSH,none,474977.0,319312.4666666667,0.38701994641260923,4.613135496280858,0.5,0.13684210526315269,False,False,False,False
2026-07-30 11:24:37.593114,TEAM,none,169388.0,315828.14285714284,1.5436312086527342,1.223918688961144,0.5,0.869822485207101,False,True,False,True
2026-07-30 11:24:37.779714,REZI,none,32060.0,71491.2,-0.8774412680441415,2.1215200008154254,0.5,0.9117647058823486,False,False,False,True
2026-07-30 11:24:37.966156,LEN,none,88247.0,179844.26666666666,-0.6333652007648196,2.17251606131884,0.5,0.67948717948718,False,False,False,True
2026-07-30 11:24:38.144218,BROS,none,62804.0,80177.46666666666,-0.2601775329048082,1.944717691533318,0.5,0.26562500000000244,False,False,False,False
2026-07-30 11:24:38.329541,ALK,none,49362.0,117666.16666666667,-0.14944491887275893,2.8705364753156353,0.5,0.12727272727272682,False,False,False,False
2026-07-30 11:24:38.616342,AOSL,none,12151.0,33036.13333333333,-1.6134236850596968,5.073517250238208,0.5,0.5681818181818166,False,False,False,True
2026-07-30 11:24:38.806280,CSCO,none,550224.0,1021226.8333333334,-0.72214883311316,2.944806595780057,0.5,0.7809523809523766,True,False,False,True
2026-07-30 11:24:38.990651,DHI,none,109172.0,116198.33333333333,-1.0338410641670688,1.9309582471456186,0.5,0.7978723404255339,False,False,False,True
2026-07-30 11:24:39.177541,A,none,152294.0,75480.57142857143,-0.4325571335880573,0.3252946581876751,0.5,0.5555555555555585,False,False,True,True
2026-07-30 11:24:39.381687,MRNA,none,148639.0,168661.25,0.08919015340705878,0.5694307203888419,0.5,0.06410256410256036,False,False,False,False
2026-07-30 11:24:39.567444,AFRM,none,189921.0,170507.13333333333,1.7414696304686452,0.345305360982711,0.5,0.9179104477612045,False,True,False,True
2026-07-30 11:24:39.755434,MWH,none,409220.0,163733.7142857143,0.03705075954057638,11.085684858442255,0.5,0.015384615384617823,False,False,False,False
2026-07-30 11:24:39.942555,CEVA,none,14102.0,61395.0,-1.2692656391659163,1.3470856194701029,0.5,0.5454545454545505,False,False,False,False
2026-07-30 11:24:40.129866,RIOT,none,952006.0,1514592.0833333333,-0.6824385805277622,1.4475684228758627,0.5,0.42857142857143293,False,False,False,False
2026-07-30 11:24:40.315151,CVNA,none,1916658.0,1646051.4166666667,0.5088195386702801,0.5238206041866639,0.5,0.1999999999999981,False,False,False,False
2026-07-30 11:24:40.496573,IREN,none,4822737.0,4447434.533333333,-1.241814824047206,1.164956632573415,0.5,0.49287234042553346,False,False,True,False
2026-07-30 11:24:40.678961,HPE,none,617545.0,751676.9,-0.5560307955517494,2.568446042952007,0.5,0.3291139240506307,False,False,False,False
2026-07-30 11:24:40.861422,DAL,none,141087.0,225153.5,-0.14865637507148047,2.0700607163020286,0.5,0.16883116883118227,False,False,False,False
2026-07-30 11:24:41.060890,RBLX,none,1405680.0,600561.25,-0.8864151721294573,2.309693735226426,0.5,0.3739130434782611,True,False,False,False
2026-07-30 11:24:41.282752,IVZ,none,297858.0,278884.6,-0.6879944960440292,2.482467130330677,0.5,0.5405405405405371,False,False,False,False
2026-07-30 11:24:41.467642,JOBY,none,1882785.0,2116966.933333333,-0.5657708628005662,4.479677583994263,0.5,0.28571428571428664,False,False,False,False
2026-07-30 11:54:42.355537,AMAT,none,418572.0,563901.6666666666,0.3654203343293229,1.7216476821410904,0.5,0.19631236442516237,True,False,False,False
2026-07-30 11:54:42.541303,LITE,none,179788.0,358038.4666666667,0.2373021254016469,3.7874663463116676,0.5,0.14122807017544006,False,False,False,False
2026-07-30 11:54:42.739649,ALAB,none,241147.0,229228.2,1.0116922215220843,5.112513704029362,0.5,0.34241706161137286,True,False,False,False
2026-07-30 11:54:42.925369,STX,none,280139.0,455635.2,-1.189906790634739,5.502312948008761,0.5,0.6359102244389025,True,False,False,False
2026-07-30 11:54:43.105126,CIEN,none,221205.0,156441.0,0.4447759544726108,0.6395909744942944,0.5,0.32723577235771373,True,False,False,False
2026-07-30 11:54:43.285425,AMD,none,1415046.0,1630879.8,-0.34055024664093153,2.4328684742856352,0.5,0.20195838433292357,False,False,False,False
2026-07-30 11:54:43.483837,MPWR,none,31150.0,55150.4,0.1593109230886438,4.174695174646042,0.5,0.1266666666666617,False,False,False,False
2026-07-30 11:54:43.670256,SIMO,none,69137.0,112635.83333333333,0.844675740592468,5.868475294091639,0.5,0.31075110456553445,False,False,False,False
2026-07-30 11:54:43.857303,BE,none,1400174.0,2530018.1,-1.2367747234165911,9.16561870056816,0.5,0.31960049937578094,False,False,False,False
2026-07-30 11:54:44.039318,ISRG,none,97024.0,125916.83333333333,-0.042919682966618244,2.1506820198029124,0.5,0.11811023622050099,False,False,False,False
2026-07-30 11:54:44.224462,CRDO,none,300002.0,350090.0,-0.28809704321455304,4.950980616291787,0.5,0.12472647702406794,False,False,False,False
2026-07-30 11:54:44.412743,ENTG,none,89144.0,239304.42857142858,0.17395626242545392,3.3749680677360256,0.5,0.11290322580645593,False,False,False,False
2026-07-30 11:54:44.599327,MXL,none,246271.0,213944.25,1.1626104479925592,2.3932290543516976,0.5,0.49342105263157565,False,False,False,False
2026-07-30 11:54:44.786223,NBIS,none,2118499.0,2395013.066666667,-0.21141649048624592,7.314505688135,0.5,0.07999999999999545,False,False,False,False
2026-07-30 11:54:44.964908,KLAC,none,584711.0,959904.5833333334,-0.348337233984644,5.4267620795859415,0.5,0.2269503546099248,False,False,False,False
2026-07-30 11:54:45.152004,AMKR,none,312954.0,634608.9,-0.5625000000000066,6.295031895433931,0.5,0.2812500000000051,False,False,False,False
2026-07-30 11:54:45.343142,DELL,none,252486.0,294689.26666666666,-0.7914020517830856,3.5622531780429245,0.5,0.525121555915717,False,False,False,False
2026-07-30 11:54:45.530508,AEHR,none,71639.0,140809.26666666666,0.46696882296388326,5.262092104128009,0.5,0.196747873386959,False,False,False,False
2026-07-30 11:54:45.721631,MRVL,none,1048725.0,1296629.0833333333,0.14925373134327352,0.8803433216512971,0.5,0.0801186943620123,False,False,False,False
2026-07-30 11:54:45.911314,HOOD,none,1356201.0,2139328.1428571427,-0.8110578021475987,0.7339875682704434,0.5,0.5259259259259285,False,False,True,False
2026-07-30 11:54:46.102142,RCL,none,53141.0,115266.8,0.2802090548454085,2.763383591595476,0.5,0.3739495798319278,False,False,False,False
2026-07-30 11:54:46.295006,ARM,none,419478.0,515638.0,-2.2366612520304905,6.644640875578573,0.5,0.7627840909090924,False,False,False,True
2026-07-30 11:54:46.485509,NXT,none,176129.0,156400.1,-0.030159847190108714,3.217182095568409,0.5,0.018292682926829954,False,False,False,False
2026-07-30 11:54:46.672720,INTC,none,8189001.0,9407902.1,0.6844106463878432,9.563120309229234,0.5,0.3913043478260931,False,False,False,False
2026-07-30 11:54:46.859033,APTV,none,82378.0,69749.93333333333,0.24704429151226498,0.7567428541348404,0.5,0.32558139534883873,False,False,False,False
2026-07-30 11:54:47.040485,APO,none,219912.0,117817.53333333334,-0.24586689275117105,2.3217216548471376,0.5,0.24786324786325284,True,False,False,False
2026-07-30 11:54:47.229420,UAL,none,55181.0,169975.5,0.7092783505154634,1.6171758627999302,0.5,0.7413793103448202,False,False,False,True
2026-07-30 11:54:47.418188,ASTS,none,552343.0,891382.8571428572,-1.2033268448062284,1.4838217168452572,0.5,0.49278933256033053,False,False,False,False
2026-07-30 11:54:47.601577,ARWR,none,64008.0,85185.14285714286,-1.2440963022693219,3.8111617112333285,0.5,0.6967741935483809,False,False,False,True
2026-07-30 11:54:47.789097,GTLB,none,110695.0,208505.6,0.18495684340321294,0.39636374659112933,0.5,0.1463414634146409,False,False,False,False
2026-07-30 11:54:47.970553,VSAT,none,68706.0,116556.46666666666,0.13301409949453885,4.4806906311737995,0.5,0.09174311926604954,False,False,False,False
2026-07-30 11:54:48.154687,QNT,none,41176.0,76496.14285714286,-0.8608882801799995,4.4673836747879445,0.5,0.39285714285714174,False,False,False,False
2026-07-30 11:54:48.341659,VSH,none,207450.0,304843.93333333335,-0.23710729104921574,4.62219862672981,0.5,0.1600000000000108,False,False,False,False
2026-07-30 11:54:48.529269,TEAM,none,227031.0,317113.14285714284,1.6047209856092732,1.5650798852053596,0.5,0.8115183246073238,False,True,False,True
2026-07-30 11:54:48.715156,REZI,none,26445.0,67486.6,0.08573878250929161,2.056796516224601,0.5,0.11111111111111403,False,False,False,False
2026-07-30 11:54:48.962500,LEN,none,99800.0,182787.46666666667,0.5774783445620666,2.2310394526004678,0.5,0.6233766233766133,False,False,False,True
2026-07-30 11:54:49.226123,BROS,none,33755.0,79872.73333333334,0.62854514793806,1.9868149005191524,0.5,0.5857142857142904,False,False,False,True
2026-07-30 11:54:49.407816,ALK,none,37566.0,113535.41666666667,0.7702182284980732,2.6262320274295794,0.5,0.8372093023255807,False,False,False,True
2026-07-30 11:54:49.597684,AOSL,none,8403.0,31697.733333333334,0.26298487836948814,5.243852937667103,0.5,0.17777777777777426,False,False,False,False
2026-07-30 11:54:49.785863,CSCO,none,607446.0,998832.0,0.035476718403553216,3.1399079902980027,0.5,0.04819277108434416,True,False,False,False
2026-07-30 11:54:49.985338,DHI,none,57525.0,114374.73333333334,0.4044348371801217,2.1698076269671436,0.5,0.45669291338583295,False,False,False,False
2026-07-30 11:54:50.170014,A,none,33680.0,91704.85714285714,0.24616275702288112,0.35228751069598907,0.5,0.3148148148148143,False,False,False,False
2026-07-30 11:54:50.365291,MRNA,none,162526.0,168379.33333333334,-0.3742648369274654,0.55277895947384,0.5,0.3500000000000006,False,False,False,False
2026-07-30 11:54:50.551827,AFRM,none,70758.0,164300.2,-0.5988023952095903,0.3749169865097092,0.5,0.5972222222222326,False,False,True,True
2026-07-30 11:54:50.737225,MWH,none,167182.0,173776.7142857143,0.22238695329873506,9.271704066897765,0.5,0.13636363636363416,False,False,False,False
2026-07-30 11:54:50.934659,CEVA,none,24677.0,57167.57142857143,0.8004926108374543,1.2338304242175926,0.5,0.5777777777777855,False,False,False,False
2026-07-30 11:54:51.118339,RIOT,none,881484.0,1476144.8333333333,1.1452130096197894,1.4803916506035502,0.5,0.48076923076923117,False,False,False,False
2026-07-30 11:54:51.314554,CVNA,none,1633069.0,1761559.3333333333,-1.0460604015522263,0.5440563461409983,0.5,0.32291666666666874,False,False,True,False
2026-07-30 11:54:51.499110,IREN,none,3323808.0,4365090.666666667,0.48846675712347276,1.207129303984837,0.5,0.2322580645161291,False,False,False,False
2026-07-30 11:54:51.683519,HPE,none,497601.0,762627.6,0.4082509669101799,2.582978816761311,0.5,0.2835820895522347,False,False,False,False
2026-07-30 11:54:51.869378,DAL,none,155163.0,223213.08333333334,0.46964490263458947,2.0972800604347235,0.5,0.7735849056603693,False,False,False,True
2026-07-30 11:54:52.166598,RBLX,none,1034243.0,662191.1666666666,-0.2700457000415508,2.2920529117842987,0.5,0.17105263157895118,True,False,False,False
2026-07-30 11:54:52.353578,IVZ,none,141480.0,278462.0,-0.4502944232767667,2.6739992740749434,0.5,0.6500000000000151,False,False,False,True
2026-07-30 11:54:52.542505,JOBY,none,2904107.0,2093763.7333333334,-0.14224751066857289,4.519787497791113,0.5,0.1111111111111188,False,False,False,False
2026-07-30 12:24:53.441986,AMAT,none,260182.0,563009.8333333334,-0.23150478107699593,1.7514581264702223,0.5,0.2516411378555753,False,False,False,False
2026-07-30 12:24:53.629004,LITE,none,177022.0,352480.06666666665,0.8615611192930814,3.589076054768816,0.5,0.5820895522388109,False,False,False,True
2026-07-30 12:24:53.813345,ALAB,none,197589.0,234356.06666666668,1.7142658847208236,5.0167017235292874,0.5,0.8316498316498316,True,False,False,True
2026-07-30 12:24:53.994025,STX,none,267236.0,444616.6666666667,-0.5855962219598626,5.678285750747917,0.5,0.35786435786436016,True,False,False,False
2026-07-30 12:24:54.176627,CIEN,none,63231.0,140738.41666666666,0.20644095788604458,0.5773558628937157,0.5,0.21994134897360543,False,False,False,False
2026-07-30 12:24:54.362581,AMD,none,1024022.0,1629145.4666666666,-0.062128523205005774,2.4039051678555223,0.5,0.08498583569405486,False,False,False,False
2026-07-30 12:24:54.547173,MPWR,none,73175.0,57222.73333333333,0.9978552197259031,3.9925990965541303,0.5,0.6304661220567039,False,False,False,False
2026-07-30 12:24:54.731501,SIMO,none,187035.0,128344.58333333333,-2.1598186229664718,5.742425056311051,0.5,0.7479338842975225,False,False,False,True
2026-07-30 12:24:54.912030,BE,none,1023767.0,2519527.2,1.036826918374336,8.978527091674907,0.5,0.48623853211009127,False,False,False,False
2026-07-30 12:24:55.097173,ISRG,none,100898.0,124610.66666666667,0.20037211965077675,2.0553734427463293,0.5,0.3286384976525775,False,False,False,False
2026-07-30 12:24:55.290625,CRDO,none,118636.0,344204.5833333333,0.19239532175585816,5.007618540162624,0.5,0.1610169491525395,False,False,False,False
2026-07-30 12:24:55.475691,ENTG,none,44310.0,208423.7142857143,-0.1574803149606398,2.7535615679306,0.5,0.1862745098039314,False,False,False,False
2026-07-30 12:24:55.663170,MXL,none,192607.0,222137.16666666666,-0.9806926141587504,2.572980695401397,0.5,0.7619047619047595,False,False,False,True
2026-07-30 12:24:55.849700,NBIS,none,1389834.0,2413427.6,0.8105101446204381,7.09323109712645,0.5,0.35334872979214704,False,False,False,False
2026-07-30 12:24:56.034820,KLAC,none,459534.0,946221.75,0.19115237575095267,5.379825845204635,0.5,0.17241379310344537,False,False,False,False
2026-07-30 12:24:56.230605,AMKR,none,215939.0,616625.2,0.8170961659333765,6.258364334981517,0.5,0.5131578947368394,False,False,False,False
2026-07-30 12:24:56.413945,DELL,none,146733.0,288896.86666666664,-0.00984639621898889,3.5642693462607156,0.5,0.010610079575602296,False,False,False,False
2026-07-30 12:24:56.602843,AEHR,none,69387.0,142327.93333333332,1.2469169635516533,5.189742168505971,0.5,0.5759493670886061,False,False,False,True
2026-07-30 12:24:56.789808,MRVL,none,706416.0,1305416.75,0.447044538881838,0.8823620208001204,0.5,0.35840707964601565,False,False,False,False
2026-07-30 12:24:56.972817,HOOD,none,1014521.0,2066370.857142857,0.26494643474254576,0.6273505776608606,0.5,0.33823529411765657,False,False,False,False
2026-07-30 12:24:57.158665,RCL,none,51875.0,114546.06666666667,0.5086182537439969,2.760117581501978,0.5,0.5015479876160976,False,False,False,False
2026-07-30 12:24:57.351071,ARM,none,349343.0,537891.1333333333,-0.20455126566095191,7.250538172080729,0.5,0.12030075187969641,False,False,False,False
2026-07-30 12:24:57.537102,NXT,none,69406.0,156035.1,-0.07048635585540972,3.0857959760419025,0.5,0.08139534883721795,False,False,False,False
2026-07-30 12:24:57.726397,INTC,none,6667959.0,9675529.3,-0.5825871183514857,9.630829869205591,0.5,0.32727272727272133,False,False,False,False
2026-07-30 12:24:57.911456,APTV,none,65419.0,72114.6,0.440063369125154,0.7419147189025256,0.5,0.5319148936170145,False,False,False,False
2026-07-30 12:24:58.098166,APO,none,135709.0,120507.26666666666,0.8078918275363576,2.3083710992791584,0.5,0.6785714285714347,False,False,False,True
2026-07-30 12:24:58.275254,UAL,none,75486.0,171080.3,0.22911382047295734,1.8708268148851315,0.5,0.29787234042553384,False,False,False,False
2026-07-30 12:24:58.457049,ASTS,none,320291.0,831320.1428571428,0.7972053027588683,1.1791806342744635,0.5,0.505681818181817,False,False,False,False
2026-07-30 12:24:58.634347,ARWR,none,43394.0,78500.71428571429,0.9680429204571942,3.866228803254171,0.5,0.6014492753623196,False,False,False,True
2026-07-30 12:24:58.818750,GTLB,none,123452.0,210873.53333333333,0.769704433497537,0.39784455709289357,0.5,0.7812499999999993,False,True,False,True
2026-07-30 12:24:59.001821,VSAT,none,23402.0,114329.86666666667,1.0728476821192083,4.406335088509611,0.5,0.9101123595505638,False,False,False,True
2026-07-30 12:24:59.191653,QNT,none,30512.0,67849.14285714286,1.7169923031379464,3.74263317582496,0.5,0.8207547169811279,False,False,False,True
2026-07-30 12:24:59.380681,VSH,none,113669.0,296312.4666666667,0.7427213309566252,4.330185381154283,0.5,0.520833333333329,False,False,False,False
2026-07-30 12:24:59.566982,TEAM,none,134215.0,286000.71428571426,0.5302335066789133,2.0294118984280045,0.5,0.4262295081967301,False,False,False,False
2026-07-30 12:24:59.752934,REZI,none,29768.0,69222.93333333333,-0.1429388221840971,1.9357649407786235,0.5,0.3846153846153762,False,False,False,False
2026-07-30 12:24:59.940870,LEN,none,55868.0,180855.06666666668,0.20339794209141146,2.3271574106045128,0.5,0.40476190476190715,False,False,False,True
2026-07-30 12:25:00.125576,BROS,none,51828.0,80530.73333333334,0.09142160597288172,2.052067606131819,0.5,0.15789473684211314,False,False,False,False
2026-07-30 12:25:00.312325,ALK,none,15192.0,110313.91666666667,-0.04250797024441237,2.601627372921147,0.5,0.09090909090907036,False,False,False,False
2026-07-30 12:25:00.500629,AOSL,none,12689.0,30812.866666666665,-0.13054830287205987,4.8593184459977365,0.5,0.14814814814814523,False,False,False,False
2026-07-30 12:25:00.682335,CSCO,none,494276.0,981986.0,0.11526866465685003,3.115801175701029,0.5,0.1884057971014433,True,False,False,False
2026-07-30 12:25:00.868603,DHI,none,112256.0,112892.53333333334,0.5833738454059333,2.2301774054296253,0.5,0.6,False,False,False,True
2026-07-30 12:25:01.049447,A,none,162716.0,94674.57142857143,0.021666907410083154,0.41841317227734404,0.5,0.03448275862069078,False,False,False,False
2026-07-30 12:25:01.253547,MRNA,none,171746.0,177664.5,1.3605442176870712,0.575545373531256,0.5,0.817204301075267,False,True,False,True
2026-07-30 12:25:01.442388,AFRM,none,118920.0,156692.13333333333,0.46263844104864477,0.37019546442393525,0.5,0.5500000000000024,False,True,False,True
2026-07-30 12:25:01.628801,MWH,none,148363.0,182712.2857142857,0.9601181683899616,7.583911980964169,0.5,0.5777777777777822,False,False,False,True
2026-07-30 12:25:01.816794,CEVA,none,32108.0,49706.142857142855,1.8416206261510173,1.08286702707349,0.5,0.7317073170731722,False,True,False,True
2026-07-30 12:25:02.000653,RIOT,none,836715.0,1480790.3333333333,0.8605072463768174,1.5298560432882824,0.5,0.45238095238095744,False,False,False,False
2026-07-30 12:25:02.184983,CVNA,none,958798.0,1786712.6666666667,-0.051142175247177006,0.5710955825954867,0.5,0.028037383177564507,False,False,False,False
2026-07-30 12:25:02.371596,IREN,none,2273529.0,4356597.133333334,0.74264110180934,1.1868723857091499,0.5,0.4621848739495783,False,False,False,False
2026-07-30 12:25:02.559857,HPE,none,501518.0,859427.9,-0.42826552462527373,2.6554547532881614,0.5,0.32786885245902136,False,False,False,False
2026-07-30 12:25:02.743697,DAL,none,96466.0,233504.25,0.27369141293192967,2.2529356063074166,0.5,0.5000000000000296,False,False,False,True
2026-07-30 12:25:02.929936,RBLX,none,784355.0,705301.6666666666,0.10416666666666075,2.325953465426229,0.5,0.087719298245609,True,False,False,False
2026-07-30 12:25:03.116343,IVZ,none,146554.0,275172.2,0.3827418232428775,2.669680286711365,0.5,0.687500000000018,False,False,False,True
2026-07-30 12:25:03.398218,JOBY,none,1467555.0,1912323.0,0.2849002849002915,4.204731113991446,0.5,0.33333333333333826,False,False,False,False
2026-07-30 12:55:04.268033,AMAT,none,250614.0,568222.8333333334,0.34935379644588416,1.745458661756657,0.5,0.23698630136986515,False,False,False,False
2026-07-30 12:55:04.582964,LITE,none,218795.0,353631.4,0.013140604467810168,3.7522085237018183,0.5,0.010526315789477464,False,False,False,False
2026-07-30 12:55:04.851135,ALAB,none,140083.0,236775.0,-0.30046435400163735,5.261253939918442,0.5,0.23783783783783735,True,False,False,False
2026-07-30 12:55:05.267871,STX,none,188717.0,436357.06666666665,0.004749522079336446,5.708623009203767,0.5,0.0036663611365686283,False,False,False,False
2026-07-30 12:55:05.455772,CIEN,none,77597.0,138202.08333333334,0.8397135095085212,0.546826028898018,0.5,0.6401673640167406,False,True,False,True
2026-07-30 12:55:05.726446,AMD,none,954630.0,1616852.2666666666,0.6423539162867729,2.3547638130952713,0.5,0.5381944444444394,False,False,False,False
2026-07-30 12:55:06.091289,MPWR,none,52776.0,58482.666666666664,0.3895859236652781,4.250318978088531,0.5,0.3684960798289439,False,False,False,False
2026-07-30 12:55:06.267674,SIMO,none,104278.0,133039.75,1.4218394540136496,6.44171109353431,0.5,0.49295774647887364,False,False,False,False
2026-07-30 12:55:06.444642,BE,none,792661.0,2362555.7,0.17429193899781417,8.764469608780141,0.5,0.11076923076922622,False,False,False,False
2026-07-30 12:55:06.639638,ISRG,none,75810.0,126152.25,0.08571428571428896,2.08702924033739,0.5,0.1621621621621713,False,False,False,False
2026-07-30 13:25:20.744503,AMAT,none,290473.0,580516.5833333334,0.4849875231425517,1.721161604377619,0.5,0.4928425357873102,False,False,False,False
2026-07-30 13:25:20.934739,LITE,none,198103.0,346514.2,-0.599021111841628,3.736541836219555,0.5,0.39084842707340506,False,False,False,True
2026-07-30 13:25:21.117234,ALAB,none,162104.0,239231.93333333332,0.09588712715318981,4.994502292987345,0.5,0.05353728489484294,True,False,False,False
2026-07-30 13:25:21.305520,STX,none,284467.0,432239.5333333333,-0.3443321736859086,5.6758274046289205,0.5,0.24850042844902323,True,False,False,False
2026-07-30 13:25:21.490577,CIEN,none,54578.0,136501.58333333334,-0.677883044756618,0.5597618578162236,0.5,0.4143094841930138,False,False,True,False
2026-07-30 13:25:21.685528,AMD,none,660811.0,1592134.0,0.039117992217577925,2.3919770288285336,0.5,0.04157549234135624,False,False,False,False
2026-07-30 13:25:21.876109,MPWR,none,45869.0,60560.333333333336,-1.032259033204958,4.319196883891498,0.5,0.8893919793014209,False,False,False,True
2026-07-30 13:25:22.055117,SIMO,none,80627.0,136860.33333333334,-0.7452520233993163,6.768786340566182,0.5,0.17731172545281335,False,False,False,False
2026-07-30 13:25:22.243243,BE,none,719641.0,2188458.6,-0.2174963750604239,7.306322954060899,0.5,0.1836734693877629,False,False,False,False
2026-07-30 13:25:22.429131,ISRG,none,69314.0,125761.75,-0.28263103802670786,2.048089956735361,0.5,0.916666666666636,False,False,False,True
2026-07-30 13:25:22.610228,CRDO,none,144225.0,315342.4166666667,-0.6087131502163236,5.069809551274621,0.5,0.36227544910179843,False,False,False,False
2026-07-30 13:25:22.786707,ENTG,none,50771.0,81612.14285714286,-0.16405545074235325,0.8180778223440018,0.5,0.17241379310345123,False,False,False,False
2026-07-30 13:25:22.966932,MXL,none,84948.0,225991.41666666666,-0.2756086357372635,2.7554956008669373,0.5,0.2022471910112435,False,False,False,False
2026-07-30 13:25:23.161249,NBIS,none,1283938.0,2350977.6,-0.39194915254237767,7.038214428562628,0.5,0.19121447028423985,False,False,False,False
2026-07-30 13:25:23.352149,KLAC,none,589342.0,948921.0833333334,-0.20810514786418152,5.314319357745799,0.5,0.19791666666666557,False,False,False,False
2026-07-30 13:25:23.538797,AMKR,none,136123.0,555896.7,-0.5597014925373199,5.497106410108444,0.5,0.37500000000000494,False,False,False,False
2026-07-30 13:25:23.740118,DELL,none,176006.0,273086.3333333333,-0.4342812277645513,3.3563609403170016,0.5,0.37820512820512375,False,False,False,False
2026-07-30 13:25:23.925189,AEHR,none,49054.0,133953.2,-0.4034756836858534,5.084928623246154,0.5,0.25818965517241915,False,False,False,False
2026-07-30 13:25:24.109017,MRVL,none,789142.0,1355131.3333333333,-0.368354499972504,0.8363768294245029,0.5,0.22112211221121691,False,False,False,False
2026-07-30 13:25:24.296621,HOOD,none,1076540.0,1199134.4285714286,0.03443130953747405,0.30698579180220215,0.5,0.029126213592234083,False,False,False,False
2026-07-30 13:25:24.490126,RCL,none,83750.0,110213.4,0.20877477252896642,2.896630290702836,0.5,0.3701657458563305,False,False,False,False
2026-07-30 13:25:24.676530,ARM,none,304406.0,570480.0666666667,-1.1133729383905973,7.83623870005446,0.5,0.5056603773584908,False,False,False,False
2026-07-30 13:25:24.859396,NXT,none,77873.0,143905.8,0.060435132957294795,2.15582652922071,0.5,0.0750000000000031,False,False,False,False
2026-07-30 13:25:25.036382,INTC,none,3957575.0,9101732.4,0.08653326122228047,8.637839706918818,0.5,0.08247422680412204,False,False,False,False
2026-07-30 13:25:25.227427,APTV,none,202502.0,82555.13333333333,0.3145203564564035,0.7389553513568909,0.5,0.42857142857142616,False,False,False,False
2026-07-30 13:25:25.419086,APO,none,86922.0,124872.46666666666,0.3510238194734538,2.652940072609968,0.5,0.43749999999998335,False,False,False,False
2026-07-30 13:25:25.599280,UAL,none,82579.0,146086.8,0.3829544528640095,1.710208639228398,0.5,0.5280898876404478,False,False,False,False
2026-07-30 13:25:25.783882,ASTS,none,464326.0,509561.4285714286,-0.09759559932570264,0.5578101707340634,0.5,0.06571087216248503,False,False,False,False
2026-07-30 13:25:25.960785,ARWR,none,29665.0,46640.28571428572,0.023076035537090134,3.5209110701912443,0.5,0.047607712449406765,False,False,False,False
2026-07-30 13:25:26.145656,GTLB,none,154356.0,206074.4,0.15313935681471444,0.3728127387425901,0.5,0.23809523809525743,False,False,False,False
2026-07-30 13:25:26.323310,VSAT,none,273952.0,121618.06666666667,0.0518268981601348,4.720013273298702,0.5,0.03571428571427846,False,False,False,False
2026-07-30 13:25:26.502768,QNT,none,29797.0,37988.42857142857,-0.8193523214982338,1.6585575724524517,0.5,0.49411764705881633,False,False,False,False
2026-07-30 13:25:26.691519,VSH,none,118132.0,271683.4666666667,-0.26346604215455594,4.207728768951131,0.5,0.1956521739130381,False,False,False,False
2026-07-30 13:25:26.872537,TEAM,none,103552.0,134748.2857142857,-0.4584819154355607,1.9330449663551517,0.5,0.4205607476635567,False,False,False,False
2026-07-30 13:25:27.070399,REZI,none,16070.0,69484.26666666666,0.2574370709382045,1.8912900209493198,0.5,0.49999999999998024,False,False,False,False
2026-07-30 13:25:27.258969,LEN,none,50060.0,160977.33333333334,0.07139457401236085,2.2525318383851904,0.5,0.19354838709673428,False,False,False,False
2026-07-30 13:25:27.446297,BROS,none,47409.0,82847.33333333333,-0.29083116485534627,1.9926814502096073,0.5,0.4222222222222278,False,False,False,False
2026-07-30 13:25:27.619553,ALK,none,30056.0,98871.83333333333,0.27600849256899246,2.3117008805003167,0.5,0.40624999999998546,False,False,False,False
2026-07-30 13:25:27.801648,AOSL,none,6188.0,28109.933333333334,-0.6219312602291367,4.567834746040701,0.5,0.6129032258064583,False,False,False,True
2026-07-30 13:25:27.984501,CSCO,none,402523.0,909124.9166666666,-0.23799030409871838,3.0258508427377615,0.5,0.562499999999987,False,False,False,True
2026-07-30 13:25:28.204370,DHI,none,54561.0,112609.6,0.17201045823586072,2.3337201228450986,0.5,0.5813953488372001,False,False,False,True
2026-07-30 13:25:28.383431,A,none,59489.0,79106.57142857143,-0.23840485478975879,0.44035581010025426,0.5,0.7499999999999677,False,False,False,True
2026-07-30 13:25:28.582045,MRNA,none,112870.0,186975.08333333334,-0.26422406200458987,0.6980515703636441,0.5,0.37500000000001554,False,False,False,False
2026-07-30 13:25:28.768713,AFRM,none,85672.0,147355.8,0.08331019161344387,0.39759216044300516,0.5,0.13043478260869834,False,False,False,False
2026-07-30 13:25:28.951907,MWH,none,86710.0,148504.0,0.4393994873672684,2.9406609040590537,0.5,0.3636363636363646,False,False,False,False
2026-07-30 13:25:29.137683,CEVA,none,19407.0,21531.14285714286,-0.8992805755395599,0.6342146641889496,0.5,0.5999999999999943,False,False,True,False
2026-07-30 13:25:29.327889,RIOT,none,853087.0,1486213.3333333333,0.42166000887704774,1.5302153957223772,0.5,0.19587628865979026,False,False,False,False
2026-07-30 13:25:29.513590,CVNA,none,1633056.0,1980673.0,-0.6641689373297013,0.5316870699032028,0.5,0.34513274336283156,False,False,True,False
2026-07-30 13:25:29.700651,IREN,none,2086840.0,4254311.6,-0.4128929142248299,1.2015580689929306,0.5,0.19620253164557128,False,False,False,False
2026-07-30 13:25:29.884808,HPE,none,283944.0,831887.9,0.08613264427217733,2.1590629620310158,0.5,0.12499999999999722,False,False,False,False
2026-07-30 13:25:30.067538,DAL,none,348328.0,249581.5,0.42002497445792975,2.1360935531047427,0.5,0.6981132075471501,False,False,False,True
2026-07-30 13:25:30.256022,RBLX,none,534916.0,748467.25,0.22878535773710365,2.2671850283440422,0.5,0.2749999999999996,True,False,False,False
2026-07-30 13:25:30.440398,IVZ,none,87110.0,265646.8,0.2407152682255856,2.434003558282425,0.5,0.4117647058823591,False,False,False,False
2026-07-30 13:25:30.652512,JOBY,none,1517551.0,1905038.8,0.1404494382022442,4.369479680729299,0.5,0.12499999999999722,False,False,False,False
2026-07-30 13:55:31.626023,AMAT,none,275763.0,568350.1666666666,0.10614223058899516,1.73323614791897,0.5,0.1424731182795768,False,False,False,False
2026-07-30 13:55:31.812791,LITE,none,101004.0,339471.4666666667,0.8250389030799502,3.6995662604319435,0.5,0.8686244204018517,False,False,False,True
2026-07-30 13:55:32.012005,ALAB,none,77860.0,239379.13333333333,-0.598065684699771,4.913795919454149,0.5,0.5057803468208122,False,False,False,False
2026-07-30 13:55:32.203383,STX,none,371751.0,424875.0,0.5035714285714308,4.974231977657707,0.5,0.2966339410939706,True,False,False,False
2026-07-30 13:55:32.386997,CIEN,none,34480.0,131863.66666666666,0.27678816114005145,0.5639222822434036,0.5,0.396078431372566,False,False,False,False
2026-07-30 13:55:32.565225,AMD,none,815571.0,1600147.9333333333,0.42402535918653045,2.3747371896187017,0.5,0.5435356200527681,False,False,False,False
2026-07-30 13:55:32.754777,MPWR,none,67239.0,63686.933333333334,-0.028060063703920134,4.566300752197934,0.5,0.04939919893189458,False,False,False,False
2026-07-30 13:55:32.941828,SIMO,none,63500.0,139144.58333333334,-1.646356226293271,6.84523916669614,0.5,0.5354330708661393,False,False,False,False
2026-07-30 13:55:33.122658,BE,none,619268.0,1987902.2,-1.031027639285539,5.863272059021708,0.5,0.6103151862464155,False,False,False,True
2026-07-30 13:55:33.310467,ISRG,none,60992.0,122691.58333333333,0.2519540756434837,2.0240329091454123,0.5,0.7719298245614088,False,False,False,True
2026-07-30 13:55:33.501572,CRDO,none,104725.0,299528.3333333333,0.21253985122209781,5.088186199758622,0.5,0.2359550561797681,False,False,False,False
2026-07-30 13:55:33.711318,ENTG,none,38022.0,58252.28571428572,-0.27926078028747714,0.6304064183347231,0.5,0.3269230769230827,False,False,False,False
2026-07-30 13:55:33.908229,MXL,none,87079.0,226188.33333333334,0.23006134969323844,2.7898811953031406,0.5,0.32608695652172504,False,False,False,False
2026-07-30 13:55:34.093999,NBIS,none,1517044.0,2257454.7333333334,0.531434341287134,6.579436558961938,0.5,0.25188916876574313,False,False,False,False
2026-07-30 13:55:34.283638,KLAC,none,435451.0,922699.3333333334,0.04390297442652426,5.34942388107485,0.5,0.0707964601770025,False,False,False,False
2026-07-30 13:55:34.468441,AMKR,none,163952.0,523694.8,0.3538717735220685,4.574169823510191,0.5,0.4473684210526331,False,False,False,False
2026-07-30 13:55:34.661341,DELL,none,100008.0,268234.93333333335,0.20684560453089754,3.3448788681277817,0.5,0.31818181818181035,False,False,False,False
2026-07-30 13:55:34.857677,AEHR,none,44017.0,134123.2,0.5126821370750073,5.010773883010058,0.5,0.474999999999996,False,False,False,False
2026-07-30 13:55:35.039839,MRVL,none,516839.0,1302676.0833333333,0.18207901125578463,0.8062566472109312,0.5,0.2727272727272578,False,False,False,False
2026-07-30 13:55:35.227556,HOOD,none,629755.0,963803.7142857143,0.7460973370064181,0.15896476927227465,0.5,0.9154929577464749,False,True,False,True
2026-07-30 13:55:35.424382,RCL,none,40728.0,108993.93333333333,0.04040404040403899,2.958969522865629,0.5,0.07692307692307433,False,False,False,False
2026-07-30 13:55:35.617110,ARM,none,201290.0,570486.3333333334,-0.11335488475587147,8.051580857899593,0.5,0.13106796116505337,False,False,False,False
2026-07-30 13:55:35.805868,NXT,none,60040.0,137184.2,0.18106830298763388,1.4412974670682377,0.5,0.2068965517241447,False,False,False,False
2026-07-30 13:55:35.985586,INTC,none,3393950.0,8700238.6,-0.2269288956127166,7.666112104542644,0.5,0.3134328358209066,False,False,False,False
2026-07-30 13:55:36.170913,APTV,none,38526.0,83743.93333333333,-0.034831069313833375,0.7554444429280555,0.5,0.06666666666667773,False,False,False,False
2026-07-30 13:55:36.362256,APO,none,60614.0,126330.86666666667,0.12490632025979805,2.6232546477599,0.5,0.21739130434781445,False,False,False,False
2026-07-30 13:55:36.542111,UAL,none,56336.0,138753.7,-0.24342745861732973,1.1912076509830256,0.5,0.5555555555555438,False,False,False,False
2026-07-30 13:55:36.723639,ASTS,none,372214.0,423795.28571428574,0.5771621381637289,0.4628028370050317,0.5,0.39634146341462884,False,True,False,False
2026-07-30 13:55:36.902698,ARWR,none,33102.0,38528.71428571428,-0.4726224783861632,2.6666446258936505,0.5,0.476744186046508,False,False,False,False
2026-07-30 13:55:37.086103,GTLB,none,106002.0,202770.4,0.9177118384827295,0.3753765504017939,0.5,0.8108108108108124,False,True,False,True
2026-07-30 13:55:37.270029,VSAT,none,49407.0,120666.26666666666,0.15527950310559593,4.673124268047169,0.5,0.20000000000000473,False,False,False,False
2026-07-30 13:55:37.455979,QNT,none,24614.0,31047.428571428572,-0.19646365422397136,1.5588625857084781,0.5,0.2325581395348872,False,False,False,False
2026-07-30 13:55:37.644996,VSH,none,109353.0,270496.6,-0.05865102639297104,4.090325953005809,0.5,0.08695652173914521,False,False,False,False
2026-07-30 13:55:37.830720,TEAM,none,52176.0,112129.42857142857,0.7983623336745149,1.4445615804595038,0.5,0.6554621848739518,False,False,False,True
2026-07-30 13:55:38.016293,REZI,none,43022.0,67800.66666666667,-0.1711840228245226,1.715006331401576,0.5,0.333333333333307,False,False,False,False
2026-07-30 13:55:38.664190,LEN,none,49408.0,151495.86666666667,-0.10697729704028194,2.2338691998832494,0.5,0.28124999999997224,False,False,False,False
2026-07-30 13:55:38.846787,BROS,none,46614.0,83994.4,0.46033450974374274,1.9213449269379934,0.5,0.7692307692307608,False,False,False,True
2026-07-30 13:55:39.030524,ALK,none,135613.0,94841.75,-0.5078290308929219,2.363132848382362,0.5,0.571428571428557,False,False,False,True
2026-07-30 13:55:39.222117,AOSL,none,7269.0,27593.066666666666,0.45992115637318337,4.617581266501718,0.5,0.5384615384615311,False,False,False,False
2026-07-30 13:55:39.409982,CSCO,none,504000.0,894134.25,0.17669405424507717,3.1175388079134687,0.5,0.5263157894736783,True,False,False,True
2026-07-30 13:55:39.589563,DHI,none,51825.0,110000.6,0.0,2.3800306308316763,0.5,0.0,False,False,False,False
2026-07-30 13:55:39.775021,A,none,46992.0,74290.71428571429,0.24603806353571417,0.509104150714099,0.5,0.6666666666666853,False,False,False,True
2026-07-30 13:55:39.957810,MRNA,none,132193.0,180401.41666666666,0.017655367231634904,0.7026001158276836,0.5,0.01666666666666331,False,False,False,False
2026-07-30 13:55:40.144786,AFRM,none,90566.0,147917.0,0.19406709176601133,0.38834929875624297,0.5,0.3181818181818211,False,False,False,False
2026-07-30 13:55:40.331538,MWH,none,82617.0,141340.2857142857,0.5464480874317018,1.4733097095648495,0.5,0.5172413793103474,False,False,False,False
2026-07-30 13:55:40.513722,CEVA,none,17099.0,19157.14285714286,0.15082956259428135,0.5201872211248575,0.5,0.18518518518520372,False,False,False,False
2026-07-30 13:55:40.702324,RIOT,none,490823.0,1472549.25,-0.5744586831639373,1.4530845661075416,0.5,0.6046511627906934,False,False,False,True
2026-07-30 13:55:40.882402,CVNA,none,1759414.0,2021270.1666666667,0.8567511994516792,0.5159486167400232,0.5,0.5102040816326547,False,True,False,False
2026-07-30 13:55:41.066481,IREN,none,1613009.0,4215350.133333334,-0.6018456600240777,1.2099057035829264,0.5,0.468750000000006,False,False,False,False
2026-07-30 13:55:41.319504,HPE,none,448422.0,759357.0,0.5593803786574981,1.540262667778468,0.5,0.7647058823529486,False,False,False,True
2026-07-30 13:55:41.504624,DAL,none,110852.0,240683.25,-0.0339174674957616,2.25378907747911,0.5,0.11111111111111696,False,False,False,False
2026-07-30 13:55:41.689459,RBLX,none,414080.0,800343.3333333334,0.16597510373443627,2.20515766875374,0.5,0.13114754098360387,False,False,False,False
2026-07-30 13:55:41.872431,IVZ,none,88355.0,232176.2,0.4458161865569239,2.197388938678735,0.5,0.8666666666666683,False,False,False,True
2026-07-30 13:55:42.057833,JOBY,none,1409562.0,1912229.1333333333,0.0,4.367110846899791,0.5,0.0,False,False,False,False
2026-07-30 14:25:43.120147,AMAT,none,279964.0,567489.0833333334,-0.48989222371078134,1.4865494860221176,0.5,0.7227138643067842,False,False,False,True
2026-07-30 14:25:43.302758,LITE,none,106270.0,328343.13333333336,-0.7132459970887886,3.7446382535744887,0.5,0.8166666666666629,False,False,False,True
2026-07-30 14:25:43.489457,ALAB,none,82165.0,235185.33333333334,-0.05496204183986294,4.82751027239873,0.5,0.062256809338531297,False,False,False,False
2026-07-30 14:25:43.679054,STX,none,341090.0,412252.13333333336,-0.08528481574926587,4.7461315067000935,0.5,0.12000000000000455,True,False,False,False
2026-07-30 14:25:43.946456,CIEN,none,60810.0,121674.58333333333,-0.40173813232762895,0.4512698304236242,0.5,0.7067307692307877,False,False,False,True
2026-07-30 14:25:44.129284,AMD,none,645023.0,1559108.3333333333,0.05739116176109485,2.2558602672195605,0.5,0.1290322580645322,False,False,False,False
2026-07-30 14:25:44.322727,MPWR,none,51060.0,64629.4,-0.3760709682311044,4.573001097462425,0.5,0.5849056603773616,False,False,False,False
2026-07-30 14:25:44.654450,SIMO,none,123675.0,141441.83333333334,-1.866743251005174,6.193770521377962,0.5,0.55487804878049,False,False,False,True
2026-07-30 14:25:44.837541,BE,none,644455.0,1763533.0,0.05376869684230385,5.505823105767358,0.5,0.051401869158871925,False,False,False,False
2026-07-30 14:25:45.111626,ISRG,none,71544.0,116303.41666666667,0.0,2.12255892150448,0.5,0.0,False,False,False,False
2026-07-30 14:25:45.397698,CRDO,none,74808.0,283684.75,-0.015149984850015723,4.01150281963105,0.5,0.02400000000000091,False,False,False,False
2026-07-30 14:25:45.579185,ENTG,none,59373.0,52078.57142857143,-0.9960487323016199,0.5731653550434284,0.5,0.8402777777777847,False,False,True,True
2026-07-30 14:25:45.849787,MXL,none,148179.0,225225.75,0.13774104683196114,2.2011918439930804,0.5,0.13636363636364224,False,False,False,False
2026-07-30 14:25:46.038727,NBIS,none,647808.0,2170104.3333333335,-0.6504494976203014,6.29949349696608,0.5,0.5061728395061731,False,False,False,False
2026-07-30 14:25:46.419834,KLAC,none,442152.0,889310.25,-0.6637410861217816,4.0060349302751455,0.5,0.7707006369426835,False,False,False,True
2026-07-30 14:25:46.599274,AMKR,none,134105.0,405193.3,-0.49782202862477076,2.633121968632864,0.5,0.5454545454545527,False,False,False,False
2026-07-30 14:25:46.786745,DELL,none,69887.0,257986.0,0.07123031955395585,3.200873803622178,0.5,0.13063063063063823,False,False,False,False
2026-07-30 14:25:46.979408,AEHR,none,48955.0,130914.13333333333,-0.32167269802974785,4.889254516053996,0.5,0.4285714285714177,False,False,False,False
2026-07-30 14:25:47.312581,MRVL,none,569036.0,1257107.75,-0.2092280585838539,0.6332208983926415,0.5,0.3039999999999964,False,False,False,False
2026-07-30 14:25:47.496501,HOOD,none,591927.0,860228.4285714285,-0.18233618233617846,0.1959933618728142,0.5,0.4102564102564009,False,False,False,False
2026-07-30 14:25:47.682042,RCL,none,43413.0,105261.4,-0.5312208760484559,2.5685808403844392,0.5,0.8341463414634,False,False,False,True
2026-07-30 14:25:47.862435,ARM,none,142865.0,567824.0666666667,0.5168067226890714,8.030440050708231,0.5,0.34261838440111375,False,False,False,False
2026-07-30 14:25:48.045313,NXT,none,57169.0,104274.1,-0.37178456591638903,1.200802696071463,0.5,0.46835443037973934,False,False,False,False
2026-07-30 14:25:48.225444,INTC,none,3132133.0,7398106.8,-0.1624959376015661,5.9314305841324035,0.5,0.2727272727272845,False,False,False,False
2026-07-30 14:25:48.413114,APTV,none,66628.0,85586.66666666667,0.01742463843874893,0.7337608764807161,0.5,0.05555555555554459,False,False,False,False
2026-07-30 14:25:48.603931,APO,none,59449.0,127163.66666666667,0.19955101022699684,2.623622333930241,0.5,0.4800000000000182,False,False,False,False
2026-07-30 14:25:48.784658,UAL,none,70984.0,99086.5,-0.01626809825931025,0.94969872054477,0.5,0.04651162790696829,False,False,False,False
2026-07-30 14:25:48.967123,ASTS,none,226886.0,338291.85714285716,0.4679085371236878,0.28723755781985033,0.5,0.38976320047065627,False,True,False,False
2026-07-30 14:25:49.298642,ARWR,none,20011.0,32593.14285714286,0.2084781097984626,2.230935316340608,0.5,0.4186046511627807,False,False,False,False
2026-07-30 14:25:49.483006,GTLB,none,104640.0,202632.53333333333,-0.15160703456639527,0.39292850515135186,0.5,0.26315789473682044,False,False,False,False
2026-07-30 14:25:49.670462,VSAT,none,53094.0,122497.93333333333,-0.46511627906976666,4.58704024307168,0.5,0.4931506849315034,False,False,False,False
2026-07-30 14:25:49.851933,QNT,none,9811.0,23169.85714285714,-0.3149606299212531,1.2235987834249453,0.5,0.5,False,False,False,False
2026-07-30 14:25:50.046097,VSH,none,96261.0,266959.73333333334,-0.14671361502346586,3.865731998573144,0.5,0.22727272727271552,False,False,False,False
2026-07-30 14:25:50.231645,TEAM,none,47979.0,93908.28571428571,-0.010163634515708016,1.2209809179660378,0.5,0.021739130434793353,False,False,False,False
2026-07-30 14:25:50.427494,REZI,none,18505.0,66604.13333333333,-0.17147756501858322,1.6554183909909448,0.5,0.46153846153846995,False,False,False,False
2026-07-30 14:25:50.619985,LEN,none,52879.0,146606.6,0.2142857142857224,2.1901613221002774,0.5,0.5806451612903403,False,False,False,True
2026-07-30 14:25:50.801186,BROS,none,56127.0,83795.26666666666,-0.3359804520464246,1.926568688453347,0.5,0.7333333333333365,False,False,False,True
2026-07-30 14:25:51.071762,ALK,none,80523.0,86401.0,-0.08507018290090652,2.081337925251709,0.5,0.21052631578950912,False,False,False,False
2026-07-30 14:25:51.257411,AOSL,none,15017.0,27451.4,0.8172605426610003,4.527112527404374,0.5,0.7575757575757615,False,False,False,True
2026-07-30 14:25:51.596054,CSCO,none,750969.0,843403.1666666666,0.20282186948852712,2.5498999017728297,0.5,0.40350877192981144,True,False,False,False
2026-07-30 14:25:51.784941,DHI,none,22944.0,107246.73333333334,0.027483853236237782,2.278550365119062,0.5,0.09302325581400575,False,False,False,False
2026-07-30 14:25:51.973088,A,none,26969.0,55116.28571428572,-0.04332129963899081,0.4158446156879275,0.5,0.11538461538461749,False,False,False,False
2026-07-30 14:25:52.249592,MRNA,none,62801.0,179948.66666666666,-0.10585744530699061,0.5588846560060212,0.5,0.2400000000000091,False,False,False,False
2026-07-30 14:25:52.437001,AFRM,none,92115.0,146257.13333333333,-0.41493775933609567,0.3742361169906351,0.5,0.7894736842105283,False,False,True,True
2026-07-30 14:25:52.621826,MWH,none,91185.0,96147.0,0.543675244653855,1.8808275718777498,0.5,0.5999999999999943,False,False,False,True
2026-07-30 14:25:52.826022,CEVA,none,16036.0,19795.714285714286,-0.1807228915662719,0.408343613467694,0.5,0.37500000000000555,False,False,False,False
2026-07-30 14:25:53.096095,RIOT,none,546263.0,1443011.6666666667,-0.31104199066874155,1.3504339310669864,0.5,0.2692307692307724,False,False,False,False
2026-07-30 14:25:53.366602,CVNA,none,1154941.0,2056233.6666666667,-0.05097706032285665,0.47585648347908227,0.5,0.02830188679245384,False,False,False,False
2026-07-30 14:25:53.553400,IREN,none,1278408.0,4171920.3333333335,0.21534320323014347,1.2198517125100976,0.5,0.19047619047618886,False,False,False,False
2026-07-30 14:25:53.736559,HPE,none,351187.0,634613.6,0.17115960633290178,0.9870470580869568,0.5,0.3809523809523713,False,False,False,False
2026-07-30 14:25:54.062870,DAL,none,100271.0,236142.83333333334,-0.06785795068989174,1.9933834617376847,0.5,0.3000000000000071,False,False,False,False
2026-07-30 14:25:54.334324,RBLX,none,1246537.0,842495.3333333334,-0.3727479809484359,2.0318395838612298,0.5,0.2195121951219508,True,False,False,False
2026-07-30 14:25:54.522453,IVZ,none,73553.0,149981.2,-0.3414134516899893,1.9029097905580858,0.5,0.9090909090908944,False,False,False,True
2026-07-30 14:25:54.706667,JOBY,none,1592320.0,1876965.5333333334,0.0,4.3215942333358415,0.5,0.0,False,False,False,False
2026-07-30 14:55:55.517056,AMAT,none,252704.0,552973.75,-0.09239916439016141,1.3217676224964798,0.5,0.19246861924685446,False,False,False,False
2026-07-30 14:55:55.723646,LITE,none,128131.0,319702.93333333335,0.10993843447669305,3.8739372724712533,0.5,0.11627906976744104,False,False,False,False
2026-07-30 14:55:55.903532,ALAB,none,97295.0,235391.53333333333,-0.4910208426329728,4.747063631888571,0.5,0.41210374639769326,False,False,False,False
2026-07-30 14:55:56.098633,STX,none,293817.0,406144.5333333333,-0.21427725819818386,4.6859000844433565,0.5,0.3175438596491306,True,False,False,False
2026-07-30 14:55:56.284894,CIEN,none,100665.0,117719.0,-0.26872137980202865,0.3589238340949889,0.5,0.33447098976109757,True,False,False,False
2026-07-30 14:55:56.474476,AMD,none,825123.0,1573314.4666666666,0.012288031457360998,2.256933843836859,0.5,0.01754385964912339,False,False,False,False
2026-07-30 14:55:56.654722,MPWR,none,40799.0,66388.2,-0.1605576143117045,4.413709890100855,0.5,0.20686274509805078,False,False,False,False
2026-07-30 14:55:56.835720,SIMO,none,70228.0,137950.75,-0.31372877101982766,6.392129062732945,0.5,0.19329896907216518,False,False,False,False
2026-07-30 14:55:57.014344,BE,none,1036548.0,1238295.5,-1.1577918905715565,2.190406219575248,0.5,0.5021186440677917,False,False,False,False
2026-07-30 14:55:57.195668,ISRG,none,120711.0,118748.16666666667,-0.008566288798141891,1.9127568798824601,0.5,0.027027027027002114,False,False,False,False
2026-07-30 14:55:57.383595,CRDO,none,109676.0,266766.4166666667,-0.8679854662898662,3.311867255224648,0.5,0.5391849529780565,False,False,False,True
2026-07-30 14:55:57.570725,ENTG,SELL,119030.0,56972.71428571428,-1.0713395897350653,0.8197930960062783,0.5,0.7456647398843929,True,False,True,True
2026-07-30 14:56:00.273290,MXL,none,61404.0,217738.0,-0.3668042182485237,1.8780972081432439,0.5,0.28915662650603563,False,False,False,False
2026-07-30 14:56:00.463748,NBIS,none,864527.0,2137148.6,-0.1810340237474061,6.396675851231274,0.5,0.10000000000000084,False,False,False,False
2026-07-30 14:56:00.655891,KLAC,none,425026.0,844211.5833333334,-0.33684908056768104,3.3392339174430616,0.5,0.4420289855072577,False,False,False,False
2026-07-30 14:56:00.835076,AMKR,none,155610.0,255775.5,0.083385449239106,1.756009244014102,0.5,0.11764705882352572,False,False,False,False
2026-07-30 14:56:01.025025,DELL,none,123988.0,260081.86666666667,-0.26019293551633627,3.1106829982502022,0.5,0.3192771084337363,False,False,False,False
2026-07-30 14:56:01.212473,AEHR,none,44796.0,130648.8,-0.7116959849603882,4.830957365178345,0.5,0.5888888888888957,False,False,False,True
2026-07-30 14:56:01.406962,MRVL,none,505425.0,1212511.5,-0.4083209181702702,0.4968995738939457,0.5,0.44578313253010976,False,False,False,False
2026-07-30 14:56:01.590482,HOOD,none,825142.0,752295.7142857143,-0.07992692395523314,0.13312119989167215,0.5,0.08749999999999178,False,False,False,False
2026-07-30 14:56:01.776234,RCL,none,77281.0,99572.4,-0.4281250000000014,2.1346363619441826,0.5,0.47569444444444675,False,False,False,False
2026-07-30 14:56:01.965570,ARM,none,223806.0,572461.3333333334,0.44738052431325903,8.082952724441357,0.5,0.48416289592760986,False,False,False,False
2026-07-30 14:56:02.181505,NXT,none,87504.0,97251.6,-0.0705645161290397,0.4580110139459734,0.5,0.09459459459460523,False,False,False,False
2026-07-30 14:56:02.368285,INTC,none,2810712.0,5703770.2,-0.35807291666666485,3.2075889057382803,0.5,0.5076923076923118,False,False,False,True
2026-07-30 14:56:02.574414,APTV,none,58653.0,87435.6,0.19157088122605265,0.733798013098141,0.5,0.6111111111111089,False,False,False,False
2026-07-30 14:56:02.760521,APO,none,76823.0,133537.06666666668,0.2489626556016574,2.6089991788595075,0.5,0.5454545454545431,False,False,False,False
2026-07-30 14:56:02.942920,UAL,none,42970.0,75667.0,0.42300496217359146,0.937329383808039,0.5,0.881355932203378,False,False,False,True
2026-07-30 14:56:03.126486,ASTS,none,276058.0,300175.4285714286,-0.026362038664324374,0.21369572705159628,0.5,0.02276176024279301,False,False,False,False
2026-07-30 14:56:03.309281,ARWR,none,24835.0,27350.85714285714,-0.05777675063555739,1.4024407623639203,0.5,0.12820512820515717,False,False,False,False
2026-07-30 14:56:03.501004,GTLB,none,140589.0,202089.73333333334,0.09107468123861913,0.3853971111977679,0.5,0.16666666666667324,False,False,False,False
2026-07-30 14:56:03.685677,VSAT,none,96855.0,124204.73333333334,0.20771128131896222,4.411104282713937,0.5,0.20779220779220445,False,False,False,False
2026-07-30 14:56:03.871175,QNT,none,32139.0,21896.428571428572,-0.43375394321766336,1.0598204883473215,0.5,0.5789473684210458,False,False,False,False
2026-07-30 14:56:04.061884,VSH,none,126124.0,270207.4,-0.23481068388611182,3.8610956263253633,0.5,0.24999999999999445,False,False,False,False
2026-07-30 14:56:04.276330,TEAM,none,54095.0,68861.0,-0.233739837398378,0.7426137126379684,0.5,0.28048780487805597,False,False,False,False
2026-07-30 14:56:04.464484,REZI,none,21744.0,65329.933333333334,0.08591065292096545,1.5312984211001524,0.5,0.20000000000000948,False,False,False,False
2026-07-30 14:56:04.652981,LEN,none,40922.0,137089.8,0.059396531242572055,2.056062471050593,0.5,0.23809523809523164,False,False,False,False
2026-07-30 14:56:04.832441,BROS,none,47807.0,84252.2,0.3830830524057615,2.020574998260827,0.5,0.5952380952380928,False,False,False,True
2026-07-30 14:56:05.024511,ALK,none,149373.0,91360.75,0.042553191489368355,1.4715034794922703,0.5,0.15384615384617487,False,False,False,False
2026-07-30 14:56:05.208991,AOSL,none,8053.0,26789.933333333334,-1.0029116790682586,4.582861258739271,0.5,0.8157894736842093,False,False,False,True
2026-07-30 14:56:05.498232,CSCO,none,615260.0,793777.8333333334,0.0,2.116614701700126,0.5,0.0,True,False,False,False
2026-07-30 14:56:05.687486,DHI,none,24556.0,104318.73333333334,0.1304765828869645,2.1216306152409894,0.5,0.5428571428571451,False,False,False,False
2026-07-30 14:56:05.866941,A,none,20933.0,52897.57142857143,0.26000288892097734,0.3144238869959823,0.5,0.7058823529411601,False,False,False,True
2026-07-30 14:56:06.050475,MRNA,none,109770.0,177271.66666666666,0.42380363764788076,0.417195230346824,0.5,0.7272727272727155,False,True,False,True
2026-07-30 14:56:06.242371,AFRM,none,74769.0,149320.33333333334,0.4026659261316388,0.3810760683608732,0.5,0.5918367346938965,False,True,False,True
2026-07-30 14:56:06.427693,MWH,none,65756.0,81032.14285714286,-0.14424810674359592,2.1378582049618453,0.5,0.14285714285714105,False,False,False,False
2026-07-30 14:56:06.609373,CEVA,none,15524.0,17792.285714285714,-0.5429864253393657,0.34636664154057567,0.5,0.6428571428571392,False,False,True,False
2026-07-30 14:56:06.797672,RIOT,none,610024.0,1412427.4166666667,-0.44563279857398136,1.1783592557525535,0.5,0.444444444444448,False,False,False,False
2026-07-30 14:56:07.025980,CVNA,none,1711888.0,2067520.8333333333,0.2890664852916079,0.3795312025460331,0.5,0.19999999999999332,False,False,False,False
2026-07-30 14:56:07.216718,IREN,none,1472332.0,4104166.2666666666,-0.8568589003196503,1.1804959927667178,0.5,0.5853211009174418,False,False,False,True
2026-07-30 14:56:07.400832,HPE,none,423297.0,581742.7,-0.1495087569414786,0.8987651544438235,0.5,0.25,False,False,False,False
2026-07-30 14:56:07.588049,DAL,none,134334.0,230533.83333333334,0.5771842462652842,1.4308906288602237,0.5,0.9272727272727413,False,False,False,True
2026-07-30 14:56:07.769782,RBLX,none,524087.0,868401.3333333334,-0.3326403326403403,1.8155086769062625,0.5,0.21621621621622064,False,False,False,False
2026-07-30 14:56:07.956322,IVZ,none,69829.0,140343.1,0.1028101439342054,2.017777321779321,0.5,0.5000000000000296,False,False,False,False
2026-07-30 14:56:08.142901,JOBY,none,1133186.0,1882269.4666666666,0.2812939521800221,4.139796710327092,0.5,0.4999999999999889,False,False,False,False
2026-07-30 15:26:08.993975,AMAT,none,231850.0,463027.5,-0.2713458755426849,0.9569470985272689,0.5,0.4128440366972324,False,False,False,False
2026-07-30 15:26:09.181840,LITE,none,172982.0,307902.86666666664,0.2824114720515165,3.8711666733824988,0.5,0.4376417233560267,False,False,False,True
2026-07-30 15:26:09.363693,ALAB,none,123799.0,234312.86666666667,0.5314193036336532,4.63181904218651,0.5,0.596899224806178,True,False,False,False
2026-07-30 15:26:09.553028,STX,none,212806.0,386665.13333333336,-0.44590972699888415,4.66980514649916,0.5,0.5893416927899676,True,False,False,False
2026-07-30 15:26:09.740678,CIEN,none,25716.0,96058.33333333333,-0.14831905075806517,0.27400362489852503,0.5,0.32926829268290736,False,False,False,False
2026-07-30 15:26:09.931492,AMD,none,797127.0,1545757.3333333333,-0.3972235303753144,2.192894230413831,0.5,0.47432762836185394,False,False,False,False
2026-07-30 15:26:10.137221,MPWR,none,46799.0,66488.0,-0.16082684817489176,4.339320969675043,0.5,0.29802259887007754,False,False,False,False
2026-07-30 15:26:10.325928,SIMO,none,45732.0,125922.75,-0.805571872115472,5.1372886490322305,0.5,0.480000000000004,False,False,False,False
2026-07-30 15:26:10.597795,BE,none,1015640.0,985382.0,0.8498023715415014,2.082991186958222,0.5,0.41545893719806587,False,False,False,False
2026-07-30 15:26:10.782925,ISRG,none,82792.0,99107.83333333333,0.3540833809251882,1.8730897233672423,0.5,0.6200000000000045,False,False,False,True
2026-07-30 15:26:10.971520,CRDO,none,88363.0,228163.25,0.2597005805071753,2.6469429946535588,0.5,0.46363636363635774,False,False,False,False
2026-07-30 15:26:11.155138,ENTG,none,100947.0,73117.85714285714,-1.1668905305574215,1.0939508784386058,0.5,0.7354497354497356,False,False,True,True
2026-07-30 15:26:11.338951,MXL,none,65422.0,190068.08333333334,-0.39846743295019943,1.3740123996190343,0.5,0.4642857142857215,False,False,False,False
2026-07-30 15:26:11.522226,NBIS,none,533387.0,2071072.3333333333,-0.12269284113945278,6.086303734555023,0.5,0.15540540540541878,False,False,False,False
2026-07-30 15:26:11.714100,KLAC,none,563983.0,678465.4166666666,-0.509723530389504,2.019056679670702,0.5,0.5609756097561119,False,False,False,False
2026-07-30 15:26:11.997526,AMKR,none,149166.0,214571.3,-0.020828993959587608,1.6930790993947777,0.5,0.029411764705876205,False,False,False,False
2026-07-30 15:26:12.188937,DELL,none,126258.0,257423.2,0.3151933021423227,3.113658581597182,0.5,0.5203252032520258,False,False,False,False
2026-07-30 15:26:12.373344,AEHR,none,41817.0,126916.86666666667,0.5812821206383557,4.909070961203339,0.5,0.632337796086512,False,False,False,True
2026-07-30 15:26:12.553977,MRVL,none,577317.0,1043782.3333333334,-0.17169759069509957,0.30431901837271547,0.5,0.3039215686274502,False,False,False,False
2026-07-30 15:26:12.728686,HOOD,none,563823.0,706061.5714285715,-0.21706843367987858,0.1146192488129409,0.5,0.23456790123456445,False,False,True,False
2026-07-30 15:26:12.913421,RCL,none,59785.0,96896.6,0.6306278040975091,2.0168791312131864,0.5,0.8701298701298653,False,False,False,True
2026-07-30 15:26:13.132836,ARM,none,270978.0,569850.1333333333,-0.17915173735522325,8.105397464404854,0.5,0.2756410256410296,False,False,False,False
2026-07-30 15:26:13.404922,NXT,none,174060.0,96593.1,-0.7161589671172017,0.41750612456569386,0.5,0.5107913669064701,False,False,True,True
2026-07-30 15:26:13.732958,INTC,none,3716001.0,4824071.5,-0.6098224980943072,2.0777535130310865,0.5,0.6153846153846202,False,False,False,True
2026-07-30 15:26:13.922823,APTV,none,83685.0,89434.86666666667,0.17385257301807078,0.726316546730733,0.5,0.5263157894736606,False,False,False,False
2026-07-30 15:26:14.112287,APO,none,171583.0,141416.6,-0.8442310875682801,2.3852307626743388,0.5,0.5999999999999966,False,False,False,True
2026-07-30 15:26:14.393301,UAL,none,43387.0,67464.1,-0.09717386023158987,1.015795100168641,0.5,0.38709677419351435,False,False,False,False
2026-07-30 15:26:14.574894,ASTS,none,223324.0,291733.71428571426,0.15821394040608844,0.13661140064214186,0.5,0.2000000000000063,False,True,False,False
2026-07-30 15:26:14.886024,ARWR,none,34402.0,26244.85714285714,0.6362795002313711,0.6742278265066107,0.5,0.5612244897959132,False,False,False,True
2026-07-30 15:26:15.088399,GTLB,none,143938.0,204398.2,0.3639672429481485,0.35873845179412317,0.5,0.6000000000000142,False,True,False,True
2026-07-30 15:26:15.273720,VSAT,none,79575.0,126582.73333333334,-0.12956724540037381,4.387685434583349,0.5,0.09433962264151728,False,False,False,False
2026-07-30 15:26:15.453684,QNT,none,22839.0,22309.85714285714,-0.1779007709033473,0.6748489803712365,0.5,0.25000000000000494,False,False,False,False
2026-07-30 15:26:15.639598,VSH,none,161349.0,263462.13333333336,-0.5591524426132953,3.7738067161475843,0.5,0.4999999999999907,False,False,False,False
2026-07-30 15:26:15.950926,TEAM,none,75352.0,61760.142857142855,-0.10188487009679931,0.6536656118538078,0.5,0.17857142857144306,False,False,False,False
2026-07-30 15:26:16.141196,REZI,none,28047.0,59713.8,0.3434459072696181,1.4725945624161696,0.5,0.7058823529411962,False,False,False,True
2026-07-30 15:26:16.345984,LEN,none,39175.0,128325.2,-0.3206270039187698,1.9284807474131482,0.5,0.7941176470588038,False,False,False,True
2026-07-30 15:26:16.528133,BROS,none,51120.0,82905.93333333333,-0.22914757103573402,2.0822899357076983,0.5,0.46874999999996253,False,False,False,False
2026-07-30 15:26:16.717905,ALK,none,96984.0,78491.66666666667,-0.2126754572522361,1.228821338937789,0.5,0.6249999999999944,False,False,False,True
2026-07-30 15:26:16.906585,AOSL,none,9005.0,25177.0,-0.29392553886348743,4.785760009064795,0.5,0.5,False,False,False,False
2026-07-30 15:26:17.107967,CSCO,none,604083.0,643883.8333333334,-0.026399155227033736,1.4557177701501647,0.5,0.08333333333333333,True,False,False,False
2026-07-30 15:26:17.305329,DHI,none,31515.0,91851.8,-0.25382451807642487,1.8894477737867295,0.5,0.7551020408163218,False,False,False,True
2026-07-30 15:26:17.487362,A,none,32091.0,35869.71428571428,0.05767844268205661,0.4335918777514294,0.5,0.23529411764709324,False,False,False,False
2026-07-30 15:26:17.671039,MRNA,none,151797.0,149973.66666666666,0.5627857896588117,0.3740744116484505,0.5,0.6530612244898033,False,True,False,False
2026-07-30 15:26:17.863035,AFRM,none,132660.0,145472.53333333333,0.1105736005528853,0.3723735725347799,0.5,0.33333333333339255,False,False,False,False
2026-07-30 15:26:18.047234,MWH,none,80058.0,79507.71428571429,-0.32502708559046534,1.485162155644753,0.5,0.4736842105263207,False,False,False,False
2026-07-30 15:26:18.231145,CEVA,none,5882.0,14651.57142857143,-0.6963366636391279,0.21650322145941062,0.5,0.9583333333333419,False,False,True,True
2026-07-30 15:26:18.416902,RIOT,none,805129.0,1158086.4166666667,0.5595344673231871,1.0043816754494297,0.5,0.5434782608695642,False,False,False,False
2026-07-30 15:26:18.602457,CVNA,none,737252.0,1933332.6666666667,1.390301797219397,0.27470901510394363,0.5,0.7454545454545447,False,True,False,True
2026-07-30 15:26:18.889718,IREN,none,1184973.0,3978659.8666666667,-0.05390032502708506,1.1837329503227243,0.5,0.08844444444444302,False,False,False,False
2026-07-30 15:26:19.212985,HPE,none,542764.0,564343.7,-0.14970059880239583,0.7639959978389741,0.5,0.3043478260869525,False,False,False,False
2026-07-30 15:26:19.397845,DAL,none,148715.0,185595.25,-0.022507314877330657,1.3763459823323843,0.5,0.07999999999998408,False,False,False,False
2026-07-30 15:26:19.585243,RBLX,none,664155.0,858965.5833333334,1.4386989157631311,1.8620886085849395,0.5,0.7666666666666654,True,False,False,True
2026-07-30 15:26:19.967899,IVZ,none,109102.0,119346.8,0.1369863013698601,1.3194890204914922,0.5,0.4999999999999778,False,False,False,False
2026-07-30 15:26:20.163140,JOBY,none,1181748.0,1808190.9333333333,0.7022471910112335,4.226348695613252,0.5,0.8333333333333358,False,False,False,True
2026-07-30 15:56:21.048891,AMAT,none,408916.0,356545.5,0.7132207760809164,0.5563374609398897,0.5,0.5093525179856111,True,True,False,False
2026-07-30 15:56:21.240743,LITE,none,275006.0,292178.2,1.0437499087631166,3.119311535789166,0.5,0.5918874172185392,False,False,False,True
2026-07-30 15:56:21.427041,ALAB,none,274113.0,233009.0,1.4328808446455332,3.334182928883201,0.5,0.6075581395348768,True,False,False,False
2026-07-30 15:56:21.616049,STX,none,449003.0,390659.73333333334,0.908018446358976,4.060454520818833,0.5,0.47535870243293227,True,False,False,False
2026-07-30 15:56:21.801765,CIEN,BUY,84955.0,87980.0,1.1134326716885719,0.1981952614623696,0.5,0.8980044345898047,True,True,False,True
2026-07-30 15:56:21.988231,AMD,none,1168660.0,1529359.5333333334,0.22402170338703858,1.9662626797228706,0.5,0.19223985890652254,False,False,False,False
2026-07-30 15:56:22.178029,MPWR,none,69337.0,69358.2,0.3266277969413139,3.559257192796048,0.5,0.27612903225807744,False,False,False,False
2026-07-30 15:56:22.361294,SIMO,none,88453.0,101053.0,2.1636240703177845,5.176921792079868,0.5,0.7722473604826559,False,False,False,True
2026-07-30 15:56:22.550614,BE,none,1042032.0,882482.2,2.2487874185488095,1.4394451385225167,0.5,0.7415185783521772,False,True,False,True
2026-07-30 15:56:22.736942,ISRG,none,79910.0,88259.0,0.07969715082686636,1.1658922364212245,0.5,0.21705426356591095,False,False,False,False
2026-07-30 15:56:22.927838,CRDO,none,254833.0,181982.16666666666,1.3256132866067418,1.1515389744495828,0.5,0.619952494061764,False,True,False,True
2026-07-30 15:56:23.111599,ENTG,none,292772.0,113073.42857142857,0.30575845082384867,1.1032785250871813,0.5,0.25174825174825016,True,False,False,False
2026-07-30 15:56:23.299589,MXL,none,120339.0,148922.75,1.5846153846153863,1.178824369621395,0.5,0.7410071942446048,False,True,False,True
2026-07-30 15:56:23.487184,NBIS,none,994936.0,2030170.1333333333,0.6569109164708341,5.437848846855694,0.5,0.35549132947976503,False,False,False,False
2026-07-30 15:56:23.679872,KLAC,none,1079619.0,637177.8333333334,-0.06682630728963888,1.8910047704858866,0.5,0.04800000000000182,False,False,False,False
2026-07-30 15:56:23.864132,AMKR,none,212916.0,181872.9,0.3749999999999994,1.4212783625453844,0.5,0.2999999999999988,False,False,False,False
2026-07-30 15:56:24.054107,DELL,none,186923.0,253054.93333333332,0.3583525600117764,2.7129136623412053,0.5,0.3677581863979772,False,False,False,False
2026-07-30 15:56:24.238290,AEHR,none,84371.0,125832.26666666666,1.561448377978189,3.8855458293655345,0.5,0.6143742386526092,False,False,False,True
2026-07-30 15:56:24.429469,MRVL,none,1222797.0,881250.8333333334,1.359298712827335,0.25348019569870256,0.5,0.623409669211192,False,True,False,False
2026-07-30 15:56:24.616623,HOOD,none,934033.0,724374.1428571428,1.0648042134188145,0.1259860186515182,0.5,0.7265624999999936,False,True,False,True
2026-07-30 15:56:24.812243,RCL,none,83309.0,98975.0,0.5766113950879014,1.8354758172130707,0.5,0.7429718875502073,False,False,False,True
2026-07-30 15:56:25.001476,ARM,none,222487.0,565743.6,0.22105438772105487,7.360550069905576,0.5,0.2334801762114532,False,False,False,False
2026-07-30 15:56:25.186830,NXT,none,348480.0,119425.0,-1.6371771405328446,0.5288395416678561,0.5,0.6007462686567147,False,False,True,True
2026-07-30 15:56:25.376758,INTC,none,5762779.0,4312064.6,0.38347759395201986,1.5182037161870956,0.5,0.30701754385965646,False,False,False,False
2026-07-30 15:56:25.564633,APTV,none,86487.0,90068.6,0.0867453157529444,0.6873461305310662,0.5,0.29411764705881616,False,False,False,False
2026-07-30 15:56:25.754144,APO,none,252394.0,155811.0,0.8096152241048317,2.3136214627765948,0.5,0.84347826086956,False,False,False,True
2026-07-30 15:56:25.940255,UAL,none,129728.0,63778.7,0.3565351268130603,0.8706446871185852,0.5,0.5116279069767419,True,False,False,False
2026-07-30 15:56:26.122857,ASTS,none,413607.0,313363.14285714284,1.2198332602018434,0.1327242253683532,0.5,0.7814256802338642,False,True,False,True
2026-07-30 15:56:26.300379,ARWR,none,41356.0,30451.14285714286,-0.2239063038236392,1.1185862996709157,0.5,0.3145161290322749,False,False,False,False
2026-07-30 15:56:26.484180,GTLB,none,166314.0,202610.0,0.4835297673012891,0.36055179665760223,0.5,0.4210526315789356,False,True,False,False
2026-07-30 15:56:26.669080,VSAT,none,89199.0,128034.6,0.220779220779223,3.787595647349948,0.5,0.22077922077922413,False,False,False,False
2026-07-30 15:56:26.856178,QNT,none,39811.0,25609.14285714286,0.7909827961241814,0.5827293959293407,0.5,0.645161290322581,False,True,False,False
2026-07-30 15:56:27.047009,VSH,none,157335.0,267727.3333333333,0.17751479289941502,3.369867913291933,0.5,0.23076923076924127,False,False,False,False
2026-07-30 15:56:27.235424,TEAM,none,77549.0,66680.57142857143,-0.07142857142856447,0.4807897773362883,0.5,0.13461538461537254,False,False,False,False
2026-07-30 15:56:27.423781,REZI,none,56022.0,57937.0,-0.6273167949814624,1.350104899032879,0.5,0.5945945945945956,False,False,False,True
2026-07-30 15:56:27.615387,LEN,none,48937.0,118817.26666666666,-0.15487252799618234,1.8735655308363337,0.5,0.48148148148147174,False,False,False,True
2026-07-30 15:56:27.801552,BROS,none,85497.0,85383.8,0.35200489745942726,1.8527464815512977,0.5,0.4181818181818017,False,False,False,False
2026-07-30 15:56:27.988801,ALK,none,278463.0,83503.33333333333,0.40485829959513686,0.9322592329701358,0.5,0.32758620689654877,True,False,False,False
2026-07-30 15:56:28.170307,AOSL,none,11170.0,24635.2,0.3919007184846422,4.0710695150533835,0.5,0.4285714285714177,False,False,False,False
2026-07-30 15:56:28.359160,CSCO,none,758889.0,572684.1666666666,0.2640612622128309,0.9837512658404108,0.5,0.5999999999999943,True,False,False,True
2026-07-30 15:56:28.548455,DHI,none,60814.0,82215.13333333333,-0.16501650165017126,1.7168019533274492,0.5,0.4067796610169818,False,False,False,False
2026-07-30 15:56:28.729302,A,none,68440.0,41477.42857142857,-0.18029712966969566,0.42272277478374876,0.5,0.4629629629629698,False,False,False,False
2026-07-30 15:56:28.911172,MRNA,none,166382.0,138029.91666666666,0.15734265734265088,0.37862270163823475,0.5,0.27272727272725705,False,False,False,False
2026-07-30 15:56:29.096113,AFRM,none,299044.0,152697.4,-0.027612867596314,0.33549963674371114,0.5,0.0666666666667014,False,False,False,False
2026-07-30 15:56:29.341194,MWH,none,145841.0,90513.28571428571,0.43462513582035855,1.5990384094295091,0.5,0.25000000000000183,False,False,False,False
2026-07-30 15:56:29.527803,CEVA,none,13525.0,13373.42857142857,0.45620437956203946,0.24701561186786067,0.5,0.48387096774192734,False,True,False,False
2026-07-30 15:56:29.717548,RIOT,none,1122091.0,898711.5,-0.3115958157133331,0.41735839881558867,0.5,0.25925925925926074,False,False,False,False
2026-07-30 15:56:29.905652,CVNA,none,1548174.0,1530684.3333333333,0.6522829904666342,0.2958780489852697,0.5,0.7222222222222244,False,True,False,True
2026-07-30 15:56:30.088920,IREN,none,2054272.0,3930329.1333333333,0.7765595565614447,1.0697851809429801,0.5,0.379470198675491,False,False,False,False
2026-07-30 15:56:30.275873,HPE,none,795204.0,620176.4,0.0,0.637017811354801,0.5,0.0,False,False,False,False
2026-07-30 15:56:30.459105,DAL,none,185233.0,163272.58333333334,0.16886187098953698,1.0483342208188988,0.5,0.3191489361702256,False,False,False,False
2026-07-30 15:56:30.645745,RBLX,none,1249857.0,924484.5,0.4110996916752371,1.6524567783125774,0.5,0.2631578947368441,True,False,False,False
2026-07-30 15:56:30.934186,IVZ,none,316223.0,132957.2,0.4102564102564137,1.1128609474886788,0.5,0.6666666666666733,False,False,False,True
2026-07-30 15:56:31.113978,JOBY,none,1857697.0,1808369.2,0.557880055788006,3.5852174455657297,0.5,0.5714285714285696,False,False,False,True
