timestamp,symbol,signal,volume,mean_volume,current_pct,price_threshold,body_ratio,green_volume,green_price,red_price,green_body,price_threshold_long,price_threshold_short,green_volume_long,green_volume_short,green_body_long,green_body_short
2026-09-17 01:33:19.452391,ELVN,none,19925.0,64415.0,0.061488009838083904,,0.10000000000000236,,False,False,,0.6962865552650039,0.8123343144758379,False,False,False,False
2026-09-17 01:33:19.640890,HPQ,none,611444.0,422095.0,0.33557046979865596,,0.6111111111111089,,False,False,,0.6698715823936837,0.7815168461259643,False,True,False,True
2026-09-17 01:33:19.824884,PYPL,none,141101.0,189306.4,0.30429821224801007,,0.7619047619047764,,False,False,,0.9673159322387836,0.9673159322387836,False,True,True,True
2026-09-17 01:33:20.003298,CSCO,none,628433.0,368263.3333333333,0.11127596439168243,,0.47999999999996135,,False,False,,0.4918154936091077,0.2950892961654646,True,False,False,False
2026-09-17 01:33:20.195487,PATH,none,1695527.0,1797372.0,0.8862629246676588,,0.7058823529411826,,True,False,,0.7734052655724052,2.255765357919515,False,False,True,True
2026-09-17 01:33:20.391104,DIS,none,215781.0,200428.0,0.35670703088331496,,0.7169811320754615,,False,False,,0.7173946765925049,0.8608736119110059,False,True,True,True
2026-09-17 01:33:20.590195,LUV,none,198572.0,123081.4,0.4671684401764851,,0.9000000000000178,,False,False,,1.60028363332439,0.22861194761776998,True,False,True,True
2026-09-17 01:33:20.803690,UAA,none,529153.0,264505.2,0.5988023952095858,,1.0,,True,False,,0.51881320293311,0.51881320293311,False,True,True,True
2026-09-17 01:33:20.992994,XP,none,83104.0,108899.0,0.5609382967873505,,0.7857142857142785,,True,False,,0.36684971106942604,0.22928106941839127,False,False,True,True
2026-09-17 01:33:21.189997,JD,none,207793.0,283908.625,0.0744601638123588,,0.3333333333333333,,False,False,,0.22310887078345204,0.37184811797242007,False,False,False,False
2026-09-17 01:33:21.375156,ABNB,none,37284.0,38048.4,0.26929982046679657,,0.8823529411765197,,False,False,,1.3308802851617898,0.7985281710970739,False,False,True,True
2026-09-17 01:33:21.571145,FRSH,none,53196.0,66604.0,0.39588281868566055,,0.7142857142856962,,False,False,,0.4974865674744635,0.2653261693197139,False,False,True,True
2026-09-17 01:33:21.777795,TMO,none,83987.0,46516.0,0.18937644341801665,,0.47126436781611697,,True,False,,0.18598890246294736,0.3487291921180263,False,True,True,True
2026-09-17 01:33:21.993062,HALO,none,31543.0,17156.2,0.23188943511733606,,0.5813953488372001,,False,False,,0.4727063248984972,0.31513754993233145,True,True,False,False
2026-09-17 01:33:22.191438,ISRG,none,45139.0,34352.0,-0.007849704327811386,,0.0319148936170528,,False,False,,0.3480507316917176,0.870126829229294,False,True,False,False
2026-09-17 01:33:22.388192,AA,none,75796.0,67886.66666666667,0.3025718608169299,,0.7777777777777427,,True,False,,0.15052832045259515,0.6585614019801037,False,True,True,True
2026-09-17 01:33:22.579537,ASTS,none,165724.0,176030.125,1.488940528444792,,0.8826530612244946,,True,False,,0.7144078752981422,1.0001710254173992,False,False,True,True
2026-09-17 01:33:22.777677,NXT,none,31342.0,50746.8,0.3506493506493455,,0.72972972972971,,False,False,,1.0676524030108732,0.24403483497391387,False,False,True,True
2026-09-17 01:33:22.974579,STX,none,58181.0,62954.333333333336,0.15558098568912557,,0.20439189189189946,,False,False,,0.16253677550140755,0.8126838775070377,False,False,False,False
2026-09-17 09:36:45.181099,ELVN,none,107585.0,66672.66666666667,0.7592858608660057,,0.7551020408163327,,True,False,,0.47153453238995446,0.5501236211216136,False,False,True,True
2026-09-17 09:36:45.430549,HPQ,none,1919374.0,535167.6666666666,-0.5472788081483725,,0.6923076923076965,,False,False,,0.6711971418307492,0.783063332135874,True,True,False,True
2026-09-17 09:36:45.616652,PYPL,none,441175.0,165038.0,0.0,,0.0,,False,False,,0.6387130559775113,0.6387130559775113,True,True,False,False
2026-09-17 09:36:45.801739,CSCO,SELL,1915716.0,468566.6666666667,-0.25006946373992406,,0.6750000000000045,,False,True,,0.25917570943822144,0.15550542566293285,True,True,False,True
2026-09-17 09:36:45.978584,PATH,none,2371696.0,1869917.8,-0.21961932650072738,,0.2727272727272683,,False,False,,0.7772613769197657,2.267012349349317,False,False,False,False
2026-09-17 09:36:46.240463,DIS,none,786615.0,219070.5,0.04676393565282188,,0.18518518518517738,,False,False,,0.7681635610296401,0.9217962732355682,True,True,False,False
2026-09-17 09:36:46.425983,LUV,BUY,1326401.0,135656.0,1.1624903125807176,,0.7894736842105184,,True,False,,1.1491216034954996,0.16416022907078567,True,True,True,True
2026-09-17 09:36:46.612110,UAA,SELL,1335918.0,333999.2,-0.7936507936507944,,0.8000000000000036,,False,True,,0.47984352324486823,0.47984352324486823,True,True,True,True
2026-09-17 09:36:46.800457,XP,none,465195.0,108028.8,0.15212981744422485,,0.3750000000000222,,False,False,,0.2620709631754641,0.16379435198466505,True,True,False,True
2026-09-17 09:36:47.127170,JD,none,495659.0,303568.75,0.0,,0.0,,False,False,,0.20920982460376772,0.34868304100627956,False,True,False,False
2026-09-17 09:36:47.320522,ABNB,none,153516.0,41173.8,-0.02983827654113681,,0.10638297872336823,,False,False,,1.0118906135142414,0.6071343681085448,True,True,False,False
2026-09-17 09:36:47.522365,FRSH,BUY,387964.0,71493.2,0.5524861878453061,,0.8750000000000028,,True,False,,0.4274237183516014,0.22795931645418743,True,True,True,True
2026-09-17 09:36:47.722083,TMO,SELL,197799.0,53036.5,-0.3533840362602855,,0.6571428571428767,,False,True,,0.18834483581783124,0.35314656715843357,True,True,True,True
2026-09-17 09:36:47.905812,HALO,none,87036.0,21895.8,0.3702332469455678,,0.7142857142857143,,False,False,,0.41015536085114734,0.2734369072340982,True,True,True,True
2026-09-17 09:36:48.101311,ISRG,none,199170.0,37695.8,0.005231083095765086,,0.01941747572819231,,False,False,,0.2188928261447067,0.5472320653617667,True,True,False,False
2026-09-17 09:36:48.281462,AA,none,297214.0,74055.66666666667,-0.3232062055591437,,0.5769230769230759,,False,False,,0.21962498587224177,0.9608593131910577,True,True,True,False
2026-09-17 09:36:48.472985,ASTS,none,346787.0,185880.625,0.5085607730123701,,0.5882352941176437,,False,False,,1.1743735721933215,1.6441230010706502,True,True,True,True
2026-09-17 09:36:48.659962,NXT,BUY,110792.0,49021.2,0.9965057590268025,,0.9390243902439065,,True,False,,0.7455393808978387,0.17040900134807743,True,True,True,True
2026-09-17 09:36:48.843988,STX,none,141979.0,63276.333333333336,0.5751405756540817,,0.6777609682299388,,True,False,,0.07962671893778271,0.3981335946889136,True,True,False,False
2026-09-17 09:46:49.119072,ELVN,none,25121.0,81199.0,0.9270455461507474,,0.38983050847457706,,False,False,,0.9644815282692718,1.1252284496474838,False,False,True,False
2026-09-17 09:46:49.309780,HPQ,none,373827.0,1009884.0,-1.0299909118448844,,0.7727272727272684,,False,False,,1.0050613158327792,1.1725715351382424,False,False,True,True
2026-09-17 09:46:49.497031,PYPL,none,327235.0,229197.4,-0.3016022620169587,,0.4102564102564009,,False,False,,0.5322289335207727,0.5322289335207727,True,True,False,False
2026-09-17 09:46:49.676651,CSCO,none,506775.0,1010102.3333333334,-0.02734232592052601,,0.03061224489796022,,False,False,,0.2594377882794506,0.15566267296767033,False,False,False,False
2026-09-17 09:46:49.857864,PATH,none,1276409.0,1959674.4,1.1887072808320829,,0.6666666666666593,,True,False,,0.7597432413223706,2.215917787190248,False,False,False,True
2026-09-17 09:46:50.034522,DIS,none,174494.0,304556.625,-0.4461381169253685,,0.6760563380281805,,False,False,,0.6904582362682685,0.8285498835219222,False,False,True,False
2026-09-17 09:46:50.210791,LUV,none,292369.0,381541.8,0.5749999999999922,,0.5348837209302256,,False,False,,1.816497859416472,0.25949969420235314,False,False,True,True
2026-09-17 09:46:50.397923,UAA,none,165096.0,509661.2,-3.1311154598825857,,0.9411764705882365,,False,True,,0.5585736819750288,0.5585736819750288,False,False,True,True
2026-09-17 09:46:50.591125,XP,none,137990.0,183614.8,-1.6932270916334655,,0.9189189189189249,,False,True,,0.2782108113627459,0.1738817571017162,False,False,True,True
2026-09-17 09:46:50.775736,JD,none,175908.0,353164.625,-0.3717472118959029,,0.5882352941176286,,False,True,,0.18834558128032475,0.3139093021338746,False,False,False,False
2026-09-17 09:46:50.970773,ABNB,none,59616.0,68961.8,-1.3584549052034796,,0.8880308880308913,,False,True,,0.918576167336555,0.551145700401933,False,False,True,True
2026-09-17 09:46:51.177246,FRSH,none,103146.0,139817.6,-0.47694753577106913,,0.23076923076923286,,False,True,,0.5457012202748146,0.29104065081323444,False,False,False,False
2026-09-17 09:46:51.359293,TMO,SELL,118236.0,73209.625,-0.5679482299200637,,0.39680851063830075,,False,True,,0.21034786237457706,0.394402241952332,False,True,True,True
2026-09-17 09:46:53.625660,HALO,BUY,75373.0,37078.0,1.5135943193497192,,0.8481675392670196,,True,False,,0.4800942658508301,0.32006284390055334,True,True,True,True
2026-09-17 09:46:55.347715,ISRG,SELL,97012.0,70835.0,-1.0166238751004848,,0.7272727272727215,,False,True,,0.164947031513723,0.4123675787843075,False,True,True,True
2026-09-17 09:46:57.564923,AA,none,113744.0,148929.33333333334,-0.2962962962962975,,0.42424242424242814,,False,False,,0.2826400145746096,1.2365500637639169,False,False,False,False
2026-09-17 09:46:57.749818,ASTS,none,506950.0,211680.0,-0.21018593371059427,,0.11403508771930043,,False,False,,1.3173005202443284,1.8442207283420595,True,True,False,False
2026-09-17 09:46:57.937259,NXT,none,66392.0,60315.2,-1.0734114743985075,,0.7837837837837754,,False,True,,1.4249304646296814,0.32569839191535577,False,False,True,True
2026-09-17 09:46:58.125707,STX,none,196628.0,84176.0,-0.5809426102863839,,0.2912019826517928,,False,False,,0.1374464502403834,0.687232251201917,True,True,False,False
2026-09-17 09:56:58.410035,ELVN,none,42797.0,50877.0,-0.6590772917914886,,0.34375000000000044,,False,False,,1.747819416854837,2.03912265299731,False,False,True,False
2026-09-17 09:56:58.594153,HPQ,none,344972.0,968215.0,0.030618493570132018,,0.03030303030304596,,False,False,,1.912840189791913,2.231646888090565,False,False,False,False
2026-09-17 09:56:58.779219,PYPL,none,169493.0,262798.8,-0.1512859304084822,,0.4444444444444752,,False,False,,0.517415449531844,0.517415449531844,False,False,False,False
2026-09-17 09:56:58.965819,CSCO,none,463772.0,1016974.6666666666,0.24614823593763882,,0.442622950819666,,False,False,,0.2591251693680883,0.15547510162085298,False,False,False,False
2026-09-17 09:56:59.153368,PATH,none,783480.0,1874129.6,1.4673514306676396,,0.7692307692307672,,True,False,,0.886559034209962,2.585797183112389,False,False,True,True
2026-09-17 09:56:59.333410,DIS,none,119471.0,317960.5,-0.27074969657362175,,0.6041666666666747,,False,False,,0.8154088052148545,0.9784905662578254,False,False,True,False
2026-09-17 09:56:59.518445,LUV,none,348549.0,422261.8,1.0934393638170916,,0.8799999999999955,,False,False,,2.054678610590169,0.2935255157985956,False,False,True,True
2026-09-17 09:56:59.700001,UAA,none,171359.0,492588.2,-0.6060606060606111,,0.7500000000000056,,False,False,,1.1449561365013476,1.1449561365013476,False,False,True,True
2026-09-17 09:56:59.882858,XP,none,257892.0,193049.8,-0.7598784194528804,,0.7142857142857046,,False,True,,0.5081015049984589,0.31756344062403674,False,False,True,True
2026-09-17 09:57:00.063565,JD,none,91547.0,367918.25,0.0,,0.0,,False,False,,0.25108568815246907,0.4184761469207818,False,False,False,False
2026-09-17 09:57:00.244314,ABNB,none,30436.0,77100.8,-0.11975330818513182,,0.19999999999998863,,False,False,,1.4220817235659586,0.8532490341395752,False,False,False,False
2026-09-17 09:57:00.452593,FRSH,none,47212.0,139047.4,1.5948963317384457,,1.0,,True,False,,0.5229087037549497,0.27888464200263985,False,False,True,True
2026-09-17 09:57:00.640750,TMO,none,74489.0,84632.25,0.4731281580156227,,0.6192384769539131,,True,False,,0.25501775251415343,0.4781582859640377,False,False,True,True
2026-09-17 09:57:00.822651,HALO,none,79682.0,48996.2,0.7556907197493256,,0.44808743169398574,,False,False,,0.9252007312112602,0.6168004874741734,True,True,False,False
2026-09-17 09:57:01.010290,ISRG,none,38753.0,81623.0,0.33530675328757076,,0.4866920152091159,,False,False,,0.3388418413333955,0.8471046033334888,False,False,True,True
2026-09-17 09:57:01.196511,AA,none,63455.0,162251.33333333334,0.3175947491001603,,0.3125000000000139,,True,False,,0.2458864967126323,1.0757534231177661,False,False,False,False
2026-09-17 09:57:01.384129,ASTS,BUY,517359.0,256234.0,1.6427935583070334,,0.7302158273381296,,True,False,,1.3589738925842065,1.9025634496178891,True,True,True,True
2026-09-17 09:57:03.621641,NXT,none,21301.0,59354.4,0.5486284289276779,,0.5945945945945842,,False,False,,2.0946064344518374,0.4787671850175628,False,False,False,True
2026-09-17 09:57:03.810632,STX,none,124427.0,132262.66666666666,1.3772767990444972,,0.6770642201834931,,True,False,,0.21861069527159857,1.0930534763579929,False,False,False,False
2026-09-17 10:07:04.074655,ELVN,none,31111.0,58501.0,0.2807862013638198,,0.20000000000000204,,False,False,,2.345408698808242,2.7363101486096157,False,False,False,False
2026-09-17 10:07:04.262326,HPQ,none,567186.0,879391.0,0.4285277012549757,,0.466666666666673,,False,False,,1.6078882135633887,1.8758695824906202,False,False,False,False
2026-09-17 10:07:04.448247,PYPL,none,130974.0,241332.2,0.24621212121212607,,0.5652173913043491,,False,False,,0.5699924242799805,0.5699924242799805,False,False,True,False
2026-09-17 10:07:04.626030,CSCO,none,231519.0,962087.6666666666,-0.26373226627863955,,0.6304347826086869,,False,True,,0.3490400170653926,0.20942401023923557,False,False,False,True
2026-09-17 10:07:04.815457,PATH,none,620083.0,1612653.6,-0.8676789587852438,,0.7058823529411722,,False,False,,1.0613397855524547,3.0955743745279927,False,False,True,True
2026-09-17 10:07:04.994656,DIS,none,161692.0,310792.75,-0.14984079415620583,,0.34042553191488717,,False,False,,0.7552617392758975,0.9063140871310769,False,False,True,False
2026-09-17 10:07:05.178945,LUV,none,373696.0,465944.4,0.3687315634218254,,0.4285714285714228,,False,False,,2.5638770149353345,0.3662681449907621,False,False,True,False
2026-09-17 10:07:05.440874,UAA,none,108886.0,492291.0,-0.20325203252032087,,0.3333333333333235,,False,False,,1.146407778671556,1.146407778671556,False,False,True,False
2026-09-17 10:07:05.616264,XP,none,476180.0,229831.6,0.8163265306122456,,0.7272727272727316,,True,False,,0.5639061014428841,0.35244131340180257,False,False,True,True
2026-09-17 10:07:05.801331,JD,none,138003.0,358754.0,0.14919806042522454,,0.5000000000000444,,False,False,,0.20238438945117015,0.3373073157519502,False,False,False,False
2026-09-17 10:07:05.989870,ABNB,none,31547.0,65369.2,-0.14392803598201445,,0.3000000000000071,,False,False,,1.2204376369841978,0.7322625821905188,False,False,True,True
2026-09-17 10:07:06.174600,FRSH,none,119195.0,137084.8,-0.39246467817896946,,0.45454545454546336,,False,False,,1.0013776032764836,0.5340680550807912,False,False,True,False
2026-09-17 10:07:06.363450,TMO,none,99548.0,90504.125,-0.25318000183021205,,0.30797773654916,,False,False,,0.2333682217569368,0.43756541579425645,False,False,True,True
2026-09-17 10:07:06.548793,HALO,none,40974.0,59287.8,-0.8779952441924346,,0.7007299270073027,,False,True,,1.090562966909272,0.7270419779395146,False,False,True,True
2026-09-17 10:07:06.740313,ISRG,none,31207.0,81715.4,-0.5716075483517338,,0.8358778625954175,,False,False,,0.36534056672492565,0.9133514168123141,False,False,True,True
2026-09-17 10:07:06.923164,AA,none,29054.0,158137.66666666666,-0.1266357112705831,,0.40000000000001895,,False,False,,0.24989260025482707,1.0932801261148684,False,False,False,False
2026-09-17 10:07:07.125850,ASTS,none,333570.0,282309.375,-0.0637297857085942,,0.05163289015102539,,False,False,,1.5493011725923198,2.169021641629248,True,True,False,False
2026-09-17 10:07:07.316593,NXT,none,17135.0,52446.2,-0.21050024764735228,,0.20238095238095358,,False,False,,2.269718226733391,0.5187927375390607,False,False,False,False
2026-09-17 10:07:07.502441,STX,none,62591.0,154344.66666666666,-0.8434680266771277,,0.8239520958083805,,False,False,,0.4222266641641605,2.1111333208208025,False,False,True,True
2026-09-17 10:17:07.764222,ELVN,none,115669.0,33009.666666666664,-0.03979307600476725,,0.03636363636362932,,False,False,,1.866909039306056,2.178060545857065,True,True,False,False
2026-09-17 10:17:07.960136,HPQ,none,340430.0,428661.6666666667,0.3960999390615556,,0.5652173913043491,,False,False,,1.489137106669992,1.737326624448324,False,False,False,True
2026-09-17 10:17:08.147960,PYPL,none,106508.0,241995.6,0.056667925953912235,,0.23076923076923497,,False,False,,0.7023789681199037,0.7023789681199037,False,False,False,False
2026-09-17 10:17:08.335304,CSCO,none,408387.0,400688.6666666667,0.45591319412783804,,0.617283950617293,,True,False,,0.3581485520912029,0.21488913125472173,False,False,False,True
2026-09-17 10:17:08.519471,PATH,none,712888.0,1349439.0,0.802919708029206,,0.7333333333333396,,False,False,,1.1111087811488047,3.240733945017347,False,False,True,True
2026-09-17 10:17:08.692185,DIS,none,121450.0,313977.0,-0.35637250304791845,,0.8260869565217405,,False,False,,0.7700953634385439,0.9241144361262528,False,False,True,True
2026-09-17 10:17:08.871098,LUV,none,180312.0,507917.4,0.19598236158745294,,0.4705882352941226,,False,False,,2.5667807759972785,0.3666829679996112,False,False,True,False
2026-09-17 10:17:09.060156,UAA,none,147619.0,462082.4,-0.6109979633401272,,0.7500000000000056,,False,False,,1.0665762574647795,1.0665762574647795,False,False,True,True
2026-09-17 10:17:09.248131,XP,none,63711.0,284072.2,0.8603238866396667,,0.9444444444444356,,True,False,,0.6372000249488267,0.39825001559301665,False,False,True,True
2026-09-17 10:17:09.430349,JD,none,127821.0,308722.5,-0.18621973929236763,,0.5555555555555644,,False,False,,0.21640813292375718,0.36068022153959534,False,False,False,False
2026-09-17 10:17:09.622861,ABNB,none,44064.0,62479.8,-0.2879769618430635,,0.7500000000000444,,False,False,,1.1527646078271356,0.6916587646962813,False,False,True,True
2026-09-17 10:17:09.812125,FRSH,none,43808.0,142142.6,0.5520504731861221,,0.6363636363636422,,False,False,,1.0238032656658351,0.5460284083551121,False,False,True,False
2026-09-17 10:17:10.000169,TMO,none,55415.0,98542.375,0.059633027522933695,,0.13829787234041824,,False,False,,0.2514341427534266,0.47143901766267493,False,False,False,False
2026-09-17 10:17:10.187375,HALO,none,71548.0,62921.6,0.14747903032538556,,0.16161616161617104,,False,False,,1.349785067527578,0.8998567116850519,True,False,False,False
2026-09-17 10:17:10.367804,ISRG,none,44527.0,82256.2,-0.22314396723722113,,0.42500000000001137,,False,False,,0.4647885513992078,1.1619713784980197,False,True,True,True
2026-09-17 10:17:10.558640,AA,none,62798.0,68751.0,0.1478352692713839,,0.19444444444444553,,False,False,,0.19747380177787754,0.8639478827782142,False,False,False,False
2026-09-17 10:17:10.747695,ASTS,none,298491.0,301893.875,0.7649402390438197,,0.4615828445042781,,False,False,,1.5394881744650724,2.1552834442511015,False,False,True,False
2026-09-17 10:17:11.001921,NXT,none,31936.0,49392.4,-0.21057847144803876,,0.2698412698412745,,False,False,,2.2257866824547796,0.5087512417039497,False,False,False,False
2026-09-17 10:17:11.191294,STX,none,110012.0,127882.0,-2.1696691131045123,,0.8904665314401692,,False,False,,0.4669479060013348,2.334739530006674,False,False,True,True
2026-09-17 10:27:11.473119,ELVN,none,32721.0,63192.333333333336,-0.17914012738854182,,0.2727272727272845,,False,False,,0.9796565691600756,1.1429326640200883,False,False,False,False
2026-09-17 10:27:11.657365,HPQ,none,230187.0,417529.3333333333,0.1517450682852721,,0.45454545454543105,,False,False,,0.8552461338866633,0.9977871562011071,False,False,False,False
2026-09-17 10:27:11.843265,PYPL,none,150099.0,235077.0,0.2831791580139675,,0.8333333333333267,,False,False,,0.5290377677140354,0.5290377677140354,False,False,True,True
2026-09-17 10:27:12.029453,CSCO,none,342748.0,367892.6666666667,1.0166106925660385,,0.9911504424778717,,True,False,,0.643862464229411,0.3863174785376466,False,False,True,True
2026-09-17 10:27:12.221447,PATH,none,1435374.0,1152911.2,0.7241129616220104,,0.4545454545454516,,False,False,,1.0911064091555758,3.1823936933704298,False,False,False,False
2026-09-17 10:27:12.401812,DIS,none,93878.0,303258.75,-0.13175230566534968,,0.6666666666666441,,False,False,,0.733274880822332,0.8799298569867984,False,False,True,False
2026-09-17 10:27:12.609554,LUV,none,224146.0,504265.4,-0.2445585717779443,,0.45454545454546336,,False,False,,2.3769505209849555,0.33956436014070795,False,False,True,False
2026-09-17 10:27:12.810724,UAA,none,254463.0,385775.6,0.40983606557377994,,0.6666666666666765,,False,False,,1.0690153710908876,1.0690153710908876,False,False,True,False
2026-09-17 10:27:12.992576,XP,none,87925.0,280193.6,-0.10030090270812222,,0.2,,False,False,,0.6851017193251973,0.42818857457824827,False,False,False,False
2026-09-17 10:27:13.176183,JD,none,165506.0,227767.625,-0.037327360955573013,,0.14285714285712112,,False,False,,0.23737862931813108,0.39563104886355177,False,False,False,False
2026-09-17 10:27:13.370102,ABNB,none,59710.0,63835.8,0.06614154290180098,,0.11827956989245636,,False,False,,1.1639708926528958,0.6983825355917375,False,False,False,False
2026-09-17 10:27:13.555969,FRSH,none,34648.0,140265.0,0.15686274509803588,,0.22222222222221782,,False,False,,1.0706535620159736,0.571015233075186,False,False,False,False
2026-09-17 10:27:13.741498,TMO,none,53479.0,96672.625,-0.27816411682891934,,0.7459016393442195,,False,False,,0.2438274598467276,0.4571764872126143,False,False,True,True
2026-09-17 10:27:13.925902,HALO,none,24108.0,70922.6,-0.2760651513757221,,0.3999999999999962,,False,False,,1.319397321802476,0.8795982145349839,False,False,False,False
2026-09-17 10:27:14.119431,ISRG,none,26444.0,82133.8,0.11575901078663449,,0.36666666666666825,,False,False,,0.5164591744974661,1.2911479362436653,False,False,True,True
2026-09-17 10:27:14.315207,AA,none,20104.0,51769.0,-0.126689189189194,,0.33333333333334647,,False,False,,0.15788419457123393,0.6907433512491484,False,False,False,False
2026-09-17 10:27:14.615575,ASTS,none,411472.0,319567.75,-0.1467773823645773,,0.12051948051948522,,False,False,,1.6384820120939585,2.293874816931542,True,True,False,False
2026-09-17 10:27:14.801369,NXT,none,10224.0,49511.2,0.39657950179701,,0.592592592592615,,False,False,,2.127737067013865,0.48633990103174063,False,False,False,True
2026-09-17 10:27:14.985878,STX,none,111693.0,99010.0,0.30185152441334545,,0.25782092772383935,,False,False,,0.7317356564710229,3.6586782823551145,False,False,False,False
2026-09-17 10:37:15.275371,ELVN,none,62941.0,59833.666666666664,1.2151394422310744,,0.8840579710144948,,True,False,,0.49971940475712884,0.5830059722166503,False,False,True,True
2026-09-17 10:37:15.459363,HPQ,none,228752.0,379267.6666666667,0.6365565322825124,,0.6363636363636422,,False,False,,0.9763727086018035,1.1391014933687709,False,False,False,True
2026-09-17 10:37:15.646575,PYPL,none,98926.0,176861.8,-0.13175230566534968,,0.466666666666673,,False,False,,0.7272631783238127,0.7272631783238127,False,False,False,False
2026-09-17 10:37:15.840083,CSCO,none,231297.0,327551.3333333333,0.026961445133460177,,0.07500000000000444,,False,False,,1.1575041019816774,0.6945024611890064,False,False,False,False
2026-09-17 10:37:16.032950,PATH,none,934422.0,965646.8,-0.07189072609633204,,0.16666666666666174,,False,False,,1.2121848815846838,3.535539237955328,False,False,False,False
2026-09-17 10:37:16.211918,DIS,none,110598.0,260143.75,0.009419743782973923,,0.045454545454568944,,False,False,,0.5847174184313007,0.7016609021175608,False,False,False,False
2026-09-17 10:37:16.391701,LUV,none,111245.0,283814.4,-0.049031625398372206,,0.15384615384612021,,False,False,,1.7343983024230145,0.24777118606043064,False,False,False,False
2026-09-17 10:37:16.574467,UAA,none,146246.0,169484.6,-0.40899795501021624,,0.666666666666647,,False,False,,0.9922524254754848,0.9922524254754848,False,False,True,False
2026-09-17 10:37:16.757722,XP,none,54786.0,204739.6,-0.10040160642571849,,0.2500000000000444,,False,False,,0.6768090929674209,0.42300568310463804,False,False,False,False
2026-09-17 10:37:16.945166,JD,none,90901.0,189808.25,0.14936519790888403,,0.6666666666666666,,False,False,,0.19553121251181518,0.32588535418635867,False,False,False,False
2026-09-17 10:37:17.141036,ABNB,none,36533.0,45074.6,0.5587934867511908,,0.8303571428571456,,False,False,,1.1857528524692942,0.7114517114815766,False,False,True,True
2026-09-17 10:37:17.332170,FRSH,none,65480.0,69601.8,0.2347417840375676,,0.4285714285714431,,False,False,,0.9519665291917927,0.5077154822356228,False,False,True,False
2026-09-17 10:37:17.521762,TMO,none,101538.0,94982.875,-0.12873957822462478,,0.4745762711864331,,False,False,,0.22963225655371577,0.43056048103821704,False,False,True,True
2026-09-17 10:37:17.710282,HALO,none,36483.0,58337.0,0.6643905139798827,,0.888888888888885,,False,False,,1.2854968073973314,0.8569978715982208,False,False,True,True
2026-09-17 10:37:17.903241,ISRG,none,36068.0,47588.6,-0.515044015241108,,0.7509578544061403,,False,False,,0.5429858771432747,1.357464692858187,False,True,True,True
2026-09-17 10:37:18.089771,AA,none,17305.0,37318.666666666664,0.0,,0.0,,False,False,,0.10697604526164294,0.4680201980196878,False,False,False,False
2026-09-17 10:37:18.275949,ASTS,none,174348.0,343048.75,-0.546577946768059,,0.39204545454545525,,False,False,,1.6437866003653419,2.3013012405114783,False,False,True,False
2026-09-17 10:37:18.467517,NXT,none,32476.0,29397.6,-0.7159609924700633,,0.852941176470595,,False,True,,1.7077886869530106,0.39035169987497387,False,False,True,True
2026-09-17 10:37:18.657857,STX,none,60745.0,94765.33333333333,-0.8806410159498084,,0.6360327570518657,,False,False,,0.5524981106991642,2.7624905534958213,False,False,False,False
2026-09-17 10:47:18.943767,ELVN,none,36935.0,70443.66666666667,-0.3541912632821718,,0.4390243902439054,,False,False,,1.4340726456243835,1.6730847532284474,False,False,True,False
2026-09-17 10:47:19.135894,HPQ,none,97141.0,266456.3333333333,-0.1807228915662719,,0.46153846153849515,,False,False,,1.1844015396293401,1.3818017962342302,False,False,False,False
2026-09-17 10:47:19.323296,PYPL,none,114725.0,131200.0,0.0,,0.0,,False,False,,0.6083682088776863,0.6083682088776863,False,True,False,False
2026-09-17 10:47:19.513169,CSCO,none,211553.0,327477.3333333333,-0.04491959392686835,,0.21739130434780995,,False,False,,0.9996568878848912,0.5997941327309346,False,False,False,False
2026-09-17 10:47:19.701789,PATH,none,1252745.0,897249.4,-0.4316546762589964,,0.5454545454545527,,False,False,,0.9441489084481036,2.7537676496403023,False,False,False,True
2026-09-17 10:47:19.878228,DIS,none,169803.0,222997.375,0.028256569652445263,,0.08823529411764952,,False,False,,0.5524200395898672,0.6629040475078407,False,True,False,False
2026-09-17 10:47:20.062807,LUV,none,108296.0,247589.6,-0.1962227127790174,,0.36363636363639007,,False,True,,1.3662204402018807,0.19517434860026867,False,False,True,False
2026-09-17 10:47:20.247635,UAA,none,106718.0,165714.6,0.4106776180698064,,0.4999999999999889,,False,False,,0.447828924501011,0.447828924501011,False,False,True,False
2026-09-17 10:47:20.430466,XP,none,49209.0,188098.8,0.3015075376884537,,0.6666666666666929,,False,False,,0.42195701533418134,0.2637231345838633,False,False,True,True
2026-09-17 10:47:20.611610,JD,none,101255.0,186642.25,-0.07457121551081124,,0.3333333333333136,,False,False,,0.18155957517943327,0.30259929196572216,False,False,False,False
2026-09-17 10:47:20.797526,ABNB,none,23744.0,40458.0,-0.17925430210325727,,0.5882352941176471,,False,False,,0.7059560013979209,0.4235736008387526,False,False,True,True
2026-09-17 10:47:20.997026,FRSH,none,29025.0,62068.6,-0.7800312012480471,,0.9090909090909105,,False,True,,0.8793048036717424,0.4689625619582626,False,False,True,True
2026-09-17 10:47:21.179937,TMO,none,39015.0,98061.375,0.12428268941601642,,0.37155963302748707,,False,False,,0.23035535920206784,0.43191629850387714,False,False,True,True
2026-09-17 10:47:21.366467,HALO,none,25877.0,50559.0,0.07332050224543882,,0.21052631578947173,,False,False,,0.9797834374641902,0.6531889583094601,False,False,False,False
2026-09-17 10:47:21.556649,ISRG,none,16938.0,35399.8,0.27725700404003367,,0.7777777777777731,,False,False,,0.42260671077702433,1.056516776942561,False,False,True,True
2026-09-17 10:47:21.740903,AA,SELL,34506.0,33402.333333333336,-0.4648214663004413,,1.0,,False,True,,0.07320652225615412,0.32027853487067426,False,True,True,True
2026-09-17 10:47:23.481719,ASTS,none,86302.0,344337.625,-0.08762147522701882,,0.134179068065381,,False,False,,1.67890817104995,2.35047143946993,False,False,False,False
2026-09-17 10:47:23.670411,NXT,none,12452.0,22614.4,-0.32322227747388227,,0.5909090909090733,,False,False,,1.4575733496030994,0.33315962276642275,False,False,False,True
2026-09-17 10:47:23.859931,STX,none,45780.0,94150.0,0.1562043610225694,,0.1501831501831514,,False,False,,0.5586936089112776,2.793468044556388,False,False,False,False
2026-09-17 10:57:24.131424,ELVN,none,55718.0,44199.0,1.7350157728706674,,0.9166666666666685,,False,False,,1.748470832901788,2.039882638385419,False,False,True,True
2026-09-17 10:57:24.317939,HPQ,none,159503.0,185360.0,0.03017501508750154,,0.07142857142855692,,False,False,,0.9690244921340564,1.130528574156399,False,False,False,False
2026-09-17 10:57:24.509525,PYPL,none,63766.0,120246.4,-0.03769317753487208,,0.20000000000002843,,False,False,,0.5024680575917488,0.5024680575917488,False,False,False,False
2026-09-17 10:57:24.701005,CSCO,none,176034.0,261866.0,-0.11684342980407124,,0.6842105263158486,,False,False,,0.725661154417578,0.43539669265054676,False,False,False,True
2026-09-17 10:57:24.884757,PATH,none,1757252.0,991102.4,0.43352601156069726,,0.40000000000000235,,False,False,,0.6955816873900292,2.028779921554252,False,True,False,False
2026-09-17 10:57:25.063874,DIS,none,106157.0,217250.125,0.056502495526887915,,0.2727272727272845,,False,False,,0.44977927045522037,0.5397351245462645,False,False,False,False
2026-09-17 10:57:25.241170,LUV,none,78681.0,199539.0,-0.1966085033177643,,0.4,,False,True,,0.7381687844752286,0.10545268349646122,False,False,True,False
2026-09-17 10:57:25.428430,UAA,none,148728.0,152786.4,-0.20449897750510812,,0.4999999999999778,,False,False,,0.4087523269028502,0.4087523269028502,False,False,True,False
2026-09-17 10:57:25.617043,XP,none,71653.0,146362.2,0.1503006012023927,,0.333333333333307,,False,False,,0.3486176742518731,0.21788604640742068,False,False,False,True
2026-09-17 10:57:25.810921,JD,none,56212.0,173325.0,-0.037327360955573013,,0.19999999999995738,,False,False,,0.18158039737289314,0.30263399562148857,False,False,False,False
2026-09-17 10:57:26.060175,ABNB,none,29034.0,39119.6,-0.14962892027771127,,0.32894736842105654,,False,False,,0.7416565977487963,0.44499395864927777,False,False,True,True
2026-09-17 10:57:26.247851,FRSH,none,51761.0,58431.2,0.3142183817753271,,0.4999999999999889,,False,False,,0.6348452645246228,0.3385841410797988,False,False,True,False
2026-09-17 10:57:26.430834,TMO,none,27378.0,92439.875,0.10880392307103462,,0.3966480446927658,,False,False,,0.22384598380186782,0.41971121962850216,False,False,True,True
2026-09-17 10:57:26.620551,HALO,none,13481.0,39798.0,0.21069989006962622,,0.5476190476190549,,False,False,,0.7341301591627909,0.48942010610852726,False,False,False,False
2026-09-17 10:57:26.809710,ISRG,none,16790.0,31036.8,0.14219507057089226,,0.5294117647058824,,False,False,,0.40867477095761545,1.0216869273940388,False,True,True,True
2026-09-17 10:57:26.993808,AA,none,19677.0,23971.666666666668,-0.10615711252654833,,0.29411764705884563,,False,False,,0.15773617479723612,0.6900957647379079,False,False,False,False
2026-09-17 10:57:27.184032,ASTS,none,174309.0,334409.875,0.8713756448434807,,0.803823529411762,,False,False,,1.2409959669193957,1.7373943536871541,False,False,True,True
2026-09-17 10:57:27.375853,NXT,none,16958.0,20844.6,-0.04986909362921337,,0.11428571428569341,,False,False,,1.2997890435854427,0.2970946385338155,False,False,False,False
2026-09-17 10:57:27.564835,STX,none,34761.0,72739.33333333333,0.03803920574139277,,0.061099796334026506,,False,False,,0.22311615023095388,1.1155807511547695,False,False,False,False
2026-09-17 11:07:27.907517,ELVN,none,120989.0,51864.666666666664,-0.03879728419009897,,0.03333333333332662,,False,False,,3.3043464783839136,3.855070891447899,False,True,False,False
2026-09-17 11:07:28.095512,HPQ,none,236520.0,161798.66666666666,0.3619909502262581,,0.6315789473684525,,False,False,,0.8474544389362858,0.9886968454256668,False,True,False,True
2026-09-17 11:07:28.279998,PYPL,none,94219.0,106804.8,0.16968325791855846,,0.45000000000001067,,False,False,,0.356504797017671,0.356504797017671,False,True,False,False
2026-09-17 11:07:28.463811,CSCO,none,167573.0,206294.66666666666,-0.20696481598127398,,0.6764705882352572,,False,True,,0.1258163125762665,0.0754897875457599,False,False,False,True
2026-09-17 11:07:28.650363,PATH,none,1453665.0,1218536.2,0.28776978417265575,,0.3999999999999929,,False,False,,0.5913849800561382,1.7248728584970696,False,False,False,False
2026-09-17 11:07:28.838774,DIS,none,77542.0,132192.875,-0.06588235294117005,,0.538461538461446,,False,False,,0.45282257041586604,0.5433870844990392,False,False,True,False
2026-09-17 11:07:29.020075,LUV,none,73234.0,140536.0,-0.07389162561576634,,0.23076923076924757,,False,False,,0.6176826424023858,0.08824037748605511,False,False,False,False
2026-09-17 11:07:29.203292,UAA,none,138020.0,160754.8,-0.20449897750510812,,0.24999999999999445,,False,False,,0.40900171589980755,0.40900171589980755,False,False,False,False
2026-09-17 11:07:29.386837,XP,none,52517.0,65456.8,0.25000000000000355,,0.5555555555555644,,True,False,,0.2420535255462966,0.15128345346643537,False,False,True,True
2026-09-17 11:07:29.564013,JD,none,53590.0,118394.125,-0.11202389843166967,,1.0,,False,False,,0.18857927755206305,0.3142987959201051,False,False,True,True
2026-09-17 11:07:29.753059,ABNB,none,27093.0,38617.0,-0.1498531439189594,,0.5102040816326436,,False,False,,0.7450771283262143,0.4470462769957286,False,False,True,True
2026-09-17 11:07:29.941821,FRSH,none,76504.0,44944.4,0.0,,0.0,,False,False,,0.6113713756035299,0.32606473365521604,False,False,False,False
2026-09-17 11:07:30.128796,TMO,none,46434.0,71137.25,0.20512506505832775,,0.6907216494845735,,True,False,,0.19938797248294274,0.3738524484055176,False,False,True,True
2026-09-17 11:07:30.317771,HALO,none,6851.0,34299.4,0.4753199268738537,,0.9811320754716885,,False,False,,0.49390383167858,0.32926922111905327,False,False,True,True
2026-09-17 11:07:30.505236,ISRG,none,21108.0,28153.4,-0.18932421772285754,,0.40449438202249344,,False,False,,0.30561577629021347,0.7640394407255336,False,True,True,True
2026-09-17 11:07:30.756795,AA,none,38165.0,23829.333333333332,-0.10626992561104603,,0.2631578947368303,,False,False,,0.15226095435386391,0.6661416752981546,False,True,False,False
2026-09-17 11:07:30.938204,ASTS,none,146136.0,312850.125,-0.32954787927641843,,0.6132352941176561,,False,False,,1.3543756143666181,1.8961258601132651,False,False,True,True
2026-09-17 11:07:31.164749,NXT,none,14994.0,20809.2,0.2744168641636508,,0.4489795918367371,,False,False,,1.1873472357727453,0.2713936538909132,False,False,False,True
2026-09-17 11:07:31.346574,STX,none,59453.0,47095.333333333336,0.8006993449975359,,0.8777777777777931,,True,False,,0.1791474304522951,0.8957371522614754,False,True,True,True
2026-09-17 11:17:31.602227,ELVN,none,58674.0,71214.0,-0.44677544677544073,,0.4339622641509366,,False,False,,2.128004320342938,2.4826717070667614,False,False,True,False
2026-09-17 11:17:31.785246,HPQ,none,227478.0,164388.0,0.1803426510369557,,0.333333333333307,,False,False,,0.5728888568800315,0.6683703330267035,False,True,False,False
2026-09-17 11:17:32.038454,PYPL,none,89326.0,104347.0,0.056465273856566967,,0.27272727272721986,,False,False,,0.43561552939292336,0.43561552939292336,False,True,False,False
2026-09-17 11:17:32.222391,CSCO,none,214350.0,185053.33333333334,0.20739404869250655,,0.7187499999999833,,False,False,,0.24581855980814238,0.1474911358848854,False,False,True,True
2026-09-17 11:17:32.411150,PATH,none,1901961.0,1366691.6,-0.21520803443328093,,0.33333333333332676,,False,False,,0.46774899833056605,1.3642679117974843,False,False,False,False
2026-09-17 11:17:32.589941,DIS,none,106942.0,120073.875,-0.1036074220589615,,0.611111111111133,,False,False,,0.33399264417080404,0.4007911730049648,False,True,True,False
2026-09-17 11:17:32.773485,LUV,none,102344.0,119120.4,-0.14785608674222567,,0.333333333333307,,False,True,,0.5322191272222051,0.07603130388888645,False,False,True,False
2026-09-17 11:17:32.952972,UAA,none,85699.0,158835.0,0.0,,0.0,,False,False,,0.32770191873280374,0.32770191873280374,False,False,False,False
2026-09-17 11:17:33.127824,XP,none,56361.0,63218.0,0.04987531172068833,,0.16666666666663707,,False,False,,0.14440170368395053,0.09025106480246907,False,False,False,False
2026-09-17 11:17:33.420034,JD,none,68985.0,103104.375,0.0,,0.0,,False,False,,0.13988115627751935,0.23313526046253225,False,False,False,False
2026-09-17 11:17:33.606361,ABNB,none,18218.0,35222.8,-0.20419194042400063,,0.8499999999999964,,False,False,,0.6622028375717517,0.39732170254305105,False,False,True,True
2026-09-17 11:17:33.790864,FRSH,none,60330.0,51483.6,0.15649452269171635,,0.28571428571430385,,False,False,,0.4457562336476934,0.2377366579454365,False,False,False,False
2026-09-17 11:17:33.975683,TMO,none,26089.0,62162.0,-0.07332386233445125,,0.3870967741935602,,False,False,,0.16310565599676916,0.30582310499394216,False,False,True,True
2026-09-17 11:17:34.161997,HALO,none,24207.0,21360.0,-0.11826783114992308,,0.3714285714285494,,False,False,,0.6119265544360285,0.40795103629068563,True,False,False,False
2026-09-17 11:17:34.346216,ISRG,none,24164.0,23469.6,-0.247629083245521,,0.7286821705426545,,False,False,,0.2974990364067662,0.7437475910169156,False,True,True,True
2026-09-17 11:17:34.530352,AA,none,26044.0,30782.666666666668,-0.1914893617021349,,0.6000000000000284,,False,False,,0.18059960118347618,0.7901232551777083,False,False,True,False
2026-09-17 11:17:34.713459,ASTS,none,125075.0,267748.375,-0.8248730964466942,,0.7536231884057938,,False,False,,1.391676222355938,1.9483467112983135,False,False,True,True
2026-09-17 11:17:34.901421,NXT,none,36347.0,17420.8,0.43537753451921174,,0.6603773584905539,,False,False,,1.2320341106736739,0.2816077967254112,True,True,False,True
2026-09-17 11:17:35.088082,STX,none,53313.0,46664.666666666664,0.31681774179353817,,0.4012738853503173,,True,False,,0.16582381862691634,0.8291190931345817,False,False,False,False
2026-09-17 11:27:35.356296,ELVN,none,99705.0,78460.33333333333,-0.7417528791723511,,0.7037037037036964,,False,False,,2.220588503836207,2.5906865878089085,False,False,True,True
2026-09-17 11:27:35.542713,HPQ,none,156194.0,207833.66666666666,-0.059988002399529464,,0.2222222222222661,,False,False,,0.5725086163507154,0.6679267190758347,False,False,False,False
2026-09-17 11:27:35.729494,PYPL,none,56280.0,92192.4,0.24454477050414328,,0.7222222222222375,,False,False,,0.276915810482743,0.276915810482743,False,False,True,True
2026-09-17 11:27:35.911582,CSCO,none,114672.0,185985.66666666666,-0.0989920806335488,,0.47826086956520664,,False,False,,0.35413486298523456,0.21248091779114073,False,False,False,False
2026-09-17 11:27:36.165259,PATH,none,939649.0,1460009.0,0.07189072609633204,,0.2,,False,False,,0.34561181580527095,1.0080344627653737,False,False,False,False
2026-09-17 11:27:36.345607,DIS,none,89212.0,118507.75,0.06600037714500583,,0.4117647058823087,,False,False,,0.28176068338497273,0.33811282006196725,False,True,True,False
2026-09-17 11:27:36.523062,LUV,none,68187.0,94760.0,0.19743336623889016,,0.5,,False,False,,0.46452738769720214,0.06636105538531459,False,False,True,False
2026-09-17 11:27:36.703662,UAA,none,405876.0,125082.2,0.2049180327868809,,0.3333333333333235,,False,False,,0.24573470561804775,0.24573470561804775,False,True,True,False
2026-09-17 11:27:36.888393,XP,none,90802.0,56905.2,0.3487792725460901,,0.5,,True,False,,0.1363336091259611,0.08520850570372568,False,False,False,True
2026-09-17 11:27:37.072147,JD,none,54481.0,100284.125,-0.037369207772801054,,0.3333333333333728,,False,False,,0.13988115627751935,0.23313526046253225,False,False,False,False
2026-09-17 11:27:37.257231,ABNB,none,16204.0,26924.4,0.12040939193258102,,0.38461538461540984,,False,False,,0.7450330760850716,0.447019845651043,False,False,True,True
2026-09-17 11:27:37.447890,FRSH,none,30326.0,56620.0,-0.07812500000001221,,0.20000000000002843,,False,False,,0.4456457669257975,0.23767774236042533,False,False,False,False
2026-09-17 11:27:37.646978,TMO,none,54844.0,56112.0,0.24461465547554964,,0.765550239234449,,True,False,,0.12312522642865198,0.23085979955372246,False,False,True,True
2026-09-17 11:27:37.838468,HALO,none,35985.0,21379.8,0.12755102040816377,,0.4827586206896704,,False,False,,0.5551195191547408,0.37007967943649384,True,True,False,False
2026-09-17 11:27:38.025743,ISRG,none,15898.0,23013.6,0.33551727781888374,,0.9338235294117838,,True,False,,0.329147853796899,0.8228696344922475,False,True,True,True
2026-09-17 11:27:38.216244,AA,none,23386.0,27962.0,0.10658708164571364,,0.3846153846154309,,False,False,,0.10771103995726115,0.4712357998130175,False,False,False,False
2026-09-17 11:27:38.404295,ASTS,none,128242.0,218712.875,-0.3920313625089966,,0.6202531645569507,,False,False,,1.136076078024582,1.5905065092344148,False,False,True,True
2026-09-17 11:27:38.592554,NXT,none,67161.0,22645.4,0.27217617221328577,,0.37931034482758536,,False,False,,1.2591927335792152,0.28781548196096346,True,True,False,True
2026-09-17 11:27:38.772488,STX,none,62933.0,49175.666666666664,0.5224712766090686,,0.4562363238511997,,True,False,,0.19259271542207781,0.962963577110389,False,True,False,False
2026-09-17 11:37:39.035406,ELVN,none,10087.0,93122.66666666667,-0.11799410029498972,,0.1578947368421102,,False,False,,1.2273256101378909,1.4318798784942062,False,False,False,False
2026-09-17 11:37:39.220674,HPQ,none,75577.0,206730.66666666666,-0.06000600060004807,,0.2857142857142277,,False,False,,0.6023216036627433,0.7027085376065338,False,False,False,False
2026-09-17 11:37:39.407195,PYPL,none,117476.0,83663.2,0.03753049352599573,,0.22222222222224855,,False,False,,0.35587053586989853,0.35587053586989853,True,True,False,False
2026-09-17 11:37:39.592724,CSCO,none,115977.0,165531.66666666666,0.009009009009013618,,0.028571428571442493,,False,False,,0.3422339635382195,0.20534037812293168,False,False,False,False
2026-09-17 11:37:39.773581,PATH,none,1185995.0,1461054.4,0.0,,0.0,,False,False,,0.3456118158052709,1.0080344627653735,False,False,False,False
2026-09-17 11:37:39.947730,DIS,none,85170.0,109447.75,-0.0188483649043408,,0.09999999999997869,,False,False,,0.25556055306897274,0.30667266368276724,False,True,False,False
2026-09-17 11:37:40.126783,LUV,none,56975.0,86148.4,-0.1477104874445967,,0.6666666666666403,,False,True,,0.5684086062855648,0.08120122946936639,False,False,True,True
2026-09-17 11:37:40.311424,UAA,none,766199.0,177008.2,-0.204081632653075,,0.20000000000001422,,False,False,,0.20491872117338072,0.20491872117338072,True,True,False,False
2026-09-17 11:37:40.497229,XP,none,67569.0,64108.4,0.7447864945382253,,0.8823529411764534,,True,False,,0.17607403570522054,0.11004627231576283,False,False,True,True
2026-09-17 11:37:40.679774,JD,none,49290.0,89843.875,0.14953271028037066,,1.0,,True,False,,0.11891324640518994,0.19818874400864991,False,False,True,True
2026-09-17 11:37:40.864816,ABNB,none,14900.0,22858.6,0.048105832832221335,,0.258064516128979,,False,False,,0.4820026191939058,0.2892015715163435,False,False,False,False
2026-09-17 11:37:41.047712,FRSH,none,21180.0,49589.2,0.0,,0.0,,False,False,,0.39866073171453087,0.21261905691441646,False,False,False,False
2026-09-17 11:37:41.236362,TMO,none,65049.0,50524.0,0.355312919360748,,0.8175438596491632,,True,False,,0.12226869179318577,0.2292537971122233,False,False,True,True
2026-09-17 11:37:41.418881,HALO,none,9117.0,21280.2,-0.09100009100008583,,0.5882352941176077,,False,False,,0.36185730146892203,0.24123820097928134,False,False,False,False
2026-09-17 11:37:41.613030,ISRG,none,18902.0,18979.6,-0.050044776905651824,,0.1792452830188654,,False,False,,0.2860614368155652,0.7151535920389129,False,True,False,False
2026-09-17 11:37:41.797149,AA,none,40484.0,29198.333333333332,0.2342419080068131,,0.6111111111110848,,True,False,,0.10782569838903855,0.47173743045204364,False,True,True,False
2026-09-17 11:37:41.984785,ASTS,none,127445.0,193046.875,-0.15263496143958685,,0.2638888888888862,,False,False,,1.2386703207747076,1.7341384490845908,False,False,False,False
2026-09-17 11:37:42.176685,NXT,none,13882.0,29582.4,0.9138058779945601,,1.0,,False,False,,0.9485433593994709,0.21680991071987907,False,False,True,True
2026-09-17 11:37:42.360701,STX,none,71883.0,58566.333333333336,0.06855803749500829,,0.09075907590758407,,False,False,,0.27333139390002376,1.3666569695001187,False,True,False,False
2026-09-17 11:47:42.609081,ELVN,none,12977.0,56155.333333333336,0.45302343903879627,,0.7187499999999896,,False,False,,1.3065224262427817,1.5242761639499118,False,False,True,True
2026-09-17 11:47:42.793664,HPQ,none,107218.0,153083.0,0.2101471029720813,,0.6363636363636422,,False,False,,0.30033665403653326,0.3503927630426221,False,False,False,True
2026-09-17 11:47:42.981391,PYPL,none,63561.0,84213.4,0.11254924029261895,,0.749999999999889,,False,False,,0.3821418813380955,0.3821418813380955,False,True,True,True
2026-09-17 11:47:43.158719,CSCO,none,99298.0,148333.0,-0.12610340479192989,,0.7777777777778129,,False,False,,0.21026342555671265,0.12615805533402757,False,False,True,True
2026-09-17 11:47:43.339213,PATH,none,1509413.0,1447704.4,-0.07183908045976858,,0.2,,False,False,,0.2420146935031118,0.7058761893840761,False,False,False,False
2026-09-17 11:47:43.629730,DIS,none,76264.0,104912.75,0.08484162895927923,,0.4090909090909267,,False,False,,0.15008425989910468,0.18010111187892563,False,True,True,False
2026-09-17 11:47:43.813633,LUV,none,69539.0,75884.2,0.12324377618929544,,0.5,,False,False,,0.5344500485514703,0.07635000693592432,False,False,True,False
2026-09-17 11:47:43.998698,UAA,none,288629.0,308904.4,-0.40816326530613184,,0.6666666666666765,,False,True,,0.16359952409003442,0.16359952409003442,False,False,True,False
2026-09-17 11:47:44.184756,XP,none,347165.0,67780.4,0.2957121734844863,,0.40000000000001895,,True,False,,0.246998668801184,0.15437416800074,True,True,False,True
2026-09-17 11:47:44.436939,JD,none,19419.0,80027.5,-0.03731343283582673,,0.3333333333334123,,False,False,,0.1120344284654405,0.18672404744240084,False,False,False,False
2026-09-17 11:47:44.629761,ABNB,none,12249.0,21089.8,0.13220359353404174,,0.47826086956520664,,False,False,,0.4033135376312843,0.24198812257877056,False,False,True,True
2026-09-17 11:47:44.804165,FRSH,none,39459.0,48020.2,0.15637216575450627,,0.5000000000000222,,False,False,,0.1646513713401167,0.08781406471472891,False,False,True,False
2026-09-17 11:47:44.987478,TMO,none,62120.0,51728.25,0.1687212147927486,,0.6416184971098278,,True,False,,0.15183668097696718,0.2846937768318134,False,False,True,True
2026-09-17 11:47:45.174477,HALO,none,8820.0,17928.2,0.18216595318333967,,0.9523809523809266,,False,False,,0.36822195342059494,0.2454813022803966,False,False,True,True
2026-09-17 11:47:45.371774,ISRG,none,10212.0,19372.4,0.05005796185056321,,0.23170731707316988,,False,False,,0.2315305023033135,0.5788262557582838,False,True,False,False
2026-09-17 11:47:45.556212,AA,none,27868.0,29971.333333333332,-0.23369449755682906,,0.7857142857142785,,False,False,,0.1419515603612431,0.6210380765804385,False,False,True,True
2026-09-17 11:47:45.741735,ASTS,none,79118.0,171666.125,0.5309734513274309,,0.8048780487804764,,False,False,,1.0473249215233849,1.4662548901327388,False,False,True,True
2026-09-17 11:47:45.924366,NXT,none,36966.0,29868.4,-0.03671521233629535,,0.08333333333329715,,False,False,,1.3619518797639454,0.31130328680318753,True,True,False,False
2026-09-17 11:47:46.172521,STX,none,58138.0,62709.666666666664,-0.27030730327980657,,0.3640939597315345,,False,False,,0.1513078426496025,0.7565392132480125,False,False,False,False
2026-09-17 11:57:46.424298,ELVN,none,28402.0,40923.0,0.03919263178521658,,0.11764705882350482,,False,False,,1.312770418506137,1.5315654882571599,False,False,False,False
2026-09-17 11:57:46.607580,HPQ,none,90239.0,112996.33333333333,-0.17974835230677733,,0.6666666666666666,,False,False,,0.33014110597165885,0.385164623633602,False,False,False,True
2026-09-17 11:57:46.796614,PYPL,none,97522.0,84172.4,-0.1311352566504314,,0.5,,False,False,,0.43454112526851835,0.43454112526851835,False,True,False,False
2026-09-17 11:57:46.980780,CSCO,none,85059.0,109982.33333333333,-0.0450897285598315,,0.33333333333330173,,False,False,,0.1560696629563282,0.09364179777379693,False,False,False,False
2026-09-17 11:57:47.175089,PATH,none,2521397.0,1398136.6,-0.35945363048167295,,0.384615384615393,,False,False,,0.15520983003888897,0.4526953376134262,True,True,False,False
2026-09-17 11:57:47.353721,DIS,none,89243.0,102711.0,-0.10358790846595671,,0.45833333333334075,,False,False,,0.13542467342845768,0.16250960811414922,False,True,True,False
2026-09-17 11:57:47.533247,LUV,none,209654.0,74055.8,0.024618414574114025,,0.04166666666668887,,False,False,,0.48309473956154203,0.06901353422307743,True,True,False,False
2026-09-17 11:57:47.750844,UAA,none,929417.0,336884.6,0.2044989775051263,,0.20000000000001422,,True,False,,0.20433238165023915,0.20433238165023915,False,True,False,False
2026-09-17 11:57:47.937145,XP,none,172393.0,122882.8,-0.04916420845625154,,0.16666666666669627,,False,False,,0.2702645203663189,0.16891532522894934,False,False,False,False
2026-09-17 11:57:48.128618,JD,none,84800.0,61766.625,-0.037327360955573013,,0.1999999999999716,,False,False,,0.11203181694298808,0.18671969490498014,False,True,False,False
2026-09-17 11:57:48.316297,ABNB,none,14630.0,17732.8,-0.10802376522835433,,0.6666666666666666,,False,False,,0.39285834158508254,0.23571500495104952,False,False,True,True
2026-09-17 11:57:48.492808,FRSH,none,136406.0,45559.8,-0.4687500000000039,,0.6666666666666733,,False,True,,0.11729750653387046,0.06255867015139759,True,True,True,False
2026-09-17 11:57:48.673090,TMO,none,29871.0,52808.375,-0.21092244427246723,,0.5914893617021161,,False,False,,0.1408923907733501,0.26417323270003146,False,False,True,True
2026-09-17 11:57:48.860822,HALO,none,15740.0,16996.0,0.4547108039287014,,0.8620689655172439,,True,False,,0.3579497361415318,0.23863315742768787,False,False,True,True
2026-09-17 11:57:49.050133,ISRG,none,14451.0,18056.8,0.18959842001317373,,0.5538461538461942,,False,False,,0.20941759621043454,0.5235439905260864,False,True,True,True
2026-09-17 11:57:49.236772,AA,none,23846.0,30579.333333333332,0.08521516829995558,,0.571428571428557,,False,False,,0.1532062632558282,0.6702774017442483,False,False,True,False
2026-09-17 11:57:49.418915,ASTS,none,62604.0,130121.875,0.025618855477628714,,0.05303281405369045,,False,False,,1.1673861930742768,1.6343406703039876,False,False,False,False
2026-09-17 11:57:49.607327,NXT,none,18001.0,33870.0,0.049013601274361294,,0.09523809523810974,,False,False,,1.3527441628589028,0.3091986657963206,False,False,False,False
2026-09-17 11:57:49.793804,STX,none,49599.0,64318.0,0.23856511203816644,,0.6631944444444344,,True,False,,0.1435561028973139,0.7177805144865695,False,False,False,False
2026-09-17 12:07:50.071009,ELVN,none,16434.0,17155.333333333332,-0.4509803921568566,,0.6571428571428589,,False,False,,0.6102101711190026,0.711911866305503,False,False,True,False
2026-09-17 12:07:50.253466,HPQ,none,146311.0,91011.33333333333,0.2101471029720813,,0.5000000000000254,,False,False,,0.44990145587890673,0.5248850318587246,True,True,False,True
2026-09-17 12:07:50.437057,PYPL,none,58984.0,84833.0,-0.03751641343088187,,0.2857142857143292,,False,False,,0.4075575243808295,0.4075575243808295,False,False,False,False
2026-09-17 12:07:50.696363,CSCO,none,51558.0,100111.33333333333,0.00902119981958062,,0.07142857142860769,,False,False,,0.12013476157385,0.07208085694431,False,False,False,False
2026-09-17 12:07:50.880980,PATH,none,1744272.0,1611683.0,-0.5772005772005777,,0.8000000000000036,,False,True,,0.17241395315305305,0.5028740300297381,False,False,True,True
2026-09-17 12:07:51.059698,DIS,SELL,99004.0,100041.625,-0.27335281364879466,,0.8285714285714599,,False,True,,0.16485222489188978,0.19782266987026775,False,True,True,True
2026-09-17 12:07:52.782416,LUV,none,100664.0,101339.8,0.12309207287051764,,0.5555555555555819,,False,False,,0.44860349183238535,0.06408621311891219,False,False,True,True
2026-09-17 12:07:52.973028,UAA,none,103716.0,495164.0,0.4089979550102344,,0.6666666666666765,,True,False,,0.20433238165024278,0.20433238165024278,False,False,True,False
2026-09-17 12:07:53.149160,XP,none,118838.0,146858.0,-0.29498525073745685,,0.545454545454519,,False,True,,0.23813079371931867,0.14883174607457417,False,False,True,True
2026-09-17 12:07:53.327053,JD,none,85174.0,61004.0,0.1493094438223186,,0.7999999999999716,,True,False,,0.09102472251424226,0.15170787085707044,False,True,True,True
2026-09-17 12:07:53.510596,ABNB,none,4911.0,15240.2,-0.11414839291078266,,0.7037037037037427,,False,False,,0.36776071437071944,0.22065642862243168,False,False,True,True
2026-09-17 12:07:53.761822,FRSH,none,79935.0,57540.2,-0.0784929356357911,,0.2,,False,False,,0.2579225065338716,0.1375586701513982,False,False,False,False
2026-09-17 12:07:53.941064,TMO,none,60798.0,43850.0,-0.15053828842527966,,0.39919354838709753,,False,False,,0.14911067737813435,0.2795825200840019,False,False,True,True
2026-09-17 12:07:54.127666,HALO,none,14969.0,18773.8,0.24441024712591294,,0.6279069767441876,,False,False,,0.35053045188127696,0.23368696792085128,False,False,False,False
2026-09-17 12:07:54.326215,ISRG,none,19679.0,16725.4,0.231238175320579,,0.6567164179104288,,True,False,,0.20948340476011043,0.523708511900276,False,True,True,True
2026-09-17 12:07:54.509789,AA,none,18370.0,30732.666666666668,0.08514261387825937,,0.5714285714286584,,False,False,,0.14750708636362606,0.6453435028408641,False,False,True,False
2026-09-17 12:07:54.703551,ASTS,none,74361.0,116153.875,0.7609130957148601,,0.974358974358983,,False,False,,1.0045864770460171,1.4064210678644242,False,False,True,True
2026-09-17 12:07:54.885451,NXT,none,26630.0,34471.4,0.906751623575536,,0.770833333333333,,False,False,,1.1949618788364,0.27313414373403433,False,False,True,True
2026-09-17 12:07:55.066938,STX,none,33001.0,59873.333333333336,-0.43861288674566457,,0.8523002421307472,,False,False,,0.09623840880216354,0.4811920440108177,False,False,True,True
2026-09-17 12:17:55.312193,ELVN,none,10587.0,19271.0,0.07880220646177925,,0.11764705882352572,,False,False,,0.9431964629808695,1.100395873477681,False,False,False,False
2026-09-17 12:17:55.555411,HPQ,none,200607.0,114589.33333333333,0.05991611743557825,,0.22222222222216959,,False,False,,0.6000425582509399,0.7000496512927632,True,True,False,False
2026-09-17 12:17:55.738433,PYPL,none,83682.0,78764.6,0.09382623381498267,,0.5555555555555819,,False,False,,0.3942933220828499,0.3942933220828499,False,True,True,False
2026-09-17 12:17:55.928082,CSCO,none,67985.0,78638.33333333333,-0.10822510822509951,,0.6666666666665877,,False,True,,0.12014288878089467,0.0720857332685368,False,False,False,True
2026-09-17 12:17:56.127839,PATH,none,2056054.0,1580145.2,0.0,,0.0,,False,False,,0.25929216341720435,0.756268809966846,False,False,False,False
2026-09-17 12:17:56.304369,DIS,none,98946.0,91191.75,-0.037803610244784284,,0.40000000000002844,,False,False,,0.24144480114074898,0.2897337613688988,False,True,True,False
2026-09-17 12:17:56.481790,LUV,none,72626.0,101003.8,-0.09835259404966595,,0.3076923076923119,,False,True,,0.4312686821221897,0.06160981173174139,False,False,True,False
2026-09-17 12:17:56.657027,UAA,none,378841.0,498767.4,0.0,,0.0,,False,False,,0.2861319726522897,0.2861319726522897,False,False,False,False
2026-09-17 12:17:56.841526,XP,none,66911.0,159353.4,0.0986679822397611,,0.3333333333333136,,False,False,,0.2773483839620016,0.17334273997625102,False,False,False,True
2026-09-17 12:17:57.021806,JD,none,42889.0,58993.875,-0.0745156482861385,,0.3999999999999858,,False,False,,0.10503814032264988,0.1750635672044165,False,False,False,False
2026-09-17 12:17:57.206121,ABNB,none,15219.0,12578.8,-0.07820019249277878,,0.5652173913042834,,False,False,,0.3137345858627886,0.18824075151767317,False,False,True,True
2026-09-17 12:17:57.384613,FRSH,none,89837.0,61461.2,-0.3142183817753411,,0.8000000000000071,,False,True,,0.23452203041709402,0.12507841622245017,False,False,True,True
2026-09-17 12:17:57.568373,TMO,none,52676.0,46572.875,-0.13093190018726514,,0.49425287356322367,,False,False,,0.1517362372790607,0.28450544489823876,False,False,True,True
2026-09-17 12:17:57.753978,HALO,none,9495.0,16926.2,-0.15366537105667696,,0.4594594594594761,,False,False,,0.3959417216326333,0.2639611477550889,False,False,False,False
2026-09-17 12:17:57.939690,ISRG,none,18740.0,15828.4,0.1572368248643892,,0.652173913043532,,False,False,,0.20554958685812436,0.513873967145311,False,True,True,True
2026-09-17 12:17:58.124401,AA,none,39068.0,23361.333333333332,0.10633772862611049,,0.2777777777777624,,False,False,,0.10774727459601174,0.4713943263575514,False,True,False,False
2026-09-17 12:17:58.308245,ASTS,none,76515.0,114661.25,0.11922740640647919,,0.3001200480191946,,False,False,,1.2149901084484678,1.7009861518278546,False,False,True,False
2026-09-17 12:17:58.490003,NXT,none,17646.0,32528.0,0.0,,0.0,,False,False,,1.524923741175827,0.3485539979830462,False,False,False,False
2026-09-17 12:17:58.674897,STX,none,45014.0,46912.666666666664,0.23759800917879764,,0.5013192612137491,,True,False,,0.15791421701060626,0.7895710850530313,False,False,False,False
2026-09-17 12:27:58.953785,ELVN,none,25240.0,18474.333333333332,0.15729453401493962,,0.25806451612902487,,False,False,,0.5689752304038524,0.6638044354711612,False,False,False,False
2026-09-17 12:27:59.135811,HPQ,none,79536.0,145719.0,0.4191616766467083,,0.8750000000000222,,False,False,,0.44981157271443684,0.5247801681668429,False,False,True,True
2026-09-17 12:27:59.317023,PYPL,none,49738.0,84245.0,0.0,,0.0,,False,False,,0.28879034640043744,0.28879034640043744,False,False,False,False
2026-09-17 12:27:59.500694,CSCO,none,65262.0,68200.66666666667,0.0632111251580345,,0.3888888888889152,,False,False,,0.10822402440300775,0.06493441464180465,False,False,False,False
2026-09-17 12:27:59.678930,PATH,none,1009645.0,1803426.2,0.0,,0.0,,False,False,,0.2420383891540846,0.7059453016994134,False,False,False,False
2026-09-17 12:27:59.854282,DIS,none,68011.0,90290.375,-0.18908953389430164,,0.9090909090909267,,False,False,,0.23560139949009157,0.2827216793881099,False,True,True,True
2026-09-17 12:28:00.026795,LUV,none,35096.0,101891.6,0.17228648781688477,,0.5833333333333481,,False,False,,0.36191214158973284,0.051701734512818974,False,False,True,True
2026-09-17 12:28:00.215857,UAA,none,814365.0,493360.4,0.0,,0.0,,False,False,,0.2451483660949135,0.2451483660949135,False,True,False,False
2026-09-17 12:28:00.395275,XP,none,68246.0,154575.2,0.2464268112370661,,0.5555555555555644,,True,False,,0.23733057751298903,0.14833161094561814,False,False,True,True
2026-09-17 12:28:00.571582,JD,none,29431.0,57328.5,-0.07459903021260565,,0.5,,False,False,,0.11201094419713091,0.18668490699521817,False,False,False,False
2026-09-17 12:28:00.838243,ABNB,none,12836.0,12381.8,-0.12038040207053609,,0.9090909090908621,,False,False,,0.28840906619890727,0.17304543971934438,False,False,True,True
2026-09-17 12:28:01.021600,FRSH,none,27247.0,73363.4,-0.1576044129235585,,0.3333333333333235,,False,False,,0.30535004494969276,0.1628533573065028,False,False,True,False
2026-09-17 12:28:01.212450,TMO,none,30803.0,49735.125,-0.00304887344126068,,0.01599999999998545,,False,False,,0.15394903499068371,0.288654440607532,False,False,False,False
2026-09-17 12:28:01.399639,HALO,none,15498.0,11628.2,-0.2717883674578702,,0.5454545454545431,,False,True,,0.4053428878660981,0.27022859191073206,True,True,False,False
2026-09-17 12:28:01.584933,ISRG,none,9786.0,16396.8,0.06279927780830759,,0.2790697674418666,,False,False,,0.16276227814904567,0.4069056953726142,False,True,False,False
2026-09-17 12:28:01.766212,AA,none,29561.0,27094.666666666668,-0.06373486297004703,,0.23076923076923497,,False,False,,0.07378546954782012,0.322811429271713,False,True,False,False
2026-09-17 12:28:01.955986,ASTS,none,82539.0,102437.0,0.14343578746723717,,0.36119999999999663,,False,False,,0.9799437839369046,1.3719212975116664,False,False,True,False
2026-09-17 12:28:02.182661,NXT,none,26085.0,22625.0,0.37648773378674066,,0.8378378378378337,,False,False,,1.334400420626527,0.30500581042892044,False,False,True,True
2026-09-17 12:28:02.363103,STX,none,34283.0,42538.0,0.093578050332514,,0.21367521367521422,,False,False,,0.15246266799377142,0.7623133399688571,False,False,False,False
2026-09-17 12:38:02.639383,ELVN,none,12357.0,17420.333333333332,-0.29434850863422013,,0.5769230769230759,,False,False,,0.6870771326335755,0.8015899880725048,False,False,True,False
2026-09-17 12:38:02.823424,HPQ,none,193543.0,142151.33333333334,1.2224209898628613,,0.8367346938775552,,True,False,,0.6892248970543678,0.8040957132300959,False,True,True,True
2026-09-17 12:38:03.005684,PYPL,none,45702.0,70697.4,0.01875117194825636,,0.16666666666674562,,False,False,,0.26251900093224045,0.26251900093224045,False,False,False,False
2026-09-17 12:38:03.190448,CSCO,none,79255.0,61601.666666666664,0.009025270758127361,,0.07142857142860769,,False,False,,0.12030495546847642,0.07218297328108585,True,False,False,False
2026-09-17 12:38:03.377721,PATH,none,961974.0,1768156.2,-0.07251631617113696,,0.1999999999999929,,False,False,,0.2420383891540846,0.7059453016994134,False,False,False,False
2026-09-17 12:38:03.555749,DIS,none,77711.0,89099.0,0.03788955195605404,,0.2666666666667235,,False,False,,0.2741036435379452,0.3289243722455343,False,True,False,False
2026-09-17 12:38:03.737039,LUV,none,26196.0,97515.8,-0.024563989191839868,,0.14285714285711384,,False,False,,0.3791153418503344,0.054159334550047775,False,False,False,False
2026-09-17 12:38:03.917591,UAA,none,428830.0,502993.6,0.8163265306122456,,0.6666666666666617,,True,False,,0.20433203956429852,0.20433203956429852,False,False,True,False
2026-09-17 12:38:04.096700,XP,none,81195.0,154710.6,0.09832841691248562,,0.1999999999999929,,False,False,,0.15759302818480353,0.0984956426155022,False,False,False,False
2026-09-17 12:38:04.314238,JD,none,34727.0,54308.625,0.1493094438223186,,1.0,,True,False,,0.10499378140605642,0.17498963567676068,False,False,True,True
2026-09-17 12:38:04.522090,ABNB,none,11379.0,11969.0,0.1747935627749937,,0.743589743589695,,False,False,,0.33177380774189613,0.1990642846451377,False,False,True,True
2026-09-17 12:38:04.705730,FRSH,none,26210.0,74576.8,0.07892659826361316,,0.1999999999999929,,False,False,,0.35263136882676027,0.18807006337427215,False,False,False,False
2026-09-17 12:38:04.886939,TMO,none,50751.0,47781.25,-0.24696627843161237,,0.5625000000000024,,False,False,,0.13374141582897703,0.2507651546793319,False,False,True,True
2026-09-17 12:38:05.071448,HALO,none,17809.0,12904.4,0.027265291284196254,,0.08108108108108315,,False,False,,0.4704266673909005,0.3136177782606003,True,True,False,False
2026-09-17 12:38:05.257428,ISRG,none,12946.0,14573.6,-0.04183991004419994,,0.23529411764709324,,False,False,,0.16582335836568307,0.4145583959142077,False,True,False,False
2026-09-17 12:38:05.447638,AA,none,14876.0,28999.666666666668,-0.10631511800979006,,0.6250000000000666,,False,False,,0.06805738812651117,0.2977510730534864,False,False,True,False
2026-09-17 12:38:05.634019,ASTS,none,218980.0,94487.375,0.44550779638643556,,0.48413793103448294,,False,False,,0.9217837552465357,1.2904972573451499,True,True,True,False
2026-09-17 12:38:05.816623,NXT,none,17632.0,25065.6,0.30251694094869314,,0.7142857142857258,,False,False,,0.9582777196810535,0.21903490735566936,False,False,True,True
2026-09-17 12:38:05.991607,STX,none,36798.0,37432.666666666664,-0.14204722447199383,,0.4160583941605776,,False,False,,0.128298157709496,0.6414907885474801,False,False,False,False
2026-09-17 12:48:06.275835,ELVN,none,7881.0,16061.333333333334,-0.23617398149971372,,0.4800000000000182,,False,False,,0.530445249110939,0.6188527906294289,False,False,True,False
2026-09-17 12:48:06.501429,HPQ,none,295753.0,157895.33333333334,0.0,,0.0,,False,False,,1.7014987839451479,1.9850819146026726,True,True,False,False
2026-09-17 12:48:06.687617,PYPL,none,96358.0,67125.6,-0.11250703168947154,,0.8571428571427846,,False,False,,0.1968603530911866,0.1968603530911866,True,True,True,True
2026-09-17 12:48:06.873159,CSCO,none,99669.0,70834.0,-0.13537906137183348,,0.5357142857142531,,False,True,,0.12030766942750759,0.07218460165650455,True,False,False,True
2026-09-17 12:48:07.060588,PATH,none,823343.0,1658668.4,0.0,,0.0,,False,False,,0.24220092572481297,0.7064193666973712,False,False,False,False
2026-09-17 12:48:07.247483,DIS,none,68603.0,85445.125,-0.11361484567317226,,0.5714285714286101,,False,False,,0.2535668091307866,0.30428017095694393,False,True,True,False
2026-09-17 12:48:07.424501,LUV,none,34425.0,88847.2,-0.22113022113022948,,0.8181818181818534,,False,True,,0.3100394909521156,0.04429135585030223,False,False,True,True
2026-09-17 12:48:07.607794,UAA,none,76901.0,531033.8,0.0,,0.0,,False,False,,0.28596469262552127,0.28596469262552127,False,False,False,False
2026-09-17 12:48:07.793387,XP,none,100822.0,101516.6,-0.3438113948919464,,0.7777777777777821,,False,True,,0.1260116271332834,0.07875726695830212,False,False,True,True
2026-09-17 12:48:07.981821,JD,none,44875.0,50026.375,0.11181513231457749,,0.6000000000000142,,False,False,,0.13298930212274115,0.22164883687123524,False,False,False,False
2026-09-17 12:48:08.175702,ABNB,none,18896.0,11795.0,-0.06015761294591489,,0.45454545454543105,,False,False,,0.35732778928646736,0.21439667357188041,True,False,True,True
2026-09-17 12:48:08.355337,FRSH,none,15385.0,71927.0,-0.23640661938533775,,1.0,,False,True,,0.3293976985794923,0.17567877257572925,False,False,True,True
2026-09-17 12:48:08.547218,TMO,none,63118.0,50864.0,0.2460983476253823,,0.5366666666666712,,True,False,,0.15110565743869314,0.28332310769754965,False,False,True,True
2026-09-17 12:48:08.742865,HALO,none,8924.0,14702.2,0.06360167181536723,,0.2333333333333128,,False,False,,0.4146624291072088,0.2764416194048058,False,False,False,False
2026-09-17 12:48:08.933812,ISRG,none,17539.0,15120.4,0.25640354778787006,,0.6712328767123245,,True,False,,0.16385102593215586,0.40962756483038965,False,True,True,True
2026-09-17 12:48:09.121175,AA,none,18012.0,27835.0,-0.04257130693911457,,0.4999999999999112,,False,False,,0.07370338922825269,0.32245232787360545,False,False,False,False
2026-09-17 12:48:09.301640,ASTS,none,67182.0,106225.5,-0.44521684177265825,,0.7616216216216232,,False,False,,0.8032320989777048,1.1245249385687868,False,False,True,True
2026-09-17 12:48:09.487693,NXT,none,21703.0,21198.8,0.10857763300760455,,0.29032258064517014,,False,False,,1.1443389297097317,0.26156318393365297,False,False,False,False
2026-09-17 12:48:09.675897,STX,none,56015.0,38698.333333333336,-0.05989518342900152,,0.18461538461539806,,False,False,,0.07887054733055092,0.3943527366527546,False,True,False,False
2026-09-17 12:58:09.933000,ELVN,none,5309.0,15159.333333333334,0.0,,0.0,,False,False,,0.6878170241488735,0.8024531948403524,False,False,False,False
2026-09-17 12:58:10.117613,HPQ,none,194159.0,189610.66666666666,0.5598114319387296,,0.7600000000000193,,False,False,,1.6415826665095699,1.915179777594498,False,True,True,True
2026-09-17 12:58:10.302452,PYPL,none,37651.0,66892.8,0.05632745024408775,,0.5000000000000592,,False,False,,0.1838205956185147,0.1838205956185147,False,False,True,False
2026-09-17 12:58:10.625237,CSCO,none,64977.0,81395.33333333333,0.03615328994939104,,0.30769230769236655,,False,False,,0.13841030485866354,0.08304618291519812,False,False,False,False
2026-09-17 12:58:10.803633,PATH,none,1049641.0,1319057.6,0.07267441860464961,,0.1999999999999929,,False,False,,0.1559320544092115,0.4548018253602003,False,False,False,False
2026-09-17 12:58:10.988599,DIS,none,93249.0,82869.0,0.02843601895734705,,0.25,,False,False,,0.26844633054583866,0.32213559665500635,False,True,False,False
2026-09-17 12:58:11.179513,LUV,none,30216.0,53801.4,-0.09849790691947587,,0.4444444444444532,,False,True,,0.44759775554139647,0.06394253650591378,False,False,True,False
2026-09-17 12:58:11.371531,UAA,none,80516.0,360530.6,0.40567951318459355,,0.6666666666666765,,True,False,,0.24506489712449603,0.24506489712449603,False,False,True,False
2026-09-17 12:58:11.560307,XP,none,84172.0,87202.4,0.04928536224742022,,0.20000000000002843,,False,False,,0.17315517696299457,0.1082219856018716,False,False,False,False
2026-09-17 12:58:11.743368,JD,none,24762.0,48825.625,0.03723008190618601,,0.20000000000002843,,False,False,,0.14694791297432425,0.24491318829054037,False,False,False,False
2026-09-17 12:58:11.927442,ABNB,none,6539.0,12648.2,0.024083328315968475,,0.2499999999999556,,False,False,,0.3286080979170036,0.1971648587502022,False,False,False,False
2026-09-17 12:58:12.121225,FRSH,none,35900.0,47722.8,-0.15797788309636315,,0.5,,False,True,,0.25969468439509247,0.13850383167738264,False,False,True,False
2026-09-17 12:58:12.302461,TMO,none,47331.0,51898.25,0.2134569350633475,,0.7179487179486895,,True,False,,0.1512540266536764,0.28360129997564326,False,False,True,True
2026-09-17 12:58:12.487369,HALO,none,12021.0,13339.0,0.03631411711302046,,0.39999999999988634,,False,False,,0.2738631415464085,0.18257542769760568,False,False,False,False
2026-09-17 12:58:12.687135,ISRG,none,15178.0,15738.0,0.09133850048279515,,0.31250000000001904,,False,False,,0.17988425659808296,0.44971064149520745,False,True,True,True
2026-09-17 12:58:12.863581,AA,none,19573.0,20816.333333333332,0.021294718909706155,,0.07692307692306431,,False,False,,0.05669901011172044,0.2480581692387769,False,False,False,False
2026-09-17 12:58:13.047318,ASTS,none,54315.0,98593.0,0.015865460891635746,,0.03333333333332623,,False,False,,0.8198525612475991,1.1477935857466386,False,False,False,False
2026-09-17 12:58:13.236443,NXT,none,28975.0,21939.2,0.12049644535487232,,0.3225806451613302,,False,False,,1.186033751923002,0.2710934290109719,True,True,False,True
2026-09-17 12:58:13.421073,STX,none,62432.0,42365.333333333336,0.20241903238704573,,0.45125348189414766,,True,False,,0.049253409705584894,0.24626704852792447,False,True,False,False
2026-09-17 13:08:13.687723,ELVN,none,3518.0,8515.666666666666,-0.3747534516765381,,0.9500000000000106,,False,False,,0.5305224901339338,0.618942905156256,False,False,True,True
2026-09-17 13:08:13.874376,HPQ,none,170854.0,227818.33333333334,0.4980955171403299,,0.8499999999999609,,False,False,,1.782232421801591,2.079271158768523,False,False,True,True
2026-09-17 13:08:14.061280,PYPL,none,41725.0,62626.2,0.11259148057797387,,0.6666666666667193,,False,False,,0.19698832138775882,0.19698832138775882,False,False,True,False
2026-09-17 13:08:14.247009,CSCO,none,89389.0,81300.33333333333,0.07228044813877692,,0.42105263157894346,,False,False,,0.12037174805290125,0.07222304883174074,False,False,False,False
2026-09-17 13:08:14.512811,PATH,none,1669416.0,1180131.4,0.14524328249818136,,0.19999999999999646,,True,False,,0.03484577634618878,0.10163351434305061,False,False,False,False
2026-09-17 13:08:14.764073,DIS,none,216442.0,83878.875,0.08529188779378641,,0.28125000000000416,,False,False,,0.2714424724374031,0.3257309669248837,True,True,False,False
2026-09-17 13:08:14.947568,LUV,none,42297.0,39711.8,-0.12327416173571071,,0.3571428571428861,,False,True,,0.4303818393756672,0.061483119910809604,False,False,True,False
2026-09-17 13:08:15.127688,UAA,none,124109.0,355890.6,0.20202020202019771,,0.3333333333333235,,False,False,,0.24440120875936783,0.24440120875936783,False,False,True,False
2026-09-17 13:08:15.312788,XP,none,78763.0,80269.2,-0.049285362247402716,,0.16666666666663707,,False,False,,0.1338431948045887,0.08365199675286794,False,False,False,False
2026-09-17 13:08:15.692876,JD,none,32611.0,45759.625,-0.11164867882397148,,0.7499999999999778,,False,False,,0.1258911701541646,0.20981861692360768,False,False,True,True
2026-09-17 13:08:15.881929,ABNB,none,10817.0,12973.8,-0.1746041302908014,,0.6041666666666272,,False,True,,0.27456905916011515,0.1647414354960691,False,False,True,True
2026-09-17 13:08:16.090319,FRSH,SELL,143356.0,38915.8,-0.712025316455695,,0.9000000000000018,,False,True,,0.28354016863326414,0.1512214232710742,True,True,True,True
2026-09-17 13:08:17.829006,TMO,none,36606.0,49683.5,0.23586341225882104,,0.640495867768604,,True,False,,0.13706842822393636,0.25700330291988066,False,False,True,True
2026-09-17 13:08:18.014924,HALO,none,11308.0,12749.4,0.1362026695723288,,0.5357142857143038,,False,False,,0.19894853474176719,0.13263235649451144,False,False,False,False
2026-09-17 13:08:18.199758,ISRG,none,21964.0,14837.8,0.29722330856472073,,0.8906250000000083,,True,False,,0.14630833463701484,0.3657708365925372,False,True,True,True
2026-09-17 13:08:18.383185,AA,none,47312.0,17487.0,0.08519701810436453,,0.22222222222221782,,True,False,,0.045381638362296216,0.19854466783504593,False,True,False,False
2026-09-17 13:08:18.568477,ASTS,none,46512.0,89451.75,0.1586042823156248,,0.4587155963302743,,False,False,,0.7771120923263642,1.08795692925691,False,False,True,False
2026-09-17 13:08:18.761500,NXT,none,11476.0,22408.2,-0.43331728454501617,,0.6101694915254192,,False,True,,0.6356551271685376,0.14529260049566572,False,False,False,True
2026-09-17 13:08:18.951013,STX,none,54791.0,51748.333333333336,-0.7392171528297262,,0.8328651685393342,,False,True,,0.06739357338134018,0.3369678669067009,False,False,True,True
2026-09-17 13:18:19.260492,ELVN,none,8443.0,5569.333333333333,-0.11874134177716658,,0.3157894736842263,,False,False,,0.6109274331762519,0.7127486720389605,False,False,True,False
2026-09-17 13:18:19.438792,HPQ,none,166727.0,220255.33333333334,-0.02914602156807087,,0.07142857142860769,,False,False,,1.0579069490790596,1.2342247739255696,False,False,False,False
2026-09-17 13:18:19.623577,PYPL,none,40660.0,54234.8,-0.07497656982192905,,0.571428571428557,,False,False,,0.21012399412185265,0.21012399412185265,False,True,True,False
2026-09-17 13:18:19.808071,CSCO,none,57160.0,84678.33333333333,-0.009027715085303697,,0.07142857142850617,,False,False,,0.16254186630666764,0.09752511978400058,False,False,False,False
2026-09-17 13:18:19.994434,PATH,none,2706095.0,1102803.8,0.21754894851342377,,0.5000000000000148,,True,False,,0.06970416414575231,0.20330381209177756,True,True,False,True
2026-09-17 13:18:20.170951,DIS,none,88374.0,101401.125,0.15151515151516176,,0.6153846153846785,,False,False,,0.27158317832318657,0.32589981398782386,False,True,True,False
2026-09-17 13:18:20.347556,LUV,none,44191.0,33646.0,0.024685262898062495,,0.10000000000005685,,False,False,,0.4478269367558986,0.06397527667941408,True,False,False,False
2026-09-17 13:18:20.528112,UAA,none,52722.0,304944.2,-0.2012072434607603,,1.0,,False,False,,0.2848052491634074,0.2848052491634074,False,False,True,True
2026-09-17 13:18:20.710563,XP,none,61276.0,82639.6,0.049333991119889314,,0.0909090909091056,,False,False,,0.12594197560581138,0.07871373475363211,False,False,False,False
2026-09-17 13:18:20.896575,JD,none,35759.0,47408.625,0.03727171077153024,,0.2500000000000444,,False,False,,0.13982902877694176,0.2330483812949029,False,False,False,False
2026-09-17 13:18:21.156700,ABNB,none,19757.0,12093.4,0.20510345659649115,,1.0,,False,False,,0.3324114218389287,0.19944685310335722,True,False,True,True
2026-09-17 13:18:21.340733,FRSH,none,91658.0,49619.6,0.0,,0.0,,False,False,,0.4028822490373703,0.21487053281993085,False,True,False,False
2026-09-17 13:18:21.519074,TMO,none,54621.0,46494.25,-0.4158130358904331,,0.9448275862069071,,False,True,,0.1437826479705436,0.26959246494476924,False,False,True,True
2026-09-17 13:18:21.703846,HALO,none,5148.0,13112.0,-0.18140589569161256,,0.6666666666666825,,False,True,,0.1926619622074019,0.1284413081382679,False,False,False,False
2026-09-17 13:18:21.889186,ISRG,none,37128.0,15482.6,0.18196469884842045,,0.5109489051094791,,True,False,,0.1799050907250944,0.449762726812736,False,True,True,True
2026-09-17 13:18:22.076001,AA,none,25137.0,28299.0,0.25531914893616475,,0.7999999999999905,,True,False,,0.039750145054182735,0.17390688461204945,False,False,True,True
2026-09-17 13:18:22.263116,ASTS,none,99513.0,85376.0,0.34837688044338694,,0.7321131447587328,,False,False,,0.660746727010175,0.9250454178142449,True,True,True,True
2026-09-17 13:18:22.444213,NXT,none,24500.0,21174.2,0.33885997821614566,,0.823529411764701,,False,False,,0.938977226350049,0.21462336602286836,False,False,True,True
2026-09-17 13:18:22.626387,STX,none,21292.0,57746.0,0.5422503389064681,,0.9056603773584829,,True,False,,0.16692189477429556,0.8346094738714778,False,False,True,True
2026-09-17 13:28:22.904712,ELVN,none,6372.0,5756.666666666667,-0.0595001983339967,,0.4285714285714431,,False,False,,0.4934947934537047,0.5757439256959889,False,False,True,False
2026-09-17 13:28:23.085676,HPQ,none,161587.0,177246.66666666666,-0.3207932341790593,,0.7857142857142785,,False,False,,1.0870529706471304,1.2682284657549854,False,False,True,True
2026-09-17 13:28:23.267014,PYPL,none,27714.0,52419.2,-0.11254924029263229,,0.8571428571428862,,False,False,,0.262607592997203,0.262607592997203,False,False,True,True
2026-09-17 13:28:23.449191,CSCO,none,53888.0,70508.66666666667,-0.027088036117382516,,0.3750000000000222,,False,False,,0.0783076354489811,0.04698458126938866,False,False,False,False
2026-09-17 13:28:23.635362,PATH,none,1216453.0,1442093.8,0.0,,0.0,,False,False,,0.12191591178897401,0.3555880760511742,False,False,False,False
2026-09-17 13:28:23.817965,DIS,none,59908.0,101292.5,-0.018910741301068675,,0.16666666666674562,,False,False,,0.28656044177606316,0.34387253013127583,False,False,False,False
2026-09-17 13:28:23.995520,LUV,none,47778.0,35465.0,-0.1974333662389077,,0.40000000000002134,,False,True,,0.34450607931272287,0.04921515418753184,True,False,True,False
2026-09-17 13:28:24.186419,UAA,none,68565.0,152615.6,0.0,,0.0,,False,False,,0.32504669785555945,0.32504669785555945,False,False,False,False
2026-09-17 13:28:24.371388,XP,none,52319.0,81245.6,-0.1973359644795222,,0.571428571428557,,False,True,,0.09440712438706311,0.05900445274191444,False,False,True,True
2026-09-17 13:28:24.558757,JD,none,48064.0,41278.5,0.03725782414307587,,0.20000000000002843,,False,False,,0.13981859436743374,0.23303099061238955,False,True,False,False
2026-09-17 13:28:24.743997,ABNB,none,8689.0,13477.6,-0.03611412062114714,,0.42857142857128355,,False,False,,0.38324525455450176,0.22994715273270108,False,False,True,True
2026-09-17 13:28:24.928137,FRSH,none,171218.0,62501.8,0.15923566878980552,,0.4999999999999778,,False,False,,0.3556009251603027,0.18965382675216147,True,True,True,False
2026-09-17 13:28:25.107701,TMO,none,38925.0,49588.0,-0.05335935236990366,,0.2364864864864403,,False,False,,0.16427170713234018,0.30800945087313786,False,False,False,False
2026-09-17 13:28:25.399155,HALO,none,5510.0,11042.0,-0.10903143739778716,,0.40000000000001895,,False,True,,0.1601242723715491,0.10674951491436607,False,False,False,False
2026-09-17 13:28:25.584266,ISRG,none,30120.0,20951.0,0.1609261037713823,,0.712643678160921,,False,False,,0.20850479177472153,0.5212619794368039,False,True,True,True
2026-09-17 13:28:25.778536,AA,none,13120.0,30674.0,-0.021226915729140334,,0.09090909090907329,,False,False,,0.0964829029200628,0.42211270027527475,False,False,False,False
2026-09-17 13:28:25.962507,ASTS,none,57444.0,89989.625,-0.20504731861198022,,0.6845708267508921,,False,False,,0.7616086098119743,1.066252053736764,False,False,True,True
2026-09-17 13:28:26.161542,NXT,none,15247.0,20857.2,0.20484395710326753,,0.5312500000000167,,False,False,,0.9126377974506324,0.20860292513157314,False,False,False,True
2026-09-17 13:28:26.349112,STX,none,19358.0,46171.666666666664,0.06116666042517184,,0.21875000000000316,,False,False,,0.24731442068720666,1.2365721034360333,False,False,False,False
2026-09-17 13:38:26.613110,ELVN,none,6298.0,6111.0,0.0396589331747038,,0.11764705882354662,,False,False,,0.5529949917877014,0.6451608237523183,False,False,False,False
2026-09-17 13:38:26.799228,HPQ,none,130800.0,166389.33333333334,-0.11702750146284127,,0.3333333333333333,,False,False,,0.84803477288746,0.9893739017020367,False,False,False,False
2026-09-17 13:38:26.999158,PYPL,none,38452.0,48821.6,0.07511737089201717,,0.6666666666667062,,False,False,,0.32826624083826617,0.32826624083826617,False,True,True,False
2026-09-17 13:38:27.207692,CSCO,none,54756.0,66812.33333333333,-0.08129346942461314,,0.3599999999999568,,False,True,,0.07226413289430876,0.043358479736585256,False,False,False,False
2026-09-17 13:38:27.386223,PATH,none,891001.0,1492989.6,0.07246376811594048,,0.1999999999999929,,False,False,,0.10451199590790113,0.3048266547313783,False,False,False,False
2026-09-17 13:38:27.562996,DIS,none,94661.0,96405.5,0.15130023640661616,,0.7999999999999716,,False,False,,0.20704729416739875,0.24845675300087852,False,True,True,True
2026-09-17 13:38:27.745298,LUV,none,39372.0,39781.4,0.024727992087055183,,0.11111111111117251,,False,False,,0.4655146432456704,0.06650209189223863,False,False,False,False
2026-09-17 13:38:27.930209,UAA,none,40322.0,80562.6,0.20161290322580216,,0.4999999999999778,,True,False,,0.1617813917331103,0.1617813917331103,False,False,True,False
2026-09-17 13:38:28.114616,XP,none,100432.0,75470.4,0.34602076124567616,,1.0,,True,False,,0.11024833199778894,0.06890520749861809,False,False,True,True
2026-09-17 13:38:28.292844,JD,none,47833.0,36639.75,-0.11177347242921437,,1.0,,False,False,,0.11880891567757573,0.1980148594626262,False,True,True,True
2026-09-17 13:38:28.475560,ABNB,none,20194.0,12939.6,-0.07827081702691038,,0.6500000000000142,,False,False,,0.3000375892621938,0.1800225535573163,True,False,True,True
2026-09-17 13:38:28.660219,FRSH,none,33276.0,91503.4,0.31796502384737,,1.0,,False,False,,0.3796936463181604,0.20250327803635224,False,False,True,True
2026-09-17 13:38:28.849307,TMO,none,54929.0,46853.875,-0.11592611235680698,,0.6079999999999928,,False,False,,0.15455381352680259,0.2897884003627548,False,False,True,True
2026-09-17 13:38:29.035907,HALO,none,9444.0,8582.2,-0.06366530241019316,,0.3043478260869834,,False,False,,0.18956008497244184,0.1263733899816279,True,False,False,False
2026-09-17 13:38:29.220536,ISRG,none,40953.0,24385.8,0.2202757333886241,,0.8854166666667093,,False,False,,0.23708547826924525,0.5927136956731132,False,True,True,True
2026-09-17 13:38:29.404336,AA,none,17838.0,28523.0,-0.021231422505303632,,0.14285714285711384,,False,False,,0.0964648220719119,0.42203359656461453,False,False,False,False
2026-09-17 13:38:29.591167,ASTS,none,41810.0,87875.0,-0.18675450400945856,,0.5134782608695958,,False,False,,0.5879005544673244,0.8230607762542541,False,False,True,True
2026-09-17 13:38:29.777172,NXT,SELL,67739.0,20380.2,-0.20452358036573834,,0.4857142857142985,,False,True,,0.8442667087588344,0.192975247716305,True,True,False,True
2026-09-17 13:38:31.505066,STX,none,14182.0,31813.666666666668,-0.3080722410696502,,0.9610894941634586,,False,False,,0.22377235869356105,1.1188617934678051,False,False,True,True
2026-09-17 13:48:31.764728,ELVN,none,3077.0,7037.666666666667,-0.13880626611144217,,0.6999999999999929,,False,False,,0.2179004732858671,0.2542172188335116,False,False,True,False
2026-09-17 13:48:31.950226,HPQ,none,207115.0,153038.0,-0.1756954612005715,,0.333333333333307,,False,False,,0.4669667572099715,0.5447945500783,False,True,False,False
2026-09-17 13:48:32.140048,PYPL,none,55605.0,37240.4,-0.16885553470918632,,0.6923076923076881,,False,False,,0.3020934782800481,0.3020934782800481,True,True,True,False
2026-09-17 13:48:32.319946,CSCO,none,101495.0,55268.0,-0.19887904538058113,,0.7333333333333365,,False,True,,0.0782728137515329,0.04696368825091974,True,False,True,True
2026-09-17 13:48:32.500676,PATH,none,505969.0,1506521.2,0.21723388848659927,,1.0,,True,False,,0.12190330025572686,0.3555512924125367,False,False,True,True
2026-09-17 13:48:32.677190,DIS,none,59100.0,95869.875,0.08497781134926202,,0.6428571428571646,,False,False,,0.24251498984297123,0.29101798781156546,False,False,True,False
2026-09-17 13:48:32.849283,LUV,SELL,83982.0,40770.8,-0.22244191794365648,,0.5625000000000083,,False,True,,0.3280330829154483,0.04686186898792119,True,True,True,True
2026-09-17 13:48:34.577224,UAA,none,125738.0,73246.8,0.20080321285140132,,0.3333333333333235,,False,False,,0.20210397237827077,0.20210397237827077,False,True,True,False
2026-09-17 13:48:34.759267,XP,none,62399.0,75392.4,0.3940886699507305,,0.7272727272727155,,True,False,,0.11060183061438572,0.06912614413399107,False,False,True,True
2026-09-17 13:48:34.944085,JD,none,100689.0,37257.75,0.0,,0.0,,False,False,,0.12579475770440246,0.20965792950733741,True,True,False,False
2026-09-17 13:48:35.124255,ABNB,none,10024.0,13199.2,0.07231093702922842,,0.7499999999999112,,False,False,,0.31090551171079117,0.1865433070264747,False,False,True,True
2026-09-17 13:48:35.300255,FRSH,none,21648.0,95081.6,0.1584786053882833,,0.5000000000000222,,False,False,,0.40416116765677,0.21555262275027737,False,False,True,False
2026-09-17 13:48:35.591025,TMO,none,28956.0,47135.5,0.31910832888005464,,0.757246376811567,,True,False,,0.15305323474375676,0.2869748151445439,False,False,True,True
2026-09-17 13:48:35.773450,HALO,none,4019.0,8686.2,-0.11830011830011417,,0.7647058823529067,,False,False,,0.18958299198657913,0.1263886613243861,False,False,True,True
2026-09-17 13:48:35.960542,ISRG,none,29524.0,29068.6,0.054301450624461386,,0.19444444444442835,,False,False,,0.22841480281342627,0.5710370070335657,False,True,False,False
2026-09-17 13:48:36.170576,AA,none,17165.0,18698.333333333332,0.0,,0.0,,False,False,,0.07940732991216232,0.3474070683657101,False,False,False,False
2026-09-17 13:48:36.356758,ASTS,none,69164.0,83536.875,-0.1505069708491744,,0.3333333333333333,,False,False,,0.6090027724682554,0.8526038814555575,False,False,True,False
2026-09-17 13:48:36.543801,NXT,none,14039.0,29587.4,-0.21702435495538053,,0.5806451612902945,,False,True,,0.911428871909528,0.20832659929360642,False,False,False,True
2026-09-17 13:48:36.738474,STX,none,17889.0,18277.333333333332,-0.005004441441775028,,0.03703703703700195,,False,False,,0.15191487340021503,0.7595743670010752,False,False,False,False
2026-09-17 13:58:37.009061,ELVN,none,6022.0,5249.0,0.17867778439548027,,0.5000000000000198,,False,False,,0.23796539762014268,0.2776262972234998,False,False,True,False
2026-09-17 13:58:37.195569,HPQ,none,248696.0,166500.66666666666,0.293341155764137,,0.4761904761904633,,False,False,,0.613516196842472,0.7157688963162173,False,True,False,False
2026-09-17 13:58:37.381229,PYPL,none,41173.0,40831.2,0.05638037962789163,,0.4285714285714431,,False,False,,0.3808631374056171,0.3808631374056171,False,True,False,False
2026-09-17 13:58:37.731656,CSCO,SELL,209499.0,70046.33333333333,-0.19021739130435503,,0.6774193548387304,,False,True,,0.20484036728171784,0.1229042203690307,True,True,False,True
2026-09-17 13:58:39.977110,PATH,none,684410.0,1397786.8,-0.07225433526011407,,0.25,,False,False,,0.15659757302739474,0.45674292132990135,False,False,False,False
2026-09-17 13:58:40.167271,DIS,none,60182.0,94756.0,0.028301886792453903,,0.5,,False,False,,0.2099800765476464,0.2519760918571756,False,False,True,False
2026-09-17 13:58:40.355581,LUV,none,46571.0,51524.0,0.024770869457530632,,0.08333333333337774,,False,False,,0.4147938906323748,0.05925627009033926,False,False,False,False
2026-09-17 13:58:40.561435,UAA,BUY,454237.0,82291.2,0.6012024048096064,,1.0,,True,False,,0.1611287123116323,0.1611287123116323,True,True,True,True
2026-09-17 13:58:42.282526,XP,none,55547.0,71037.8,-0.24521824423737473,,0.6249999999999944,,False,True,,0.16577035984691535,0.1036064749043221,False,False,True,True
2026-09-17 13:58:42.458633,JD,none,123518.0,46165.0,-0.0372995151062962,,0.3333333333332544,,False,False,,0.11180743953953888,0.18634573256589815,True,True,False,False
2026-09-17 13:58:42.645149,ABNB,none,16257.0,13896.2,0.012043114349376908,,0.11764705882357858,,False,False,,0.33984207693874713,0.2039052461632483,False,False,False,False
2026-09-17 13:58:42.824392,FRSH,none,109482.0,92231.2,-0.23734177215190772,,0.5000000000000148,,False,True,,0.40431138434434616,0.21563273831698462,False,False,True,False
2026-09-17 13:58:43.004597,TMO,none,30359.0,46904.625,0.24957769627611606,,0.7008547008546855,,True,False,,0.18465918028763617,0.3462359630393178,False,False,True,True
2026-09-17 13:58:43.190535,HALO,SELL,14953.0,7085.8,-0.35548263604047087,,0.8666666666666625,,False,True,,0.21909795241393287,0.14606530160928857,True,True,True,True
2026-09-17 13:58:43.378389,ISRG,none,33746.0,31937.8,0.13953488372093553,,0.5869565217391788,,False,False,,0.21952591084742612,0.5488147771185653,False,True,True,True
2026-09-17 13:58:43.567359,AA,SELL,36619.0,16041.0,-0.36108751062022454,,0.8499999999999964,,False,True,,0.011322223529185056,0.04953472794018462,False,True,True,True
2026-09-17 13:58:43.753838,ASTS,none,30999.0,81865.0,0.2934179222839053,,0.6983767459418807,,False,False,,0.6112125172751108,0.8556975241851551,False,False,True,True
2026-09-17 13:58:43.940362,NXT,none,22159.0,26600.2,-0.3383276945384257,,0.8750000000000222,,False,True,,0.9789984086298836,0.2237710648296877,False,False,True,True
2026-09-17 13:58:44.125577,STX,none,19963.0,17143.0,-0.14632682158133928,,0.3323863636363753,,False,False,,0.06237389048943284,0.31186945244716424,False,False,False,False
2026-09-17 14:08:46.552459,ELVN,none,11642.0,5132.333333333333,-0.33716779055930524,,0.7083333333333346,,False,False,,0.3571429836816262,0.41666681429523056,False,True,True,True
2026-09-17 14:08:46.735971,HPQ,none,238953.0,195537.0,0.3217315004387231,,0.7333333333333018,,False,False,,0.5860641184275498,0.6837414714988082,False,True,True,True
2026-09-17 14:08:46.921146,PYPL,none,37645.0,40720.8,0.11269722013522758,,0.749999999999889,,False,False,,0.3415153667405595,0.3415153667405595,False,True,True,True
2026-09-17 14:08:47.103788,CSCO,none,92749.0,121916.66666666667,-0.07260186949813803,,0.6666666666666272,,False,False,,0.31359327073969956,0.18815596244381974,False,False,False,True
2026-09-17 14:08:47.282423,PATH,none,562739.0,1200785.6,0.43383947939262835,,0.8571428571428608,,True,False,,0.1390802256902586,0.4056506582632543,False,False,True,True
2026-09-17 14:08:47.463098,DIS,none,67580.0,92564.875,0.11318619128466756,,0.8000000000000758,,False,False,,0.20698393118402134,0.24838071742082563,False,True,True,True
2026-09-17 14:08:47.644076,LUV,BUY,109958.0,52378.8,0.4705299653293653,,0.9500000000000088,,True,False,,0.34584158603764875,0.04940594086252125,True,True,True,True
2026-09-17 14:08:47.826167,UAA,none,208234.0,148316.8,-0.3984063745019836,,0.666666666666647,,False,True,,0.24096515286951403,0.24096515286951403,False,True,True,False
2026-09-17 14:08:48.009161,XP,none,85439.0,66394.6,0.24570024570023172,,0.62499999999995,,True,False,,0.19711962096531088,0.12319976310331929,False,False,True,True
2026-09-17 14:08:48.190131,JD,none,193717.0,57263.875,-0.037327360955573013,,0.1999999999999716,,False,False,,0.09080557790528469,0.15134262984214114,True,True,False,False
2026-09-17 14:08:48.375709,ABNB,none,7908.0,14984.2,0.04215343851619486,,0.5384615384615048,,False,False,,0.24230546737389236,0.14538328042433543,False,False,True,True
2026-09-17 14:08:48.561327,FRSH,none,52402.0,85456.4,0.3169572107765525,,0.8000000000000071,,True,False,,0.26190632105321,0.13968337122837868,False,False,True,True
2026-09-17 14:08:48.750522,TMO,none,56588.0,44355.625,-0.053130929791274796,,0.25362318840581444,,False,False,,0.18492032207208653,0.34672560388516227,False,False,False,False
2026-09-17 14:08:48.935018,HALO,none,12397.0,7814.8,-0.10064964772623243,,0.4074074074074113,,False,False,,0.2980387403424641,0.1986924935616427,True,True,False,False
2026-09-17 14:08:49.120065,ISRG,none,58282.0,34294.2,-0.1057873416415017,,0.2992700729926765,,False,False,,0.18168068888491767,0.4542017222122942,False,True,False,False
2026-09-17 14:08:49.302442,AA,none,35050.0,23874.0,0.44766574291196093,,0.8400000000000034,,True,False,,0.10195171550014084,0.44603875531311615,False,True,True,True
2026-09-17 14:08:49.510056,ASTS,none,142165.0,58367.375,0.36369386464262626,,0.7187499999999896,,False,False,,0.5636844316180701,0.7891582042652981,True,True,True,True
2026-09-17 14:08:49.693442,NXT,none,26382.0,28736.8,0.27888929307627497,,0.6969696969697127,,False,False,,0.9125056956252704,0.20857273042863325,False,False,False,True
2026-09-17 14:08:49.880335,STX,none,14887.0,17344.666666666668,-0.25931725649859694,,0.6106194690265658,,False,False,,0.07656725068212743,0.38283625341063715,False,False,False,False
2026-09-17 14:18:50.151139,ELVN,none,5860.0,6913.666666666667,-0.8948101014118031,,1.0,,False,True,,0.6546518410662276,0.7637604812439323,False,False,True,True
2026-09-17 14:18:50.336013,HPQ,none,211939.0,231588.0,-0.02915451895043152,,0.09090909090907329,,False,False,,0.7907681174034316,0.9225628036373368,False,False,False,False
2026-09-17 14:18:50.519477,PYPL,none,52978.0,40117.8,0.0,,0.0,,False,False,,0.3679198219598685,0.3679198219598685,True,True,False,False
2026-09-17 14:18:50.694185,CSCO,none,91506.0,134581.0,0.027243007628043166,,0.20000000000001894,,False,False,,0.3077988707887161,0.18467932247322966,False,False,False,False
2026-09-17 14:18:50.910816,PATH,none,1723887.0,772114.4,0.0,,0.0,,False,False,,0.1909899531012677,0.5570540298786975,True,True,False,False
2026-09-17 14:18:51.094835,DIS,none,59071.0,92437.0,-0.056529112492936004,,0.4285714285714431,,False,False,,0.2068499766876136,0.2482199720251363,False,False,True,False
2026-09-17 14:18:51.277816,LUV,none,86962.0,65532.2,-0.3450825733300482,,0.7777777777777821,,False,True,,0.6579328777395608,0.09399041110565154,True,False,True,True
2026-09-17 14:18:51.463121,UAA,none,174707.0,179419.2,-0.3999999999999915,,0.6666666666666666,,False,True,,0.28040497907775874,0.28040497907775874,False,False,True,False
2026-09-17 14:18:51.654485,XP,none,215188.0,71227.2,-0.4411764705882346,,0.8181818181818211,,False,True,,0.22853822169816565,0.14283638856135353,False,False,True,True
2026-09-17 14:18:51.842304,JD,none,85060.0,75869.125,-0.07468259895444201,,0.5,,False,False,,0.07683912077547134,0.12806520129245225,False,True,False,False
2026-09-17 14:18:52.034262,ABNB,none,19848.0,12614.4,-0.006018295618675316,,0.04347826086952761,,False,False,,0.14453545652571462,0.08672127391542878,True,False,False,False
2026-09-17 14:18:52.221553,FRSH,none,118307.0,77605.2,-0.1581027667984156,,0.5,,False,False,,0.3569934842861757,0.19039652495262707,False,False,True,False
2026-09-17 14:18:52.404985,TMO,none,73008.0,43539.375,0.3629957017663745,,0.8984962406014709,,True,False,,0.16562358028867577,0.31054421304126706,False,True,True,True
2026-09-17 14:18:52.588068,HALO,none,8990.0,9264.6,0.3112413035518157,,0.8095238095238143,,True,False,,0.26896649107492726,0.1793109940499515,False,False,True,True
2026-09-17 14:18:52.774565,ISRG,none,66419.0,38525.0,-0.11105371900826623,,0.248554913294799,,False,False,,0.16339812315525723,0.4084953078881431,False,True,False,False
2026-09-17 14:18:52.963675,AA,none,35751.0,29611.333333333332,0.16985138004245923,,0.4705882352941226,,False,False,,0.21566753427524948,0.9435454624542164,False,True,False,False
2026-09-17 14:18:53.169340,ASTS,none,125672.0,67740.25,0.09451795841210188,,0.23076923076923497,,False,False,,0.538208501264935,0.753491901770909,True,True,False,False
2026-09-17 14:18:53.353160,NXT,none,14842.0,29113.2,0.08463305525330359,,0.3684210526316222,,False,False,,0.8705262160273609,0.1989774208062539,False,False,False,True
2026-09-17 14:18:53.545490,STX,none,27021.0,17579.666666666668,0.13818053915534292,,0.3333333333333448,,True,False,,0.0684414199202852,0.342207099601426,False,True,False,False
2026-09-17 14:28:53.864208,ELVN,none,158751.0,7841.333333333333,-0.06015640665729704,,0.09677419354836714,,False,False,,1.4106556763665885,1.6457649557610199,True,True,False,False
2026-09-17 14:28:54.050542,HPQ,none,153159.0,233196.0,0.0,,0.0,,False,False,,0.6442271751532916,0.7515983710121736,False,False,False,False
2026-09-17 14:28:54.236913,PYPL,none,42438.0,45170.6,0.037523452157604366,,0.4000000000000853,,False,False,,0.28913535375502586,0.28913535375502586,False,True,False,False
2026-09-17 14:28:54.423522,CSCO,none,99083.0,131251.33333333334,0.11803159615034997,,0.4999999999999727,,False,False,,0.19337484562035748,0.11602490737221448,False,False,False,False
2026-09-17 14:28:54.611473,PATH,none,1154257.0,873601.2,-0.07204610951009771,,0.2500000000000333,,False,False,,0.1909899531012677,0.5570540298786975,False,False,False,False
2026-09-17 14:28:54.786226,DIS,none,56560.0,88164.75,0.02828054298642641,,0.2727272727272845,,False,False,,0.21562906841748514,0.2587548821009822,False,False,False,False
2026-09-17 14:28:54.957676,LUV,none,55370.0,73369.0,0.07418397626113041,,0.3000000000000071,,False,False,,0.761287322703359,0.10875533181476557,False,False,True,False
2026-09-17 14:28:55.138276,UAA,none,132969.0,200647.6,0.40160642570280264,,0.6666666666666666,,True,False,,0.36040497907775704,0.36040497907775704,False,False,True,False
2026-09-17 14:28:55.318268,XP,none,54520.0,103801.0,-0.09852216748768262,,0.40000000000001423,,False,False,,0.2675527026755597,0.1672204391722248,False,False,False,True
2026-09-17 14:28:55.496863,JD,none,59450.0,83406.375,0.03736920777278778,,0.3333333333332544,,False,False,,0.08386146772201936,0.13976911287003224,False,False,False,False
2026-09-17 14:28:55.680121,ABNB,none,18158.0,14846.2,-0.16254289326350624,,0.7297297297297484,,False,True,,0.12647796152423152,0.07588677691453892,False,False,True,True
2026-09-17 14:28:55.894081,FRSH,none,51146.0,67023.0,-0.07917656373714618,,0.2500000000000333,,False,False,,0.3566536136887588,0.1902152606340047,False,False,False,False
2026-09-17 14:28:56.097310,TMO,none,41274.0,46749.0,0.3420252130090638,,0.9262295081966969,,True,False,,0.1805774569589785,0.3385827317980847,False,False,True,True
2026-09-17 14:28:56.284605,HALO,none,10454.0,9960.6,0.10938924339105774,,0.7999999999999811,,False,False,,0.3417620428903775,0.2278413619269183,True,False,True,True
2026-09-17 14:28:56.473624,ISRG,none,34546.0,45784.8,0.13960342286911415,,0.38848920863311204,,False,False,,0.15142875081210935,0.3785718770302734,False,True,True,True
2026-09-17 14:28:56.658733,AA,none,24165.0,35806.666666666664,0.1271725307333664,,0.8571428571428862,,False,False,,0.2609612356199053,1.1417054058370857,False,False,True,True
2026-09-17 14:28:56.843770,ASTS,none,79804.0,76659.875,-0.10855884203902236,,0.40612124779283854,,False,False,,0.5627874067400808,0.787902369436113,True,True,True,False
2026-09-17 14:28:57.029550,NXT,none,24925.0,29032.2,0.08456148828218553,,0.2592592592592378,,False,False,,0.7863785847323862,0.17974367651025971,False,False,False,False
2026-09-17 14:28:57.214834,STX,none,20622.0,20623.666666666668,0.13171759747103068,,0.4375000000000326,,True,False,,0.09063743620587984,0.4531871810293992,False,False,False,False
2026-09-17 14:38:57.491624,ELVN,none,13213.0,58751.0,-0.1403931006819099,,0.4375000000000111,,False,False,,1.2921342986284052,1.5074900150664727,False,False,True,False
2026-09-17 14:38:57.677972,HPQ,none,157349.0,201350.33333333334,0.3206997084548089,,0.6470588235294019,,False,False,,0.35088601938915465,0.4093670226206804,False,False,False,True
2026-09-17 14:38:57.860182,PYPL,none,40311.0,45967.8,-0.056274620146316144,,0.3750000000000222,,False,False,,0.26281961064093695,0.26281961064093695,False,True,False,False
2026-09-17 14:38:58.039679,CSCO,none,89672.0,94446.0,-0.02720348204570288,,0.1875000000000111,,False,False,,0.14525098218435412,0.08715058931061247,False,False,False,False
2026-09-17 14:38:58.216375,PATH,none,1146271.0,926252.4,0.14430014430015406,,0.6666666666666864,,False,False,,0.19088971503586546,0.5567616688546076,False,False,False,True
2026-09-17 14:38:58.392476,DIS,none,54480.0,68179.5,-0.04712091226085869,,0.29411764705880383,,False,False,,0.19781302316518518,0.2373756277982222,False,True,False,False
2026-09-17 14:38:58.569375,LUV,none,49314.0,76568.6,-0.02470355731224805,,0.16666666666664692,,False,False,,0.7959065116252119,0.11370093023217312,False,False,False,False
2026-09-17 14:38:58.756560,UAA,none,232096.0,219177.0,0.0,,0.0,,False,False,,0.40040368357315703,0.40040368357315703,False,False,False,False
2026-09-17 14:38:58.936676,XP,none,36601.0,94618.6,-0.14792899408284582,,0.7500000000000444,,False,True,,0.22795292767428071,0.14247057979642544,False,False,True,True
2026-09-17 14:38:59.118929,JD,none,44205.0,86761.25,-0.07473841554560211,,0.6666666666667456,,False,False,,0.0699340668999224,0.11655677816653734,False,False,False,False
2026-09-17 14:38:59.305470,ABNB,none,16705.0,14439.0,-0.060306356289949535,,0.45454545454543105,,False,False,,0.17704120726618905,0.10622472435971343,False,False,True,True
2026-09-17 14:38:59.490570,FRSH,none,27221.0,70597.0,0.23752969121139636,,1.0,,False,False,,0.28501707565569157,0.15200910701636886,False,False,True,True
2026-09-17 14:38:59.677668,TMO,none,54975.0,47332.5,0.04373859403044769,,0.3052631578948036,,False,False,,0.19119363703400274,0.3584880694387551,False,False,True,True
2026-09-17 14:38:59.859097,HALO,none,3566.0,10162.6,0.0,,0.0,,False,False,,0.3582226616434887,0.23881510776232578,False,False,False,False
2026-09-17 14:39:00.042617,ISRG,SELL,26779.0,44503.4,-0.3408474707568346,,0.7904191616766351,,False,True,,0.13206739628742697,0.33016849071856746,False,True,True,True
2026-09-17 14:39:00.234920,AA,none,36983.0,31655.333333333332,0.0,,0.0,,False,False,,0.19858390765007644,0.8688045959690844,False,True,False,False
2026-09-17 14:39:00.419314,ASTS,none,52874.0,80821.375,-0.44896030245746155,,0.8769230769230587,,False,False,,0.5471482066536425,0.7660074893150994,False,False,True,True
2026-09-17 14:39:00.740545,NXT,none,28704.0,20469.4,-0.1449100350199306,,0.2727272727272845,,False,False,,0.7024051202738992,0.16054974177689127,True,True,False,False
2026-09-17 14:39:00.920727,STX,none,17465.0,20843.333333333332,0.12654738635794002,,0.7709923664122389,,True,False,,0.08820256552082843,0.4410128276041422,False,False,True,True
2026-09-17 14:49:01.207454,ELVN,none,8743.0,59274.666666666664,-0.12045773940976164,,0.545454545454569,,False,False,,1.09535960875101,1.277919543542845,False,False,True,False
2026-09-17 14:49:01.392767,HPQ,none,193678.0,174149.0,-0.058122638767788504,,0.1999999999999716,,False,False,,0.3498542274052404,0.40816326530611385,False,True,False,False
2026-09-17 14:49:01.581018,PYPL,none,50943.0,42909.0,-0.13138138138138192,,0.7777777777777515,,False,False,,0.1840129704469278,0.1840129704469278,False,True,True,True
2026-09-17 14:49:01.781378,CSCO,none,71134.0,93420.33333333333,-0.09977324263038498,,0.8461538461537789,,False,True,,0.11498539054939734,0.0689912343296384,False,False,True,True
2026-09-17 14:49:01.960180,PATH,none,1791408.0,1054312.8,0.0,,0.0,,False,False,,0.1733856164311186,0.505708047924096,False,True,False,False
2026-09-17 14:49:02.137363,DIS,none,128710.0,63942.75,-0.21687883074022063,,0.676470588235299,,False,True,,0.16518982339821547,0.19822778807785857,True,True,True,False
2026-09-17 14:49:02.322241,LUV,none,57462.0,69635.0,-0.4200642451198461,,0.8500000000000266,,False,True,,0.6574896591832258,0.09392709416903225,False,False,True,True
2026-09-17 14:49:02.505489,UAA,none,75727.0,240448.6,-0.3999999999999915,,1.0,,False,True,,0.36024304100287685,0.36024304100287685,False,False,True,True
2026-09-17 14:49:02.686776,XP,none,35379.0,89459.0,-0.14807502467917638,,0.7500000000000444,,False,True,,0.18856737953541913,0.11785461220963696,False,False,True,True
2026-09-17 14:49:02.875101,JD,SELL,165841.0,87817.0,-0.14964459408903535,,0.8000000000000285,,False,True,,0.07695907404506089,0.1282651234084348,False,True,True,True
2026-09-17 14:49:04.607461,ABNB,none,20641.0,15775.2,0.06638102709551941,,0.37931034482754566,,False,False,,0.16983845882262172,0.10190307529357302,False,False,True,True
2026-09-17 14:49:04.792785,FRSH,none,28232.0,71711.6,0.07898894154818158,,0.3333333333333333,,False,False,,0.3087324014026255,0.16465728074806696,False,False,True,False
2026-09-17 14:49:04.969091,TMO,none,42042.0,47376.75,-0.268314742236957,,0.9175257731958364,,False,False,,0.15398619284800422,0.2887241115900079,False,False,True,True
2026-09-17 14:49:05.160386,HALO,SELL,26240.0,10072.0,-0.2641165755919782,,0.7249999999999955,,False,True,,0.31563461905544765,0.21042307937029842,True,True,True,True
2026-09-17 14:49:05.348528,ISRG,none,35079.0,43954.4,-0.32124352331606454,,0.7005649717514023,,False,False,,0.20083844111919652,0.5020961027979913,False,True,True,True
2026-09-17 14:49:05.589176,AA,none,23105.0,32299.666666666668,-0.16938386618674212,,0.571428571428557,,False,False,,0.07920637620688684,0.3465278959051299,False,False,True,False
2026-09-17 14:49:05.831307,ASTS,none,52634.0,74991.5,-0.280809998417975,,0.6576509818451357,,False,False,,0.5785805260330408,0.8100127364462572,False,False,True,True
2026-09-17 14:49:06.011016,NXT,none,13919.0,23402.4,-0.07256894049347154,,0.5,,False,False,,0.6519250963190844,0.1490114505872193,False,False,False,True
2026-09-17 14:49:06.186228,STX,none,24727.0,21702.666666666668,0.28788504624936706,,0.8984375000000059,,True,False,,0.06607425383071895,0.33037126915359477,False,False,True,True
2026-09-17 14:59:06.490344,ELVN,none,14320.0,60235.666666666664,-0.2814636107760365,,0.6363636363636422,,False,False,,0.3210072467489686,0.37450845454046333,False,False,True,False
2026-09-17 14:59:06.668486,HPQ,none,189024.0,168062.0,-0.11631288165164044,,0.3333333333333136,,False,False,,0.37882234722259744,0.44195940509303033,False,True,False,False
2026-09-17 14:59:06.890365,PYPL,none,46937.0,44863.0,0.07518796992481043,,0.8000000000000285,,False,False,,0.236513671674371,0.236513671674371,False,True,True,True
2026-09-17 14:59:07.094729,CSCO,none,76721.0,86629.66666666667,0.0635612458004244,,0.5000000000000507,,False,False,,0.16333888055095855,0.09800332833057512,False,False,False,True
2026-09-17 14:59:07.278504,PATH,none,1906543.0,1275712.4,0.648414985590777,,0.8999999999999858,,True,False,,0.15604457596869123,0.4551300132420161,False,False,True,True
2026-09-17 14:59:07.458693,DIS,none,173938.0,72543.0,0.08505812305075457,,0.391304347826095,,False,False,,0.2270548513479504,0.2724658216175405,True,True,True,False
2026-09-17 14:59:07.639907,LUV,none,88691.0,71813.2,0.12406947890819918,,0.5000000000000355,,False,False,,0.9341950221468467,0.1334564317352638,True,False,True,True
2026-09-17 14:59:07.831104,UAA,none,72110.0,164746.6,0.0,,0.0,,False,False,,0.32000256004095384,0.32000256004095384,False,False,False,False
2026-09-17 14:59:08.015928,XP,none,75098.0,85425.4,0.34602076124567616,,0.8749999999999833,,True,False,,0.17302446440610741,0.10814029025381713,False,False,True,True
2026-09-17 14:59:08.204252,JD,none,68322.0,102539.125,0.14981273408239382,,0.6666666666666666,,True,False,,0.09803159340992829,0.16338598901654716,False,False,False,False
2026-09-17 14:59:08.457270,ABNB,none,10237.0,16652.0,0.006030999336584588,,0.09090909090899696,,False,False,,0.2024412064703072,0.12146472388218432,False,False,False,False
2026-09-17 14:59:08.641139,FRSH,none,34915.0,55461.6,0.3949447077409219,,1.0,,True,False,,0.26122655222150765,0.13932082785147076,False,False,True,True
2026-09-17 14:59:08.835297,TMO,none,33653.0,47766.375,0.09067964393126828,,0.43795620437957716,,False,False,,0.17548173183470955,0.3290282471900804,False,False,True,True
2026-09-17 14:59:09.018192,HALO,none,10335.0,12329.4,0.15523696466076312,,0.6538461538461833,,False,False,,0.28274283729399025,0.18849522486266015,False,False,False,False
2026-09-17 14:59:09.205114,ISRG,none,23379.0,44221.0,0.11176088369071002,,0.46739130434782544,,False,False,,0.2444485146220275,0.6111212865550688,False,True,True,True
2026-09-17 14:59:09.394676,AA,none,17678.0,28084.333333333332,0.0,,0.0,,False,False,,0.07908170584536227,0.34598246307345987,False,False,False,False
2026-09-17 14:59:09.578420,ASTS,none,67204.0,74390.25,-0.14281180577594954,,0.2923026956804234,,False,False,,0.6022563634724142,0.8431589088613798,False,False,False,False
2026-09-17 14:59:09.757563,NXT,none,63743.0,21754.4,0.04839099927414258,,0.10526315789475062,,False,False,,0.4658939684876164,0.1064900499400266,True,True,False,False
2026-09-17 14:59:09.943604,STX,none,26891.0,20938.0,0.12480499219968799,,0.4878048780487913,,True,False,,0.09102500501305628,0.4551250250652814,False,True,False,False
2026-09-17 15:09:10.218084,ELVN,BUY,63154.0,12092.0,1.3902881321781133,,0.9324324324324269,,True,False,,0.542314450867708,0.6327001926789927,True,True,True,True
2026-09-17 15:09:11.952785,HPQ,none,140922.0,180017.0,0.029112081513822444,,0.11111111111108479,,False,False,,0.4951352288742378,0.5776577670199441,False,False,False,False
2026-09-17 15:09:12.235678,PYPL,none,36746.0,46721.4,0.0,,0.0,,False,False,,0.21025719652707903,0.21025719652707903,False,True,False,False
2026-09-17 15:09:12.416333,CSCO,none,82104.0,79175.66666666667,-0.02722323049001918,,0.2,,False,False,,0.1270253136510082,0.07621518819060491,False,False,False,False
2026-09-17 15:09:12.598399,PATH,none,1474533.0,1544473.2,0.07158196134573934,,0.25,,False,False,,0.2075426974562469,0.6053328675807201,False,False,False,False
2026-09-17 15:09:12.785503,DIS,none,118100.0,82452.625,-0.16054396071395005,,0.7727272727272845,,False,False,,0.20635419092424367,0.24762502910909243,False,True,True,True
2026-09-17 15:09:12.970654,LUV,none,66574.0,67559.8,0.32218091697644474,,0.9285714285713923,,False,False,,0.6916726816520303,0.09881038309314719,False,False,True,True
2026-09-17 15:09:13.190104,UAA,none,163957.0,137521.8,0.0,,0.0,,False,False,,0.24032128514055712,0.24032128514055712,False,False,False,False
2026-09-17 15:09:13.371449,XP,none,35425.0,83357.2,0.24630541871921532,,1.0,,True,False,,0.1890757468933785,0.11817234180836156,False,False,True,True
2026-09-17 15:09:13.554756,JD,none,59994.0,105100.25,0.07482229704451768,,1.0,,False,False,,0.10516395496989943,0.1752732582831657,False,False,True,True
2026-09-17 15:09:13.738014,ABNB,none,14732.0,17117.8,-0.02412399734635549,,0.1999999999999716,,False,False,,0.18076774296254106,0.10846064577752464,False,False,False,False
2026-09-17 15:09:13.920998,FRSH,none,93411.0,51964.2,0.0,,0.0,,False,False,,0.2846228013108185,0.15179882736576988,False,False,False,False
2026-09-17 15:09:14.107265,TMO,none,65040.0,45106.875,-0.03774325528028141,,0.1262626262626251,,False,False,,0.17295708499215567,0.3242945343602919,False,False,False,False
2026-09-17 15:09:14.294224,HALO,none,6624.0,11917.0,0.09117432530998752,,0.5882352941176568,,False,False,,0.3023942713904213,0.2015961809269475,False,False,False,False
2026-09-17 15:09:14.479628,ISRG,none,31992.0,37240.4,-0.033740818604167104,,0.14285714285713394,,False,False,,0.24588216471383745,0.6147054117845936,False,True,False,False
2026-09-17 15:09:14.667806,AA,none,18802.0,25922.0,-0.10599957600170502,,0.5555555555555819,,False,False,,0.045169030983131235,0.19761451055119914,False,False,True,False
2026-09-17 15:09:14.862346,ASTS,none,68788.0,77564.5,0.6353829369269997,,0.8697826086956393,,True,False,,0.5885242702744425,0.8239339783842196,False,False,True,True
2026-09-17 15:09:15.048835,NXT,none,11768.0,29226.6,0.2296627583706004,,0.6551724137931136,,False,False,,0.30454516282612365,0.06961032293168541,False,False,False,True
2026-09-17 15:09:15.234606,STX,none,42509.0,23027.666666666668,0.10223164193989981,,0.2538699690402265,,True,False,,0.08987290413449918,0.4493645206724959,False,True,False,False
2026-09-17 15:19:15.464252,ELVN,none,14792.0,28739.0,-0.3180282250049765,,0.6400000000000148,,False,False,,1.7922094823639116,2.090911062757897,False,False,True,False
2026-09-17 15:19:15.669256,HPQ,none,275211.0,174541.33333333334,0.2619324796274837,,0.6428571428571972,,True,False,,0.2035476019332514,0.23747220225545995,True,True,False,True
2026-09-17 15:19:15.856061,PYPL,none,161957.0,43475.0,-0.11267605633803243,,0.40000000000001895,,False,False,,0.21025719652707903,0.21025719652707903,True,True,False,False
2026-09-17 15:19:16.040501,CSCO,none,104837.0,76653.0,0.045384405918123955,,0.3333333333333333,,False,False,,0.12703847928055237,0.07622308756833142,True,False,False,False
2026-09-17 15:19:16.224957,PATH,none,530789.0,1494602.4,-0.14306151645207132,,0.6666666666666666,,False,False,,0.22472236817922434,0.6554402405227377,False,False,False,True
2026-09-17 15:19:16.414081,DIS,none,94409.0,89827.625,-0.08513053348467974,,0.4090909090909267,,False,False,,0.22996861260070867,0.27596233512085044,False,True,True,False
2026-09-17 15:19:16.586730,LUV,none,68530.0,63482.2,-0.0494071146244961,,0.2857142857142277,,False,False,,0.675641522204508,0.09652021745778686,False,False,False,False
2026-09-17 15:19:16.762867,UAA,none,77149.0,135371.8,-0.40160642570282046,,0.6666666666666765,,False,True,,0.16032128514055882,0.16032128514055882,False,False,True,False
2026-09-17 15:19:16.942840,XP,none,67105.0,47404.6,0.19656019656019236,,0.571428571428557,,True,False,,0.15789637859433542,0.09868523662145963,False,False,True,True
2026-09-17 15:19:17.231296,JD,none,46806.0,100013.375,0.0,,0.0,,False,False,,0.11919313566574648,0.19865522610957748,False,False,False,False
2026-09-17 15:19:17.418535,ABNB,none,35440.0,16094.6,-0.07238072260088338,,0.4,,False,False,,0.19163116399914915,0.11497869839948949,True,True,True,True
2026-09-17 15:19:17.725559,FRSH,none,43802.0,46985.0,0.1573564122737968,,0.4999999999999778,,False,False,,0.23719197127129377,0.12650238467802336,False,False,True,False
2026-09-17 15:19:17.908028,TMO,none,40854.0,49617.375,-0.41995860839614674,,0.7743732590529103,,False,True,,0.14482057763217834,0.2715385830603344,False,False,True,True
2026-09-17 15:19:18.087540,HALO,none,5745.0,11443.8,0.05463983243784926,,0.4285714285714431,,False,False,,0.22317015922336314,0.14878010614890877,False,False,False,False
2026-09-17 15:19:18.270748,ISRG,none,34813.0,30355.0,0.1557672836781907,,0.6185567010309702,,False,False,,0.22732706861685367,0.5683176715421342,False,True,True,True
2026-09-17 15:19:18.458622,AA,none,18091.0,19861.666666666668,0.04243581582855086,,0.2499999999999556,,False,False,,0.0734355845835859,0.3212806825531883,False,False,False,False
2026-09-17 15:19:18.640702,ASTS,none,84448.0,77517.5,0.2998737373737338,,0.5070723245262855,,False,False,,0.7400480096737629,1.0360672135432683,True,True,True,True
2026-09-17 15:19:18.823450,NXT,none,45985.0,28611.8,0.31355523396045,,0.7647058823529486,,False,False,,0.40606595500823145,0.0928150754304529,True,True,True,True
2026-09-17 15:19:19.007649,STX,none,76929.0,31375.666666666668,-0.46786536427549197,,0.6113821138211389,,False,True,,0.08582028006482582,0.42910140032412913,True,True,False,False
2026-09-17 15:29:19.287218,ELVN,none,13489.0,30755.333333333332,-0.3787123779150983,,0.8260869565217458,,False,False,,1.9897799679591262,2.3214099626189806,False,False,True,True
2026-09-17 15:29:19.470760,HPQ,none,218621.0,201719.0,0.058055152394763485,,0.2499999999999556,,False,False,,0.4073574427929466,0.4752503499251044,False,True,False,False
2026-09-17 15:29:19.650151,PYPL,none,52942.0,67378.8,0.0,,0.0,,False,False,,0.2628640194533787,0.2628640194533787,False,True,False,False
2026-09-17 15:29:19.833006,CSCO,none,259029.0,87887.33333333333,-0.00907276356378617,,0.03703703703705653,,False,False,,0.0907792548057117,0.054467552883427015,True,True,False,False
2026-09-17 15:29:20.019295,PATH,none,1593713.0,1369908.8,0.3581661891117402,,0.6249999999999861,,True,False,,0.241766065845298,0.7051510253821192,False,False,False,True
2026-09-17 15:29:20.197738,DIS,none,142456.0,94106.0,0.13253810470510327,,0.5,,False,False,,0.24772756469202928,0.2972730776304351,True,True,True,False
2026-09-17 15:29:20.417711,LUV,none,44563.0,66114.2,0.07416563658836596,,0.3749999999999334,,False,False,,0.6582977190588638,0.0940425312941234,False,False,True,False
2026-09-17 15:29:20.606480,UAA,none,134607.0,124207.8,-0.40322580645160433,,0.6666666666666666,,False,True,,0.16032128514056238,0.16032128514056238,False,False,True,False
2026-09-17 15:29:20.828209,XP,none,96441.0,49921.6,-0.24521824423737473,,0.7142857142857215,,False,True,,0.17358246324593699,0.10848903952871061,False,False,True,True
2026-09-17 15:29:21.009101,JD,none,30130.0,90424.375,-0.07476635514018533,,0.6666666666666272,,False,False,,0.11219947658331594,0.18699912763885992,False,False,False,False
2026-09-17 15:29:21.199801,ABNB,none,14277.0,19551.0,0.024150214333147402,,0.18181818181814657,,False,False,,0.13753386160157544,0.08252031696094525,False,False,False,False
2026-09-17 15:29:21.384403,FRSH,none,41991.0,45516.2,-0.07855459544383178,,0.3333333333333333,,False,False,,0.26064592583228896,0.13901116044388748,False,False,True,False
2026-09-17 15:29:21.563370,TMO,none,39253.0,50929.25,-0.1593057304547144,,0.42510121457494127,,False,False,,0.16185866884418143,0.3034850040828402,False,False,True,True
2026-09-17 15:29:21.746961,HALO,none,23848.0,10502.0,-0.2002366433057239,,0.45833333333332715,,False,True,,0.2034603712802081,0.13564024752013873,True,True,False,False
2026-09-17 15:29:21.948468,ISRG,none,29259.0,30408.4,-0.09331501594131876,,0.5806451612903403,,False,False,,0.2312063952110321,0.5780159880275803,False,True,True,True
2026-09-17 15:29:22.135293,AA,none,35078.0,18190.333333333332,-0.0848356309650035,,0.36363636363635776,,False,False,,0.03958277115473491,0.1731746238019652,False,True,False,False
2026-09-17 15:29:22.321142,ASTS,none,77631.0,84198.625,-0.055070411454640214,,0.20588235294115434,,False,False,,0.7420654518893344,1.0388916326450681,False,False,False,False
2026-09-17 15:29:22.503510,NXT,none,46890.0,32823.8,-0.04808848280837491,,0.1818181818182112,,False,False,,0.5663615769830166,0.12945407473897522,True,True,False,False
2026-09-17 15:29:22.687676,STX,none,62092.0,48776.333333333336,-0.20872390951132017,,0.4651810584958526,,False,False,,0.11581699973584662,0.5790849986792331,False,True,False,False
2026-09-17 15:39:23.010389,ELVN,none,44028.0,30478.333333333332,0.040016006402567285,,0.2857142857143292,,False,False,,2.087028735098188,2.434866857614553,False,False,False,False
2026-09-17 15:39:23.193253,HPQ,none,291365.0,211584.66666666666,0.02901073397156371,,0.09090909090907329,,False,False,,0.34909971353606967,0.4072829991254146,False,True,False,False
2026-09-17 15:39:23.380243,PYPL,none,83662.0,69905.0,-0.1504042113179137,,0.7999999999999716,,False,False,,0.2234717853509574,0.2234717853509574,False,True,True,True
2026-09-17 15:39:23.566466,CSCO,none,153852.0,148656.66666666666,0.09072763563781013,,0.4761904761904311,,True,False,,0.0544535999812862,0.03267215998877172,False,False,False,False
2026-09-17 15:39:23.753541,PATH,none,1238574.0,1459397.2,-0.14265335235377727,,0.4,,False,False,,0.29309391660007866,0.8548572567502295,False,False,False,False
2026-09-17 15:39:23.932335,DIS,none,144850.0,103465.5,-0.009453582907926939,,0.05263157894739598,,False,False,,0.2537750376359154,0.30453004516309845,False,True,False,False
2026-09-17 15:39:24.117087,LUV,none,67372.0,65164.0,-0.09881422924900976,,0.3636363636363343,,False,False,,0.6929211745521464,0.0989887392217352,False,False,True,False
2026-09-17 15:39:24.295997,UAA,none,258806.0,104710.0,0.0,,0.0,,False,False,,0.24096644643088325,0.24096644643088325,False,True,False,False
2026-09-17 15:39:24.475534,XP,none,81777.0,61889.6,-0.442477876106194,,0.8999999999999858,,False,True,,0.18914874327066158,0.11821796454416349,False,False,True,True
2026-09-17 15:39:24.656591,JD,none,136136.0,69976.0,-0.03741114852226548,,0.3333333333334123,,False,False,,0.11921928799293077,0.1986988133215513,False,True,False,False
2026-09-17 15:39:24.842291,ABNB,none,72051.0,19065.4,-0.03621220351258511,,0.07317073170732045,,False,False,,0.11584017642749415,0.0695041058564965,True,True,False,False
2026-09-17 15:39:25.026995,FRSH,SELL,184722.0,48470.2,-0.3930817610062949,,0.8333333333333383,,False,True,,0.21295339710201963,0.11357514512107714,True,True,True,True
2026-09-17 15:39:25.207937,TMO,none,106499.0,48762.375,0.030392365437808936,,0.2564102564102863,,False,False,,0.1724761489105254,0.3233927792072351,True,True,False,False
2026-09-17 15:39:25.388267,HALO,SELL,22235.0,14558.4,-0.5195989061075729,,1.0,,False,True,,0.2755455628702687,0.18369704191351247,True,True,True,True
2026-09-17 15:39:25.571064,ISRG,none,28051.0,30904.4,0.020756577240408927,,0.21621621621617054,,False,False,,0.17179860605530825,0.42949651513827064,False,True,False,False
2026-09-17 15:39:25.755639,AA,none,28844.0,23990.333333333332,0.1698153258331528,,0.7272727272727155,,True,False,,0.06220560607873585,0.27214952659446934,False,True,True,True
2026-09-17 15:39:25.947811,ASTS,none,96249.0,76131.875,-0.1653543307086565,,0.5526315789473379,,False,False,,0.6456206227680888,0.9038688718753244,True,True,True,True
2026-09-17 15:39:26.132555,NXT,none,22652.0,36461.0,0.27657527657528136,,0.9583333333333136,,False,False,,0.4985864904349276,0.11396262638512632,False,False,True,True
2026-09-17 15:39:26.312986,STX,none,45734.0,60510.0,-0.1089638415390209,,0.21750000000000114,,False,False,,0.12980348595445199,0.64901742977226,False,False,False,False
2026-09-17 15:49:38.419788,ELVN,none,34422.0,24103.0,-0.01999999999999602,,0.07692307692306011,,False,False,,0.7367566093226422,0.8595493775430826,False,False,False,False
2026-09-17 15:49:38.604437,HPQ,none,391554.0,261732.33333333334,0.31911807368726264,,0.7857142857142785,,False,False,,0.34899836599381096,0.4071647603261128,False,True,True,True
2026-09-17 15:49:38.795655,PYPL,none,91344.0,76448.8,0.01882884579174922,,0.1249999999999778,,False,False,,0.2367877663065296,0.2367877663065296,False,True,False,False
2026-09-17 15:49:38.981674,CSCO,none,170278.0,172572.66666666666,-0.09970993473531493,,0.45833333333334075,,False,True,,0.0967898700798135,0.058073922047888096,False,False,False,False
2026-09-17 15:49:39.172609,PATH,none,1008518.0,1348830.4,-0.35688793718771544,,0.7142857142856962,,False,False,,0.3273307211649852,0.9547146033978735,False,False,True,True
2026-09-17 15:49:39.424104,DIS,none,145751.0,114187.875,-0.11345372033657024,,0.5999999999999431,,False,False,,0.2390639346406001,0.2868767215687201,False,True,True,False
2026-09-17 15:49:39.601026,LUV,none,93519.0,67146.0,-0.22255192878337365,,0.8181818181817888,,False,True,,0.468046163442561,0.06686373763465157,True,False,True,True
2026-09-17 15:49:39.784188,UAA,none,423476.0,141325.8,0.20242914979756652,,0.3333333333333235,,True,False,,0.16096644643088495,0.16096644643088495,False,True,True,False
2026-09-17 15:49:39.967185,XP,none,114327.0,71169.2,0.19743336623889016,,0.4999999999999778,,False,False,,0.2362531994989844,0.14765824968686525,False,False,False,True
2026-09-17 15:49:40.154672,JD,SELL,125173.0,76360.5,-0.22455089820358803,,1.0,,False,True,,0.11223089103689768,0.18705148506149613,False,True,True,True
2026-09-17 15:49:40.342934,ABNB,none,20395.0,29347.4,0.09661835748792065,,0.5161290322580497,,False,False,,0.09773888227773359,0.05864332936664015,False,False,True,True
2026-09-17 15:49:40.521868,FRSH,none,211720.0,79768.2,0.1577287066246023,,0.3999999999999858,,False,False,,0.3071812429394536,0.16382999623437527,True,True,True,False
2026-09-17 15:49:40.703417,TMO,none,70407.0,52948.75,0.08051896753414045,,0.24882629107979992,,False,False,,0.13921581527766883,0.261029653645629,False,False,False,False
2026-09-17 15:49:40.887359,HALO,none,20778.0,13757.4,-0.027480076944216485,,0.13636363636364224,,False,False,,0.3675192018558828,0.24501280123725522,True,True,False,False
2026-09-17 15:49:41.094271,ISRG,none,31543.0,29498.8,0.09596431165058734,,0.3523809523809529,,False,False,,0.09968173899715092,0.24920434749287732,False,True,True,True
2026-09-17 15:49:41.285368,AA,none,43889.0,27337.666666666668,-0.0635862653666832,,0.3000000000000071,,False,False,,0.07922313936712193,0.3466012347311584,False,True,False,False
2026-09-17 15:49:41.466580,ASTS,none,115131.0,72454.0,-0.18924459864374302,,0.35294117647057716,,False,False,,0.6677569891107621,0.9348597847550669,True,True,True,False
2026-09-17 15:49:41.650533,NXT,none,39930.0,38207.6,-0.2159827213822976,,0.48648648648649895,,False,True,,0.6413909256921946,0.1466036401582159,False,False,False,True
2026-09-17 15:49:41.837636,STX,none,40859.0,61585.0,0.3285019308892127,,0.7572254335260298,,True,False,,0.13092551922097218,0.6546275961048609,False,False,True,True
2026-09-17 15:59:42.120047,ELVN,none,60989.0,30646.333333333332,0.2201320792475474,,0.6111111111111089,,False,False,,0.4387283843176617,0.5118497817039386,False,True,True,False
2026-09-17 15:59:42.304204,HPQ,none,387378.0,300513.3333333333,0.23128071697021765,,0.533333333333327,,False,False,,0.4061839600535898,0.4738812867291881,False,True,False,True
2026-09-17 15:59:42.490541,PYPL,SELL,197717.0,85330.2,-0.22590361445782653,,0.7999999999999526,,False,True,,0.19733637941338678,0.19733637941338678,True,True,True,True
2026-09-17 15:59:44.715953,CSCO,none,257514.0,194386.33333333334,-0.11795662825514514,,0.5416666666666593,,False,True,,0.13300688929127416,0.0798041335747645,True,False,False,True
2026-09-17 15:59:44.898968,PATH,none,1282284.0,1169225.4,-0.5730659025787971,,0.6666666666666617,,False,False,,0.25736422954825044,0.7506456695157305,False,False,False,True
2026-09-17 15:59:45.083124,DIS,none,196757.0,125336.75,0.037860861334587825,,0.26666666666662875,,False,False,,0.26568055256252004,0.31881666307502404,True,True,False,False
2026-09-17 15:59:45.265004,LUV,none,147718.0,68111.6,0.14869888475835233,,0.46153846153841527,,False,False,,0.5369838783551831,0.07671198262216902,True,True,True,False
2026-09-17 15:59:45.453421,UAA,none,287535.0,211599.0,0.0,,0.0,,False,False,,0.20145227639039825,0.20145227639039825,False,True,False,False
2026-09-17 15:59:45.634604,XP,none,324754.0,79015.0,0.09852216748768262,,0.22222222222221782,,False,False,,0.21247921629789868,0.13279951018618666,True,True,False,False
2026-09-17 15:59:45.810809,JD,none,165063.0,84575.875,-0.07501875468867057,,0.4999999999999556,,False,False,,0.14732745799267272,0.24554576332112116,False,True,False,False
2026-09-17 15:59:45.996682,ABNB,none,30158.0,31379.0,-0.09049773755656451,,0.3191489361702256,,False,False,,0.1520912971685352,0.09125477830112114,False,False,True,True
2026-09-17 15:59:46.181564,FRSH,none,205674.0,115129.2,0.15748031496064055,,0.3333333333333531,,False,False,,0.23601644260455767,0.1258754360557641,False,False,True,False
2026-09-17 15:59:46.366622,TMO,none,142509.0,56590.375,0.13055028462998308,,0.27044025157232593,,True,False,,0.1130651907301765,0.21199723261908093,True,True,False,False
2026-09-17 15:59:46.549984,HALO,none,48342.0,15846.0,0.32063026749725954,,0.9210526315789809,,False,False,,0.32152672227792606,0.21435114818528403,True,True,True,True
2026-09-17 15:59:46.731072,ISRG,none,42295.0,31131.6,-0.15027853348878978,,0.8285714285714193,,False,False,,0.09589056170752147,0.2397264042688037,False,True,True,True
2026-09-17 15:59:46.916741,AA,none,65086.0,35937.0,-0.21213406873144128,,0.769230769230807,,False,False,,0.08486325924395721,0.37127675919231273,False,True,True,True
2026-09-17 15:59:47.102620,ASTS,none,189240.0,76869.875,-0.8534850640113897,,0.9391304347826149,,False,False,,0.6929712880497373,0.9701598032696321,True,True,True,True
2026-09-17 15:59:47.289929,NXT,none,38431.0,33445.0,0.34851580338902327,,0.8787878787879023,,False,False,,0.758705131167903,0.1734183156955207,False,False,True,True
2026-09-17 15:59:47.474631,STX,none,39867.0,49561.666666666664,0.31239456683369365,,0.6702412868632676,,True,False,,0.10769828032325897,0.5384914016162948,False,False,False,False
