timestamp,symbol,signal,volume,mean_volume,current_pct,price_threshold,body_ratio,green_volume,green_price,red_price,green_body,price_threshold_long,price_threshold_short,green_volume_long,green_volume_short,green_body_long,green_body_short
2026-09-15 00:27:45.657985,ELVN,none,21091.0,16133.0,0.2753303964757814,,0.5555555555555701,,True,False,,0.1833046195512076,0.21385538947640886,False,False,True,False
2026-09-15 00:27:45.834195,HPQ,none,530635.0,210788.66666666666,-0.2037845705967985,,0.4117647058823505,,False,False,,0.43590312548948107,0.5085536464043946,True,True,False,False
2026-09-15 00:27:46.014332,PYPL,none,124277.0,78838.2,-0.16620498614957765,,0.8181818181817888,,False,False,,0.3239687901025277,0.3239687901025277,True,True,True,True
2026-09-15 00:27:46.202469,CSCO,none,197946.0,138020.0,-0.09968282736746664,,0.5238095238095013,,False,False,,0.3311672717358596,0.19870036304151575,True,False,False,True
2026-09-15 00:27:46.401758,PATH,none,1599161.0,1266767.8,-0.06830601092896028,,0.16666666666666174,,False,False,,0.32827556620385273,0.9574704014279037,False,False,False,False
2026-09-15 00:27:46.602283,DIS,none,152158.0,91981.875,-0.045981239654218464,,0.19230769230767758,,False,False,,0.1465086906530787,0.17581042878369443,True,True,False,False
2026-09-15 00:27:46.820736,LUV,none,128596.0,89952.2,0.10085728693899712,,0.5714285714286584,,False,False,,0.5819862824260583,0.0831408974894369,True,False,True,True
2026-09-15 00:27:47.009027,UAA,none,217215.0,274870.6,-0.1980198019801938,,0.5,,False,False,,0.31364904871440763,0.31364904871440763,False,False,True,False
2026-09-15 00:27:47.204575,XP,none,112408.0,69413.8,0.20460358056265548,,0.5,,True,False,,0.09043783960135804,0.05652364975084877,False,False,False,True
2026-09-15 00:27:47.412700,JD,none,148118.0,54497.875,0.0,,0.0,,False,False,,0.06168771116731577,0.10281285194552628,True,True,False,False
2026-09-15 00:27:47.589084,ABNB,none,52538.0,29062.8,-0.041091869680066444,,0.3333333333333333,,False,False,,0.2577487972811094,0.15464927836866565,True,True,True,True
2026-09-15 00:27:47.781957,FRSH,none,77239.0,41462.0,0.15873015873015536,,0.5,,False,False,,0.16693169779519929,0.0890302388241063,False,True,True,False
2026-09-15 00:27:47.977827,TMO,none,24592.0,13251.125,0.16186256396841375,,0.5857988165680338,,True,False,,0.04338568429666486,0.08134815805624661,False,True,True,True
2026-09-15 00:27:48.158446,HALO,none,13006.0,10835.6,0.09279020135474486,,0.6250000000000666,,False,False,,0.12717739227397964,0.0847849281826531,True,True,False,False
2026-09-15 00:27:48.334725,ISRG,none,58525.0,36234.2,-0.11893749174046397,,0.4128440366972989,,False,False,,0.18231964100050396,0.45579910250125993,False,True,True,True
2026-09-15 09:30:56.855776,ELVN,none,78997.0,18825.333333333332,-0.329791132282887,,0.6428571428571556,,False,False,,0.42197140466126376,0.4922999721048077,True,True,True,False
2026-09-15 09:30:57.076429,HPQ,SELL,1136098.0,335981.6666666667,-0.7584597432905426,,0.9285714285714177,,False,True,,0.4942965940217342,0.5766793596920232,True,True,True,True
2026-09-15 09:30:57.251512,PYPL,none,624789.0,86010.0,-0.07399186089529994,,0.2666666666666635,,False,False,,0.3755214621917508,0.3755214621917508,True,True,False,False
2026-09-15 09:30:57.428951,CSCO,none,961924.0,172565.0,-0.16329492878527335,,0.6923076923077428,,False,False,,0.31346258616358424,0.18807755169815055,True,True,False,True
2026-09-15 09:30:57.609168,PATH,none,3283255.0,1339844.2,0.20505809979493753,,0.21428571428571155,,True,False,,0.164587153437991,0.48004586419414036,True,True,False,False
2026-09-15 09:30:57.790790,DIS,none,506810.0,105002.125,-0.09200478424877571,,0.3124999999999889,,False,False,,0.14363961898002178,0.17236754277602612,True,True,True,False
2026-09-15 09:30:57.966860,LUV,SELL,463010.0,101580.2,-0.4030226700251982,,0.7272727272727478,,False,True,,0.3698295037074851,0.05283278624392644,True,True,True,True
2026-09-15 09:30:58.144674,UAA,none,831909.0,304554.2,0.0,,0.0,,False,False,,0.3532530091104464,0.3532530091104464,False,True,False,False
2026-09-15 09:30:58.327401,XP,none,440399.0,77901.6,0.0,,0.0,,False,False,,0.1231744124913829,0.07698400780711431,True,True,False,False
2026-09-15 09:30:58.528698,JD,none,636707.0,70616.5,-0.10989010989011405,,0.37500000000000555,,False,True,,0.06168771116731577,0.10281285194552628,True,True,False,False
2026-09-15 09:30:58.712316,ABNB,none,191381.0,34108.8,0.17609767551067323,,0.6818181818181466,,False,False,,0.22592668647354866,0.1355560118841292,True,True,True,True
2026-09-15 09:30:58.898596,FRSH,none,360130.0,45555.8,0.1584786053882833,,0.18181818181819503,,False,False,,0.19070336862569315,0.10170846326703636,True,True,False,False
2026-09-15 09:30:59.120012,TMO,BUY,85252.0,15462.625,0.1779214207596807,,0.3273273273273329,,True,False,,0.05744124723473523,0.10770233856512855,True,True,True,True
2026-09-15 09:30:59.311885,HALO,none,85011.0,12808.6,0.1112966054535379,,0.46153846153846995,,False,False,,0.12711217342661615,0.08474144895107742,True,True,False,False
2026-09-15 09:30:59.499861,ISRG,none,161451.0,42957.4,0.007938608097388082,,0.036144578313289315,,False,False,,0.16101509304319148,0.40253773260797865,True,True,False,False
2026-09-15 09:40:59.777025,ELVN,none,17745.0,37269.666666666664,-1.6936671575846864,,0.6052631578947367,,False,True,,0.715112362855818,0.834297756665121,False,False,True,False
2026-09-15 09:40:59.964985,HPQ,none,988606.0,654645.0,0.5331753554502362,,0.27692307692307405,,False,False,,0.9913563954011635,1.1565824613013576,True,True,False,False
2026-09-15 09:41:00.147988,PYPL,none,190638.0,199202.2,0.11111111111111532,,0.16666666666667324,,False,False,,0.2975900420608607,0.2975900420608607,False,True,False,False
2026-09-15 09:41:00.375499,CSCO,none,438871.0,448792.6666666667,-0.009015506671479549,,0.01639344262295922,,False,False,,0.3079644900534102,0.1847786940320461,False,False,False,False
2026-09-15 09:41:00.576651,PATH,none,778222.0,1761531.6,2.157272094641618,,0.7948717948717986,,True,False,,0.16431656130630282,0.4792566371433833,False,False,True,True
2026-09-15 09:41:00.756380,DIS,none,166498.0,157705.75,-0.4809915826473,,0.4482758620689634,,False,True,,0.1494195069641324,0.17930340835695888,False,True,True,False
2026-09-15 09:41:00.952397,LUV,none,73063.0,174737.8,-0.6290890790135882,,0.49019607843137447,,False,True,,0.599141751905421,0.08559167884363157,False,False,True,False
2026-09-15 09:41:01.137933,UAA,none,144865.0,429758.0,0.19999999999999574,,0.1666666666666642,,False,False,,0.27497512261338,0.27497512261338,False,False,False,False
2026-09-15 09:41:01.323081,XP,none,99209.0,156237.0,-0.40941658137153686,,0.533333333333327,,False,True,,0.1231744124913829,0.07698400780711431,False,False,True,True
2026-09-15 09:41:01.511582,JD,none,199085.0,147108.875,0.3668378576669034,,0.6249999999999861,,True,False,,0.0754415404582316,0.12573590076371935,False,True,False,False
2026-09-15 09:41:01.705850,ABNB,none,86254.0,65382.8,0.4322595926101482,,0.43195266272190486,,True,False,,0.31038637528012836,0.18623182516807704,False,False,True,True
2026-09-15 09:41:01.894353,FRSH,none,170046.0,111689.4,2.6612903225806455,,0.6874999999999996,,True,False,,0.19051425334480449,0.10160760178389572,False,False,True,False
2026-09-15 09:41:02.097288,TMO,BUY,104697.0,25201.875,2.448535265731869,,0.8655944859276258,,True,False,,0.07097123397153425,0.1330710636966267,True,True,True,True
2026-09-15 09:41:04.365314,HALO,SELL,42426.0,26405.2,-1.100425374514516,,0.7628205128205102,,False,True,,0.14038077515466194,0.09358718343644128,True,True,True,True
2026-09-15 09:41:06.097064,ISRG,none,48547.0,69745.2,-0.25662273784382894,,0.2539682539682504,,False,False,,0.1405977440516744,0.351494360129186,False,True,False,False
2026-09-15 09:51:06.351747,ELVN,none,2423.0,39277.666666666664,0.8031378408666412,,0.6615384615384625,,False,False,,2.2987886863433546,2.6819201340672474,False,False,True,False
2026-09-15 09:51:06.720765,HPQ,none,319110.0,885113.0,0.2650957290132439,,0.3749999999999815,,False,False,,1.4954196693375774,1.7446562808938402,False,False,False,False
2026-09-15 09:51:06.894167,PYPL,none,109635.0,225932.2,-0.3143491124260387,,0.5312500000000049,,False,False,,0.37536781983864137,0.37536781983864137,False,False,True,False
2026-09-15 09:51:07.084852,CSCO,none,140450.0,532913.6666666666,-0.21641118124437247,,0.5581395348837517,,False,True,,0.18132884188281304,0.10879730512968781,False,False,False,True
2026-09-15 09:51:07.288468,PATH,none,462989.0,1695734.4,-1.157249829816201,,0.8095238095238059,,False,False,,0.6820618640202912,1.989347103392516,False,False,True,True
2026-09-15 09:51:07.478076,DIS,none,105899.0,170754.0,-0.622676579925639,,0.8933333333333167,,False,True,,0.2738673075758954,0.3286407690910745,False,False,True,True
2026-09-15 09:51:07.661895,LUV,none,119411.0,175403.2,-0.8867494299467986,,0.7142857142857143,,False,True,,1.0043282278179546,0.14347546111685067,False,False,True,True
2026-09-15 09:51:07.848800,UAA,none,82472.0,400922.8,-0.19960079840318937,,0.3333333333333333,,False,False,,0.3149751226133791,0.3149751226133791,False,False,True,False
2026-09-15 09:51:08.027341,XP,none,91375.0,164730.0,-0.46224961479198695,,0.4999999999999901,,False,True,,0.15574231100748417,0.0973389443796776,False,False,False,True
2026-09-15 09:51:08.210736,JD,none,180869.0,166992.25,-0.18274853801169852,,0.384615384615393,,False,False,,0.14422363877077599,0.24037273128462666,False,True,False,False
2026-09-15 09:51:08.396891,ABNB,none,39961.0,78025.8,-0.5188985199599006,,0.5866666666666637,,False,True,,0.5591445447408299,0.3354867268444979,False,False,True,True
2026-09-15 09:51:08.583636,FRSH,none,86750.0,138841.2,-0.8634222919937161,,0.6874999999999959,,False,True,,0.9650729148529145,0.5147055545882211,False,False,True,False
2026-09-15 09:51:08.764197,TMO,SELL,83677.0,37677.625,-0.9119167697529103,,0.6431767337807567,,False,True,,0.3118931702164351,0.5847996941558158,True,True,True,True
2026-09-15 09:51:08.947943,HALO,none,7783.0,32920.8,-0.21505376344086394,,0.3593750000000059,,False,False,,0.5097656229643664,0.33984374864291095,False,False,False,False
2026-09-15 09:51:09.132650,ISRG,none,33530.0,73030.8,-0.5357047195585793,,0.5617977528089884,,False,True,,0.1939038686858317,0.4847596717145793,False,False,True,True
2026-09-15 10:01:09.392338,ELVN,none,3842.0,33055.0,0.2412321395435193,,0.3823529411764743,,False,False,,2.8265961307342145,3.2976954858565835,False,False,True,False
2026-09-15 10:01:09.582888,HPQ,none,621048.0,814604.6666666666,1.4394829612220976,,0.8596491228070207,,False,False,,1.5567308277540226,1.8161859657130264,False,False,True,True
2026-09-15 10:01:09.770158,PYPL,none,97320.0,230847.4,0.16694490818030683,,0.75,,False,False,,0.5436083132454635,0.5436083132454635,False,False,True,True
2026-09-15 10:01:09.959923,CSCO,none,154068.0,513748.3333333333,0.5693628558517808,,0.8076923076923007,,True,False,,0.2591477444674169,0.15548864668045012,False,False,True,True
2026-09-15 10:01:10.146660,PATH,none,582279.0,1516756.8,-0.5509641873278242,,0.39999999999999825,,False,False,,0.877497296427207,2.5593671145793535,False,False,False,False
2026-09-15 10:01:10.325539,DIS,none,136047.0,177735.375,-0.112180985322992,,0.44444444444446785,,False,False,,0.4339963281622079,0.5207955937946496,False,True,True,False
2026-09-15 10:01:10.513067,LUV,none,110959.0,171052.2,0.20460358056265548,,0.42105263157894346,,False,False,,1.589859264175379,0.22712275202505414,False,False,True,False
2026-09-15 10:01:10.701991,UAA,none,119539.0,391883.4,-0.20040080160320214,,0.3333333333333235,,False,False,,0.3156025514492241,0.3156025514492241,False,False,True,False
2026-09-15 10:01:10.884038,XP,none,86795.0,164647.0,0.30943785456420175,,0.6,,True,False,,0.2214844784445655,0.13842779902785343,False,False,True,True
2026-09-15 10:01:11.145840,JD,none,72212.0,178638.75,-0.07323324789454257,,0.3333333333333333,,False,False,,0.1510967325259832,0.2518278875433053,False,False,False,False
2026-09-15 10:01:11.336389,ABNB,none,41366.0,80600.8,-0.13644183425282658,,0.5111111111111013,,False,False,,0.7574227687177147,0.45445366123062886,False,False,True,True
2026-09-15 10:01:11.541070,FRSH,none,29551.0,150064.2,0.2377179080824179,,0.5000000000000148,,False,False,,1.2002711671849458,0.6401446224986378,False,False,True,False
2026-09-15 10:01:11.731007,TMO,none,52903.0,46123.25,0.8129560875688198,,0.7319884726224786,,True,False,,0.40111959932483876,0.7520992487340726,False,False,True,True
2026-09-15 10:01:11.927573,HALO,none,7208.0,32619.8,0.0,,0.0,,False,False,,0.5871849778030774,0.3914566518687183,False,False,False,False
2026-09-15 10:01:12.114861,ISRG,none,20658.0,72716.6,-0.21792940163581637,,0.5586206896551784,,False,False,,0.3103701269472131,0.7759253173680328,False,False,True,True
2026-09-15 10:11:12.409535,ELVN,none,730.0,8003.333333333333,0.27979854504756313,,0.5172413793103414,,False,False,,2.738037137994847,3.194376660993988,False,False,True,False
2026-09-15 10:11:12.595001,HPQ,none,383273.0,642921.3333333334,0.17376194613380327,,0.1935483870967801,,False,False,,2.237754045685578,2.610713053299841,False,False,False,False
2026-09-15 10:11:12.779734,PYPL,none,85349.0,229331.8,-0.1852537977028424,,0.5882352941176077,,False,False,,0.5828213851336369,0.5828213851336369,False,False,True,False
2026-09-15 10:11:12.958544,CSCO,none,220628.0,244463.0,0.3145219266714543,,0.6862745098039227,,False,False,,0.5298596958450886,0.31791581750705317,False,False,False,True
2026-09-15 10:11:13.143574,PATH,none,738167.0,1341181.2,-0.3460207612456674,,0.6249999999999861,,False,False,,0.9933240534022899,2.897195155756679,False,False,False,True
2026-09-15 10:11:13.316654,DIS,none,180238.0,180678.625,-0.12166588675713193,,0.46428571428569615,,False,False,,0.4460559216749402,0.5352671060099282,False,True,True,False
2026-09-15 10:11:13.499681,LUV,none,62218.0,179007.8,-0.05104645227157511,,0.16666666666669627,,False,False,,1.5570254325410664,0.22243220464872376,False,False,False,False
2026-09-15 10:11:13.683869,UAA,none,73846.0,279200.0,-0.2012072434607603,,0.5,,False,True,,0.15960428039731622,0.15960428039731622,False,False,True,False
2026-09-15 10:11:13.866553,XP,none,204490.0,166037.2,-0.10282776349614177,,0.16666666666666174,,False,False,,0.22171322100646096,0.1385707631290381,False,False,False,False
2026-09-15 10:11:14.051442,JD,none,82865.0,177086.625,-0.1465201465201434,,0.6666666666666272,,False,False,,0.15111179971762206,0.2518529995293701,False,False,False,False
2026-09-15 10:11:14.247847,ABNB,none,22070.0,82300.0,-0.558095351184467,,0.7519999999999982,,False,True,,0.782873695208169,0.46972421712490137,False,False,True,True
2026-09-15 10:11:14.439256,FRSH,none,37610.0,144743.2,-0.7905138339920921,,0.8333333333333235,,False,True,,1.2238917860325653,0.6527422858840349,False,False,True,True
2026-09-15 10:11:14.627605,TMO,none,57330.0,51141.0,-0.595625724677965,,0.8680555555555683,,False,False,,0.4824152080817209,0.9045285151532266,False,False,True,True
2026-09-15 10:11:14.816974,HALO,none,7747.0,31086.8,0.028145229383620542,,0.11538461538461749,,False,False,,0.5470437401149186,0.36469582674327905,False,False,False,False
2026-09-15 10:11:15.002248,ISRG,none,22087.0,64542.2,0.15099630598322925,,0.4590163934426145,,False,False,,0.2729119101302584,0.682279775325646,False,False,True,True
2026-09-15 10:21:15.282990,ELVN,none,7979.0,2331.6666666666665,-0.3713330857779481,,0.40816326530612657,,False,False,,1.3241685254577236,1.5448632797006776,False,True,True,False
2026-09-15 10:21:15.469423,HPQ,none,325477.0,441143.6666666667,-0.3758311650766191,,0.5909090909090865,,False,False,,1.878340636369145,2.191397409097336,False,False,False,True
2026-09-15 10:21:15.654131,PYPL,none,94189.0,221546.2,-0.37126415444588035,,0.799999999999983,,False,False,,0.5961555532209222,0.5961555532209222,False,False,True,True
2026-09-15 10:21:15.838235,CSCO,none,116755.0,171715.33333333334,-0.25978679566424084,,0.5918367346938674,,False,False,,0.7335306425117384,0.440118385507043,False,False,False,True
2026-09-15 10:21:16.022088,PATH,none,600644.0,1168982.4,-0.20847810979847906,,0.4285714285714431,,False,False,,1.0599755934782995,3.0915954809783734,False,False,False,False
2026-09-15 10:21:16.203639,DIS,none,75588.0,193040.25,0.12182550838722675,,0.5416666666667185,,False,False,,0.48120374055662885,0.5774444886679546,False,False,True,False
2026-09-15 10:21:16.384231,LUV,none,89424.0,165732.2,-0.12771392081736183,,0.2777777777777624,,False,False,,1.522157848273871,0.21745112118198157,False,False,False,False
2026-09-15 10:21:16.576753,UAA,none,69045.0,250526.2,0.4032258064516222,,0.6666666666666765,,True,False,,0.16024176869342951,0.16024176869342951,False,False,True,False
2026-09-15 10:21:16.769814,XP,none,267204.0,184453.6,0.7209062821833008,,0.736842105263151,,True,False,,0.2054290902758188,0.12839318142238673,False,False,True,True
2026-09-15 10:21:16.957969,JD,none,82389.0,179015.0,-0.33015407190021956,,0.6428571428571392,,False,True,,0.171721223237,0.2862020387283334,False,False,False,False
2026-09-15 10:21:17.156543,ABNB,none,30844.0,76206.4,-0.13737084154573145,,0.45098039215690644,,False,False,,1.0930757841108094,0.6558454704664856,False,False,True,True
2026-09-15 10:21:17.345860,FRSH,none,39985.0,136817.4,0.0,,0.0,,False,False,,1.4134268886111463,0.7538276739259447,False,False,False,False
2026-09-15 10:21:17.568342,TMO,none,54829.0,57156.0,0.21091652818610768,,0.44745762711863285,,False,False,,0.5265843473226269,0.9873456512299255,False,False,True,True
2026-09-15 10:21:17.770359,HALO,none,7129.0,30035.0,0.03753049352599573,,0.1818181818182112,,False,False,,0.5237715502053139,0.34918103347020923,False,False,False,False
2026-09-15 10:21:17.957992,ISRG,none,26130.0,57254.6,-0.14536840121679287,,0.310344827586217,,False,False,,0.2806060255485221,0.7015150638713052,False,False,True,True
2026-09-15 10:31:18.195988,ELVN,none,4218.0,4183.666666666667,-0.0186358553857585,,0.025641025641020502,,False,False,,0.8923637703690306,1.0410910654305356,False,False,False,False
2026-09-15 10:31:18.384598,HPQ,none,279974.0,443266.0,0.5224963715529745,,0.7500000000000148,,False,False,,1.98907607243252,2.3205887511712735,False,False,True,True
2026-09-15 10:31:18.571693,PYPL,none,68300.0,115426.2,-0.2049180327868842,,0.5,,False,False,,0.8042461587063284,0.8042461587063284,False,False,False,False
2026-09-15 10:31:18.759881,CSCO,none,94970.0,163817.0,-0.23351895096102487,,0.5777777777777855,,False,False,,0.7624477187916506,0.4574686312749904,False,False,False,True
2026-09-15 10:31:18.942482,PATH,none,657438.0,632460.2,-0.27855153203342026,,0.44444444444443565,,False,False,,1.0607963958791493,3.0939894879808527,False,False,False,False
2026-09-15 10:31:19.126003,DIS,none,61003.0,184979.375,0.05616399887672215,,0.2727272727272845,,False,False,,0.5049116786065566,0.6058940143278679,False,False,False,False
2026-09-15 10:31:19.305469,LUV,none,36076.0,91015.0,-0.30682689849142786,,0.7058823529411543,,False,True,,1.3294417238283853,0.1899202462611979,False,False,True,True
2026-09-15 10:31:19.506810,UAA,none,110685.0,97953.4,-0.20080321285141917,,0.3333333333333531,,False,False,,0.240886929983754,0.240886929983754,False,False,True,False
2026-09-15 10:31:19.691756,XP,none,132946.0,149814.6,0.10230179028132774,,0.16666666666666174,,False,False,,0.3207740954251469,0.2004838096407168,False,False,False,False
2026-09-15 10:31:19.875584,JD,none,31169.0,183341.5,0.0,,0.0,,False,False,,0.2336251117182912,0.389375186197152,False,False,False,False
2026-09-15 10:31:20.060596,ABNB,none,35375.0,44099.0,-0.19137611386880066,,0.761904761904836,,False,False,,1.0698396837318445,0.6419038102391066,False,False,True,True
2026-09-15 10:31:20.243190,FRSH,none,33969.0,72788.4,-0.5582137161084411,,0.875,,False,False,,1.3658833069946619,0.7284710970638196,False,False,True,True
2026-09-15 10:31:20.427232,TMO,none,19056.0,62162.125,0.03031898766496794,,0.09405940594061662,,False,False,,0.5399912388593537,1.0124835728612882,False,False,False,False
2026-09-15 10:31:20.614772,HALO,none,5881.0,14458.6,-0.12196266066236013,,0.48148148148149905,,False,False,,0.4972157499113988,0.3314771666075991,False,False,False,False
2026-09-15 10:31:20.840411,ISRG,none,11659.0,30190.4,-0.2238403451995642,,0.7477477477477242,,False,False,,0.3135891758971792,0.7839729397429481,False,False,True,True
2026-09-15 10:41:21.080571,ELVN,none,1900.0,4309.0,0.018639328984152864,,0.049999999999989345,,False,False,,0.6697674862112698,0.7813954005798147,False,False,False,False
2026-09-15 10:41:21.268559,HPQ,none,287142.0,329574.6666666667,-0.5197805371065541,,0.6206896551724146,,False,False,,1.0720894827633969,1.250771063223963,False,False,False,True
2026-09-15 10:41:21.465940,PYPL,none,96360.0,90958.6,-0.11200298674631748,,0.7500000000000444,,False,False,,0.8699110038793668,0.8699110038793668,False,True,True,True
2026-09-15 10:41:21.654280,CSCO,none,253305.0,144117.66666666666,-0.3781399117673427,,0.6086956521738969,,False,True,,0.5385517821978133,0.32313106931868796,True,False,False,True
2026-09-15 10:41:21.844666,PATH,none,670619.0,608303.4,-0.2793296089385539,,0.5714285714285823,,False,False,,0.609903460853182,1.7788850941551142,False,False,False,True
2026-09-15 10:41:22.023566,DIS,none,83975.0,173030.125,0.05613247263542172,,0.19354838709678898,,False,False,,0.5167158018187519,0.6200589621825023,False,False,False,False
2026-09-15 10:41:22.204533,LUV,none,55763.0,83617.6,-0.025647601949230867,,0.07692307692311476,,False,False,,1.1038581974628732,0.15769402820898187,False,False,False,False
2026-09-15 10:41:22.384304,UAA,none,68435.0,91117.4,-0.40160642570282046,,1.0,,False,True,,0.2410475725540387,0.2410475725540387,False,False,True,True
2026-09-15 10:41:22.569671,XP,none,73282.0,156562.0,-0.1021972406744996,,0.13333333333332859,,False,False,,0.2716357288507134,0.16977233053169588,False,False,False,False
2026-09-15 10:41:22.755267,JD,none,52300.0,179176.75,-0.03680529996320045,,0.16666666666669627,,False,False,,0.22675949472817902,0.3779324912136317,False,False,False,False
2026-09-15 10:41:22.943886,ABNB,none,20801.0,33923.2,-0.029958058717801897,,0.10204081632655192,,False,False,,0.9253095964870357,0.5551857578922215,False,False,False,False
2026-09-15 10:41:23.130005,FRSH,none,51353.0,45573.0,0.16038492381715777,,0.3333333333333235,,False,False,,0.7349603250530001,0.3919788400282668,False,False,True,False
2026-09-15 10:41:23.310367,TMO,none,32208.0,60292.0,0.028714545512546655,,0.07563025210081946,,False,False,,0.5350053348310734,1.0031350028082626,False,False,False,False
2026-09-15 10:41:23.511458,HALO,none,7046.0,7149.6,0.12210012210011784,,0.8666666666666856,,False,False,,0.14496917292462252,0.09664611528308169,False,False,True,True
2026-09-15 10:41:23.700063,ISRG,none,25259.0,22812.8,-0.06488240064881111,,0.19834710743798042,,False,False,,0.3057214016625556,0.7643035041563891,False,True,False,False
2026-09-15 10:51:23.959480,ELVN,none,7692.0,4699.0,-0.42862467387252495,,0.6764705882352782,,False,False,,0.4086082701478595,0.4767096485058361,False,False,True,False
2026-09-15 10:51:24.146397,HPQ,none,154754.0,297531.0,-0.14509576320372683,,0.4166666666666864,,False,False,,1.4181080737361476,1.6544594193588387,False,False,False,False
2026-09-15 10:51:24.342293,PYPL,none,64098.0,88303.6,0.05606428704915182,,0.3750000000000222,,False,False,,0.728268715903562,0.728268715903562,False,True,False,False
2026-09-15 10:51:24.532503,CSCO,none,156755.0,155010.0,0.12652507907817492,,0.36842105263158487,,False,False,,0.580963772261739,0.3485782633570434,False,False,False,False
2026-09-15 10:51:24.720756,PATH,none,920147.0,649829.4,-0.7002801120448154,,0.8333333333333358,,False,False,,0.39920260784254674,1.1643409395407613,False,False,True,True
2026-09-15 10:51:24.904355,DIS,none,116855.0,164507.25,0.27112939416604925,,0.7073170731707529,,False,False,,0.5198880621253779,0.6238656745504535,False,True,True,True
2026-09-15 10:51:25.087801,LUV,none,45938.0,70888.0,-0.3589743589743604,,0.6666666666666666,,False,True,,0.5010869178645757,0.0715838454092251,False,False,True,True
2026-09-15 10:51:25.265705,UAA,none,69344.0,88310.0,-0.2012072434607603,,0.4999999999999778,,False,False,,0.2814486980139649,0.2814486980139649,False,False,True,False
2026-09-15 10:51:25.478266,XP,none,197918.0,152943.4,-0.9718670076726408,,0.9500000000000097,,False,True,,0.21402734899191544,0.13376709311994714,False,False,True,True
2026-09-15 10:51:25.664417,JD,none,49834.0,167199.5,-0.07366482504603895,,0.3333333333333333,,False,False,,0.23366048847127913,0.38943414745213184,False,False,False,False
2026-09-15 10:51:25.910799,ABNB,none,26191.0,30091.2,0.19184652278177047,,0.5161290322580734,,False,False,,0.6319453197417766,0.3791671918450659,False,False,True,True
2026-09-15 10:51:26.093667,FRSH,none,42936.0,38493.6,-0.08006405124099109,,0.16666666666666666,,False,False,,0.5240491146000327,0.2794928611200174,False,False,False,False
2026-09-15 10:51:26.280673,TMO,none,43103.0,61244.0,0.813124790739929,,0.8173076923076765,,True,False,,0.5216905329854867,0.9781697493477877,False,False,True,True
2026-09-15 10:51:26.466509,HALO,none,4495.0,7002.2,0.15010789004596733,,0.571428571428557,,True,False,,0.11150586204195394,0.07433724136130263,False,False,False,False
2026-09-15 10:51:26.675249,ISRG,none,19056.0,21158.6,0.35194109047593575,,0.9154929577464767,,True,False,,0.19272404512421132,0.4818101128105283,False,True,True,True
2026-09-15 11:01:26.961921,ELVN,none,17975.0,4603.333333333333,0.056264066016506256,,0.09375000000000347,,False,False,,0.4658998582424363,0.5435498346161757,True,True,False,False
2026-09-15 11:01:27.146009,HPQ,none,260682.0,240623.33333333334,-0.37790697674417284,,0.6842105263157482,,False,False,,1.1873726718632556,1.3852681171737982,False,True,False,True
2026-09-15 11:01:27.331355,PYPL,none,83797.0,81659.2,0.03736222678870917,,0.09999999999998224,,False,False,,0.6506522811117533,0.6506522811117533,False,True,False,False
2026-09-15 11:01:27.514902,CSCO,none,116648.0,168343.33333333334,-0.2076561935716901,,0.7419354838709752,,False,False,,0.4921226278710283,0.29527357672261695,False,False,True,True
2026-09-15 11:01:27.703659,PATH,none,1054997.0,717403.0,0.21156558533146078,,0.4285714285714431,,False,False,,0.43503842977462465,1.2688620868426552,False,False,False,False
2026-09-15 11:01:27.881837,DIS,none,68509.0,115762.875,-0.03730299356523944,,0.23529411764709324,,False,False,,0.5758645027245258,0.6910374032694311,False,False,False,False
2026-09-15 11:01:28.074460,LUV,none,54093.0,57883.8,-0.20592020592020152,,0.571428571428557,,False,True,,0.6091464627527693,0.08702092325039561,False,False,True,True
2026-09-15 11:01:28.358458,UAA,none,66058.0,78271.0,0.0,,0.0,,False,False,,0.2816099863854765,0.2816099863854765,False,False,False,False
2026-09-15 11:01:28.540407,XP,none,71749.0,175168.0,0.15487867836859878,,0.4285714285713923,,False,False,,0.3200160134892657,0.20001000843079106,False,False,False,True
2026-09-15 11:01:28.726865,JD,none,62934.0,93840.375,-0.14743826022852616,,0.5,,False,False,,0.22686824756301502,0.37811374593835834,False,False,False,False
2026-09-15 11:01:28.921569,ABNB,none,16138.0,27056.2,-0.09577970667466328,,0.4444444444444971,,False,False,,0.6651881328591429,0.3991128797154857,False,False,True,True
2026-09-15 11:01:29.109621,FRSH,none,39456.0,41170.6,0.08012820512820341,,0.25,,False,False,,0.4767529575476046,0.2542682440253891,False,False,False,False
2026-09-15 11:01:29.300379,TMO,none,58914.0,55975.375,-0.32750055374488757,,0.5253807106598902,,False,False,,0.5852108699835115,1.097270381219084,False,False,True,True
2026-09-15 11:01:29.484309,HALO,none,7532.0,6459.6,-0.18761726078798185,,0.6249999999999778,,False,True,,0.1655447024585022,0.1103631349723348,True,False,False,False
2026-09-15 11:01:29.671806,ISRG,none,27368.0,20838.2,0.12954766274425625,,0.4324324324324435,,False,False,,0.22488685044583992,0.5622171261145998,False,True,True,True
2026-09-15 11:11:29.963768,ELVN,none,23905.0,9189.0,0.6368233751638814,,0.7727272727272684,,True,False,,0.5035280688731841,0.5874494136853815,False,True,True,True
2026-09-15 11:11:30.148366,HPQ,none,253533.0,234192.66666666666,-0.20426028596440116,,0.38888888888889106,,False,False,,1.0427832770544538,1.2165804898968628,False,True,False,False
2026-09-15 11:11:30.333992,PYPL,none,69629.0,81348.8,0.05602240896358756,,0.23076923076923497,,False,False,,0.54712818147186,0.54712818147186,False,True,False,False
2026-09-15 11:11:30.600399,CSCO,none,86398.0,175569.33333333334,0.0814037626628106,,0.33333333333335086,,False,False,,0.4748807896114718,0.2849284737668831,False,False,False,False
2026-09-15 11:11:30.782887,PATH,BUY,1634447.0,780769.0,0.5629838142153293,,0.7272727272727155,,True,False,,0.40276918755521507,1.1747434637027108,True,True,True,True
2026-09-15 11:11:31.189658,DIS,none,130766.0,103514.25,0.3638399104394072,,0.9750000000000222,,False,False,,0.4372118186363819,0.5246541823636584,False,True,True,True
2026-09-15 11:11:31.376803,LUV,none,36970.0,56258.8,-0.15471892728211004,,0.46153846153846995,,False,True,,0.7175580903068078,0.10250829861525826,False,False,True,False
2026-09-15 11:11:31.554456,UAA,none,154364.0,76713.4,-0.20161290322580216,,0.3333333333333235,,False,False,,0.24136853769332442,0.24136853769332442,False,True,True,False
2026-09-15 11:11:31.733328,XP,none,102295.0,148619.8,-0.2061855670103049,,0.3333333333333333,,False,True,,0.3283441598688588,0.20521509991803674,False,False,False,True
2026-09-15 11:11:31.912600,JD,none,43030.0,76821.5,0.0,,0.0,,False,False,,0.1857308230433193,0.3095513717388655,False,False,False,False
2026-09-15 11:11:32.096714,ABNB,none,26668.0,25869.8,0.281555142874258,,0.9215686274509433,,False,False,,0.38779874615326065,0.2326792476919564,False,False,True,True
2026-09-15 11:11:32.284523,FRSH,none,27603.0,41539.8,0.4803843074459607,,0.6666666666666733,,True,False,,0.263637268888438,0.14060654340716694,False,False,True,False
2026-09-15 11:11:32.470466,TMO,none,40060.0,50252.5,0.36825981364782556,,0.7073170731707182,,False,False,,0.37310739878481347,0.6995763727215252,False,False,True,True
2026-09-15 11:11:32.829256,HALO,none,16408.0,6416.6,0.0,,0.0,,False,False,,0.2229546337640722,0.14863642250938147,True,True,False,False
2026-09-15 11:11:33.010324,ISRG,none,20017.0,21894.4,0.18075864673823963,,0.7613636363635446,,False,False,,0.21973917606848642,0.549347940171216,False,True,True,True
2026-09-15 11:21:33.261842,ELVN,none,5806.0,16524.0,0.055782818891783444,,0.14285714285714768,,False,False,,1.1217121150529126,1.308664134228398,False,False,False,False
2026-09-15 11:21:33.446142,HPQ,none,137571.0,222989.66666666666,0.1461988304093484,,0.555555555555503,,False,False,,0.7272630259123009,0.8484735302310177,False,False,False,True
2026-09-15 11:21:33.638087,PYPL,none,44704.0,76436.8,0.037327360955586274,,0.3333333333333728,,False,False,,0.3264589596342552,0.3264589596342552,False,False,False,False
2026-09-15 11:21:33.826342,CSCO,none,122081.0,119933.66666666667,0.13556258472660773,,0.41666666666664365,,False,False,,0.2770566902084504,0.16623401412507025,False,False,False,False
2026-09-15 11:21:34.016664,PATH,none,2079176.0,987529.6,0.0,,0.0,,False,False,,0.48785055661525917,1.4228974567945059,True,True,False,False
2026-09-15 11:21:34.191747,DIS,none,96961.0,106622.625,0.027891409445891722,,0.21428571428572155,,False,False,,0.35632535942193455,0.42759043130632146,False,True,False,False
2026-09-15 11:21:34.374850,LUV,none,120098.0,45768.0,0.3358305347455504,,0.6500000000000036,,False,False,,0.7364615948321315,0.10520879926173307,True,True,True,True
2026-09-15 11:21:34.554506,UAA,none,88187.0,93777.2,0.20202020202019771,,0.5,,True,False,,0.20104595704816042,0.20104595704816042,False,False,True,False
2026-09-15 11:21:34.739258,XP,none,120004.0,115638.0,0.8776458440887875,,0.8499999999999938,,True,False,,0.24598884544117952,0.1537430284007372,False,False,True,True
2026-09-15 11:21:34.923345,JD,none,39358.0,59591.625,0.1845699520118151,,0.8333333333333629,,True,False,,0.15146547216612583,0.25244245361020967,False,False,True,True
2026-09-15 11:21:35.116611,ABNB,none,22455.0,25034.6,0.04179603534751708,,0.18918918918924524,,False,False,,0.4743093269503766,0.28458559617022594,False,False,False,False
2026-09-15 11:21:35.302946,FRSH,none,26923.0,39063.4,0.0,,0.0,,False,False,,0.4077525611222262,0.21746803259852066,False,False,False,False
2026-09-15 11:21:35.484240,TMO,none,51814.0,44800.375,0.21505036289748955,,0.5230769230769238,,False,False,,0.31874170317430495,0.5976406934518218,False,False,True,True
2026-09-15 11:21:35.671551,HALO,none,6219.0,8272.4,0.0,,0.0,,False,False,,0.20944365609471377,0.1396291040631425,False,False,False,False
2026-09-15 11:21:35.862726,ISRG,none,16429.0,20671.8,0.22615906520919038,,0.6999999999999857,,False,False,,0.22823283499363364,0.5705820874840841,False,True,True,True
2026-09-15 11:31:36.191740,ELVN,none,4130.0,15895.333333333334,-0.4279866021585485,,0.6969696969697127,,False,False,,0.7488702600721712,0.8736819700841997,False,False,True,False
2026-09-15 11:31:36.372955,HPQ,none,173090.0,217262.0,0.2044392523364494,,0.36842105263158487,,False,False,,0.7283660931179223,0.8497604419709094,False,False,False,False
2026-09-15 11:31:36.569103,PYPL,none,115218.0,71717.6,-0.13057265435553123,,0.7777777777778129,,False,False,,0.2091454893523466,0.2091454893523466,True,True,True,True
2026-09-15 11:31:36.756422,CSCO,none,124511.0,108375.66666666667,0.21658695063621955,,0.6486486486486268,,False,False,,0.2830816939740723,0.16984901638444336,False,False,False,True
2026-09-15 11:31:36.937353,PATH,none,1537208.0,1271877.2,-0.13995801259621815,,0.2857142857142785,,False,False,,0.4209981889272383,1.2279113843711118,False,False,False,False
2026-09-15 11:31:37.153847,DIS,none,140958.0,101736.875,0.06506180871827602,,0.2799999999999727,,False,False,,0.3299848669603407,0.39598184035240885,False,True,False,False
2026-09-15 11:31:37.338605,LUV,none,47396.0,62572.4,-0.051506567087293384,,0.15384615384612021,,False,False,,0.7567641402100171,0.10810916288714531,False,False,False,False
2026-09-15 11:31:37.529890,UAA,none,260786.0,89277.6,0.6048387096774244,,0.7500000000000056,,True,False,,0.20128935488191613,0.20128935488191613,False,True,True,True
2026-09-15 11:31:37.722215,XP,none,53208.0,113049.6,0.30721966205836515,,0.5454545454545366,,False,False,,0.370043894050373,0.23127743378148313,False,False,True,True
2026-09-15 11:31:37.910345,JD,none,89476.0,55484.875,0.14738393515106538,,0.6666666666666666,,False,False,,0.17234110418811444,0.2872351736468574,False,True,False,False
2026-09-15 11:31:38.095507,ABNB,none,22121.0,22450.6,-0.22090871096782166,,0.8604651162790667,,False,False,,0.3845612798376064,0.23073676790256384,False,False,True,True
2026-09-15 11:31:38.284175,FRSH,none,36734.0,37654.2,0.0,,0.0,,False,False,,0.24028844628969392,0.12815383802117009,False,False,False,False
2026-09-15 11:31:38.467495,TMO,none,46487.0,44664.25,0.26983951649807053,,0.7633928571428196,,True,False,,0.2589511307071719,0.4855333700759473,False,False,True,True
2026-09-15 11:31:38.694366,HALO,BUY,17804.0,8340.0,0.2814787014449213,,0.8333333333333267,,True,False,,0.16553709825626411,0.11035806550417607,True,True,True,True
2026-09-15 11:31:38.947876,ISRG,none,13709.0,21625.8,0.35727717186911945,,0.7037037037036792,,True,False,,0.22878932779594396,0.57197331948986,False,True,True,True
2026-09-15 11:41:39.206460,ELVN,none,6800.0,11280.333333333334,-0.2990654205607413,,0.666666666666647,,False,False,,1.1205927962142135,1.3073582622499156,False,False,True,False
2026-09-15 11:41:39.392894,HPQ,none,107766.0,188064.66666666666,-0.43719032352085596,,0.8823529411764952,,False,False,,0.5548983687101989,0.6473814301618988,False,False,True,True
2026-09-15 11:41:39.580698,PYPL,none,103994.0,75489.2,0.18677624206201238,,0.7142857142857215,,False,False,,0.22214425667879623,0.22214425667879623,True,True,True,True
2026-09-15 11:41:39.769297,CSCO,none,153499.0,110996.66666666667,-0.2881325409688523,,0.9142857142857502,,False,True,,0.2890355320170919,0.17342131921025514,True,False,True,True
2026-09-15 11:41:39.957561,PATH,BUY,2788971.0,1445195.0,0.9810791871058204,,0.8750000000000028,,True,False,,0.3875490058050776,1.1303512669314764,True,True,True,True
2026-09-15 11:41:40.137975,DIS,none,73071.0,96826.875,-0.10214504596527016,,0.6875000000000111,,False,False,,0.3122960925731982,0.37475531108783783,False,True,True,False
2026-09-15 11:41:40.318068,LUV,none,46216.0,60899.0,0.28335909325090014,,0.6111111111111089,,False,False,,0.7748654158066609,0.11069505940095156,False,False,True,True
2026-09-15 11:41:40.503651,UAA,none,217644.0,127747.8,0.20040080160320214,,0.3333333333333333,,False,False,,0.24193581167683692,0.24193581167683692,False,True,True,False
2026-09-15 11:41:40.753385,XP,none,38900.0,109034.8,-0.05104645227157511,,0.16666666666669627,,False,False,,0.40284748147179156,0.2517796759198697,False,False,False,False
2026-09-15 11:41:40.937721,JD,none,60261.0,56311.25,0.0,,0.0,,False,False,,0.17250306455641232,0.28750510759402054,False,True,False,False
2026-09-15 11:41:41.184263,ABNB,none,16007.0,22714.6,0.1614832535885229,,0.843749999999975,,False,False,,0.4991316711876183,0.299479002712571,False,False,True,True
2026-09-15 11:41:41.368631,FRSH,none,13030.0,34730.4,0.3189792663476948,,0.8000000000000071,,True,False,,0.1921729691445466,0.10249225021042485,False,False,True,True
2026-09-15 11:41:41.549429,TMO,none,28248.0,43308.875,-0.051936605864121396,,0.2214765100671402,,False,False,,0.22637250988918245,0.4244484560422171,False,False,False,False
2026-09-15 11:41:41.733343,HALO,none,13706.0,10491.6,-0.08417508417508736,,0.4736842105263394,,False,False,,0.22291338682039338,0.14860892454692892,True,True,False,False
2026-09-15 11:41:42.071060,ISRG,none,15092.0,19315.8,0.4120952635804176,,0.8105263157894699,,True,False,,0.29896407288881793,0.7474101822220449,False,True,True,True
2026-09-15 11:51:42.324209,ELVN,none,5036.0,5578.666666666667,-0.31900919497091706,,0.8095238095238143,,False,False,,0.7828348416110733,0.9133073152129189,False,False,True,True
2026-09-15 11:51:42.514423,HPQ,none,124189.0,139475.66666666666,0.0,,0.0,,False,False,,0.7878284062666537,0.9191331406444294,False,False,False,False
2026-09-15 11:51:42.703134,PYPL,none,51840.0,83468.4,-0.018642803877699496,,0.09090909090907329,,False,False,,0.3136426251877987,0.3136426251877987,False,False,False,False
2026-09-15 11:51:42.891816,CSCO,none,71805.0,133363.66666666666,-0.03611738148984763,,0.2500000000000444,,False,False,,0.4268547175544531,0.25611283053267186,False,False,False,False
2026-09-15 11:51:43.073620,PATH,none,2183349.0,1818959.8,0.48543689320388544,,0.6363636363636422,,True,False,,0.4549407838197188,1.32691061947418,False,False,False,True
2026-09-15 11:51:43.250163,DIS,none,29643.0,96512.25,0.009296272194854622,,0.06666666666670457,,False,False,,0.30614594806633677,0.3673751376796041,False,False,False,False
2026-09-15 11:51:43.431606,LUV,none,56156.0,60954.6,-0.33393269971744816,,0.7222222222222375,,False,True,,0.7219347298002389,0.10313353282860556,False,False,True,True
2026-09-15 11:51:43.620179,UAA,none,98261.0,157407.8,0.0,,0.0,,False,False,,0.24177452330532528,0.24177452330532528,False,False,False,False
2026-09-15 11:51:43.805680,XP,none,34971.0,77231.2,-0.2553626149131622,,0.62499999999995,,False,True,,0.25551619260762104,0.15969762037976315,False,False,True,True
2026-09-15 11:51:43.987959,JD,none,39093.0,53545.25,-0.07358351729212499,,0.6666666666666272,,False,False,,0.11059917607512115,0.18433196012520192,False,False,False,False
2026-09-15 11:51:44.173300,ABNB,none,25689.0,20677.8,-0.023882022807343996,,0.13793103448283298,,False,False,,0.48091370967166974,0.2885482258030019,False,False,False,False
2026-09-15 11:51:44.429683,FRSH,none,28679.0,28749.2,0.39714058776807554,,0.7142857142857215,,True,False,,0.26384753367655767,0.14071868462749745,False,False,True,True
2026-09-15 11:51:44.609901,TMO,none,64769.0,39986.25,0.11809721762955264,,0.35714285714285327,,False,False,,0.21047451765698383,0.39463972060684466,False,True,True,True
2026-09-15 11:51:44.787232,HALO,none,18875.0,12333.8,-0.02807937102209017,,0.11111111111111696,,False,False,,0.1991775767068766,0.13278505113791772,True,True,False,False
2026-09-15 11:51:44.988176,ISRG,none,23842.0,18523.0,0.18125116613801925,,0.6800000000000068,,False,False,,0.3134010744338936,0.783502686084734,False,True,True,True
2026-09-15 12:01:45.325600,ELVN,none,8115.0,5322.0,0.03765060240964444,,0.11764705882355155,,False,False,,1.0460612176902069,1.220404753971908,False,False,False,False
2026-09-15 12:01:45.504007,HPQ,none,162310.0,135015.0,-0.5562060889929676,,0.7599999999999909,,False,False,,0.6416295758573054,0.7485678385001897,False,True,True,True
2026-09-15 12:01:45.689823,PYPL,none,51687.0,77077.0,0.0186462800671229,,0.11111111111108479,,False,False,,0.30053902915009184,0.30053902915009184,False,False,False,False
2026-09-15 12:01:45.878418,CSCO,none,76565.0,116605.0,-0.10838150289017752,,0.46153846153846995,,False,False,,0.360557915396613,0.2163347492379678,False,False,False,False
2026-09-15 12:01:46.061885,PATH,none,2236610.0,2044630.2,0.5521048999309873,,0.7272727272727316,,True,False,,0.5206698977091008,1.5186205349848774,False,False,True,True
2026-09-15 12:01:46.242928,DIS,none,32020.0,92592.25,-0.1858563330545515,,0.6451612903225851,,False,False,,0.29149978347825317,0.3497997401739038,False,False,True,False
2026-09-15 12:01:46.431359,LUV,none,42930.0,61367.2,0.1030662200463776,,0.36363636363635776,,False,False,,0.8115434754583116,0.11593478220833023,False,False,True,False
2026-09-15 12:01:46.615295,UAA,none,321542.0,163848.4,0.0,,0.0,,False,False,,0.24177452330532528,0.24177452330532528,False,True,False,False
2026-09-15 12:01:46.802339,XP,none,39254.0,69875.6,-0.2048131080389283,,0.5000000000000444,,False,True,,0.2715936224547512,0.1697460140342195,False,False,True,True
2026-09-15 12:01:46.986300,JD,none,64454.0,54535.75,-0.03680529996320045,,0.20000000000002843,,False,False,,0.12439608556739457,0.20732680927899094,False,True,False,False
2026-09-15 12:01:47.173578,ABNB,none,16113.0,22588.0,0.017910447761194707,,0.1111111111111111,,False,False,,0.4377750993512781,0.26266505961076686,False,False,False,False
2026-09-15 12:01:47.359272,FRSH,BUY,60770.0,26593.8,0.7905138339920921,,0.9090909090909105,,True,False,,0.35895124846851933,0.19144066584987698,True,True,True,True
2026-09-15 12:01:49.155652,TMO,none,27714.0,45700.375,-0.09593004969491313,,0.3426966292134961,,False,False,,0.21925234065344232,0.4110981387252043,False,False,True,True
2026-09-15 12:01:49.341685,HALO,none,11187.0,14602.4,0.09361542782251314,,0.5882352941176913,,False,False,,0.1417439363911556,0.09449595759410373,False,False,False,False
2026-09-15 12:01:49.527645,ISRG,none,47723.0,17817.8,0.5212904598526502,,0.6282051282051208,,True,False,,0.3258099152483967,0.8145247881209917,False,True,True,True
2026-09-15 12:11:49.783260,ELVN,none,15609.0,6650.333333333333,0.13172751223184095,,0.466666666666673,,False,False,,0.6557252179413028,0.7650127542648533,False,True,True,False
2026-09-15 12:11:49.972814,HPQ,none,155087.0,131421.66666666666,0.05887547836327091,,0.2222222222222661,,False,False,,0.9933964125138235,1.1589624812661274,False,True,False,False
2026-09-15 12:11:50.164641,PYPL,none,36092.0,73488.6,0.03728560775539899,,0.2499999999999556,,False,False,,0.2743757389225666,0.2743757389225666,False,False,False,False
2026-09-15 12:11:50.348691,CSCO,none,80782.0,100623.0,-0.03616963559092708,,0.17391304347828504,,False,False,,0.28842095023258496,0.17305257013955097,False,False,False,False
2026-09-15 12:11:50.534796,PATH,none,2346900.0,2165062.8,-0.48043925875085985,,0.7000000000000053,,False,False,,0.5180589582808587,1.511005294985838,False,False,True,True
2026-09-15 12:11:50.715556,DIS,none,97775.0,86097.875,0.018621973929232795,,0.10526315789471716,,False,False,,0.33203848985923123,0.39844618783107744,False,True,False,False
2026-09-15 12:11:50.902093,LUV,none,42669.0,62559.2,0.0,,0.0,,False,False,,0.7753865803932988,0.11076951148475697,False,False,False,False
2026-09-15 12:11:51.085612,UAA,none,295272.0,197284.0,0.0,,0.0,,False,False,,0.20145194266016486,0.20145194266016486,False,True,False,False
2026-09-15 12:11:51.316064,XP,none,25614.0,57267.4,0.10261672652643986,,0.40000000000005687,,False,False,,0.27137402901933094,0.16960876813708184,False,False,False,True
2026-09-15 12:11:51.500880,JD,none,48898.0,56055.0,0.07366482504605204,,0.40000000000005687,,False,False,,0.12439608556739457,0.20732680927899094,False,False,False,False
2026-09-15 12:11:51.682302,ABNB,none,24482.0,20477.0,-0.017911517105499514,,0.14285714285714285,,False,False,,0.27958828228344024,0.16775296937006412,False,False,False,False
2026-09-15 12:11:51.859450,FRSH,none,38264.0,33227.2,-0.0784929356357911,,0.3333333333333333,,False,False,,0.4519901064323587,0.241061390097258,False,False,True,False
2026-09-15 12:11:52.040207,TMO,none,30705.0,45138.625,-0.3304640659669257,,0.6213017751479366,,False,False,,0.22597389107167898,0.42370104575939804,False,False,True,True
2026-09-15 12:11:52.298684,HALO,none,8896.0,13558.2,-0.1870032725572724,,0.6250000000000222,,False,True,,0.17544549040726032,0.11696366027150687,False,False,False,False
2026-09-15 12:11:52.486912,ISRG,none,29952.0,23359.0,-0.2857520836089388,,0.8000000000000084,,False,False,,0.40753755039585526,1.018843875989638,False,True,True,True
2026-09-15 12:21:52.761208,ELVN,none,4594.0,9586.666666666666,-0.16901408450704866,,0.9000000000000213,,False,False,,0.4883873096124025,0.5697851945478029,False,False,True,True
2026-09-15 12:21:52.944317,HPQ,none,130273.0,147195.33333333334,-0.11768167107972681,,0.2666666666666635,,False,False,,0.6150815673562385,0.7175951619156116,False,False,False,False
2026-09-15 12:21:53.134927,PYPL,none,31753.0,71766.2,0.07454342154306048,,0.6666666666667456,,False,False,,0.27434651168243546,0.27434651168243546,False,False,True,False
2026-09-15 12:21:53.319654,CSCO,none,62102.0,76384.0,-0.036179450072364554,,0.5714285714287164,,False,False,,0.12044567998063482,0.0722674079883809,False,False,False,True
2026-09-15 12:21:53.509398,PATH,none,1483703.0,2218607.6,0.27586206896551135,,0.666666666666647,,False,False,,0.6333643803810651,1.84731277611144,False,False,False,True
2026-09-15 12:21:53.689954,DIS,none,26767.0,83712.875,-0.027922561429636204,,0.25,,False,False,,0.2531299210352261,0.30375590524227125,False,False,False,False
2026-09-15 12:21:53.872533,LUV,none,125319.0,47073.4,0.12873326467558485,,0.45454545454543105,,False,False,,0.5403052060714135,0.07718645801020194,True,True,True,False
2026-09-15 12:21:54.058977,UAA,none,102219.0,238701.0,0.20040080160320214,,0.5,,True,False,,0.1610479022561253,0.1610479022561253,False,False,True,False
2026-09-15 12:21:54.250906,XP,none,25010.0,38389.4,0.15368852459016977,,0.6000000000000142,,True,False,,0.14736937020935528,0.09210585638084705,False,False,True,True
2026-09-15 12:21:54.442351,JD,none,38873.0,55938.0,0.0,,0.0,,False,False,,0.12439608556739702,0.20732680927899505,False,False,False,False
2026-09-15 12:21:54.628757,ABNB,none,32479.0,20882.4,-0.005971575301576094,,0.018867924528338312,,False,False,,0.2652575713382297,0.1591545428029378,True,False,False,False
2026-09-15 12:21:54.807692,FRSH,none,28217.0,35495.4,0.39277297721915894,,0.8333333333333334,,False,False,,0.47553798712309603,0.25362025979898456,False,False,True,True
2026-09-15 12:21:54.992053,TMO,none,37719.0,43588.875,0.15459851711626726,,0.3813229571984601,,False,False,,0.17770781859437862,0.3332021598644599,False,False,True,True
2026-09-15 12:21:55.177178,HALO,none,5947.0,14093.6,-0.037470725995322016,,0.3333333333333728,,False,False,,0.2427666685278784,0.16184444568525225,False,False,False,False
2026-09-15 12:21:55.367304,ISRG,none,24311.0,26063.6,-0.031838684001062496,,0.07453416149068542,,False,False,,0.4218398748117949,1.0545996870294871,False,True,False,False
2026-09-15 12:31:57.352155,ELVN,none,10539.0,9439.333333333334,0.22577610536219106,,0.8000000000000379,,False,False,,0.338392199148534,0.39479089900662306,False,False,True,True
2026-09-15 12:31:57.537634,HPQ,none,309233.0,149223.33333333334,0.08839127872716894,,0.15000000000000355,,False,False,,0.7327632384359654,0.8548904448419596,True,True,False,False
2026-09-15 12:31:57.721165,PYPL,none,35548.0,55073.2,0.14900353883405737,,0.6666666666667259,,False,False,,0.235126048713706,0.235126048713706,False,False,True,False
2026-09-15 12:31:57.909994,CSCO,none,85554.0,73149.66666666667,-0.1447570795259175,,0.8421052631578239,,False,True,,0.1204870590356461,0.07229223542138766,False,False,True,True
2026-09-15 12:31:58.097312,PATH,none,1980186.0,2207906.6,0.41265474552957704,,0.6666666666666733,,False,False,,0.6659813539096955,1.9424456155699452,False,False,False,True
2026-09-15 12:31:58.279546,DIS,none,41406.0,78495.125,-0.21413276231262432,,0.8214285714285733,,False,False,,0.25019853599285,0.30023824319142006,False,False,True,True
2026-09-15 12:31:58.465450,LUV,none,43658.0,62658.0,0.2828490614553855,,0.7333333333333365,,False,False,,0.5943638943832176,0.08490912776903108,False,False,True,True
2026-09-15 12:31:58.649453,UAA,none,244447.0,206987.6,0.19960079840318937,,0.24999999999999445,,True,False,,0.08016032064128085,0.08016032064128085,False,False,False,False
2026-09-15 12:31:58.837493,XP,none,42527.0,32749.8,0.15353121801433542,,0.7500000000000444,,True,False,,0.12280438821444405,0.07675274263402752,False,False,True,True
2026-09-15 12:31:59.024355,JD,none,41519.0,52930.375,0.07361059992638783,,0.40000000000001423,,False,False,,0.09675141177454838,0.1612523529575806,False,False,False,False
2026-09-15 12:31:59.210533,ABNB,none,17151.0,22954.0,0.26267088532027805,,0.666666666666638,,True,False,,0.13629528993848233,0.08177717396308941,False,False,True,True
2026-09-15 12:31:59.386600,FRSH,none,33337.0,33792.0,0.3132341425215421,,0.8000000000000071,,False,False,,0.5933698802888436,0.31646393615405,False,False,True,True
2026-09-15 12:31:59.570284,TMO,none,20390.0,40939.5,0.256709084036789,,0.8402061855669843,,True,False,,0.1604176149315166,0.3007830279965936,False,False,True,True
2026-09-15 12:31:59.754653,HALO,none,6295.0,11722.2,0.11245431543435906,,0.6000000000000142,,False,False,,0.15492379736602263,0.10328253157734842,False,False,False,False
2026-09-15 12:31:59.939277,ISRG,none,20944.0,28184.0,0.2972556929773355,,0.6327683615819096,,False,False,,0.3437346377234612,0.859336594308653,False,True,True,True
2026-09-15 12:42:00.206541,ELVN,none,14772.0,10247.333333333334,-0.07510326699211256,,0.2499999999999889,,False,False,,0.5265177021010807,0.6142706524512608,False,False,False,False
2026-09-15 12:42:00.451538,HPQ,none,161447.0,198197.66666666666,0.0,,0.0,,False,False,,0.26494842817016667,0.3091064995318611,False,False,False,False
2026-09-15 12:42:00.637610,PYPL,none,32066.0,41384.0,-0.01859773107681814,,0.14285714285721537,,False,False,,0.20868515645413746,0.20868515645413746,False,True,False,False
2026-09-15 12:42:00.819846,CSCO,none,97267.0,76146.0,-0.22649030621489402,,0.9259259259259396,,False,True,,0.14473744345947273,0.08684246607568363,True,False,True,True
2026-09-15 12:42:01.007095,PATH,none,2640619.0,2046149.6,0.06849315068493005,,0.09999999999999823,,False,False,,0.5295594879313971,1.5445485064665747,False,False,False,False
2026-09-15 12:42:01.193630,DIS,none,49157.0,67325.125,-0.018658456945606885,,0.22222222222216959,,False,False,,0.20341505220323042,0.24409806264387648,False,True,False,False
2026-09-15 12:42:01.377807,LUV,none,35928.0,62146.4,0.0512820512820593,,0.3333333333334123,,False,False,,0.5940068721263573,0.08485812458947961,False,False,True,False
2026-09-15 12:42:01.562600,UAA,none,444657.0,212348.2,0.3984063745020013,,0.4000000000000036,,True,False,,0.0800003200012783,0.0800003200012783,False,True,True,False
2026-09-15 12:42:01.743307,XP,none,21599.0,33475.2,0.0,,0.0,,False,False,,0.1392019507332857,0.08700121920830356,False,False,False,False
2026-09-15 12:42:01.928834,JD,none,52134.0,52741.5,0.14705882352940863,,0.44444444444443565,,True,False,,0.11055339926074607,0.18425566543457678,False,False,False,False
2026-09-15 12:42:02.122289,ABNB,none,36300.0,23182.8,0.05955216769891779,,0.2500000000000533,,False,False,,0.19700786897753542,0.11820472138652124,True,False,False,False
2026-09-15 12:42:02.309858,FRSH,none,38136.0,37853.4,-0.15625000000001055,,0.40000000000002134,,False,False,,0.591646343140998,0.3155447163418656,False,False,True,False
2026-09-15 12:42:02.499144,TMO,none,27396.0,38480.75,0.0958230572267886,,0.3885350318471582,,False,False,,0.14926254197041292,0.2798672661945242,False,False,True,True
2026-09-15 12:42:02.682815,HALO,none,3712.0,10240.0,-0.028081999438361076,,0.3750000000000222,,False,False,,0.16510432061936045,0.11006954707957363,False,False,False,False
2026-09-15 12:42:02.870477,ISRG,none,26098.0,29354.4,-0.031745191926140726,,0.21818181818182195,,False,False,,0.3161731407787215,0.7904328519468038,False,True,False,False
2026-09-15 12:52:03.117401,ELVN,none,4519.0,9968.333333333334,-0.01878992859826759,,0.05882352941175487,,False,False,,0.4698934568613523,0.548209033004911,False,False,False,False
2026-09-15 12:52:03.304453,HPQ,none,168438.0,200317.66666666666,0.05885815185404099,,0.15384615384617487,,False,False,,0.20607294980689575,0.24041844144137836,False,False,False,False
2026-09-15 12:52:03.506683,PYPL,none,37516.0,37429.2,0.05580357142857355,,0.5000000000000592,,False,False,,0.20865360549352055,0.20865360549352055,False,True,True,False
2026-09-15 12:52:03.691632,CSCO,none,104784.0,81641.0,0.027238060650082746,,0.1250000000000074,,False,False,,0.2716178905421174,0.16297073432527043,True,False,False,False
2026-09-15 12:52:03.875273,PATH,none,2725586.0,2137603.6,0.27397260273973234,,0.5000000000000111,,False,False,,0.42949298972684774,1.252687886703306,False,False,False,True
2026-09-15 12:52:04.052417,DIS,none,79451.0,61349.625,-0.027990296697146047,,0.23076923076922237,,False,False,,0.20052975454689143,0.2406357054562697,False,True,False,False
2026-09-15 12:52:04.234095,LUV,none,31614.0,58100.8,0.20502306509481877,,0.7272727272727155,,False,False,,0.3961514182215851,0.056593059745940734,False,False,True,True
2026-09-15 12:52:04.408567,UAA,none,333698.0,281627.4,0.0,,0.0,,False,False,,0.15968159490167855,0.15968159490167855,False,False,False,False
2026-09-15 12:52:04.587452,XP,none,74904.0,30800.8,0.3065917220234988,,0.7499999999999667,,True,False,,0.09834393234717974,0.06146495771698733,False,False,True,True
2026-09-15 12:52:04.765389,JD,none,33442.0,54338.5,-0.1834862385321127,,0.8333333333333629,,False,True,,0.10352006267029489,0.1725334377838248,False,False,True,True
2026-09-15 12:52:04.946056,ABNB,none,15111.0,25305.0,0.01189980365324581,,0.05000000000002487,,False,False,,0.2184099559124797,0.13104597354748782,False,False,False,False
2026-09-15 12:52:05.121705,FRSH,none,24794.0,39744.8,-0.15637216575449236,,0.6666666666666666,,False,False,,0.5193791668105785,0.2770022222989752,False,False,True,False
2026-09-15 12:52:05.302923,TMO,none,24163.0,35428.5,0.17576898932831206,,0.47659574468084837,,True,False,,0.1373398114033428,0.2575121463812678,False,False,True,True
2026-09-15 12:52:05.487151,HALO,none,3686.0,7207.4,-0.05616399887672215,,0.6666666666666666,,False,False,,0.16510526684921797,0.11007017789947865,False,False,False,False
2026-09-15 12:52:05.673675,ISRG,none,16673.0,29805.6,-0.050280512331956635,,0.2533333333333303,,False,False,,0.2802917069678706,0.7007292674196766,False,True,False,False
2026-09-15 13:02:05.932644,ELVN,none,15628.0,9943.333333333334,0.4699248120300752,,0.8333333333333215,,True,False,,0.31966930095257123,0.3729475177779998,False,False,True,True
2026-09-15 13:02:06.167052,HPQ,none,281940.0,213039.33333333334,-0.2058218171126148,,0.3499999999999964,,False,True,,0.14724943058120993,0.1717910023447449,False,True,False,False
2026-09-15 13:02:06.353074,PYPL,none,37150.0,34595.0,0.07436326454731204,,0.5,,False,False,,0.23466370944653603,0.23466370944653603,False,True,False,False
2026-09-15 13:02:06.541690,CSCO,none,138603.0,95868.33333333333,-0.13615321775438474,,0.5357142857143038,,False,False,,0.26565696426059615,0.15939417855635768,True,False,False,True
2026-09-15 13:02:06.729612,PATH,none,3474363.0,2235398.8,-0.13670539986330382,,0.3333333333333531,,False,False,,0.3627412384009465,1.0579952786694273,False,True,False,False
2026-09-15 13:02:07.089328,DIS,none,78492.0,53661.25,0.08397872538957116,,0.45000000000001067,,False,False,,0.18894490704028827,0.22673388844834594,False,True,True,False
2026-09-15 13:02:07.276240,LUV,BUY,73720.0,55837.6,0.6651317472499308,,0.9629629629629445,,True,False,,0.46752120975549394,0.06678874425078485,True,False,True,True
2026-09-15 13:02:07.484128,UAA,none,256070.0,284058.6,0.19841269841269418,,0.24999999999999445,,True,False,,0.15968159490167855,0.15968159490167855,False,False,False,False
2026-09-15 13:02:07.718610,XP,none,27159.0,37930.8,0.05096839959224266,,0.2499999999999556,,False,False,,0.11462851058471102,0.07164281911544439,False,False,False,False
2026-09-15 13:02:07.902323,JD,none,31595.0,47334.25,0.03676470588235869,,0.2500000000000444,,False,False,,0.11028924455424124,0.18381540759040207,False,False,False,False
2026-09-15 13:02:08.083777,ABNB,none,15461.0,25104.6,0.16064734931874233,,0.7714285714286132,,False,False,,0.21480356944771034,0.12888214166862622,False,False,True,True
2026-09-15 13:02:08.279931,FRSH,none,34154.0,32549.6,-0.23492560689114614,,0.5,,False,True,,0.3291366663392985,0.17553955538095922,False,False,True,False
2026-09-15 13:02:08.462610,TMO,none,19261.0,32638.0,-0.08303045494424213,,0.3375796178344636,,False,False,,0.12793275868636697,0.23987392253693807,False,False,True,True
2026-09-15 13:02:08.649979,HALO,none,4517.0,5707.2,0.14050206069688223,,0.8333333333333202,,False,False,,0.15162275242873322,0.1010818349524888,False,False,True,True
2026-09-15 13:02:08.836978,ISRG,none,30385.0,23595.6,0.17476036646718426,,0.5409836065573389,,True,False,,0.16724931956290415,0.4181232989072604,False,True,True,True
2026-09-15 13:12:09.119339,ELVN,none,3543.0,11639.666666666666,-0.336889387984278,,0.9473684210526414,,False,False,,0.5638180076204553,0.6577876755571979,False,False,True,True
2026-09-15 13:12:09.309823,HPQ,none,136306.0,203941.66666666666,0.11785503830288495,,0.4444444444444181,,False,False,,0.2646799689666558,0.3087932971277651,False,False,False,False
2026-09-15 13:12:09.490576,PYPL,none,51004.0,34806.6,0.018577001671939656,,0.16666666666676536,,False,False,,0.26061806920087505,0.26061806920087505,True,True,False,False
2026-09-15 13:12:09.672834,CSCO,none,64323.0,113551.33333333333,0.01817686085612653,,0.11764705882351466,,False,False,,0.2599210564129077,0.1559526338477446,False,False,False,False
2026-09-15 13:12:09.863401,PATH,none,2220281.0,2460891.4,0.2054794520548023,,0.6000000000000142,,False,False,,0.2802451122679331,0.8173815774481382,False,False,False,True
2026-09-15 13:12:10.042669,DIS,none,74465.0,54338.875,-0.0372890836207626,,0.44444444444433917,,False,False,,0.18326793186038234,0.2199215182324588,False,True,True,False
2026-09-15 13:12:10.226077,LUV,none,58014.0,62047.8,-0.330284552845535,,0.6842105263158111,,False,True,,0.9331134328304457,0.13330191897577795,False,False,True,True
2026-09-15 13:12:10.404924,UAA,none,149269.0,276218.2,-0.7905138339920956,,1.0,,False,True,,0.19936413458421737,0.19936413458421737,False,False,True,True
2026-09-15 13:12:10.587906,XP,none,32866.0,38239.8,-0.45824847250509093,,0.8999999999999858,,False,True,,0.10636477827523945,0.06647798642202465,False,False,True,True
2026-09-15 13:12:10.774526,JD,none,21321.0,43751.0,0.0,,0.0,,False,False,,0.11718262690718352,0.19530437817863922,False,False,False,False
2026-09-15 13:12:10.960475,ABNB,none,12846.0,23300.4,-0.1247104934972264,,0.5526315789473212,,False,False,,0.30044506877565613,0.18026704126539367,False,False,True,True
2026-09-15 13:12:11.137571,FRSH,none,20511.0,31727.6,0.07843137254901794,,0.3333333333333333,,False,False,,0.37606646771590496,0.200568782781816,False,False,True,False
2026-09-15 13:12:11.430761,TMO,none,46352.0,31514.625,0.1881202088134389,,0.7947019867550018,,True,False,,0.13104214359437905,0.24570401923946072,False,False,True,True
2026-09-15 13:12:11.611768,HALO,none,4425.0,4831.4,-0.1870557426113008,,0.8000000000000114,,False,True,,0.13488231615899277,0.08992154410599516,False,False,True,True
2026-09-15 13:12:11.796080,ISRG,none,22054.0,23682.2,0.07928746993683732,,0.29702970297031095,,False,False,,0.14061130744888312,0.35152826862220776,False,True,False,False
2026-09-15 13:22:12.086627,ELVN,none,8528.0,7896.666666666667,-0.11269722013524093,,0.46153846153849515,,False,False,,0.8256041286126208,0.9632048167147242,False,False,True,False
2026-09-15 13:22:12.271809,HPQ,none,143829.0,195561.33333333334,0.26478375992938014,,1.0,,False,False,,0.3825350072695408,0.44629084181446427,False,False,True,True
2026-09-15 13:22:12.455062,PYPL,none,38712.0,38656.8,-0.03714710252600878,,0.3333333333333728,,False,False,,0.22144157529109051,0.22144157529109051,False,True,False,False
2026-09-15 13:22:12.648925,CSCO,none,88518.0,102570.0,-0.0999545661063148,,0.4230769230769126,,False,True,,0.12104542617372933,0.0726272557042376,False,False,False,False
2026-09-15 13:22:12.841025,PATH,none,2277423.0,2608207.0,-0.2734107997265955,,0.6666666666666765,,False,False,,0.26335328420936294,0.7681137456106419,False,False,False,True
2026-09-15 13:22:13.017966,DIS,none,55028.0,59941.625,0.018651496782613092,,0.15384615384612862,,False,False,,0.1920156854309786,0.23041882251717433,False,True,False,False
2026-09-15 13:22:13.197476,LUV,none,33643.0,48586.8,-0.10193679918450343,,0.2857142857142785,,False,False,,1.0741993345494105,0.15345704779277294,False,False,False,False
2026-09-15 13:22:13.373644,UAA,none,223741.0,285628.2,0.3984063745020013,,0.5000000000000111,,True,False,,0.31738674106199605,0.31738674106199605,False,False,True,False
2026-09-15 13:22:13.553496,XP,none,23754.0,39811.0,0.0,,0.0,,False,False,,0.15509436994162687,0.09693398121351679,False,False,False,False
2026-09-15 13:22:13.740772,JD,none,25829.0,41529.5,-0.03675119441382419,,0.2500000000000444,,False,False,,0.10338571741491007,0.1723095290248501,False,False,False,False
2026-09-15 13:22:13.922217,ABNB,none,8366.0,19373.8,-0.05351409204424034,,0.5294117647059413,,False,False,,0.3716884196930462,0.22301305181582776,False,False,True,True
2026-09-15 13:22:14.105034,FRSH,none,10637.0,30186.4,0.0,,0.0,,False,False,,0.28176398631486277,0.15027412603459347,False,False,False,False
2026-09-15 13:22:14.290012,TMO,none,27357.0,29212.5,-0.06102522375915165,,0.4936708860758838,,False,False,,0.1380444427127677,0.2588333300864394,False,False,True,True
2026-09-15 13:22:14.482514,HALO,none,6297.0,4527.0,-0.09372949667259754,,0.4761904761904633,,False,False,,0.1887329221407451,0.12582194809383007,True,True,False,False
2026-09-15 13:22:14.673240,ISRG,none,14455.0,23230.8,-0.27733023427801995,,0.755395683453253,,False,False,,0.15199901607346905,0.37999754018367266,False,True,True,True
2026-09-15 13:32:14.898163,ELVN,none,7131.0,9233.0,0.018800526414749233,,0.1250000000000555,,False,False,,0.9195114201495942,1.0727633235078597,False,False,False,False
2026-09-15 13:32:15.083935,HPQ,none,96398.0,187358.33333333334,0.08802816901408785,,0.23076923076923497,,False,False,,0.5884606153448799,0.6865373845690266,False,False,False,False
2026-09-15 13:32:15.273474,PYPL,none,86296.0,39289.6,0.01858045336305836,,0.09999999999997869,,False,False,,0.14314206987545652,0.14314206987545652,True,True,False,False
2026-09-15 13:32:15.468059,CSCO,BUY,217951.0,97148.0,0.22737608003638016,,0.7142857142856969,,True,False,,0.16952309647788402,0.10171385788673042,True,True,True,True
2026-09-15 13:32:15.659587,PATH,none,3247577.0,2667654.4,-0.20562028786839864,,0.3749999999999917,,False,False,,0.22993473721664737,0.6706429835485549,False,False,False,False
2026-09-15 13:32:15.847283,DIS,none,56868.0,62817.625,0.06526806526805891,,0.6363636363635776,,False,False,,0.13976417409599784,0.16771700891519742,False,True,True,False
2026-09-15 13:32:16.034913,LUV,none,39145.0,46583.8,-0.05102040816327328,,0.2500000000000222,,False,False,,0.947560750959793,0.13536582156568472,False,False,False,False
2026-09-15 13:32:16.221760,UAA,none,135893.0,281487.0,-0.19841269841269418,,0.3333333333333235,,False,False,,0.3571478562817585,0.3571478562817585,False,False,True,False
2026-09-15 13:32:16.408587,XP,none,24524.0,36056.4,-0.10230179028132774,,0.3999999999999858,,False,True,,0.13052937505933318,0.08158085941208323,False,False,False,True
2026-09-15 13:32:16.590901,JD,none,26333.0,36701.375,0.0,,0.0,,False,False,,0.10337557262440203,0.17229262104067003,False,False,False,False
2026-09-15 13:32:16.776318,ABNB,none,16252.0,17616.8,-0.1427806532214939,,0.8,,False,False,,0.24619434372742363,0.1477166062364542,False,False,True,True
2026-09-15 13:32:16.960248,FRSH,none,7898.0,25646.4,0.0,,0.0,,False,False,,0.1877937435584001,0.10015666323114672,False,False,False,False
2026-09-15 13:32:17.152868,TMO,none,26948.0,29167.875,-0.09707217786128143,,0.3425414364640797,,False,False,,0.13455396011919155,0.25228867522348414,False,False,True,True
2026-09-15 13:32:17.339808,HALO,none,5031.0,4527.4,-0.009377344336088817,,0.11111111111116374,,False,False,,0.18199198738651098,0.12132799159100731,True,False,False,False
2026-09-15 13:32:17.529043,ISRG,none,18212.0,21933.0,-0.3338102050548379,,0.9545454545454526,,False,False,,0.14721690598563333,0.3680422649640833,False,True,True,True
2026-09-15 13:42:17.798341,ELVN,none,12436.0,6400.666666666667,0.018793459875959425,,0.09090909090906742,,False,False,,0.4683871345342681,0.5464516569566461,False,True,False,False
2026-09-15 13:42:17.989859,HPQ,none,132150.0,125511.0,-0.2052184110231612,,0.36842105263158487,,False,False,,0.47066696724635293,0.5491114617874118,False,True,False,False
2026-09-15 13:42:18.174737,PYPL,none,92595.0,50135.6,0.03715400334386611,,0.16666666666669627,,False,False,,0.14312997547582465,0.14312997547582465,True,True,False,False
2026-09-15 13:42:18.360524,CSCO,none,162568.0,123597.33333333333,-0.2540373797858838,,0.5957446808510677,,False,True,,0.23033833799921433,0.1382030027995286,True,False,False,True
2026-09-15 13:42:18.553015,PATH,none,2430183.0,2789046.0,0.0,,0.0,,False,False,,0.2628452501406798,0.7666319795769827,False,False,False,False
2026-09-15 13:42:18.758414,DIS,none,50568.0,57704.25,0.07455036809244087,,0.6666666666666272,,False,False,,0.154341077639381,0.1852092931672572,False,True,True,False
2026-09-15 13:42:18.947627,LUV,none,52541.0,47227.2,-0.025536261491312592,,0.09999999999997869,,False,False,,0.9473776007766428,0.13533965725380612,False,False,False,False
2026-09-15 13:42:19.130199,UAA,none,158710.0,219734.2,0.3984063745020013,,1.0,,True,False,,0.31714912106389703,0.31714912106389703,False,False,True,True
2026-09-15 13:42:19.310774,XP,none,27853.0,36641.4,0.05120327700971843,,0.2499999999999556,,False,False,,0.14689766150434563,0.09181103844021601,False,False,False,False
2026-09-15 13:42:19.494526,JD,none,16707.0,33880.75,0.0,,0.0,,False,False,,0.08956341792826726,0.14927236321377876,False,False,False,False
2026-09-15 13:42:19.684472,ABNB,none,19608.0,13607.2,0.005955926146510366,,0.03999999999996362,,False,False,,0.2961314350409693,0.17767886102458158,False,False,False,False
2026-09-15 13:42:19.877537,FRSH,none,18660.0,19598.8,0.0,,0.0,,False,False,,0.14091874355839693,0.07515666323114503,False,False,False,False
2026-09-15 13:42:20.065964,TMO,none,33482.0,28698.25,-0.4026824605935336,,0.8771331058020458,,False,True,,0.11121477130862711,0.20852769620367584,False,False,True,True
2026-09-15 13:42:20.259008,HALO,none,17076.0,4791.2,-0.08440401387976104,,0.4499999999999396,,False,False,,0.17525831154969296,0.11683887436646197,True,True,False,False
2026-09-15 13:42:20.442697,ISRG,none,26717.0,20355.8,0.1089411452105668,,0.4880952380951817,,False,False,,0.21971250913652066,0.5492812728413017,False,True,True,True
2026-09-15 13:52:20.720485,ELVN,none,4214.0,9365.0,0.018793459875959425,,0.1999999999999716,,False,False,,0.1502912064259496,0.17533974083027454,False,False,False,False
2026-09-15 13:52:20.911417,HPQ,none,84276.0,124125.66666666667,-0.08810572687222917,,0.4999999999998816,,False,False,,0.5580303399666292,0.651035396627734,False,False,False,False
2026-09-15 13:52:21.126731,PYPL,SELL,43564.0,61151.4,-0.14853323431117396,,0.7999999999999716,,False,True,,0.13007527781652947,0.13007527781652947,False,True,True,True
2026-09-15 13:52:22.848194,CSCO,none,62365.0,156345.66666666666,-0.09095870474803922,,0.5555555555555468,,False,False,,0.3875786839523858,0.23254721037143147,False,False,False,True
2026-09-15 13:52:23.039281,PATH,none,1695903.0,2729965.4,0.1374570446735366,,0.4,,False,False,,0.19709182548314405,0.5748511576591702,False,False,False,False
2026-09-15 13:52:23.224506,DIS,none,59363.0,60679.375,-0.11175265412552648,,0.7999999999999052,,False,False,,0.16891226722150743,0.20269472066580893,False,True,True,True
2026-09-15 13:52:23.408319,LUV,none,29609.0,51412.6,0.025555839509322796,,0.07692307692306011,,False,False,,0.8217368382541886,0.11739097689345553,False,False,False,False
2026-09-15 13:52:23.590747,UAA,none,69704.0,184736.6,-0.1988071570576675,,0.5000000000000222,,False,False,,0.39683039596429726,0.39683039596429726,False,False,True,False
2026-09-15 13:52:23.771709,XP,none,30647.0,27231.2,0.0,,0.0,,False,False,,0.10603551030214074,0.06627219393883796,False,False,False,False
2026-09-15 13:52:23.954677,JD,none,24660.0,31110.0,-0.14711290915778852,,0.8000000000000427,,False,False,,0.08956341792826726,0.14927236321377876,False,False,True,True
2026-09-15 13:52:24.144472,ABNB,none,28201.0,14506.6,-0.01191114287416487,,0.07692307692311055,,False,False,,0.292565108536928,0.1755390651221568,True,True,False,False
2026-09-15 13:52:24.329436,FRSH,none,13161.0,18372.0,0.07843137254901794,,0.5,,False,False,,0.09400709383204921,0.05013711671042625,False,False,True,False
2026-09-15 13:52:24.514856,TMO,none,35152.0,28168.625,0.0047187617969002005,,0.018987341772135503,,False,False,,0.13602316565635372,0.2550434356056632,False,False,False,False
2026-09-15 13:52:24.700329,HALO,none,12534.0,7469.2,-0.08449117536611829,,0.8181818181817242,,False,False,,0.185424716950787,0.12361647796719132,True,True,True,True
2026-09-15 13:52:24.883683,ISRG,none,18952.0,22364.6,0.17517783204162465,,0.8571428571429098,,False,False,,0.23379106102738711,0.5844776525684678,False,True,True,True
2026-09-15 14:02:25.131700,ELVN,none,12105.0,7927.0,-0.037601052829471744,,0.2857142857142277,,False,False,,0.05638744616666809,0.06578535386111277,False,False,False,False
2026-09-15 14:02:25.314924,HPQ,none,90645.0,104274.66666666667,0.02938583602702912,,0.1249999999999778,,False,False,,0.38135230690947824,0.4449110247277246,False,False,False,False
2026-09-15 14:02:25.503773,PYPL,none,37475.0,62434.2,0.09297136481963027,,0.6249999999999778,,False,False,,0.1819942566512328,0.1819942566512328,False,False,True,False
2026-09-15 14:02:25.698249,CSCO,none,69432.0,147628.0,-0.1547705753823759,,0.8499999999999964,,False,False,,0.38158144304686875,0.22894886582812124,False,False,True,True
2026-09-15 14:02:25.885484,PATH,none,1782662.0,2374273.4,0.0,,0.0,,False,False,,0.19727222023759988,0.575377309026333,False,False,False,False
2026-09-15 14:02:26.127461,DIS,none,58821.0,62924.0,-0.009323140033568073,,0.11111111111116374,,False,False,,0.1369184834130394,0.16430218009564726,False,True,False,False
2026-09-15 14:02:26.310903,LUV,none,36043.0,42590.4,0.025542784163468737,,0.2499999999999556,,False,False,,0.374033702835763,0.05343338611939471,False,False,False,False
2026-09-15 14:02:26.496539,UAA,none,208186.0,147463.4,0.3984063745020013,,1.0,,True,False,,0.3969092876932919,0.3969092876932919,False,True,True,True
2026-09-15 14:02:26.681609,XP,none,61309.0,27928.8,-0.05122950819671112,,0.2499999999999334,,False,False,,0.09788056636738195,0.06117535397961371,False,False,False,False
2026-09-15 14:02:26.862701,JD,none,33232.0,29002.625,0.0,,0.0,,False,False,,0.1033451009091549,0.1722418348485915,False,True,False,False
2026-09-15 14:02:27.041184,ABNB,none,21880.0,17054.6,0.08338793257490905,,0.8235294117647157,,False,False,,0.20332338467018152,0.12199403080210891,False,False,True,True
2026-09-15 14:02:27.222696,FRSH,none,14273.0,14173.4,0.07836990595611118,,0.3333333333333333,,True,False,,0.047058823529410765,0.025098039215685743,False,False,True,False
2026-09-15 14:02:27.411478,TMO,none,10075.0,30013.875,-0.04718539140281454,,0.2027027027026695,,False,False,,0.11082413343236486,0.20779525018568412,False,False,False,False
2026-09-15 14:02:27.596782,HALO,none,15656.0,9072.6,-0.11275016442732738,,0.41379310344828263,,False,True,,0.16526079823171194,0.11017386548780796,True,True,False,False
2026-09-15 14:02:27.781339,ISRG,none,18960.0,20078.0,-0.04238298323222383,,0.20253164556958927,,False,False,,0.2338912527652528,0.5847281319131321,False,True,False,False
2026-09-15 14:12:28.035989,ELVN,none,7745.0,9585.0,0.18811136192626304,,0.769230769230765,,True,False,,0.0751879725813906,0.0877193013449557,False,False,True,True
2026-09-15 14:12:28.221468,HPQ,none,161887.0,102357.0,0.08813160987074364,,0.2,,False,False,,0.32270997392241946,0.376494969576156,True,True,False,False
2026-09-15 14:12:28.407150,PYPL,none,111246.0,59728.4,0.09286775631500215,,0.4166666666666272,,False,False,,0.23407031085461621,0.23407031085461621,True,True,False,False
2026-09-15 14:12:28.587759,CSCO,none,61306.0,98121.66666666667,0.22795659706391902,,0.7812500000000167,,False,False,,0.3331777732775327,0.1999066639665196,False,False,True,True
2026-09-15 14:12:28.771412,PATH,none,1903390.0,2286749.6,-0.274348422496577,,0.8000000000000071,,False,False,,0.14795715174444737,0.43154169258797154,False,False,True,True
2026-09-15 14:12:28.947563,DIS,none,95662.0,64132.0,-0.13984710050345486,,0.7142857142857626,,False,False,,0.13400119687802725,0.16080143625363272,False,True,True,True
2026-09-15 14:12:29.131314,LUV,BUY,86023.0,38196.2,0.4085801838610922,,0.9411764705882476,,True,False,,0.1607144647583166,0.022959209251188085,True,True,True,True
2026-09-15 14:12:29.312206,UAA,none,82865.0,159246.8,0.19880715705764984,,0.4999999999999778,,False,False,,0.3184877957952731,0.3184877957952731,False,False,True,False
2026-09-15 14:12:29.510211,XP,none,48811.0,33617.4,0.0,,0.0,,False,False,,0.03275753207804117,0.02047345754877573,False,False,False,False
2026-09-15 14:12:29.693106,JD,none,33495.0,26639.875,0.03683241252302602,,0.3333333333333728,,False,False,,0.07577157149739078,0.12628595249565128,False,True,False,False
2026-09-15 14:12:29.876700,ABNB,none,41228.0,18861.4,0.13093679323889945,,0.6285714285714356,,False,False,,0.17852984811679112,0.10711790887007468,True,True,True,True
2026-09-15 14:12:30.063092,FRSH,BUY,57218.0,12925.8,0.1566170712607641,,0.6666666666666666,,True,False,,0.047040383551538736,0.02508820456082066,True,True,True,False
2026-09-15 14:12:30.244312,TMO,none,23304.0,27848.75,0.3697992068987258,,0.8545454545454628,,True,False,,0.10596036684996744,0.19867568784368894,False,False,True,True
2026-09-15 14:12:30.433880,HALO,BUY,22677.0,11318.8,0.30100649045244393,,0.7999999999999716,,True,False,,0.13851079008548153,0.09234052672365435,True,True,True,True
2026-09-15 14:12:30.625254,ISRG,none,12057.0,19459.2,0.04504265804672754,,0.30909090909086023,,False,False,,0.22503417595614553,0.5625854398903638,False,True,True,True
2026-09-15 14:22:30.879715,ELVN,none,7289.0,8021.333333333333,0.13155421913174267,,0.466666666666673,,False,False,,0.2445058746316942,0.28525685373697657,False,False,True,False
2026-09-15 14:22:31.133885,HPQ,none,118273.0,112269.33333333333,-0.029351335485758762,,0.1666666666666272,,False,False,,0.20562317277000194,0.23989370156500228,False,True,False,False
2026-09-15 14:22:31.327000,PYPL,none,53159.0,74235.2,0.11135857461023602,,0.5454545454545043,,False,False,,0.2730747685069116,0.2730747685069116,False,True,True,False
2026-09-15 14:22:31.516819,CSCO,none,114161.0,64367.666666666664,-0.036390101892290985,,0.16666666666669627,,False,False,,0.31579058479622274,0.18947435087773365,True,False,False,False
2026-09-15 14:22:31.699217,PATH,none,1776550.0,2211943.0,0.34364261168384147,,0.7142857142856962,,True,False,,0.14818218120924292,0.4321980285269586,False,False,True,True
2026-09-15 14:22:31.882734,DIS,SELL,101332.0,66158.375,-0.2706738846369295,,0.9666666666666967,,False,True,,0.16895644806749877,0.20274773768099852,True,True,True,True
2026-09-15 14:22:32.062891,LUV,none,30051.0,48672.2,-0.3306205493387654,,0.7222222222222375,,False,True,,0.3753648340319287,0.05362354771884696,False,False,True,True
2026-09-15 14:22:32.249222,UAA,none,46410.0,131071.6,0.0,,0.0,,False,False,,0.27856795230640286,0.27856795230640286,False,False,False,False
2026-09-15 14:22:32.449656,XP,none,88807.0,38628.8,-0.0512557662737138,,0.2500000000000444,,False,True,,0.03275753207804117,0.02047345754877573,False,False,False,False
2026-09-15 14:22:32.637700,JD,none,21509.0,26646.5,0.0,,0.0,,False,False,,0.04827397912068701,0.08045663186781168,False,False,False,False
2026-09-15 14:22:32.831498,ABNB,none,13651.0,25433.8,0.0059438896814021066,,0.06666666666660351,,False,False,,0.22498346883358655,0.13499008130015194,False,False,False,False
2026-09-15 14:22:33.013161,FRSH,BUY,55697.0,22242.0,0.2347417840375676,,0.7500000000000111,,True,False,,0.09402550492976797,0.05014693596254292,True,True,True,True
2026-09-15 14:22:33.228914,TMO,none,18600.0,27741.375,-0.0015681600777971414,,0.009174311926701192,,False,False,,0.12536338860700882,0.23505635363814154,False,False,False,False
2026-09-15 14:22:33.421139,HALO,none,4500.0,14594.8,0.11255979739236896,,0.46153846153846995,,False,False,,0.2131305078462262,0.14208700523081746,False,False,False,False
2026-09-15 14:22:33.609607,ISRG,none,19308.0,18979.6,-0.007944284087591747,,0.05172413793098379,,False,False,,0.16928515766063534,0.42321289415158836,False,True,False,False
2026-09-15 14:32:33.869226,ELVN,none,4114.0,9046.333333333334,-0.3566066066066023,,0.9499999999999751,,False,False,,0.3572666338874775,0.41681107286872376,False,False,True,True
2026-09-15 14:32:34.057441,HPQ,none,96324.0,123601.66666666667,-0.11743981209629814,,0.5,,False,False,,0.14686878138353154,0.17134691161412013,False,False,False,False
2026-09-15 14:32:34.239298,PYPL,none,59996.0,67607.8,-0.018539117538001502,,0.09090909090907329,,False,False,,0.33801945337993594,0.33801945337993594,False,True,False,False
2026-09-15 14:32:34.422891,CSCO,none,68899.0,81633.0,0.01820001820001458,,0.1249999999999667,,False,False,,0.27941151622572397,0.16764690973543436,False,False,False,False
2026-09-15 14:32:34.605973,PATH,none,1064082.0,1917737.6,-0.13708019191226575,,0.4,,False,False,,0.1813075389249492,0.5288136551977685,False,False,False,False
2026-09-15 14:32:34.787057,DIS,none,86407.0,69013.375,-0.13100028071488778,,0.466666666666673,,False,False,,0.22729868533229822,0.27275842239875786,False,True,True,False
2026-09-15 14:32:34.969032,LUV,none,31988.0,46853.4,-0.1530612244898017,,0.46153846153846995,,False,True,,0.5710849328547732,0.08158356183639617,False,False,True,False
2026-09-15 14:32:35.163013,UAA,none,109817.0,113175.0,-0.1992031872509918,,0.4999999999999778,,False,False,,0.23888541262386392,0.23888541262386392,False,False,True,False
2026-09-15 14:32:35.404846,XP,none,46717.0,51485.4,0.15392508978964156,,0.7500000000000444,,True,False,,0.024590168236822935,0.015368855148014334,False,False,True,True
2026-09-15 14:32:35.593018,JD,none,39165.0,25385.75,-0.03680529996320045,,0.3333333333333728,,False,False,,0.04138059676774476,0.0689676612795746,False,True,False,False
2026-09-15 14:32:35.849873,ABNB,none,16831.0,24913.6,-0.07726597325408348,,0.6190476190475739,,False,False,,0.14288141070953153,0.08572884642571892,False,False,True,True
2026-09-15 14:32:36.051578,FRSH,none,41215.0,31801.8,0.0,,0.0,,False,False,,0.16444804014103825,0.08770562140855374,False,False,False,False
2026-09-15 14:32:36.234735,TMO,none,12903.0,27658.75,-0.22111403838915572,,1.0,,False,True,,0.11721715912036433,0.21978217335068312,False,False,True,True
2026-09-15 14:32:36.418130,HALO,none,8052.0,14488.6,-0.018737118231212314,,0.18181818181814657,,False,False,,0.25027619094648706,0.1668507939643247,False,False,False,False
2026-09-15 14:32:36.603402,ISRG,none,11665.0,19198.8,-0.0635424940428936,,0.3157894736842263,,False,False,,0.0910773366284963,0.22769334157124077,False,True,True,True
2026-09-15 14:42:36.997701,ELVN,none,4647.0,6382.666666666667,-0.09417969485779669,,0.29411764705884563,,False,False,,0.6762721876646081,0.7889842189420427,False,False,False,False
2026-09-15 14:42:37.178182,HPQ,SELL,137014.0,125494.66666666667,-0.3821281599059452,,0.7647058823529486,,False,True,,0.23492275745280056,0.2740765503616006,False,True,True,True
2026-09-15 14:42:39.409424,PYPL,none,37204.0,61088.0,-0.11123470522802219,,0.7499999999999556,,False,False,,0.32498903331583073,0.32498903331583073,False,False,True,True
2026-09-15 14:42:39.597438,CSCO,none,80089.0,81455.33333333333,-0.07278682558456764,,0.5,,False,False,,0.18836447810414972,0.11301868686248982,False,False,False,False
2026-09-15 14:42:39.778451,PATH,none,1613566.0,1644517.4,0.06863417982154967,,0.1999999999999929,,False,False,,0.21420678498389298,0.6247697895363545,False,False,False,False
2026-09-15 14:42:40.066393,DIS,SELL,205244.0,70506.125,-0.3373313343328331,,0.8181818181818211,,False,True,,0.25658343442421233,0.3079001213090548,True,True,True,True
2026-09-15 14:42:40.259315,LUV,none,48122.0,42742.8,-0.1021972406744996,,0.5714285714286149,,False,True,,0.6603524069537156,0.09433605813624509,False,False,True,True
2026-09-15 14:42:40.443660,UAA,none,83953.0,103396.4,0.19960079840318937,,1.0,,True,False,,0.19904477517366206,0.19904477517366206,False,False,True,True
2026-09-15 14:42:40.698885,XP,none,64775.0,55258.2,-0.3073770491803213,,1.0,,False,True,,0.04102565828161064,0.025641036426006646,False,False,True,True
2026-09-15 14:42:40.885858,JD,none,54050.0,27616.25,-0.11045655375552701,,0.6000000000000142,,False,True,,0.048281590510844845,0.08046931751807473,False,True,False,False
2026-09-15 14:42:41.067660,ABNB,none,23711.0,24358.2,0.011892727597080474,,0.11111111111116374,,False,False,,0.1856674389740754,0.11140046338444523,False,False,False,False
2026-09-15 14:42:41.253174,FRSH,none,25527.0,36312.8,-0.07806401249024034,,0.4999999999999556,,False,False,,0.16444804014103825,0.08770562140855374,False,False,True,False
2026-09-15 14:42:41.437856,TMO,none,13107.0,23477.625,-0.11631013941499287,,0.6981132075471395,,False,False,,0.12051654207793601,0.22596851639613003,False,False,True,True
2026-09-15 14:42:41.630381,HALO,none,5805.0,12683.8,-0.037488284910971184,,0.40000000000002844,,False,False,,0.2266361085130095,0.151090739008673,False,False,False,False
2026-09-15 14:42:41.812039,ISRG,none,22423.0,16188.4,0.09536929108825813,,0.37499999999994077,,True,False,,0.08018166034825473,0.20045415087063684,False,True,True,True
2026-09-15 14:52:42.053090,ELVN,none,8502.0,5350.0,0.3394305110314911,,0.8181818181818211,,False,False,,0.5823405205961416,0.6793972740288319,False,False,True,True
2026-09-15 14:52:42.244046,HPQ,none,283989.0,117203.66666666667,-0.17699115044246364,,0.5454545454545043,,False,False,,0.5289193074880021,0.6170725254026691,True,True,False,True
2026-09-15 14:52:42.435763,PYPL,none,49662.0,59816.0,0.0,,0.0,,False,False,,0.2988800629576245,0.2988800629576245,False,True,False,False
2026-09-15 14:52:42.724037,CSCO,none,126673.0,87716.33333333333,0.10013654984069134,,0.4399999999999977,,True,False,,0.08491796378458215,0.050950778270749286,True,False,False,False
2026-09-15 14:52:42.909223,PATH,none,1320271.0,1628050.0,-0.4118050789293102,,0.7500000000000056,,False,False,,0.1976892974194161,0.5765937841399636,False,False,True,True
2026-09-15 14:52:43.095297,DIS,none,74232.0,89283.125,0.065814215870635,,0.46666666666669826,,False,False,,0.35617088365865607,0.4274050603903873,False,True,True,False
2026-09-15 14:52:43.279713,LUV,none,32004.0,46445.4,-0.051150895140672954,,0.1818181818182112,,False,False,,0.7140013877693394,0.10200019825276277,False,False,False,False
2026-09-15 14:52:43.472856,UAA,none,205700.0,106246.2,-0.19960079840318937,,0.3333333333333333,,False,True,,0.19920350344276647,0.19920350344276647,False,True,True,False
2026-09-15 14:52:43.687771,XP,none,88734.0,62083.8,-0.20554984583761124,,0.5,,False,True,,0.09020598615046205,0.05637874134403877,False,False,False,True
2026-09-15 14:52:43.893107,JD,none,50536.0,31143.875,-0.036859565057124996,,0.2499999999999556,,False,False,,0.06210134538741413,0.10350224231235688,False,True,False,False
2026-09-15 14:52:44.079925,ABNB,none,44772.0,23460.2,-0.011891313395570624,,0.04166666666668887,,False,False,,0.18565638980782478,0.11139383388469487,True,True,False,False
2026-09-15 14:52:44.268805,FRSH,none,18603.0,38786.0,-0.39032006245121553,,1.0,,False,True,,0.16433783212340497,0.08764684379914932,False,False,True,True
2026-09-15 14:52:44.455599,TMO,BUY,56978.0,21696.375,0.37608774331617906,,0.6809116809116788,,True,False,,0.12604503364352013,0.2363344380816002,True,True,True,True
2026-09-15 14:52:44.635496,HALO,none,13854.0,11338.0,-0.12188261766359972,,0.7222222222222267,,False,False,,0.20971506794915656,0.1398100452994377,True,True,True,True
2026-09-15 14:52:44.819088,ISRG,none,13285.0,16882.6,-0.00793965859468825,,0.046875000000047184,,False,False,,0.06102761051944676,0.1525690262986169,False,True,False,False
2026-09-15 15:02:45.055634,ELVN,none,74526.0,5754.333333333333,0.15023474178403434,,0.363636363636346,,False,False,,0.7902168124958902,0.9219196145785385,True,True,True,False
2026-09-15 15:02:45.251646,HPQ,none,142666.0,172442.33333333334,0.20685579196215476,,0.5833333333332544,,False,False,,0.676559122444707,0.7893189761854915,False,False,False,True
2026-09-15 15:02:45.469526,PYPL,none,67663.0,62253.4,0.07425283088917607,,0.571428571428557,,False,False,,0.2338001075838833,0.2338001075838833,False,True,True,False
2026-09-15 15:02:45.654381,CSCO,none,89241.0,91887.0,0.054565296471446235,,0.4,,False,False,,0.12741559575018238,0.07644935745010943,False,False,False,False
2026-09-15 15:02:45.909883,PATH,none,2119339.0,1535571.8,0.13783597518952154,,0.3333333333333235,,False,False,,0.2965225163624506,0.8648573393904809,False,False,False,False
2026-09-15 15:02:46.091177,DIS,none,98275.0,91453.625,0.03758691975191885,,0.23529411764700964,,False,False,,0.3563415557219612,0.4276098668663534,False,True,False,False
2026-09-15 15:02:46.278029,LUV,none,38467.0,45637.6,0.23035577169182572,,0.9000000000000142,,False,False,,0.7319270654533825,0.10456100935048321,False,False,True,True
2026-09-15 15:02:46.473997,UAA,none,446863.0,105749.0,-0.6012024048096242,,0.6000000000000071,,False,True,,0.15944238822300408,0.15944238822300408,True,True,True,False
2026-09-15 15:02:46.669415,XP,none,81021.0,67568.8,0.25759917568264146,,0.7142857142857215,,True,False,,0.1148972401730061,0.0718107751081288,False,False,True,True
2026-09-15 15:02:46.864121,JD,none,106359.0,34169.25,-0.036859565057124996,,0.2499999999999556,,False,False,,0.06901251383562507,0.11502085639270843,True,True,False,False
2026-09-15 15:02:47.061590,ABNB,none,44734.0,28038.6,-0.13082778306374815,,0.5789473684210132,,False,True,,0.1427584183002217,0.08565505098013303,True,False,True,True
2026-09-15 15:02:47.261410,FRSH,none,18361.0,39652.0,0.07836990595611118,,0.3333333333333333,,False,False,,0.2579228790719363,0.13755886883836602,False,False,True,False
2026-09-15 15:02:47.459881,TMO,none,13817.0,25450.125,0.06900228962143691,,0.38596491228075425,,False,False,,0.1539465901890099,0.2886498566043936,False,False,True,True
2026-09-15 15:02:47.645161,HALO,none,20862.0,10977.6,0.1126231816048846,,0.8000000000000758,,False,False,,0.21300275111421463,0.14200183407614306,True,True,True,True
2026-09-15 15:02:47.835493,ISRG,SELL,27796.0,15747.6,-0.2700127064803001,,0.7555555555555293,,False,True,,0.05276121260643823,0.13190303151609556,False,True,True,True
2026-09-15 15:12:50.642519,ELVN,none,4514.0,29225.0,-0.3751641343087654,,0.6666666666666666,,False,False,,0.5838449476733221,0.681152438952209,False,False,True,False
2026-09-15 15:12:50.831806,HPQ,none,189924.0,187889.66666666666,0.058979652020062306,,0.2222222222222661,,False,False,,0.7659751023105636,0.8936376193623242,False,True,False,False
2026-09-15 15:12:51.017353,PYPL,none,65100.0,53536.8,0.09274717121128596,,0.5555555555556257,,False,False,,0.22076965978580504,0.22076965978580504,True,True,True,False
2026-09-15 15:12:51.198317,CSCO,none,91389.0,98667.66666666667,0.0,,0.0,,False,False,,0.15165911459780348,0.09099546875868209,False,False,False,False
2026-09-15 15:12:51.376869,PATH,none,1346787.0,1578761.6,-0.4817618719889781,,0.7777777777777625,,False,False,,0.26375952900875727,0.769298626275542,False,False,True,True
2026-09-15 15:12:51.568110,DIS,none,94723.0,97417.0,-0.046965996618445575,,0.4166666666666765,,False,False,,0.344790478115548,0.4137485737386576,False,True,True,False
2026-09-15 15:12:51.747382,LUV,none,27475.0,36126.4,0.15321756894791186,,0.46153846153846995,,False,False,,0.6071699769348958,0.08673856813355654,False,False,True,False
2026-09-15 15:12:51.937084,UAA,none,54916.0,178548.6,0.0,,0.0,,False,False,,0.23992143777339897,0.23992143777339897,False,False,False,False
2026-09-15 15:12:52.125876,XP,none,82980.0,74010.8,-0.05136106831021064,,0.2499999999999556,,False,False,,0.1561131082822287,0.09757069267639294,False,False,False,False
2026-09-15 15:12:52.312657,JD,none,50610.0,45375.75,0.0,,0.0,,False,False,,0.075923682283836,0.12653947047306,False,True,False,False
2026-09-15 15:12:52.499831,ABNB,none,21138.0,28739.8,0.0833382939460601,,0.5833333333332544,,False,False,,0.14269301219513092,0.08561580731707855,False,False,True,True
2026-09-15 15:12:52.710679,FRSH,none,36206.0,31880.6,-0.39123630672925613,,0.8333333333333334,,False,True,,0.2344487294805404,0.12503932238962154,False,False,True,True
2026-09-15 15:12:52.897985,TMO,none,12095.0,22992.0,-0.08620959904700276,,0.38732394366203104,,False,False,,0.12057857309180023,0.22608482454712542,False,False,True,True
2026-09-15 15:12:53.090132,HALO,none,7299.0,10614.6,-0.009376465072672402,,0.08333333333338268,,False,False,,0.14518475992909324,0.09678983995272883,False,False,False,False
2026-09-15 15:12:53.283780,ISRG,none,23634.0,18895.4,0.013271400132717019,,0.06849315068494537,,False,False,,0.10675402423049564,0.26688506057623906,False,True,False,False
2026-09-15 15:22:55.164473,ELVN,none,7153.0,29180.666666666668,0.2259036144578399,,0.6315789473684525,,False,False,,0.8648293871242909,1.0089676183116727,False,False,True,False
2026-09-15 15:22:55.391377,HPQ,none,141022.0,205526.33333333334,0.11788977306218434,,0.6666666666667062,,False,False,,0.44282659442468064,0.5166310268287941,False,False,False,True
2026-09-15 15:22:55.580964,PYPL,none,88983.0,55925.0,0.01853224610822463,,0.0833333333333136,,False,False,,0.20774167740654,0.20774167740654,True,True,False,False
2026-09-15 15:22:55.771908,CSCO,none,109577.0,102434.33333333333,0.1363512407962835,,0.6521739130434299,,True,False,,0.10313456420809171,0.061880738524855025,False,False,False,True
2026-09-15 15:22:55.967600,PATH,none,1877259.0,1492809.0,-0.41465100207325845,,0.8571428571428608,,False,False,,0.29690815148199,0.8659821084891376,False,False,True,True
2026-09-15 15:22:56.148787,DIS,none,81776.0,101837.0,0.2631331641763003,,0.8750000000000222,,False,False,,0.32454464764458524,0.3894535771735023,False,True,True,True
2026-09-15 15:22:56.333585,LUV,none,50162.0,35611.2,0.05100739607242035,,0.2857142857142277,,False,False,,0.48298789066129827,0.06899827009447118,True,False,False,False
2026-09-15 15:22:56.515065,UAA,none,277470.0,180249.8,0.20202020202019771,,0.3333333333333235,,False,False,,0.23992143777339897,0.23992143777339897,False,True,True,False
2026-09-15 15:22:56.692571,XP,none,97669.0,72845.4,0.2569373072970232,,0.7142857142857215,,True,False,,0.1561299566080682,0.09758122288004262,False,False,True,True
2026-09-15 15:22:56.896190,JD,none,39317.0,48619.5,0.0,,0.0,,False,False,,0.048340011816750655,0.08056668636125108,False,False,False,False
2026-09-15 15:22:57.086619,ABNB,none,22797.0,30237.2,-0.10706001308511677,,0.7826086956522383,,False,False,,0.1891296547539257,0.11347779285235543,False,False,True,True
2026-09-15 15:22:57.272301,FRSH,none,15855.0,27982.4,-0.2354788069073733,,0.5999999999999787,,False,True,,0.28139708628804694,0.15007844602029172,False,False,True,False
2026-09-15 15:22:57.457502,TMO,none,26273.0,20109.875,0.12238749764638998,,0.6190476190476019,,False,False,,0.1287276568168105,0.24136435653151966,False,False,True,True
2026-09-15 15:22:57.637668,HALO,none,19267.0,11174.4,-0.13128282070517683,,0.5600000000000023,,False,True,,0.10803876029400247,0.07202584019600165,True,True,False,False
2026-09-15 15:22:57.822597,ISRG,none,18699.0,19760.6,-0.06369933911935906,,0.40677966101694263,,False,False,,0.1080325320813257,0.27008133020331426,False,True,True,True
2026-09-15 15:32:58.081657,ELVN,none,9505.0,28731.0,-0.018775816748024806,,0.19999999999994317,,False,False,,0.7513024905506396,0.8765195723090795,False,False,False,False
2026-09-15 15:32:58.277231,HPQ,SELL,276730.0,157870.66666666666,-0.6181925228142504,,1.0,,False,True,,0.38372521704440143,0.447679419885135,True,True,True,True
2026-09-15 15:32:58.477168,PYPL,none,88030.0,61722.4,-0.1482304984250478,,0.8888888888889064,,False,False,,0.2077368674056962,0.2077368674056962,True,True,True,True
2026-09-15 15:32:58.679150,CSCO,none,127407.0,96735.66666666667,-0.00907688118362995,,0.07692307692311055,,False,False,,0.1272776915118198,0.07636661490709189,True,False,False,False
2026-09-15 15:32:58.873021,PATH,none,1850216.0,1655444.4,-0.13879250520471598,,0.4,,False,False,,0.36352514592062835,1.0602816756018327,False,False,False,False
2026-09-15 15:32:59.064507,DIS,none,115573.0,104706.375,-0.37495313085864795,,0.9090909090909267,,False,False,,0.40386028018918896,0.4846323362270268,False,True,True,True
2026-09-15 15:32:59.261839,LUV,none,65682.0,39246.0,-0.22941626306397225,,0.8999999999999503,,False,True,,0.41155021076913134,0.05879288725273305,True,False,True,True
2026-09-15 15:32:59.462315,UAA,none,235238.0,213780.4,0.0,,0.0,,False,False,,0.24048484072724013,0.24048484072724013,False,False,False,False
2026-09-15 15:32:59.657217,XP,none,90216.0,83035.8,0.0512820512820593,,0.2500000000000444,,False,False,,0.17261191140924925,0.10788244463078078,False,False,False,False
2026-09-15 15:32:59.863217,JD,none,65079.0,49380.125,-0.11066027296201084,,0.6000000000000142,,False,True,,0.048340011816750655,0.08056668636125108,False,True,False,False
2026-09-15 15:33:00.079760,ABNB,none,36208.0,31430.4,0.047641734159130845,,0.5714285714286005,,False,False,,0.20700607865254567,0.1242036471915274,False,False,True,True
2026-09-15 15:33:00.274559,FRSH,none,48759.0,22910.4,-0.15735641227381078,,0.5000000000000222,,False,False,,0.3520407283602589,0.18775505512547142,True,True,True,False
2026-09-15 15:33:00.463610,TMO,none,20778.0,22134.625,0.0673865007600492,,0.36134453781510195,,False,False,,0.136247867441168,0.25546475145219005,False,False,True,True
2026-09-15 15:33:00.660937,HALO,none,23093.0,13417.4,-0.01877934272300096,,0.15384615384612862,,False,False,,0.1485552131846297,0.09903680878975313,True,True,False,False
2026-09-15 15:33:00.859405,ISRG,none,24798.0,21167.4,0.02124777562348519,,0.13793103448273497,,False,False,,0.10807017489967741,0.2701754372491935,False,True,False,False
2026-09-15 15:43:11.575639,ELVN,none,8672.0,7057.333333333333,0.3378378378378373,,0.7199999999999989,,False,False,,0.61984356551463,0.7231508264337351,False,False,True,True
2026-09-15 15:43:11.768148,HPQ,none,213292.0,202558.66666666666,0.0,,0.0,,False,False,,0.7950619478964971,0.9275722725459132,False,True,False,False
2026-09-15 15:43:11.962171,PYPL,none,114665.0,71887.6,0.14842300556585955,,0.6666666666666666,,False,False,,0.2336339226436141,0.2336339226436141,True,True,True,False
2026-09-15 15:43:12.150392,CSCO,none,134094.0,109457.66666666667,-0.1633986928104508,,0.7199999999999704,,False,True,,0.0969520813199423,0.05817124879196538,True,False,True,True
2026-09-15 15:43:12.337469,PATH,none,1200003.0,1702774.4,-0.20847810979847906,,0.3750000000000139,,False,False,,0.38036314401258814,1.1093925033700487,False,False,False,False
2026-09-15 15:43:12.516469,DIS,none,139142.0,107195.25,-0.03764351590439135,,0.19047619047621303,,False,False,,0.4773309146751869,0.5727970976102242,False,True,False,False
2026-09-15 15:43:12.701556,LUV,none,63203.0,42758.0,0.1532958610117585,,0.7499999999999778,,False,False,,0.5006035264417621,0.0715147894916803,True,False,True,True
2026-09-15 15:43:12.890317,UAA,none,102186.0,244037.4,-0.20202020202019771,,0.4999999999999778,,False,True,,0.20056468104660224,0.20056468104660224,False,False,True,False
2026-09-15 15:43:13.075843,XP,none,223495.0,88124.0,-0.1025115325474276,,0.40000000000005687,,False,True,,0.13163671174552732,0.08227294484095457,False,False,False,True
2026-09-15 15:43:13.265138,JD,SELL,85865.0,53328.125,-0.14765596160944683,,1.0,,False,True,,0.062182735649060294,0.10363789274843382,False,True,True,True
2026-09-15 15:43:14.990471,ABNB,none,39827.0,33929.8,-0.0773671368208031,,0.40624999999995837,,False,False,,0.2284554825897759,0.13707328955386555,False,False,True,True
2026-09-15 15:43:15.173685,FRSH,none,23658.0,27556.8,-0.1576044129235585,,0.5,,False,False,,0.37582844829533,0.20044183909084268,False,False,True,False
2026-09-15 15:43:15.360351,TMO,none,18846.0,21818.875,-0.017227068422785718,,0.07051282051282659,,False,False,,0.10600659682730039,0.19876236905118821,False,False,False,False
2026-09-15 15:43:15.535882,HALO,none,15541.0,16875.0,0.009392317084629582,,0.07692307692311896,,False,False,,0.14181999399696044,0.09454666266464028,False,False,False,False
2026-09-15 15:43:15.718247,ISRG,none,33926.0,21642.4,0.15139442231075517,,0.6705882352940917,,True,False,,0.09028101118813191,0.22570252797032977,False,True,True,True
2026-09-15 15:53:15.949530,ELVN,none,9211.0,8443.333333333334,0.2618780396558185,,0.6999999999999929,,False,False,,0.5825172690437019,0.6796034805509855,False,False,True,False
2026-09-15 15:53:16.139483,HPQ,none,453684.0,210348.0,0.3553449807521393,,0.5999999999999787,,False,False,,0.7360822958764348,0.8587626785225072,True,True,False,True
2026-09-15 15:53:16.324647,PYPL,none,99852.0,84888.2,-0.11117287381879243,,0.40000000000001895,,False,False,,0.3375300265397158,0.3375300265397158,False,True,False,False
2026-09-15 15:53:16.518236,CSCO,none,232128.0,123692.66666666667,-0.07274049827241161,,0.42105263157894346,,False,False,,0.20588454319357616,0.1235307259161457,True,False,False,False
2026-09-15 15:53:16.708598,PATH,none,829198.0,1678720.8,-0.4178272980501304,,0.6666666666666535,,False,False,,0.33156467142118873,0.9670636249784671,False,False,False,True
2026-09-15 15:53:16.897434,DIS,none,177359.0,111921.5,-0.08472980606289156,,0.6,,False,False,,0.40450892444626874,0.48541070933552244,True,True,True,False
2026-09-15 15:53:17.091700,LUV,none,108911.0,48997.8,0.07653061224488272,,0.27272727272721986,,False,False,,0.5721050025515221,0.08172928607878886,True,True,False,False
2026-09-15 15:53:17.271404,UAA,SELL,432693.0,223334.6,-0.809716599190284,,0.7999999999999894,,False,True,,0.2010485617700039,0.2010485617700039,False,True,True,True
2026-09-15 15:53:18.988640,XP,none,329401.0,115076.2,0.15392508978964156,,0.6000000000000142,,True,False,,0.11515058161909796,0.07196911351193622,False,False,True,True
2026-09-15 15:53:19.180553,JD,none,106946.0,61372.625,0.14787430683918354,,0.7999999999999716,,True,False,,0.08986822845083159,0.149780380751386,False,True,True,True
2026-09-15 15:53:19.368047,ABNB,none,48277.0,32940.8,0.059559261465154445,,0.3333333333333333,,False,False,,0.2677409766449154,0.16064458598694925,False,False,True,True
2026-09-15 15:53:19.572189,FRSH,none,57344.0,28567.8,0.0,,0.0,,False,False,,0.30601375343703296,0.1632073351664176,True,True,False,False
2026-09-15 15:53:19.767977,TMO,none,34434.0,21849.625,0.2944769900692327,,1.0,,True,False,,0.10757248766179922,0.20169841436587352,False,True,True,True
2026-09-15 15:53:19.952498,HALO,none,14475.0,17212.4,0.1033057851239664,,0.6875000000000111,,True,False,,0.10132348578853119,0.06754899052568746,False,False,False,False
2026-09-15 15:53:20.155909,ISRG,none,43360.0,25770.6,0.21215657154980677,,0.7272727272727226,,True,False,,0.12471015447998796,0.3117753861999699,False,True,True,True
