timestamp,symbol,signal,volume,mean_volume,current_pct,price_threshold,trail_stop_pct,body_ratio,green_volume,green_price,red_price,green_body
2026-08-03 01:52:06.891949,AMAT,none,238374.0,241885.91666666666,-0.1434581160459859,0.5206991006293397,0.5,0.251700680272117,True,False,False,False
2026-08-03 01:52:07.095725,LITE,none,178747.0,254694.93333333332,-1.016776817488558,2.0861134955759493,0.5,0.7414829659318601,False,False,False,True
2026-08-03 01:52:07.282372,ALAB,none,97183.0,230895.73333333334,-0.758266998080725,3.092849701968535,0.5,0.6101265822784747,False,False,False,False
2026-08-03 01:52:07.467006,STX,none,384899.0,348331.86666666664,-0.6587917187016648,3.553145459701229,0.5,0.37729658792650894,True,False,False,False
2026-08-03 01:52:07.750989,CIEN,none,41154.0,60294.75,-0.6403219904866417,0.17243329903645335,0.5,0.7270029673590461,False,False,True,True
2026-08-03 01:52:07.934239,AMD,none,581929.0,1212073.4,-0.12315270935959892,0.9276579304030667,0.5,0.18518518518517413,False,False,False,False
2026-08-03 01:52:08.114694,MPWR,none,54346.0,94862.6,0.2647007196770217,2.4671531895773553,0.5,0.1767463666197822,False,False,False,False
2026-08-03 01:52:08.308045,SIMO,none,24551.0,69942.41666666667,-2.063138837551379,2.1388228509155898,0.5,0.8127786032689452,False,False,False,True
2026-08-03 01:52:08.509405,BE,none,468765.0,699083.8,-1.3589875309391475,1.5914749349018464,0.5,0.6312364425162703,False,False,False,True
2026-08-03 01:52:08.693882,ISRG,none,78867.0,99989.0,-0.0649057455694825,0.7714527624667011,0.5,0.22330097087379766,False,False,False,False
2026-08-03 01:52:08.922367,CRDO,none,261563.0,245343.66666666666,-0.2216772002641255,1.7638923966411229,0.5,0.1780303030303035,False,False,False,False
2026-08-03 01:52:09.152332,ENTG,none,58734.0,95890.57142857143,-0.31972454500737874,0.4226974827975073,0.5,0.40206185567010416,False,False,False,False
2026-08-03 01:52:09.354174,MXL,none,73186.0,114868.75,-0.4855083124908023,1.0855874905680383,0.5,0.6226415094339577,False,False,False,False
2026-08-03 01:52:09.544746,NBIS,none,429494.0,1245681.0,-0.26224693171089897,3.318686290477992,0.5,0.186567164179104,False,False,False,False
2026-08-03 01:52:09.736821,KLAC,none,484415.0,625617.6666666666,-0.23067432004721142,2.306904618888063,0.5,0.39090909090909914,False,False,False,False
2026-08-03 01:52:09.928709,AMKR,none,167135.0,196618.1,-0.03939334252511941,2.1356915275864394,0.5,0.06060606060607039,False,False,False,False
2026-08-03 01:52:10.129334,DELL,none,112918.0,204397.53333333333,0.6692090047976448,1.6144169214430621,0.5,0.6800000000000068,False,False,False,False
2026-08-03 01:52:10.314215,AEHR,none,49727.0,114412.93333333333,-0.006184674376888431,4.261412666572038,0.5,0.005813953488366809,False,False,False,False
2026-08-03 01:52:10.506412,MRVL,none,597102.0,960533.5833333334,-0.24348546858001288,0.23988083652622202,0.5,0.3357142857142835,False,False,True,False
2026-08-03 01:52:10.698502,HOOD,none,793626.0,905180.1428571428,0.5226084980686299,0.26651255219247927,0.5,0.7419354838709922,False,True,False,True
2026-08-03 01:52:10.891764,RCL,none,52169.0,103455.93333333333,-0.056444026340529946,1.6615904458488049,0.5,0.15254237288131267,False,False,False,False
2026-08-03 01:52:11.090618,ARM,none,217207.0,351531.6666666667,-0.5236030434426905,2.4502540604852023,0.5,0.618357487922708,False,False,False,True
2026-08-03 01:52:11.286555,NXT,none,336602.0,251276.1,-0.9849490925188142,0.7445650637585576,0.5,0.654411764705883,False,False,True,True
2026-08-03 01:52:11.473451,INTC,none,3369656.0,4069182.2,0.16200453612700233,1.4364785201353043,0.5,0.23437499999998648,False,False,False,False
2026-08-03 01:52:11.669243,APTV,none,121432.0,166016.0,-0.12391573729863743,0.7759035337428352,0.5,0.24137931034482335,False,False,False,False
2026-08-03 01:52:11.861288,APO,none,123333.0,219474.0,0.13656812339331756,1.8132679268892848,0.5,0.414634146341471,False,False,False,False
2026-08-03 01:52:12.048558,UAL,none,94345.0,87431.4,-0.23780237802378537,0.4205318160521131,0.5,0.5471698113207654,False,False,False,False
2026-08-03 01:52:12.236006,ASTS,none,265430.0,297911.71428571426,0.20242914979756654,0.24397391144891611,0.5,0.17142857142856882,False,False,False,False
2026-08-03 01:52:12.426300,ARWR,none,71165.0,84331.14285714286,-0.19878391019644728,1.1861443336607569,0.5,0.38636363636364224,False,False,False,False
2026-08-03 01:52:12.620159,GTLB,none,95114.0,170504.0,0.3199534613147162,0.45135493258639237,0.5,0.37931034482758536,False,False,False,False
2026-08-03 01:52:12.814787,VSAT,none,50762.0,69412.2,-0.2977346278317204,1.598954984801964,0.5,0.4693877551020538,False,False,False,False
2026-08-03 01:52:13.005918,QNT,none,18451.0,45594.0,-0.4434162328899111,0.40490550457628993,0.5,0.4339622641509424,False,False,True,False
2026-08-03 01:52:13.204661,VSH,none,149950.0,223058.93333333332,0.028910089621272072,2.3007991347981025,0.5,0.04545454545453664,False,False,False,False
2026-08-03 01:52:13.393196,TEAM,none,81004.0,113354.28571428571,-0.14863258026159898,0.8571200365882443,0.5,0.26315789473684864,False,False,False,False
2026-08-03 01:52:13.687573,REZI,none,50766.0,68746.13333333333,0.20461853259280996,1.9088205862115395,0.5,0.30434782608696187,False,False,False,False
2026-08-03 01:52:13.881827,LEN,none,86114.0,103784.93333333333,-0.08486905916586734,0.8059432892666707,0.5,0.20000000000002435,False,False,False,False
2026-08-03 01:52:14.076860,BROS,none,156517.0,102597.33333333333,-0.1950487621905621,1.9176568981449287,0.5,0.22807017543861619,False,False,False,False
2026-08-03 01:52:14.277431,ALK,none,70504.0,70913.33333333333,-0.14696619777451245,0.9074634065664617,0.5,0.30434782608696187,False,False,False,False
2026-08-03 01:52:14.480128,AOSL,none,9785.0,14825.266666666666,-0.09313877677740184,2.5310547965683683,0.5,0.13043478260869834,False,False,False,False
2026-08-03 01:52:14.662774,CSCO,none,632278.0,576027.5833333334,0.2934069727304137,0.9926897653061459,0.5,0.5666666666666778,True,False,False,True
2026-08-03 01:52:14.864637,DHI,none,59513.0,82363.13333333333,-0.09064286710360861,0.7822493233742924,0.5,0.2599999999999909,False,False,False,False
2026-08-03 01:52:15.062124,A,none,43632.0,64107.142857142855,0.09349827387801744,0.6124192723408542,0.5,0.2599999999999909,False,False,False,False
2026-08-03 01:52:15.248611,MRNA,none,303932.0,345083.1666666667,0.8623787279913834,0.6225193607560613,0.5,0.5714285714285787,False,True,False,False
2026-08-03 01:52:15.448837,AFRM,none,74124.0,180849.53333333333,-0.500625782227784,0.35178758698581747,0.5,0.8181818181818211,False,False,True,True
2026-08-03 01:52:15.647768,MWH,none,118391.0,140811.42857142858,-0.24424284717376232,1.4401319045976764,0.5,0.2058823529411774,False,False,False,False
2026-08-03 01:52:15.840671,CEVA,none,10014.0,32784.42857142857,-0.2722323049001918,0.27612776211295115,0.5,0.4285714285714431,False,False,False,False
2026-08-03 01:52:16.044279,RIOT,none,526919.0,749955.0833333334,-0.29013539651836906,0.3329834781974516,0.5,0.2790697674418547,False,False,False,False
2026-08-03 01:52:16.229644,CVNA,none,495185.0,565477.75,0.6499837504062376,0.32973883428463063,0.5,0.5263157894736837,False,True,False,False
2026-08-03 01:52:16.421741,IREN,none,1796205.0,3438951.7333333334,-0.18779342723004772,0.9549265112081334,0.5,0.11475409836065631,False,False,False,False
2026-08-03 01:52:16.627357,HPE,none,506594.0,545746.0,-0.020846362309772798,1.1982513242517243,0.5,0.02857142857142277,False,False,False,False
2026-08-03 01:52:16.816317,DAL,none,182377.0,142948.66666666666,-0.30762219437164867,0.928174587889492,0.5,0.729729729729738,False,False,False,True
2026-08-03 01:52:16.992097,RBLX,none,2053550.0,3061967.75,1.1464603038119765,1.825554696435847,0.5,0.5194805194805203,False,False,False,False
2026-08-03 01:52:17.172644,IVZ,none,127800.0,164001.2,0.03393281303020551,0.6982087151627919,0.5,0.10000000000001777,False,False,False,False
2026-08-03 01:52:17.371169,JOBY,none,1208350.0,2366108.2666666666,0.4225352112676092,2.9141441509435304,0.5,0.5,False,False,False,False
2026-08-03 09:54:57.272251,AMAT,SELL,543284.0,233661.16666666666,-1.463566132225623,0.4533010430241281,0.5,0.8954869358669774,True,False,True,True
2026-08-03 09:54:57.459250,LITE,none,325425.0,251589.86666666667,-0.9453212843043276,2.080926362638535,0.5,0.7101147028154331,True,False,False,True
2026-08-03 09:54:57.653210,ALAB,none,480621.0,229351.8,-1.3378986747828379,2.937169583530502,0.5,0.6196769456681389,True,False,False,False
2026-08-03 09:54:57.834760,STX,none,527380.0,332638.06666666665,-1.285954835882174,3.476460312729748,0.5,0.798710601719194,True,False,False,True
2026-08-03 09:54:58.018031,CIEN,SELL,155834.0,60175.0,-0.8364678959412912,0.1803995641498087,0.5,0.8736263736263651,True,False,True,True
2026-08-03 09:54:58.205961,AMD,SELL,2311024.0,1217225.6666666667,-2.1813252269646313,0.9160192003229775,0.5,0.9398230088495569,True,False,True,True
2026-08-03 09:54:58.392998,MPWR,none,185054.0,96353.8,-0.13935379056315803,2.4506866476641225,0.5,0.05975975975975971,True,False,False,False
2026-08-03 09:54:58.582511,SIMO,none,129397.0,62150.0,-2.0608212411238047,2.1446146104603745,0.5,0.7946428571428611,False,False,False,True
2026-08-03 09:54:58.769220,BE,none,1331993.0,744620.5,-2.5565760818104373,1.5720230531867816,0.5,0.7837445573294654,False,False,True,True
2026-08-03 09:54:58.951854,ISRG,none,259317.0,102773.5,-0.22590574082964204,0.6757757723411727,0.5,0.4278074866310211,False,False,False,False
2026-08-03 09:54:59.141190,CRDO,none,617720.0,240742.0,-2.14626766888857,1.7348766875399262,0.5,0.9380165289256175,False,False,True,True
2026-08-03 09:54:59.325727,ENTG,SELL,346134.0,104684.85714285714,-2.1283589448598925,0.49644371803563736,0.5,0.727528089887641,True,False,True,True
2026-08-03 09:54:59.513524,MXL,none,313387.0,110533.75,-1.329001772002371,1.1326155153636945,0.5,0.825688073394498,False,False,True,True
2026-08-03 09:54:59.699584,NBIS,none,1353078.0,1268540.4,0.04205435525417259,3.2427893703318498,0.5,0.01571709233791993,False,False,False,False
2026-08-03 09:54:59.881667,KLAC,none,1837924.0,544730.5,-1.6939126693912698,1.798259911897152,0.5,0.7411764705882367,True,False,False,True
2026-08-03 09:55:00.067447,AMKR,SELL,539980.0,193041.3,-1.7923970848926603,1.2373677343427043,0.5,0.9009900990099065,True,False,True,True
2026-08-03 09:55:00.254567,DELL,none,332560.0,207871.4,-0.9507283214390564,1.6741970069788057,0.5,0.7509652509652583,True,False,False,True
2026-08-03 09:55:00.451611,AEHR,none,161625.0,114656.66666666667,-1.075401730531526,3.8426878232947654,0.5,0.6904761904761912,False,False,False,True
2026-08-03 09:55:00.637650,MRVL,none,1943846.0,870460.8333333334,-2.601651347561921,0.23366228056814484,0.5,0.9277777777777751,False,False,True,True
2026-08-03 09:55:00.819585,HOOD,SELL,2544116.0,948030.2857142857,-2.169736693411687,0.3176116919621669,0.5,0.9552238805970201,True,False,True,True
2026-08-03 09:55:01.007798,RCL,none,231846.0,110419.13333333333,-0.14431825312167798,1.5015389477726906,0.5,0.27544910179642634,True,False,False,False
2026-08-03 09:55:01.202261,ARM,none,645727.0,373121.3333333333,-1.579077226745622,2.5433459545533976,0.5,0.8888888888888911,False,False,False,True
2026-08-03 09:55:01.394741,NXT,none,717876.0,231347.3,0.41350022351362353,0.9674154770691321,0.5,0.2163742690058413,True,False,False,False
2026-08-03 09:55:01.584401,INTC,none,10382829.0,4204645.0,-2.738839767090783,0.8838897229067056,0.5,0.9548872180451059,False,False,True,True
2026-08-03 09:55:01.771638,APTV,none,397115.0,181001.46666666667,0.07087172218284754,0.7781906135576537,0.5,0.08163265306122242,False,False,False,False
2026-08-03 09:55:01.952537,APO,none,782637.0,212483.73333333334,0.8263136782992387,1.606176511285742,0.5,0.6242424242424282,True,False,False,True
2026-08-03 09:55:02.135960,UAL,none,337339.0,128782.5,-0.2630497328401211,0.3686495673252995,0.5,0.3555555555555615,True,False,False,False
2026-08-03 09:55:02.332442,ASTS,none,714093.0,367085.71428571426,-0.6485302787838038,0.22966257625590228,0.5,0.48409405255879084,False,False,True,False
2026-08-03 09:55:02.510549,ARWR,none,310461.0,99218.28571428571,-0.7385697538100767,1.095994216871981,0.5,0.5206611570247862,True,False,False,False
2026-08-03 09:55:02.692388,GTLB,none,592871.0,180313.53333333333,0.11600928074247754,0.4450635362022934,0.5,0.10000000000001599,False,False,False,False
2026-08-03 09:55:03.012210,VSAT,none,149914.0,70824.93333333333,-0.1559251559251434,1.6162516040403332,0.5,0.13043478260868693,False,False,False,False
2026-08-03 09:55:03.197949,QNT,none,160495.0,44561.857142857145,-0.4647560030983772,0.25972326470601204,0.5,0.29629629629629795,True,False,True,False
2026-08-03 09:55:03.388416,VSH,none,562247.0,216917.33333333334,-1.1554015020219486,2.2607901762232174,0.5,0.7692307692307724,True,False,False,True
2026-08-03 09:55:03.580024,TEAM,none,430502.0,134737.2857142857,0.24808970923886078,0.8028778250422858,0.5,0.22935779816513988,True,False,False,False
2026-08-03 09:55:03.776253,REZI,none,185235.0,66053.4,0.08759124087591573,1.8275324588291066,0.5,0.10714285714286077,True,False,False,False
2026-08-03 09:55:03.960158,LEN,none,274268.0,103809.46666666666,-0.03642102707296484,0.7870962015046629,0.5,0.07692307692307973,True,False,False,False
2026-08-03 09:55:04.143594,BROS,none,247302.0,102649.13333333333,-0.9029345372460624,1.8693627026775854,0.5,0.7500000000000133,False,False,False,True
2026-08-03 09:55:04.328418,ALK,none,279706.0,70523.58333333333,-0.25231286795627533,0.6399104778646929,0.5,0.46153846153846995,True,False,False,False
2026-08-03 09:55:04.512060,AOSL,none,44185.0,14934.333333333334,-1.3983840894965796,2.450618889185649,0.5,0.8490566037735874,False,False,False,True
2026-08-03 09:55:04.696202,CSCO,none,1526818.0,579316.1666666666,-0.18929616245052389,0.9394397410278394,0.5,0.2972972972972921,True,False,False,False
2026-08-03 09:55:04.877228,DHI,none,190409.0,81373.66666666667,-0.1395868230039005,0.7603776876394481,0.5,0.41666666666665186,True,False,False,False
2026-08-03 09:55:05.068013,A,none,262365.0,69736.14285714286,-0.6176829706241366,0.6336971917556679,0.5,0.6718749999999879,True,False,False,True
2026-08-03 09:55:05.250036,MRNA,SELL,677008.0,320969.5833333333,-2.49376558603491,0.6725190972307818,0.5,0.9655172413793122,True,False,True,True
2026-08-03 09:55:05.449216,AFRM,none,339799.0,165886.46666666667,-0.013984058173689156,0.36998039139472017,0.5,0.01923076923077869,False,False,False,False
2026-08-03 09:55:05.639240,MWH,none,422063.0,135690.7142857143,-0.5248425472358244,0.9546751185068935,0.5,0.36585365853658175,True,False,False,False
2026-08-03 09:55:05.828993,CEVA,none,96713.0,33247.42857142857,-0.9408194233687474,0.2574654006788328,0.5,0.6595744680851128,False,False,True,False
2026-08-03 09:55:06.016769,RIOT,none,2332746.0,702541.4166666666,-2.133850630455874,0.34501266425744265,0.5,0.7213114754098389,False,False,True,True
2026-08-03 09:55:06.205624,CVNA,none,1621271.0,547215.5,0.6619309008718174,0.2996865814757246,0.5,0.5189873417721571,False,True,False,False
2026-08-03 09:55:06.392389,IREN,none,3441969.0,3446961.933333333,-1.048105348024726,0.9322816600800028,0.5,0.6190476190476244,False,False,True,True
2026-08-03 09:55:06.576836,HPE,none,1738700.0,584941.5,-0.14595496246872453,0.8518799906416595,0.5,0.17948717948717996,True,False,False,False
2026-08-03 09:55:06.758181,DAL,none,496503.0,163009.41666666666,-0.011433798307787452,0.8736278372228504,0.5,0.025641025641002284,True,False,False,False
2026-08-03 09:55:06.997951,RBLX,none,5122228.0,2716058.1666666665,0.9356393535582599,1.7932601777271018,0.5,0.44594594594594245,True,False,False,False
2026-08-03 09:55:07.189108,IVZ,none,889415.0,161428.2,0.4750593824228048,0.6855785504750831,0.5,0.6666666666666666,True,False,False,True
2026-08-03 09:55:07.376809,JOBY,none,2120462.0,2307087.1333333333,0.2805049088359111,2.8724995833987927,0.5,0.28571428571429114,False,False,False,False
2026-08-03 10:25:08.151966,AMAT,none,803712.0,259716.58333333334,0.8940178803576012,0.5160846698152369,0.5,0.34070121951219273,True,True,False,False
2026-08-03 10:25:08.337532,LITE,BUY,458163.0,233685.6,5.078466833907014,2.204324204647801,0.5,0.703860925813625,True,True,False,True
2026-08-03 10:25:08.516168,ALAB,none,485007.0,216353.33333333334,2.2891769062447436,2.958906485925228,0.5,0.3617021276595749,True,False,False,False
2026-08-03 10:25:08.702158,STX,none,473385.0,324536.5333333333,-1.3976351475281485,3.6930154829840935,0.5,0.3450045276184712,True,False,False,False
2026-08-03 10:25:08.886138,CIEN,none,106023.0,59400.166666666664,1.36986301369863,0.22013385882674968,0.5,0.3333333333333333,True,True,False,False
2026-08-03 10:25:09.258409,AMD,none,2771230.0,1233864.4666666666,1.9446068559301763,1.1165852635857314,0.5,0.5705209656925004,True,True,False,False
2026-08-03 10:25:09.451343,MPWR,none,154766.0,89029.2,-5.823188364908515,2.407671198838028,0.5,0.7441860465116286,False,False,True,True
2026-08-03 10:25:09.642770,SIMO,none,109837.0,64752.0,1.8279879780970918,2.690416801567347,0.5,0.3540669856459353,False,False,False,False
2026-08-03 10:25:09.824830,BE,BUY,2847994.0,883034.6,7.390183490875993,2.0758394383117573,0.5,0.6799999999999989,True,True,False,True
2026-08-03 10:25:10.012655,ISRG,BUY,434105.0,121267.16666666667,3.8258465791292258,0.6589636537142178,0.5,0.9307330195023518,True,True,False,True
2026-08-03 10:25:13.227575,CRDO,none,565832.0,250494.25,0.35723145621433827,1.7729439435482455,0.5,0.08490566037735818,False,False,False,False
2026-08-03 10:25:13.423892,ENTG,none,174521.0,107555.71428571429,3.3227712597413803,1.0168895830136502,0.5,0.6990990990990994,True,True,False,False
2026-08-03 10:25:13.608960,MXL,none,302571.0,119235.16666666667,3.5036965605914605,1.3041457268859855,0.5,0.5240384615384636,False,True,False,False
2026-08-03 10:25:13.796860,NBIS,BUY,3544694.0,1365093.7333333334,11.042744350667029,3.246795296937957,0.5,0.731074260994953,True,True,False,True
2026-08-03 10:25:16.996155,KLAC,none,1272885.0,566223.75,0.5814938180997015,2.3664709190800832,0.5,0.2163865546218481,True,False,False,False
2026-08-03 10:25:17.179109,AMKR,none,480594.0,215630.7,2.299331103678918,1.7766883708361305,0.5,0.6874999999999959,False,True,False,False
2026-08-03 10:25:17.367716,DELL,none,457520.0,203059.86666666667,0.834842084087707,1.6937896464763604,0.5,0.2605965463108313,True,False,False,False
2026-08-03 10:25:17.555565,AEHR,none,197947.0,103380.93333333333,10.765771723317021,3.639919520159797,0.5,0.9938949938949942,False,True,False,True
2026-08-03 10:25:17.743116,MRVL,none,2043827.0,853490.25,1.9067679175212005,0.35698633481912834,0.5,0.4450194049159107,False,True,False,False
2026-08-03 10:25:18.024677,HOOD,none,2477478.0,1214632.857142857,3.440314015238963,0.4114440973628149,0.5,0.6636971046770566,False,True,False,False
2026-08-03 10:25:18.210270,RCL,SELL,306693.0,107888.2,-1.547146780592003,1.4620475477054689,0.5,0.6627450980392168,True,False,True,True
2026-08-03 10:25:21.415582,ARM,none,892360.0,353765.3333333333,0.17421602787456694,2.8909214377864196,0.5,0.03679852805887815,True,False,False,False
2026-08-03 10:25:21.603096,NXT,none,299274.0,234043.5,-0.011290504685549176,0.9842854571742438,0.5,0.00303951367780878,False,False,False,False
2026-08-03 10:25:21.789169,INTC,none,13663946.0,4762004.4,0.056657223796030776,2.2424305812127607,0.5,0.01567398119122169,True,False,False,False
2026-08-03 10:25:21.971528,APTV,none,700254.0,184845.46666666667,0.2807017543859589,0.7043506228973253,0.5,0.1649484536082441,True,False,False,False
2026-08-03 10:25:22.158549,APO,none,284363.0,163240.2,1.4037854889590027,1.735597240813001,0.5,0.5741935483871028,False,False,False,True
2026-08-03 10:25:22.343505,UAL,BUY,835920.0,168856.2,2.741691240934086,0.3935045805903752,0.5,0.8797953964194344,True,True,False,True
2026-08-03 10:25:25.540878,ASTS,none,1422514.0,483626.5714285714,8.51082555888048,0.22222644750777634,0.5,0.8071786310517538,False,True,False,True
2026-08-03 10:25:25.722647,ARWR,none,160004.0,100109.14285714286,-1.821611743205803,1.607065906345016,0.5,0.48205928237129564,False,False,True,False
2026-08-03 10:25:25.908024,GTLB,none,662691.0,170575.0,0.6998880179171333,0.3974878720613694,0.5,0.227272727272727,True,True,False,False
2026-08-03 10:25:26.092075,VSAT,BUY,198632.0,73275.73333333334,4.6743907311226405,1.5215078736110375,0.5,0.9236842105263141,True,True,False,True
2026-08-03 10:25:26.288930,QNT,none,106076.0,59653.28571428572,1.9066147859922258,0.38764699815086084,0.5,0.29080118694362156,False,True,False,False
2026-08-03 10:25:26.477855,VSH,none,173495.0,176384.66666666666,3.0009093664746738,2.5161843199615435,0.5,0.7333333333333287,False,True,False,True
2026-08-03 10:25:26.665829,TEAM,none,526277.0,184562.57142857142,1.5894165794232433,0.5699032256770555,0.5,0.39573459715639864,False,True,False,False
2026-08-03 10:25:26.850126,REZI,none,28309.0,56413.53333333333,0.7434944237918159,1.7781590714796152,0.5,0.30952380952380854,False,False,False,False
2026-08-03 10:25:27.033100,LEN,none,126206.0,95393.73333333334,1.2380952380952455,0.7969018626396918,0.5,0.5875706214689314,False,True,False,True
2026-08-03 10:25:27.219714,BROS,none,173784.0,91124.4,1.102010424422926,2.048704665036582,0.5,0.6065573770491767,False,False,False,True
2026-08-03 10:25:27.409084,ALK,BUY,244235.0,80614.83333333333,2.8425357873210646,0.7208685848840052,0.5,0.8633540372670814,True,True,False,True
2026-08-03 10:25:30.612980,AOSL,none,19541.0,11462.666666666666,0.45088566827697446,2.502732492520923,0.5,0.10370370370370402,False,False,False,False
2026-08-03 10:25:30.804369,CSCO,none,1509451.0,619308.3333333334,0.20942408376964144,0.9417252136136112,0.5,0.15384615384615946,True,False,False,False
2026-08-03 10:25:30.983097,DHI,none,80545.0,72072.13333333333,0.4934210526315782,0.7349113956781326,0.5,0.25806451612903,False,False,False,False
2026-08-03 10:25:31.160736,A,none,99086.0,75200.57142857143,-0.2993798560125365,0.6443785432592779,0.5,0.1296296296296254,False,False,False,False
2026-08-03 10:25:31.341879,MRNA,none,664020.0,335980.0,0.2912798106681298,0.9184360467700966,0.5,0.05734767025089725,False,False,False,False
2026-08-03 10:25:31.526013,AFRM,none,224565.0,103049.73333333334,5.310229178311902,0.3259005180518736,0.5,0.8636363636363646,False,True,False,True
2026-08-03 10:25:31.706730,MWH,none,44308.0,135561.42857142858,1.4690075241848806,1.3183299012006842,0.5,0.7068965517241359,False,True,False,True
2026-08-03 10:25:31.893201,CEVA,none,34748.0,34095.0,2.256116936765176,0.28163852842604065,0.5,0.5220588235294112,False,True,False,False
2026-08-03 10:25:32.075110,RIOT,none,1177602.0,740945.0833333334,5.530071355759415,0.4469904385902318,0.5,0.7977941176470572,False,True,False,True
2026-08-03 10:25:32.261812,CVNA,none,1095837.0,559624.9166666666,1.0561160151324114,0.3227814595748249,0.5,0.2586872586872597,False,True,False,False
2026-08-03 10:25:32.457539,IREN,none,6539362.0,3439720.8,6.46221248630887,0.8577365097168885,0.5,0.6900584795321633,False,True,False,True
2026-08-03 10:25:32.642919,HPE,none,1832972.0,660162.7,-0.14733740265207385,0.7983475153979083,0.5,0.05263157894736842,True,False,False,False
2026-08-03 10:25:32.828082,DAL,BUY,759179.0,180992.5,2.3206278026905753,0.7195251693080607,0.5,0.8380566801619409,True,True,False,True
2026-08-03 10:25:36.525349,RBLX,none,2929866.0,2457253.3333333335,2.501405283867343,1.911223783309072,0.5,0.4450000000000003,True,True,False,False
2026-08-03 10:25:36.707902,IVZ,none,117633.0,165538.4,0.7751937984496018,0.8002740422338877,0.5,0.6216216216216115,False,False,False,True
2026-08-03 10:25:36.895338,JOBY,none,2068886.0,2185378.2666666666,3.0640668523676973,2.830603657912406,0.5,0.6470588235294122,False,True,False,True
2026-08-03 10:55:37.733111,AMAT,none,384623.0,277075.8333333333,1.1212097158279046,0.5093756385743574,0.5,0.4407176287051467,True,True,False,False
2026-08-03 10:55:37.923208,LITE,BUY,321120.0,209092.13333333333,3.228273110236772,2.241524223097629,0.5,0.7272157845286584,True,True,False,True
2026-08-03 10:55:38.125486,ALAB,none,210743.0,181755.8,0.6404361534419301,2.614905250164345,0.5,0.21334792122538201,True,False,False,False
2026-08-03 10:55:38.311307,STX,none,462687.0,304398.6666666667,0.6525103695907859,2.7399977519190672,0.5,0.16402116402116348,True,False,False,False
2026-08-03 10:55:38.492924,CIEN,BUY,54618.0,61518.75,1.3920362576885636,0.23582388043736552,0.5,0.5058823529411739,True,True,False,True
2026-08-03 10:55:38.676169,AMD,none,1593352.0,1122600.2666666666,1.3492265850756466,1.0058528421197002,0.5,0.5464716006884699,False,True,False,False
2026-08-03 10:55:38.863751,MPWR,none,126178.0,75074.26666666666,-0.19766693122088327,3.183386175822302,0.5,0.09582577132485942,False,False,False,False
2026-08-03 10:55:39.047898,SIMO,none,86011.0,66724.0,1.425216616730104,3.201021985430691,0.5,0.4769647696476982,False,False,False,False
2026-08-03 10:55:39.231074,BE,none,2002351.0,1011686.6,4.004705882352937,3.66222331904449,0.5,0.6748612212529724,False,True,False,True
2026-08-03 10:55:39.413481,ISRG,none,218004.0,132700.08333333334,-1.1128860489882872,2.1504340372950272,0.5,0.7372134038800697,False,False,False,True
2026-08-03 10:55:39.600479,CRDO,none,294659.0,250035.16666666666,1.6414515969544259,1.4838234124229368,0.5,0.5053272450532763,False,True,False,True
2026-08-03 10:55:39.787781,ENTG,none,85402.0,108138.71428571429,0.9080402839689569,1.8643453997573853,0.5,0.3956834532374079,False,False,False,False
2026-08-03 10:55:39.976581,MXL,none,216046.0,127473.91666666667,0.8403361344537691,1.6505658589164316,0.5,0.31034482758620197,False,False,False,False
2026-08-03 10:55:40.161595,NBIS,none,2197608.0,1188596.9333333333,2.503681885125195,4.322805715408892,0.5,0.5460385438972185,False,False,False,False
2026-08-03 10:55:40.345488,KLAC,none,628002.0,567356.1666666666,0.9260298574475281,2.0830503856878404,0.5,0.3395061728395064,False,False,False,False
2026-08-03 10:55:40.529092,AMKR,none,369136.0,243223.6,1.7590509306606656,2.73055205931681,0.5,0.5850340136054423,False,False,False,False
2026-08-03 10:55:40.714709,DELL,none,255153.0,176243.6,1.68934070862611,1.5693169244425584,0.5,0.6348314606741596,False,True,False,False
2026-08-03 10:55:40.898844,AEHR,none,229544.0,92817.4,2.9761904761904763,5.158633053471727,0.5,0.564334085778782,False,False,False,True
2026-08-03 10:55:41.082398,MRVL,none,1427996.0,878744.3333333334,2.3069807932967024,0.3846028832639485,0.5,0.6127167630057828,False,True,False,False
2026-08-03 10:55:41.264912,HOOD,none,1989515.0,1374964.0,0.8929568032146413,0.7348167131642284,0.5,0.5405405405405423,False,True,False,False
2026-08-03 10:55:41.456069,RCL,none,115527.0,105712.06666666667,0.7337915660412423,1.5260860709505564,0.5,0.6030534351145039,False,False,False,True
2026-08-03 10:55:41.642963,ARM,none,404723.0,305208.2,2.4793388429752015,2.850656153924816,0.5,0.6057385759829959,False,False,False,True
2026-08-03 10:55:41.856807,NXT,none,304952.0,253997.9,2.130777903043969,0.977565598218167,0.5,0.5779816513761451,False,True,False,True
2026-08-03 10:55:42.041116,INTC,none,6880480.0,5184565.2,1.3366560942455739,1.9550613921092528,0.5,0.5130434782608669,False,False,False,True
2026-08-03 10:55:42.221405,APTV,none,84662.0,185772.2,0.06997900629812151,0.5364883056351278,0.5,0.07547169811321919,False,False,False,False
2026-08-03 10:55:42.405424,APO,none,154936.0,167949.26666666666,-0.132233976353466,2.1165254673880396,0.5,0.2833333333333625,False,False,False,False
2026-08-03 10:55:42.591855,UAL,none,259118.0,185403.3,0.923913043478259,1.369440318907987,0.5,0.7933333333333318,False,False,False,True
2026-08-03 10:55:42.780928,ASTS,none,861422.0,552489.4285714285,1.5560777957860568,1.0168987469855684,0.5,0.5576789033457225,False,True,False,True
2026-08-03 10:55:42.973490,ARWR,none,30400.0,99188.85714285714,2.077286314603828,2.740677571344748,0.5,0.9032021766429461,False,False,False,True
2026-08-03 10:55:43.155277,GTLB,none,267594.0,167506.73333333334,-1.6420818257723249,0.32705015689398176,0.5,0.7108433734939729,False,False,True,True
2026-08-03 10:55:43.335356,VSAT,BUY,427768.0,88463.4,3.5782261134373723,1.7935485261319202,0.5,0.7811634349030453,True,True,False,True
2026-08-03 10:55:43.519155,QNT,none,152365.0,75651.85714285714,2.2070015220700085,0.9136103409475707,0.5,0.7160493827160485,False,True,False,True
2026-08-03 10:55:43.694298,VSH,none,199021.0,157038.33333333334,2.976716769820212,2.60988177328808,0.5,0.7709923664122109,False,True,False,True
2026-08-03 10:55:43.869607,TEAM,none,225422.0,201795.42857142858,-2.0168855534709116,0.7688135449263215,0.5,0.7166666666666638,False,False,True,True
2026-08-03 10:55:44.054151,REZI,none,90887.0,57886.2,1.1921657678115292,1.3735656125890454,0.5,0.7924528301886807,True,False,False,True
2026-08-03 10:55:44.239864,LEN,none,98954.0,92603.06666666667,-0.45909358446144855,0.9815603414158217,0.5,0.6610169491525395,False,False,False,True
2026-08-03 10:55:44.423082,BROS,none,182689.0,94033.8,0.44260843906756736,2.0505364145375817,0.5,0.27522935779816166,False,False,False,False
2026-08-03 10:55:44.605320,ALK,none,153801.0,87488.41666666667,0.7556174189699792,1.5613118994776862,0.5,0.6440677966101701,False,False,False,True
2026-08-03 10:55:44.791140,AOSL,none,14247.0,11094.066666666668,2.5485823510672097,1.8975897466638065,0.5,0.6611570247933856,False,True,False,True
2026-08-03 10:55:44.976262,CSCO,none,713547.0,638746.0833333334,0.5310813163851641,0.9974689231417871,0.5,0.648936170212767,True,False,False,True
2026-08-03 10:55:45.170286,DHI,none,47708.0,67749.33333333333,-0.5596505596505743,0.7991262557767873,0.5,0.8039215686274865,False,False,False,True
2026-08-03 10:55:45.356300,A,none,47062.0,78851.14285714286,-0.4643188799199983,0.775995746621585,0.5,0.4362416107382562,False,False,False,False
2026-08-03 10:55:45.552305,MRNA,none,432657.0,334743.25,4.561977462740818,0.745176897582628,0.5,0.842281879194629,False,True,False,True
2026-08-03 10:55:45.736939,AFRM,none,108924.0,101837.13333333333,0.6643635397289396,0.49372804215893645,0.5,0.7246376811594077,False,True,False,True
2026-08-03 10:55:45.922121,MWH,none,54402.0,129253.71428571429,3.4957627118644012,1.8742537249117164,0.5,0.9801980198019806,False,True,False,True
2026-08-03 10:55:46.109263,CEVA,none,19486.0,34681.57142857143,1.6439205955335021,0.4831610923223721,0.5,0.5300000000000011,False,True,False,False
2026-08-03 10:55:46.292058,RIOT,none,1365552.0,787825.9166666666,2.028985507246385,0.6527392893970702,0.5,0.6363636363636388,False,True,False,True
2026-08-03 10:55:46.474258,CVNA,none,632212.0,545345.4166666666,-0.9049773755656192,0.35978290165568455,0.5,0.5087719298245659,False,False,True,False
2026-08-03 10:55:46.659551,IREN,none,3751718.0,3034174.2,0.4247104247104225,0.7613450630185536,0.5,0.18539325842696522,False,False,False,False
2026-08-03 10:55:46.844746,HPE,none,1224983.0,749814.2,1.3052631578947314,0.6862626864907535,0.5,0.5585585585585565,False,True,False,True
2026-08-03 10:55:47.025031,DAL,none,265767.0,193200.91666666666,0.5042201030362751,1.5248534586064644,0.5,0.5542168674698731,False,False,False,True
2026-08-03 10:55:47.208751,RBLX,none,1778789.0,2273570.5833333335,0.08239494644328794,1.9175358567396348,0.5,0.046875000000001735,True,False,False,False
2026-08-03 10:55:47.444208,IVZ,none,226546.0,182949.5,0.7687165775400965,0.8882690139497855,0.5,0.821428571428557,False,False,False,True
2026-08-03 10:55:47.628044,JOBY,none,1414724.0,2176436.8666666667,0.40595399188092357,2.936135478525808,0.5,0.3333333333333333,False,False,False,False
2026-08-03 11:25:48.333153,AMAT,BUY,298192.0,285811.5,1.1922971329960357,0.5519839839936957,0.5,0.6558791801510203,True,True,False,True
2026-08-03 11:25:48.521326,LITE,BUY,385912.0,208615.93333333332,3.1850136019608497,2.7724043156021065,0.5,0.9033613445378204,True,True,False,True
2026-08-03 11:25:48.711442,ALAB,BUY,119604.0,170434.46666666667,3.2992853180171697,2.6113045827857952,0.5,0.8300492610837445,True,True,False,True
2026-08-03 11:25:52.420919,STX,none,405699.0,297658.13333333336,1.3953602734168529,2.7822267684956867,0.5,0.5336154207804434,True,False,False,False
2026-08-03 11:25:52.604500,CIEN,BUY,80951.0,57317.083333333336,1.5543489832854185,0.2993644483947917,0.5,0.7027677496991545,True,True,False,True
2026-08-03 11:25:52.789178,AMD,none,1380414.0,1068364.3333333333,1.9161425576519888,1.101169628001839,0.5,0.7832047986289609,False,True,False,True
2026-08-03 11:25:52.974983,MPWR,none,89630.0,69737.46666666666,0.6369378966795212,3.085707294383533,0.5,0.4311833417978662,False,False,False,False
2026-08-03 11:25:53.155778,SIMO,none,83121.0,66772.16666666667,1.7817193991690667,3.675926173096677,0.5,0.6696696696696712,False,False,False,True
2026-08-03 11:25:53.334987,BE,none,1287049.0,1060850.9,0.18544484146727422,4.44152375696502,0.5,0.08436213991769503,False,False,False,False
2026-08-03 11:25:53.520342,ISRG,none,136553.0,133725.0,-0.18038877820257818,2.381953521294991,0.5,0.34358974358975375,False,False,False,False
2026-08-03 11:25:53.701495,CRDO,none,260473.0,262928.0,2.768301003996494,1.8701084921488764,0.5,0.7780821917808216,False,True,False,True
2026-08-03 11:25:53.883036,ENTG,none,110873.0,120129.85714285714,1.7984141257254989,2.050543510073285,0.5,0.7508532423208183,False,False,False,True
2026-08-03 11:25:54.073316,MXL,none,145404.0,135903.41666666666,2.8421377818968234,1.702768558177952,0.5,0.8761904761904802,False,True,False,True
2026-08-03 11:25:54.261627,NBIS,none,2070724.0,1170488.0,2.2370185859360108,4.629881845906426,0.5,0.5037756202804758,False,False,False,False
2026-08-03 11:25:54.447230,KLAC,none,495343.0,578237.5833333334,1.1900127898570796,2.02208977964724,0.5,0.5473145780051121,False,False,False,False
2026-08-03 11:25:54.627295,AMKR,none,305992.0,262490.9,1.3651877133105796,3.135191459157116,0.5,0.6181818181818212,False,False,False,False
2026-08-03 11:25:54.808803,DELL,BUY,276319.0,170734.26666666666,2.889367323971229,1.6301158161149363,0.5,0.9042879019908117,True,True,False,True
2026-08-03 11:25:58.520188,AEHR,none,173059.0,91535.0,3.2648335745296593,5.799939353709727,0.5,0.8020477815699659,False,False,False,True
2026-08-03 11:25:58.703887,MRVL,none,1266767.0,907875.3333333334,1.850473253217053,0.47681107933984845,0.5,0.6456400742115025,False,True,False,False
2026-08-03 11:25:58.885406,HOOD,none,1309333.0,1438302.857142857,0.43155914573420445,0.7539490624527964,0.5,0.4698795180722908,False,False,False,False
2026-08-03 11:25:59.070904,RCL,none,65112.0,103546.8,-0.009220839096366854,1.5675631150365772,0.5,0.020000000000019707,False,False,False,False
2026-08-03 11:25:59.257406,ARM,none,312942.0,282376.26666666666,0.7003098340477811,2.581845613704933,0.5,0.25384615384615034,False,False,False,False
2026-08-03 11:25:59.449108,NXT,none,382331.0,270397.0,0.13243571349741148,1.622999952727602,0.5,0.05000000000000178,False,False,False,False
2026-08-03 11:25:59.637908,INTC,none,6613997.0,5411777.9,1.5535933832569584,2.4719398503094947,0.5,0.7897727272727253,False,False,False,True
2026-08-03 11:25:59.822141,APTV,none,115845.0,173113.4,0.699056274030057,0.38756306462980705,0.5,0.5714285714285671,False,True,False,False
2026-08-03 11:26:00.007651,APO,none,183921.0,172048.2,-0.5529595015576386,2.017005082315994,0.5,0.61206896551725,False,False,False,True
2026-08-03 11:26:00.187798,UAL,none,108471.0,194637.8,-0.40000000000000785,1.6821846886296,0.5,0.7428571428571695,False,False,False,True
2026-08-03 11:26:00.370005,ASTS,none,527471.0,601006.0,1.0840108401084008,1.1691080558759843,0.5,0.5312499999999993,False,False,False,False
2026-08-03 11:26:00.568579,ARWR,none,46515.0,97085.28571428571,1.1560693641618545,4.080095548908309,0.5,0.6901408450704314,False,False,False,True
2026-08-03 11:26:00.753355,GTLB,none,138711.0,166794.2,-0.1981318992357778,0.30182839689269814,0.5,0.15555555555555767,False,False,False,False
2026-08-03 11:26:00.938434,VSAT,none,188827.0,92568.33333333333,1.585350866412673,2.172980856883818,0.5,0.7371428571428525,False,False,False,True
2026-08-03 11:26:01.130390,QNT,none,107418.0,84284.14285714286,1.244890375325161,1.5699493226309904,0.5,0.6767676767676771,False,False,False,False
2026-08-03 11:26:01.316386,VSH,none,126730.0,157721.0,2.3195876288659654,3.156512992923006,0.5,0.8181818181818117,False,False,False,True
2026-08-03 11:26:01.498026,TEAM,none,98284.0,205935.14285714287,-1.5397857689364953,1.2515276741129258,0.5,0.6544715447154448,False,False,True,True
2026-08-03 11:26:01.681418,REZI,none,91192.0,60092.6,0.9806668534603571,1.3210174567461457,0.5,0.9459459459459564,True,False,False,True
2026-08-03 11:26:01.869045,LEN,none,56080.0,86943.53333333334,-0.4374039484572698,0.9881197397162722,0.5,0.7115384615384758,False,False,False,True
2026-08-03 11:26:02.054430,BROS,none,135557.0,100299.8,-0.5875440658049229,1.8201470572974385,0.5,0.49382716049381525,False,False,False,False
2026-08-03 11:26:02.237875,ALK,none,84698.0,92135.33333333333,-0.2762976119992117,1.655982594303213,0.5,0.4117647058823505,False,False,False,False
2026-08-03 11:26:02.422034,AOSL,none,17580.0,10608.133333333333,1.3690105787181013,2.5668191037988826,0.5,0.6027397260273938,False,False,False,True
2026-08-03 11:26:02.605040,CSCO,none,686233.0,646410.4166666666,0.07794232268121885,0.9402936065585943,0.5,0.1428571428571493,True,False,False,False
2026-08-03 11:26:02.789894,DHI,none,48800.0,60031.4,-0.2953702431652746,0.765473286439178,0.5,0.544303797468349,False,False,False,False
2026-08-03 11:26:02.975025,A,none,53622.0,81991.71428571429,-0.3730005021160679,0.9034091055297919,0.5,0.47706422018349415,False,False,False,False
2026-08-03 11:26:03.160380,MRNA,none,235698.0,323828.3333333333,-0.17388280299078668,1.1660826022121014,0.5,0.1298701298701312,False,False,False,False
2026-08-03 11:26:03.346785,AFRM,none,94782.0,98128.8,-0.0395987328405506,0.4220624969881804,0.5,0.05555555555555702,False,False,False,False
2026-08-03 11:26:03.532205,MWH,none,86153.0,128362.42857142857,0.9870660313138282,4.614997972615529,0.5,0.49152542372881824,False,False,False,False
2026-08-03 11:26:03.714857,CEVA,none,22603.0,34363.71428571428,3.024747937671867,0.5630120890737917,0.5,0.9252336448598147,False,True,False,True
2026-08-03 11:26:03.912075,RIOT,none,1109368.0,833316.3333333334,1.0884997633696187,0.7015821563423644,0.5,0.48936170212766167,False,True,False,False
2026-08-03 11:26:04.107272,CVNA,none,579822.0,549480.8333333334,1.0864430798299556,0.37248294719911323,0.5,0.4928571428571443,False,True,False,False
2026-08-03 11:26:04.287244,IREN,none,3300107.0,2780836.4,0.6663249615581701,0.7278094923362807,0.5,0.25247620897261547,False,False,False,False
2026-08-03 11:26:04.472416,HPE,none,1005621.0,845090.4,2.2457891453524605,1.0876033125946032,0.5,0.931034482758622,False,True,False,True
2026-08-03 11:26:04.657605,DAL,none,269442.0,202665.08333333334,0.05452562704470791,1.5301496295309507,0.5,0.14705882352940192,False,False,False,False
2026-08-03 11:26:04.840746,RBLX,none,1481490.0,2221399.9166666665,-0.32930845225026745,1.6925543042143958,0.5,0.2352941176470547,False,False,False,False
2026-08-03 11:26:05.024041,IVZ,none,102222.0,187298.6,0.19887305270135472,1.100137051410171,0.5,0.29999999999999466,False,False,False,False
2026-08-03 11:26:05.207025,JOBY,none,2184258.0,2258022.933333333,1.2129380053908336,2.501603839663991,0.5,0.6923076923076917,False,False,False,True
2026-08-03 11:56:06.049627,AMAT,SELL,225253.0,289726.4166666667,-1.810568758965617,0.5842859876240549,0.5,0.9050387596899262,True,False,True,True
2026-08-03 11:56:06.235507,LITE,none,252751.0,210091.86666666667,-1.3463269539352585,3.3051258463193416,0.5,0.8006206361520518,True,False,False,True
2026-08-03 11:56:06.415190,ALAB,none,121949.0,164580.46666666667,-2.205650003159945,3.2807996814593183,0.5,0.8329355608591844,True,False,False,True
2026-08-03 11:56:06.604074,STX,none,332719.0,295100.4,-2.3473210713289783,3.1260983056154026,0.5,0.8217317487266579,True,False,False,True
2026-08-03 11:56:06.793184,CIEN,none,26517.0,55187.75,-0.31712750622461966,0.373135463819685,0.5,0.2980295566502551,False,False,False,False
2026-08-03 11:56:06.974992,AMD,none,924070.0,1030536.8,-1.7360539740003285,1.3128897575215794,0.5,0.9558323895809693,False,False,True,True
2026-08-03 11:56:07.156601,MPWR,none,72470.0,69856.73333333334,-2.519073731894869,3.084463726509152,0.5,0.8192391567724785,False,False,False,True
2026-08-03 11:56:07.342235,SIMO,none,39203.0,67534.75,-1.259811616954477,4.205338522636039,0.5,0.7149220489977731,False,False,False,True
2026-08-03 11:56:07.527340,BE,none,944669.0,1070106.2,-2.1266988756942284,4.2854321283111,0.5,0.8642201834862417,False,False,False,True
2026-08-03 11:56:07.710864,ISRG,none,130037.0,139958.75,0.48025037772502416,2.3802328036733713,0.5,0.7265306122449134,False,False,False,True
2026-08-03 11:56:07.897868,CRDO,none,335057.0,278882.5833333333,-1.7263457434194862,2.4178488862800647,0.5,0.5805422647527906,False,False,False,True
2026-08-03 11:56:08.078180,ENTG,none,78035.0,124070.28571428571,-2.500200980786236,2.5431927477909326,0.5,0.9481707317073166,False,False,False,True
2026-08-03 11:56:08.262184,MXL,none,224646.0,146482.08333333334,-0.5406217149722171,2.1591347757192123,0.5,0.32432432432432395,False,False,False,False
2026-08-03 11:56:08.450489,NBIS,none,1347531.0,1145817.2666666666,-0.880603306946459,4.762642902218508,0.5,0.43619489559164604,False,False,False,False
2026-08-03 11:56:08.636168,KLAC,none,525971.0,592905.0,-2.165549082114982,2.3579935915702466,0.5,0.8954545454545437,False,False,False,True
2026-08-03 11:56:08.823970,AMKR,none,261756.0,259822.1,-1.7821782178217793,3.6980190447617884,0.5,0.9374999999999977,False,False,False,True
2026-08-03 11:56:09.010809,DELL,none,168834.0,168183.2,-1.2261904761904707,2.1503206180025947,0.5,0.7325746799430947,False,False,False,True
2026-08-03 11:56:09.200962,AEHR,none,90782.0,90760.6,-2.304687499999998,6.187635984247048,0.5,0.917981773727495,False,False,False,True
2026-08-03 11:56:09.389243,MRVL,none,833531.0,939542.5,-2.220480668756531,0.5452383564585329,0.5,0.9681093394077416,False,False,True,True
2026-08-03 11:56:09.575112,HOOD,none,796269.0,1461899.857142857,-0.44081992506060336,0.7457175155668125,0.5,0.33898305084744845,False,False,False,False
2026-08-03 11:56:09.760181,RCL,none,53254.0,102616.46666666666,-0.2948765204570523,1.5684719767551683,0.5,0.44651162790696014,False,False,False,False
2026-08-03 11:56:09.951024,ARM,none,173200.0,275546.86666666664,-1.0258791742305935,2.6874927491641256,0.5,0.7941176470588251,False,False,False,True
2026-08-03 11:56:10.133149,NXT,none,196838.0,268738.8,-0.7825416069657312,1.5588462940431291,0.5,0.5338345864661721,False,False,False,True
2026-08-03 11:56:10.321192,INTC,none,4608934.0,5581030.4,-1.2111869632239534,3.123940014537003,0.5,0.8943089430894233,False,False,False,True
2026-08-03 11:56:10.505891,APTV,none,94089.0,169377.6,-0.8158305849678855,0.45169857538606395,0.5,0.8103448275862073,False,False,True,True
2026-08-03 11:56:10.690661,APO,none,82352.0,171915.93333333332,0.031325867334956736,1.84461771719657,0.5,0.07843137254903108,False,False,False,False
2026-08-03 11:56:10.871644,UAL,none,186697.0,203932.2,-1.197651058568987,1.813770743134881,0.5,0.8157894736841991,False,False,False,True
2026-08-03 11:56:11.051276,ASTS,none,383288.0,610043.1428571428,-0.5522682445759391,1.200187362335631,0.5,0.3367975365665907,False,False,False,False
2026-08-03 11:56:11.235607,ARWR,none,29220.0,94568.85714285714,-1.4801864801864757,4.793856868782408,0.5,0.8943661971830947,False,False,False,True
2026-08-03 11:56:11.415944,GTLB,none,163121.0,169370.73333333334,1.0212765957446792,0.29339933030936705,0.5,0.8571428571428523,False,True,False,True
2026-08-03 11:56:11.598892,VSAT,none,88347.0,98699.33333333333,-0.44788766493161186,2.47785602350164,0.5,0.2587412587412607,False,False,False,False
2026-08-03 11:56:11.783443,QNT,none,88357.0,92661.85714285714,-2.630610743193524,1.880003675812705,0.5,0.7857142857142855,False,False,True,True
2026-08-03 11:56:11.970071,VSH,none,118830.0,153432.06666666668,-2.268272192663126,3.703159989234007,0.5,0.8804347826086965,False,False,False,True
2026-08-03 11:56:12.148642,TEAM,none,110939.0,225526.14285714287,0.602234094220486,1.662843057399333,0.5,0.5585585585585502,False,False,False,True
2026-08-03 11:56:12.331552,REZI,none,76378.0,60811.666666666664,-1.3888888888888888,1.3500157903592525,0.5,0.9803921568627489,False,False,True,True
2026-08-03 11:56:12.516551,LEN,none,136644.0,92480.66666666667,-0.3679525222551956,1.0536552278911637,0.5,0.6458333333333518,False,False,False,True
2026-08-03 11:56:12.741028,BROS,none,127166.0,102425.93333333333,-0.9758982699985164,1.8367146779861376,0.5,0.7764705882352952,False,False,False,True
2026-08-03 11:56:12.923944,ALK,none,81102.0,100656.16666666667,-1.5430267062314422,1.7232811714413958,0.5,0.8297872340425426,False,False,False,True
2026-08-03 11:56:13.106999,AOSL,none,8594.0,10536.8,-2.564102564102559,2.66404817844467,0.5,0.8299999999999983,False,False,False,True
2026-08-03 11:56:13.292551,CSCO,none,647067.0,658773.5833333334,0.16440252660726135,0.7940638046109914,0.5,0.3220338983051031,True,False,False,False
2026-08-03 11:56:13.478853,DHI,none,266782.0,71523.0,-0.0688895012400071,0.7887343900146436,0.5,0.13157894736841022,True,False,False,False
2026-08-03 11:56:13.663853,A,none,75492.0,86127.57142857143,-0.08639930880551237,0.9239402412753784,0.5,0.18749999999995837,False,False,False,False
2026-08-03 11:56:13.849422,MRNA,none,134241.0,332882.9166666667,-1.930770568794572,1.1518141818428722,0.5,0.8161764705882352,False,False,True,True
2026-08-03 11:56:14.036478,AFRM,none,161393.0,99971.86666666667,0.22468939994713416,0.4138893390075814,0.5,0.2881355932203402,False,False,False,False
2026-08-03 11:56:14.218883,MWH,none,65107.0,115429.42857142857,-1.7857142857142896,5.376737329418157,0.5,0.9814814814814787,False,False,False,True
2026-08-03 11:56:14.403364,CEVA,none,15885.0,28983.0,-2.0178041543026697,0.8137837198239485,0.5,0.8607594936708789,False,False,True,True
2026-08-03 11:56:14.589292,RIOT,none,684185.0,826495.4166666666,-2.078374782136097,0.7246213405514048,0.5,0.8449523809523832,False,False,True,True
2026-08-03 11:56:14.772861,CVNA,none,316272.0,537456.3333333334,-0.14012143858010806,0.37788304480586776,0.5,0.12328767123288191,False,False,False,False
2026-08-03 11:56:14.955879,IREN,none,2252446.0,2711200.466666667,-1.4739575378035579,0.7240573979278303,0.5,0.7151679841897187,False,False,True,True
2026-08-03 11:56:15.148581,HPE,none,1006279.0,874146.6,-0.5085435313262816,1.6123771708319745,0.5,0.4807692307692279,False,False,False,False
2026-08-03 11:56:15.332312,DAL,none,223372.0,214551.0,-0.7519616390584262,1.479216074938515,0.5,0.8023255813953633,False,False,False,True
2026-08-03 11:56:15.519118,RBLX,none,1687065.0,2150617.9166666665,1.4876033057851412,1.7525969664421588,0.5,0.6136363636363739,True,False,False,False
2026-08-03 11:56:15.784584,IVZ,none,102358.0,190946.2,0.16550810989738732,1.085761548850242,0.5,0.3846153846153825,False,False,False,False
2026-08-03 11:56:15.966410,JOBY,none,3171103.0,2345728.7333333334,-1.7310252996005313,2.655661468322486,0.5,0.9285714285714299,False,False,False,True
2026-08-03 12:26:16.813847,AMAT,none,175845.0,287449.5833333333,0.9293240203622548,0.7404134003737074,0.5,0.7268518518518531,False,True,False,True
2026-08-03 12:26:16.999275,LITE,none,119170.0,210227.73333333334,0.9144929262450163,3.4386403154518295,0.5,0.5475435816164791,False,False,False,True
2026-08-03 12:26:17.180791,ALAB,none,108306.0,163709.8,3.225493681522886,3.413907305753969,0.5,0.9257884972170674,True,False,False,True
2026-08-03 12:26:17.360918,STX,none,211115.0,288822.06666666665,0.5276881052892972,3.515674146266352,0.5,0.3383757961783454,True,False,False,False
2026-08-03 12:26:17.545324,CIEN,none,34355.0,55420.166666666664,0.6038805891774126,0.37467911262217035,0.5,0.6005221932114937,False,True,False,True
2026-08-03 12:26:17.730756,AMD,none,651853.0,986974.9333333333,0.46667364235637987,1.3690344440162519,0.5,0.5492610837438325,False,False,False,False
2026-08-03 12:26:17.917350,MPWR,none,49861.0,71041.0,1.9960125581502022,3.380345939414288,0.5,0.7788375558867405,False,False,False,True
2026-08-03 12:26:18.101373,SIMO,none,16660.0,65773.91666666667,0.6540611249851259,4.2215731102303415,0.5,0.6133828996282449,False,False,False,True
2026-08-03 12:26:18.287012,BE,none,546613.0,1062336.1,-0.0553480005534821,4.802025640738137,0.5,0.048387096774195025,False,False,False,False
2026-08-03 12:26:18.469084,ISRG,none,96864.0,142786.58333333334,0.04027061855669493,2.4759064091025795,0.5,0.12820512820510702,False,False,False,False
2026-08-03 12:26:18.654598,CRDO,none,161309.0,281765.0,1.9854113327858625,2.842263093006122,0.5,0.7934362934362951,False,False,False,True
2026-08-03 12:26:18.839290,ENTG,none,38778.0,124927.14285714286,1.1532125205930737,3.1973356785245897,0.5,0.7821229050279255,False,False,False,True
2026-08-03 12:26:19.022851,MXL,none,131871.0,151291.75,2.2950324626302216,2.267259118713656,0.5,0.8042328042328019,False,True,False,True
2026-08-03 12:26:19.208677,NBIS,none,831624.0,1101722.6,1.5319148936170255,4.142456644418338,0.5,0.6532258064516137,False,False,False,True
2026-08-03 12:26:19.392976,KLAC,none,461462.0,599509.4166666666,0.9884863802302672,3.2113273183759703,0.5,0.7892376681614245,False,False,False,True
2026-08-03 12:26:19.578473,AMKR,none,108406.0,255478.3,1.1082006850695085,4.288402581541902,0.5,0.6470588235294074,False,False,False,False
2026-08-03 12:26:19.762464,DELL,none,90988.0,161307.6,0.5954533400834046,2.133766559790044,0.5,0.4669187145557582,False,False,False,False
2026-08-03 12:26:19.948282,AEHR,none,74180.0,86691.73333333334,1.42518493131123,6.497785917745006,0.5,0.6463730569948223,False,False,False,True
2026-08-03 12:26:20.137833,MRVL,none,700207.0,946175.3333333334,1.5228426395939056,0.6539168074100419,0.5,0.8407079646017717,False,True,False,True
2026-08-03 12:26:20.318538,HOOD,none,929981.0,1485974.5714285714,1.0626522027894552,0.73753865826601,0.5,0.7384615384615353,False,True,False,True
2026-08-03 12:26:20.503522,RCL,none,61497.0,102730.66666666667,-0.24022914164278936,1.4229914716849696,0.5,0.4357541899441277,False,False,False,False
2026-08-03 12:26:20.690797,ARM,none,185909.0,273280.2,1.2412557584030015,2.7578266389658572,0.5,0.7698412698412687,False,False,False,True
2026-08-03 12:26:20.876864,NXT,none,146288.0,266854.5,0.954812923281907,1.7999744989964817,0.5,0.5308641975308711,False,False,False,True
2026-08-03 12:26:21.060502,INTC,none,3530865.0,5515979.3,0.5796455244677408,3.6970554188511544,0.5,0.6666666666666909,False,False,False,True
2026-08-03 12:26:21.244880,APTV,none,118736.0,167307.6,-0.43752187609380466,0.5148931305202126,0.5,0.5208333333333367,False,False,False,False
2026-08-03 12:26:21.425170,APO,none,63406.0,166127.4,0.2504696305573007,1.693647134031535,0.5,0.49230769230771015,False,False,False,False
2026-08-03 12:26:21.605694,UAL,none,77683.0,205656.8,0.08603832616347237,2.2413963995553896,0.5,0.1549295774647893,False,False,False,False
2026-08-03 12:26:21.790302,ASTS,none,461879.0,667538.8571428572,2.256788947117668,1.2351712718134684,0.5,0.8074890618785158,False,True,False,True
2026-08-03 12:26:21.975296,ARWR,none,33277.0,88041.28571428571,-0.23601604909132481,5.81897892477443,0.5,0.29416090601557227,False,False,False,False
2026-08-03 12:26:22.152810,GTLB,none,105674.0,169830.53333333333,-0.02806623631772415,0.3098465852704807,0.5,0.04347826086958805,False,False,False,False
2026-08-03 12:26:22.334005,VSAT,none,128741.0,101903.86666666667,-0.5109489051094911,2.4654855086804925,0.5,0.3559322033898299,False,False,False,False
2026-08-03 12:26:22.516691,QNT,none,90733.0,102388.14285714286,1.3991302703724748,2.5361620289037887,0.5,0.548148148148149,False,False,False,False
2026-08-03 12:26:22.699053,VSH,none,122213.0,158439.13333333333,0.48738532110090194,3.939483739830221,0.5,0.8095238095237806,False,False,False,True
2026-08-03 12:26:22.883047,TEAM,none,175053.0,228462.7142857143,0.6079320660040622,1.798923511586999,0.5,0.5526315789473766,False,False,False,True
2026-08-03 12:26:23.067734,REZI,none,15193.0,59092.933333333334,0.19707207207207286,1.4757902216892393,0.5,0.38888888888889106,False,False,False,False
2026-08-03 12:26:23.248390,LEN,none,95986.0,89645.2,0.23820867079562036,1.0810374500295326,0.5,0.46511627906978203,False,False,False,True
2026-08-03 12:26:23.430103,BROS,none,53810.0,101825.6,-0.014916467780437224,1.9783627372683532,0.5,0.03030303030304596,False,False,False,False
2026-08-03 12:26:23.614862,ALK,none,104375.0,100871.0,-0.28112449799196904,2.2045910431712845,0.5,0.4,False,False,False,False
2026-08-03 12:26:23.806141,AOSL,none,8935.0,10501.733333333334,1.235741444866922,2.9430237182678716,0.5,0.9750000000000049,False,False,False,True
2026-08-03 12:26:23.987724,CSCO,none,393462.0,657184.4166666666,-0.4146868250539991,0.8078857570821537,0.5,0.6233766233766318,True,False,False,True
2026-08-03 12:26:24.171329,DHI,none,38795.0,70512.66666666667,0.04136219495381378,0.6987207693807476,0.5,0.12765957446809026,False,False,False,False
2026-08-03 12:26:24.353448,A,none,51622.0,86314.57142857143,0.11528208084155674,0.9203907587391259,0.5,0.3018867924528393,False,False,False,False
2026-08-03 12:26:24.543674,MRNA,none,213272.0,309716.6666666667,1.1543242763274704,1.327359681920085,0.5,0.7471264367816097,False,False,False,True
2026-08-03 12:26:24.729238,AFRM,none,61485.0,99691.53333333334,0.03955696202531795,0.37358019005449944,0.5,0.09090909090909483,False,False,False,False
2026-08-03 12:26:24.921354,MWH,none,50173.0,104486.85714285714,0.6529209621993048,6.609914480250579,0.5,0.6551724137930975,False,False,False,True
2026-08-03 12:26:25.109779,CEVA,none,10476.0,29138.571428571428,0.9699909063352539,0.9883409047641962,0.5,0.9142857142857114,False,False,False,True
2026-08-03 12:26:25.290374,RIOT,none,460718.0,825405.25,1.0999521759923503,0.7933202594007407,0.5,0.7076923076923105,False,True,False,True
2026-08-03 12:26:25.471333,CVNA,none,679591.0,554800.75,1.1377805486284351,0.3175656356182886,0.5,0.802197802197797,False,True,False,True
2026-08-03 12:26:25.657940,IREN,none,1440165.0,2629010.0,1.1240310077519253,0.6735345822953137,0.5,0.7837837837837754,False,True,False,True
2026-08-03 12:26:25.847226,HPE,none,508354.0,882972.1,0.44953003677972797,1.699562884137715,0.5,0.5499999999999992,False,False,False,True
2026-08-03 12:26:26.025782,DAL,none,161811.0,220173.16666666666,-0.03292361720807851,1.752768233114931,0.5,0.08333333333333662,False,False,False,False
2026-08-03 12:26:26.209932,RBLX,BUY,1538171.0,2094061.6666666667,2.172142275319045,2.0035654018208935,0.5,0.7476635514018729,True,True,False,True
2026-08-03 12:26:26.394066,IVZ,none,113627.0,194896.8,0.4294681202510704,1.0210522421915822,0.5,0.8666666666666683,False,False,False,True
2026-08-03 12:26:26.684863,JOBY,none,1900578.0,2303205.8666666667,0.542005420054201,2.9706804594301213,0.5,0.5,False,False,False,False
2026-08-03 12:56:27.564781,AMAT,none,162571.0,276985.3333333333,0.13876131100122727,0.8244805541829818,0.5,0.13921568627450673,False,False,False,False
2026-08-03 12:56:27.882143,LITE,none,184423.0,207568.06666666668,-0.15341445505087054,3.5492193926975717,0.5,0.14624999999999488,False,False,False,False
2026-08-03 12:56:28.151457,ALAB,none,91054.0,163058.53333333333,0.8241413888192515,4.129989687550254,0.5,0.5818584070796473,True,False,False,False
2026-08-03 12:56:28.556956,STX,none,195800.0,295410.73333333334,1.6525455129313533,3.664401510046368,0.5,0.7259902333152441,True,False,False,True
2026-08-03 12:56:28.734709,CIEN,none,28441.0,53398.166666666664,0.3288271830471295,0.37435818582350994,0.5,0.48091603053434684,False,False,False,False
2026-08-03 12:56:28.998590,AMD,none,557945.0,971161.6666666666,0.36045421398062677,1.3806264104885164,0.5,0.544025157232709,False,False,False,False
2026-08-03 12:56:29.320248,MPWR,none,51115.0,71961.93333333333,1.3741374137413693,3.839067350514994,0.5,0.5948051948051937,False,False,False,False
2026-08-03 12:56:29.498843,SIMO,none,22836.0,72392.08333333333,-0.11821262510836605,4.2629705851079365,0.5,0.1485148514851534,False,False,False,False
2026-08-03 12:56:29.679984,BE,none,567030.0,1057972.4,0.3186036847208744,4.530836919043073,0.5,0.23549488054607376,False,False,False,False
2026-08-03 12:56:29.867164,ISRG,none,103739.0,145295.58333333334,0.05366534292153822,2.4275131288574974,0.5,0.14925373134327788,False,False,False,False
2026-08-03 12:56:30.052878,CRDO,none,95122.0,277511.9166666667,0.7625994694960142,2.9631435963609065,0.5,0.5649122807017504,False,False,False,True
2026-08-03 12:56:30.241223,ENTG,none,77907.0,85785.28571428571,0.3660024400162691,2.9047917512445443,0.5,0.4017857142857203,False,False,False,False
2026-08-03 12:56:30.423274,MXL,none,96512.0,153810.66666666666,1.5053128689492266,2.59457114240739,0.5,0.7338129496402847,False,False,False,True
2026-08-03 12:56:30.699663,NBIS,none,828231.0,1065712.8666666667,1.06675362183818,4.2503191157065245,0.5,0.6172506738544516,False,False,False,True
2026-08-03 12:56:30.887041,KLAC,none,316909.0,597634.0833333334,-0.06673340006673593,3.4327994913817066,0.5,0.08275862068965734,False,False,False,False
2026-08-03 12:56:31.077592,AMKR,none,279948.0,270976.4,0.09964129135113024,4.516240185450141,0.5,0.08928571428570999,False,False,False,False
2026-08-03 12:56:31.353382,DELL,none,74032.0,158309.53333333333,0.9896956625928577,2.154144194667263,0.5,0.8293172690763013,False,False,False,True
2026-08-03 12:56:31.622789,AEHR,none,43832.0,85922.8,0.022632586420447406,6.790316459291047,0.5,0.025443037974682964,False,False,False,False
2026-08-03 12:56:31.810926,MRVL,none,565249.0,937331.3333333334,-0.1262759128696249,0.6841706356926001,0.5,0.12244897959184266,False,False,False,False
2026-08-03 12:56:32.066268,HOOD,none,763658.0,1223420.4285714286,0.4928806133625442,0.6268302092037867,0.5,0.6521739130434845,False,False,False,False
2026-08-03 12:56:32.391178,RCL,none,53167.0,99314.33333333333,-0.22226338210778862,1.2161279698591922,0.5,0.5624999999999639,False,False,False,True
2026-08-03 12:56:32.718376,ARM,none,100232.0,268990.8,-0.2148725510848919,2.990107826673073,0.5,0.1939163498098807,False,False,False,False
2026-08-03 12:56:32.898231,NXT,none,95540.0,264291.7,0.14295139652517644,1.9412153652439812,0.5,0.10655737704917546,False,False,False,False
2026-08-03 12:56:33.084801,INTC,none,2809418.0,5520801.8,0.17734426956328594,3.857064247722839,0.5,0.2424242424242333,False,False,False,False
2026-08-03 12:56:33.353020,APTV,none,71325.0,165740.4,-0.5096660808435838,0.4888257556490075,0.5,0.7837837837837869,False,False,True,True
2026-08-03 12:56:33.679024,APO,none,62673.0,148104.8,0.10145153738100819,1.588411827658962,0.5,0.17567567567570577,False,False,False,False
2026-08-03 12:56:33.854946,UAL,none,134481.0,213386.5,-0.10161807238334218,2.2490826955108014,0.5,0.1884057971014639,False,False,False,False
2026-08-03 12:56:34.041368,ASTS,none,538485.0,620222.4285714285,0.2560918826633432,1.3959971386468546,0.5,0.15277777777777066,False,False,False,False
2026-08-03 12:56:34.225945,ARWR,none,33899.0,50466.42857142857,-0.3902785169416504,5.416935960999428,0.5,0.4177215189873543,False,False,False,False
2026-08-03 12:56:34.495683,GTLB,none,97036.0,170235.0,0.3647586980920386,0.27463088542420666,0.5,0.5416666666666728,False,True,False,True
2026-08-03 12:56:34.769316,VSAT,none,89372.0,104417.53333333334,0.47642316149523645,2.3990545314275566,0.5,0.2977099236641221,False,False,False,False
2026-08-03 12:56:34.960447,QNT,none,55951.0,87344.42857142857,1.4645137063462283,2.8164743090860176,0.5,0.7155963302752282,False,False,False,True
2026-08-03 12:56:35.300698,VSH,none,125434.0,174721.53333333333,-0.0855675984027414,3.9442292209459895,0.5,0.1250000000000037,False,False,False,False
2026-08-03 12:56:35.486216,TEAM,none,74337.0,176447.0,0.47006907137376164,1.9068762186165593,0.5,0.4803921568627559,False,False,False,False
2026-08-03 12:56:35.760434,REZI,none,14860.0,56441.933333333334,0.3654765251616603,1.3654527053889274,0.5,0.4193548387096826,False,False,False,False
2026-08-03 12:56:36.157152,LEN,none,37129.0,87601.66666666667,0.011886366337816612,1.0112248973715614,0.5,0.033333333333349126,False,False,False,False
2026-08-03 12:56:36.418479,BROS,none,57471.0,103081.46666666666,-0.6560310123751272,1.6734311224867175,0.5,0.8,False,False,False,True
2026-08-03 12:56:36.603165,ALK,none,51679.0,101847.25,-0.16109544905356082,2.3029846174684736,0.5,0.23529411764705638,False,False,False,False
2026-08-03 12:56:36.885222,AOSL,none,7438.0,10790.2,0.1249219237976238,3.156330535720103,0.5,0.14814814814814523,False,False,False,False
2026-08-03 12:56:37.072395,CSCO,none,380286.0,651298.8333333334,0.32963219986120357,0.8038723012668824,0.5,0.6909090909090863,True,False,False,True
2026-08-03 12:56:37.670959,DHI,none,29283.0,69310.46666666666,-0.2962248553320521,0.5820721961374482,0.5,0.8113207547169923,False,False,False,True
2026-08-03 12:56:37.850735,A,none,54503.0,55029.57142857143,0.07913669064749183,0.6691903138478359,0.5,0.14473684210528284,False,False,False,False
2026-08-03 12:56:38.033730,MRNA,none,122131.0,288824.4166666667,-1.1938202247191005,1.2503498422330288,0.5,0.8607594936708867,False,False,False,True
2026-08-03 12:56:38.302211,AFRM,none,77076.0,99068.8,0.34269144589428086,0.3336689125485765,0.5,0.5199999999999818,False,True,False,False
2026-08-03 12:56:38.481499,MWH,none,29747.0,48696.0,0.10235414534289027,6.712377212221364,0.5,0.16666666666667324,False,False,False,False
2026-08-03 12:56:38.665005,CEVA,none,13085.0,17430.285714285714,0.5407029137879235,0.9912580530608468,0.5,0.5,False,False,False,False
2026-08-03 12:56:38.852751,RIOT,none,581184.0,848955.6666666666,0.47303689687794637,0.8214098447169924,0.5,0.33333333333332543,False,False,False,False
2026-08-03 12:56:39.042224,CVNA,none,426595.0,569310.5833333334,-1.2172573189522438,0.3647333409499044,0.5,0.7900000000000063,False,False,True,True
2026-08-03 12:56:39.316103,IREN,none,1527691.0,2563818.066666667,0.7664793050587562,0.6932206301350097,0.5,0.5172413793103414,False,True,False,True
2026-08-03 12:56:39.498673,HPE,none,456122.0,884014.0,0.5289928789420102,1.6578252771911461,0.5,0.5652173913043425,False,False,False,True
2026-08-03 12:56:39.684304,DAL,none,111144.0,221787.91666666666,0.0,1.720575919961869,0.5,0.0,False,False,False,False
2026-08-03 12:56:39.868430,RBLX,none,680047.0,1985125.5833333333,-0.3986181238373789,2.18711871102706,0.5,0.5555555555555701,False,False,False,False
2026-08-03 12:56:40.056652,IVZ,none,80625.0,195435.3,0.03289473684211041,1.118500344951947,0.5,0.0714285714285823,False,False,False,False
2026-08-03 12:56:40.330519,JOBY,none,1528671.0,2206306.7333333334,0.134952766531711,3.005958918723589,0.5,0.12499999999999722,False,False,False,False
2026-08-03 13:26:41.423009,AMAT,none,118693.0,272074.75,-0.1034550068319291,0.7921459643958592,0.5,0.19133574007218965,False,False,False,False
2026-08-03 13:26:41.607936,LITE,none,124716.0,207020.86666666667,-0.23355901957696593,3.3816060412476507,0.5,0.3716075156576172,False,False,False,True
2026-08-03 13:26:41.795271,ALAB,none,89172.0,163140.13333333333,-0.8020642273137193,4.109621652083402,0.5,0.5810810810810906,True,False,False,False
2026-08-03 13:26:41.987780,STX,none,337441.0,303620.8,-0.1663045193556616,3.9292889531466093,0.5,0.1560364464692493,True,False,False,False
2026-08-03 13:26:42.166295,CIEN,none,26436.0,54160.083333333336,-0.41364239444313716,0.3831178534413505,0.5,0.5179153094462471,False,False,True,True
2026-08-03 13:26:42.349760,AMD,none,534960.0,955403.3333333334,-0.32795051683340615,1.3339604136230907,0.5,0.47590361445782753,False,False,False,False
2026-08-03 13:26:42.534001,MPWR,none,37320.0,71553.66666666667,-0.6351462390903586,4.109842478947068,0.5,0.5002915451894975,False,False,False,False
2026-08-03 13:26:42.715264,SIMO,none,111166.0,70343.08333333333,1.1292296758400067,4.2576818925138795,0.5,0.6682242990654169,False,False,False,True
2026-08-03 13:26:42.901713,BE,none,489081.0,1061114.0,-0.09664948453608614,4.499137097103594,0.5,0.08641975308642279,False,False,False,False
2026-08-03 13:26:43.087065,ISRG,none,110376.0,147626.83333333334,0.35938421927800646,2.4241296345348493,0.5,0.79289940828401,False,False,False,True
2026-08-03 13:26:43.274126,CRDO,none,99579.0,266415.4166666667,0.05170387779084072,3.0808145099235245,0.5,0.05188679245283651,False,False,False,False
2026-08-03 13:26:43.457030,ENTG,none,58779.0,66712.14285714286,-0.35656401944895616,2.0177611053270104,0.5,0.26829268292683645,False,False,False,False
2026-08-03 13:26:43.643111,MXL,none,97141.0,154225.33333333334,-1.6429194533294496,2.8810861456415156,0.5,0.7385620915032645,False,False,False,True
2026-08-03 13:26:43.833932,NBIS,none,630063.0,1062894.4666666666,0.2304147465437788,4.223140431819897,0.5,0.16501650165016496,False,False,False,False
2026-08-03 13:26:44.018804,KLAC,none,381005.0,594316.5,-0.4173854972452557,3.3761149786131015,0.5,0.6880733944954107,False,False,False,False
2026-08-03 13:26:44.205708,AMKR,none,184096.0,278368.3,-0.7767377016530583,4.4823539115732824,0.5,0.6499999999999994,False,False,False,False
2026-08-03 13:26:44.396603,DELL,none,88777.0,158245.26666666666,0.02373267514713449,2.2518044736046945,0.5,0.04878048780486114,False,False,False,False
2026-08-03 13:26:44.582790,AEHR,none,78785.0,88536.66666666667,-0.029979735502095147,6.691991558862836,0.5,0.027708333333335552,False,False,False,False
2026-08-03 13:26:44.771625,MRVL,none,378749.0,915895.4166666666,0.0,0.6863507052987746,0.5,0.0,False,False,False,False
2026-08-03 13:26:44.954133,HOOD,none,712265.0,956905.2857142857,-0.19620667102680686,0.33208686901614487,0.5,0.1764705882352851,False,False,False,False
2026-08-03 13:26:45.141513,RCL,none,46538.0,99444.8,0.19482929242948893,1.2334610304579845,0.5,0.6631578947368453,False,False,False,True
2026-08-03 13:26:45.328824,ARM,none,101228.0,259342.93333333332,-0.26600236446546,3.0086540782305167,0.5,0.3281249999999998,False,False,False,False
2026-08-03 13:26:45.509896,NXT,none,118088.0,267018.6,-0.7021393307734509,1.7353935512600571,0.5,0.5765765765765773,False,False,False,True
2026-08-03 13:26:45.695964,INTC,none,2847794.0,5572748.2,-0.23232658479919654,3.907963880885664,0.5,0.4199999999999875,False,False,False,False
2026-08-03 13:26:45.881463,APTV,none,98237.0,165980.2,-0.4416961130742049,0.5250290923967996,0.5,0.5555555555555608,False,False,False,False
2026-08-03 13:26:46.072411,APO,none,60809.0,151215.13333333333,0.06239276243956676,1.5650150933886322,0.5,0.23529411764709324,False,False,False,False
2026-08-03 13:26:46.255984,UAL,none,93304.0,215619.2,-0.21123454858394308,2.2319114446470225,0.5,0.5744680851063759,False,False,False,False
2026-08-03 13:26:46.436466,ASTS,none,322695.0,461690.85714285716,-1.5936871421940184,0.5705237710251408,0.5,0.7715355805243396,False,False,True,True
2026-08-03 13:26:46.616742,ARWR,none,30556.0,30718.428571428572,-0.433671953900088,4.271869379988107,0.5,0.5983606557377203,False,False,False,True
2026-08-03 13:26:46.801578,GTLB,none,100956.0,171846.8,0.11185682326621686,0.2852911722402114,0.5,0.2499999999999889,False,False,False,False
2026-08-03 13:26:46.995547,VSAT,none,157387.0,117876.8,-3.2344357976653657,2.4756268199178226,0.5,0.8896321070234118,False,False,True,True
2026-08-03 13:26:47.179480,QNT,none,19619.0,74150.57142857143,-1.092592592592599,2.683843985192219,0.5,0.7763157894736907,False,False,False,True
2026-08-03 13:26:47.378347,VSH,none,378226.0,173192.06666666668,-0.9135027119611769,3.8178250908006808,0.5,0.7804878048780559,True,False,False,True
2026-08-03 13:26:47.558296,TEAM,none,67427.0,110485.85714285714,-0.019094901661252647,1.571071966201715,0.5,0.03773584905659619,False,False,False,False
2026-08-03 13:26:47.746640,REZI,none,11487.0,54746.666666666664,-0.25231286795627533,1.4357366525354003,0.5,0.5000000000000198,False,False,False,False
2026-08-03 13:26:47.939370,LEN,none,44327.0,86839.13333333333,0.19006889997623733,0.9916612683025312,0.5,0.3902439024390193,False,False,False,True
2026-08-03 13:26:48.128790,BROS,none,72564.0,98345.8,-0.30016509079992293,1.7963198918091268,0.5,0.4761904761904472,False,False,False,False
2026-08-03 13:26:48.311956,ALK,none,19719.0,99748.91666666667,-0.2418867163878199,2.3226803936099634,0.5,0.571428571428557,False,False,False,True
2026-08-03 13:26:48.497509,AOSL,none,6376.0,10915.733333333334,-0.9085213032581537,3.1051395525265537,0.5,0.6170212765957472,False,False,False,True
2026-08-03 13:26:48.681344,CSCO,none,390303.0,646124.6666666666,-0.5879301400657034,0.908103256308468,0.5,0.8499999999999938,True,False,False,True
2026-08-03 13:26:48.860589,DHI,none,39437.0,69674.2,0.21422154654136014,0.6524702548256311,0.5,0.47692307692307623,False,False,False,False
2026-08-03 13:26:49.034603,A,none,16746.0,47354.57142857143,-0.1725129384703918,0.5590687311653135,0.5,0.6153846153846154,False,False,False,True
2026-08-03 13:26:49.218031,MRNA,none,89573.0,275052.25,-0.03551767004085087,1.353677637091668,0.5,0.05555555555556433,False,False,False,False
2026-08-03 13:26:49.404587,AFRM,none,84225.0,102692.66666666667,-0.6697307944845766,0.3430759712864106,0.5,0.7846153846153856,False,False,True,True
2026-08-03 13:26:49.610721,MWH,none,28809.0,45970.71428571428,-1.261077027948197,5.619054509147772,0.5,0.8809523809523797,False,False,False,True
2026-08-03 13:26:49.801165,CEVA,none,20119.0,15236.285714285714,-0.597728631201443,0.8197166507631216,0.5,0.6060606060606178,False,False,False,False
2026-08-03 13:26:49.987689,RIOT,none,685284.0,871127.0,-1.1764705882352942,0.7890324569177715,0.5,0.6250000000000022,False,False,True,True
2026-08-03 13:26:50.173370,CVNA,none,246878.0,560309.3333333334,0.3744149765990782,0.3851758350300954,0.5,0.5000000000000222,False,False,False,False
2026-08-03 13:26:50.360203,IREN,none,1009076.0,2476021.4,0.0,0.7070833447200737,0.5,0.0,False,False,False,False
2026-08-03 13:26:50.542276,HPE,none,365446.0,876500.7,-0.4856333468231525,1.6725804617893072,0.5,0.6857142857142886,False,False,False,True
2026-08-03 13:26:50.724655,DAL,none,100194.0,226947.58333333334,-0.1866695948171599,1.720575919961869,0.5,0.5666666666666303,False,False,False,True
2026-08-03 13:26:50.910458,RBLX,none,577965.0,1932688.0833333333,0.08004268943436803,2.2207593864857804,0.5,0.08333333333333662,False,False,False,False
2026-08-03 13:26:51.157242,IVZ,none,121222.0,192226.3,-0.4934210526315743,1.0798674716754868,0.5,0.7142857142857046,False,False,False,True
2026-08-03 13:26:51.341576,JOBY,none,1655234.0,2103046.1333333333,-0.9421265141318896,3.003900367044087,0.5,0.7777777777777724,False,False,False,True
2026-08-03 13:56:52.280686,AMAT,none,109573.0,270073.5833333333,0.42205635233891164,0.779859590889059,0.5,0.552429667519199,False,False,False,True
2026-08-03 13:56:52.469478,LITE,none,114264.0,203509.13333333333,0.9471565570859211,3.309881535745776,0.5,0.7667731629393031,False,False,False,True
2026-08-03 13:56:52.647841,ALAB,none,61147.0,156625.06666666668,0.8430223447930044,4.251217934383213,0.5,0.640476190476183,False,False,False,False
2026-08-03 13:56:52.830150,STX,none,202993.0,301652.13333333336,0.4170719844358054,3.7794767149453743,0.5,0.3528806584362196,True,False,False,False
2026-08-03 13:56:53.009532,CIEN,BUY,43061.0,53871.583333333336,0.9829037486275921,0.38130965829909896,0.5,0.9016786570743472,True,True,False,True
2026-08-03 13:56:53.194210,AMD,none,434613.0,941864.0,0.4810695989004128,1.3194365588972161,0.5,0.7129629629629617,False,False,False,True
2026-08-03 13:56:53.388719,MPWR,none,28735.0,70679.73333333334,0.4515311824752383,4.154262677853148,0.5,0.4665127020785349,False,False,False,False
2026-08-03 13:56:53.567296,SIMO,none,13486.0,65965.08333333333,-0.03526645768024098,4.421999305219125,0.5,0.05084745762710422,False,False,False,False
2026-08-03 13:56:53.746961,BE,none,435705.0,1059599.3,0.4053991799880202,4.183552585502828,0.5,0.32352941176470434,False,False,False,False
2026-08-03 13:56:53.933051,ISRG,none,124788.0,148503.41666666666,0.040084444563222285,2.5565963220485335,0.5,0.1401869158878758,False,False,False,False
2026-08-03 13:56:54.120076,CRDO,none,99656.0,246546.0,1.0993657505285428,2.9647173021168487,0.5,0.8210526315789503,False,False,False,True
2026-08-03 13:56:54.302849,ENTG,none,42372.0,60064.28571428572,0.3173828125000005,1.8523182259710098,0.5,0.5131578947368394,False,False,False,False
2026-08-03 13:56:54.604517,MXL,none,62705.0,145449.08333333334,0.29559562518475146,3.0262906155535134,0.5,0.31250000000000416,False,False,False,False
2026-08-03 13:56:54.785620,NBIS,none,574338.0,1053121.8666666667,0.7036747458952312,4.162516574855165,0.5,0.38931297709923623,False,False,False,False
2026-08-03 13:56:54.969040,KLAC,none,292631.0,595759.75,0.34087734003912473,3.3084025108445383,0.5,0.42657342657343406,False,False,False,False
2026-08-03 13:56:55.154659,AMKR,none,170657.0,272859.4,0.8035355564483699,4.804942068691756,0.5,0.7547169811320712,False,False,False,True
2026-08-03 13:56:55.346425,DELL,none,90488.0,157631.8,0.3630496167809536,2.247855702228277,0.5,0.4903846153846059,False,False,False,False
2026-08-03 13:56:55.532088,AEHR,none,43694.0,88147.26666666666,0.6927412082957572,6.466918911192177,0.5,0.47474123281322517,False,False,False,False
2026-08-03 13:56:55.714960,MRVL,none,350709.0,896199.0833333334,0.7218124341411887,0.6568811571651796,0.5,0.7873563218390627,False,True,False,True
2026-08-03 13:56:55.894809,HOOD,none,467048.0,730423.8571428572,0.05460303592881006,0.26241185579736137,0.5,0.08064516129034033,False,False,False,False
2026-08-03 13:56:56.080278,RCL,none,36232.0,95813.93333333333,-0.1635852958424734,1.215252787020136,0.5,0.5955056179775704,False,False,False,True
2026-08-03 13:56:56.263842,ARM,none,88271.0,250013.66666666666,0.698205822613408,2.9211980798879305,0.5,0.6370656370656385,False,False,False,True
2026-08-03 13:56:56.443804,NXT,none,217275.0,252403.9,0.7730535615681975,1.6470155007146308,0.5,0.6194690265486698,False,False,False,True
2026-08-03 13:56:56.625101,INTC,none,2223282.0,5451398.3,0.27722333111554665,3.943124905221761,0.5,0.5102040816326584,False,False,False,True
2026-08-03 13:56:56.810643,APTV,none,144061.0,174223.73333333334,-0.07102272727272575,0.5430681528982423,0.5,0.08888888888888784,False,False,False,False
2026-08-03 13:56:56.995356,APO,none,124232.0,154548.0,0.1402852466682307,1.5096087346214602,0.5,0.3750000000000222,False,False,False,False
2026-08-03 13:56:57.175737,UAL,none,61204.0,212391.1,-0.07058823529412032,2.2219485086070816,0.5,0.17647058823530395,False,False,False,False
2026-08-03 13:56:57.357914,ASTS,none,303587.0,385335.71428571426,0.9906439185470485,0.574284705665937,0.5,0.6177076183939515,False,True,False,True
2026-08-03 13:56:57.535451,ARWR,none,35712.0,31429.428571428572,0.0,2.956977891425115,0.5,0.0,False,False,False,False
2026-08-03 13:56:57.713522,GTLB,none,70845.0,172235.8,0.11173184357543647,0.28173489980442684,0.5,0.22222222222225732,False,False,False,False
2026-08-03 13:56:57.896111,VSAT,none,173460.0,128169.4,1.3983371126228263,3.082605752093536,0.5,0.6379310344827601,False,False,False,False
2026-08-03 13:56:58.073386,QNT,none,13136.0,54458.57142857143,0.5241482590789988,2.349521306348996,0.5,0.47457627118643986,False,False,False,False
2026-08-03 13:56:58.257089,VSH,none,50888.0,169961.93333333332,0.34592101470165626,4.016863813439388,0.5,0.44444444444445613,False,False,False,False
2026-08-03 13:56:58.436638,TEAM,none,47002.0,83984.28571428571,-0.41042283096305493,0.9717347706588174,0.5,0.6935483870967571,False,False,False,True
2026-08-03 13:56:58.615773,REZI,none,14935.0,53743.8,0.5340078695896707,1.4616272673193522,0.5,0.7600000000000193,False,False,False,True
2026-08-03 13:56:58.802277,LEN,none,58342.0,87362.8,-0.023713540431598568,1.0102942918090816,0.5,0.09090909090913789,False,False,False,False
2026-08-03 13:56:58.981741,BROS,none,34186.0,95368.6,0.27079885662706005,1.7820982144649,0.5,0.5142857142857212,False,False,False,False
2026-08-03 13:56:59.159109,ALK,none,27880.0,98320.91666666667,-0.18192844147967718,2.3706300248155996,0.5,0.5294117647058553,False,False,False,False
2026-08-03 13:56:59.341768,AOSL,none,7679.0,11245.8,0.7599746675110893,3.3244298684496707,0.5,0.8000000000000047,False,False,False,True
2026-08-03 13:56:59.522741,CSCO,none,352430.0,645834.3333333334,0.13045747086449075,1.1225731644869092,0.5,0.29411764705881205,True,False,False,False
2026-08-03 13:56:59.703681,DHI,none,29677.0,69225.06666666667,0.062094659859254456,0.7045316341841233,0.5,0.28125000000001665,False,False,False,False
2026-08-03 13:56:59.878602,A,none,47419.0,43651.71428571428,0.08640552995392033,0.41316576044051034,0.5,0.23529411764707195,False,False,False,False
2026-08-03 13:57:00.058564,MRNA,none,177115.0,271384.25,-0.6573103570794057,1.3109166146408195,0.5,0.787234042553188,False,False,False,True
2026-08-03 13:57:00.241811,AFRM,none,93847.0,108241.2,0.47593865679534564,0.3623716290989036,0.5,0.7826086956521592,False,True,False,True
2026-08-03 13:57:00.428007,MWH,none,36220.0,43494.28571428572,0.1725923369002441,3.831305962014808,0.5,0.21739130434782877,False,False,False,False
2026-08-03 13:57:00.607330,CEVA,none,14019.0,14974.142857142857,0.8421052631578981,0.7150974543299158,0.5,0.90322580645161,False,True,False,True
2026-08-03 13:57:00.793581,RIOT,none,1224872.0,900249.1666666666,0.47666666666667235,0.8285742316898645,0.5,0.21297872340425836,False,False,False,False
2026-08-03 13:57:00.979959,CVNA,none,274142.0,560729.0,0.29530618588746926,0.3892290480060728,0.5,0.3725490196078453,False,False,False,False
2026-08-03 13:57:01.175760,IREN,none,1475174.0,2404320.8,1.014198782961475,0.6341501429525163,0.5,0.4255319148936241,False,True,False,False
2026-08-03 13:57:01.360604,HPE,none,327487.0,867318.7,0.508336722244815,1.8178263944497386,0.5,0.6578947368421131,False,False,False,True
2026-08-03 13:57:01.540300,DAL,none,92994.0,232827.5,-0.2639973600263941,1.777072264419117,0.5,1.0,False,False,False,True
2026-08-03 13:57:01.722282,RBLX,none,999207.0,1836424.1666666667,0.8792965627497956,2.058607004832427,0.5,0.6226415094339577,False,False,False,False
2026-08-03 13:57:02.032660,IVZ,none,81433.0,186167.9,-0.03305785123967459,1.2521755615260002,0.5,0.0909090909091056,False,False,False,False
2026-08-03 13:57:02.221573,JOBY,none,1380154.0,2014440.0666666667,0.6784260515603775,3.206743777115352,0.5,0.714285714285718,False,False,False,True
2026-08-03 14:27:03.346091,AMAT,none,158647.0,275975.0833333333,0.8109684947491168,0.821871442695309,0.5,0.7958015267175481,False,False,False,True
2026-08-03 14:27:03.528389,LITE,none,162620.0,205157.2,1.7130341824629236,3.3459042758333597,0.5,0.9612289685442676,False,False,False,True
2026-08-03 14:27:03.712423,ALAB,none,83052.0,157753.2,1.7178180914512837,4.000076228351254,0.5,0.7922636103151802,True,False,False,True
2026-08-03 14:27:03.902058,STX,none,192368.0,303132.5333333333,0.9214525288483676,3.5485419360153205,0.5,0.9870298313878052,True,False,False,True
2026-08-03 14:27:04.169353,CIEN,none,19711.0,52545.666666666664,0.7198156443385799,0.4219709781310218,0.5,0.8011527377521636,False,True,False,True
2026-08-03 14:27:04.352845,AMD,none,957485.0,973560.2,1.3213213213213204,1.3372025094791835,0.5,0.9550898203592879,False,False,False,True
2026-08-03 14:27:04.543079,MPWR,none,21928.0,68968.06666666667,0.8509028323862392,4.134654298871068,0.5,0.6876498800959223,False,False,False,False
2026-08-03 14:27:04.865334,SIMO,none,58116.0,59509.083333333336,0.21521364845829213,4.324412950633882,0.5,0.09031198686371282,False,False,False,False
2026-08-03 14:27:05.047194,BE,none,342483.0,968863.4,0.683831291018408,3.645758360047224,0.5,0.8010752688172156,False,False,False,True
2026-08-03 14:27:05.334153,ISRG,none,95295.0,152304.0,-0.3018484880863328,2.5534351583054806,0.5,0.8692307692307961,False,False,False,True
2026-08-03 14:27:05.788501,CRDO,none,106029.0,246650.41666666666,1.2511045997860555,3.190088775084675,0.5,0.8566878980891672,False,False,False,True
2026-08-03 14:27:05.968488,ENTG,none,47839.0,52447.57142857143,0.55127685447913,1.4080088320033606,0.5,0.5964912280701885,False,False,False,False
2026-08-03 14:27:06.243186,MXL,none,45165.0,144507.91666666666,0.6335641667894395,3.056032537300218,0.5,0.7543859649122767,False,False,False,True
2026-08-03 14:27:06.430420,NBIS,none,679077.0,1069667.2666666666,0.8629742934112665,4.1771027664476605,0.5,0.8146551724138019,False,False,False,True
2026-08-03 14:27:06.807098,KLAC,none,308768.0,593362.3333333334,0.7128536422365789,3.440462061815662,0.5,0.8767123287671192,False,False,False,True
2026-08-03 14:27:06.988323,AMKR,none,94524.0,232072.9,1.0949631694206734,4.372315149997379,0.5,0.8730158730158861,False,False,False,True
2026-08-03 14:27:07.175609,DELL,none,138672.0,163179.13333333333,1.0662190595522332,2.2556870406183256,0.5,0.8966202783300229,False,False,False,True
2026-08-03 14:27:07.363174,AEHR,none,70146.0,91019.0,0.9400179051029581,6.479253479808406,0.5,0.7058230400806678,False,False,False,True
2026-08-03 14:27:07.691080,MRVL,none,471970.0,905041.5,1.1089026048749893,0.675038521776907,0.5,0.8724279835390941,False,True,False,True
2026-08-03 14:27:07.877972,HOOD,none,495006.0,626462.5714285715,0.6657934948701151,0.22471624481682193,0.5,0.8591549295774543,False,True,False,True
2026-08-03 14:27:08.062294,RCL,none,50467.0,91541.93333333333,0.23188943511733606,1.2222674054709226,0.5,0.7894736842105358,False,False,False,True
2026-08-03 14:27:08.254700,ARM,none,132135.0,248398.4,0.9829454759304391,2.8998979138957264,0.5,0.9034749034749036,False,False,False,True
2026-08-03 14:27:08.432702,NXT,none,90500.0,188307.6,1.4032010524007905,1.7593759188566853,0.5,0.962406015037596,False,False,False,True
2026-08-03 14:27:08.618419,INTC,none,2711157.0,4726538.6,0.8403361344537872,2.712316687234143,0.5,0.737864077669907,False,False,False,True
2026-08-03 14:27:08.803935,APTV,none,216878.0,177087.06666666668,0.4618937644341766,0.5020148032379429,0.5,0.7027027027026886,False,False,False,True
2026-08-03 14:27:08.992838,APO,none,103803.0,156610.46666666667,0.6381819596855733,1.403866033892876,0.5,0.88172043010754,False,False,False,True
2026-08-03 14:27:09.170960,UAL,none,65534.0,184463.0,0.2433090024330918,2.1497754470273316,0.5,0.632653061224501,False,False,False,False
2026-08-03 14:27:09.359973,ASTS,none,332827.0,347510.5714285714,0.451221409677931,0.5649480135098017,0.5,0.5272727272727413,False,False,False,False
2026-08-03 14:27:09.538701,ARWR,none,20464.0,28334.14285714286,0.9063804412641684,2.0321224000956315,0.5,0.9047619047619072,False,False,False,True
2026-08-03 14:27:09.724515,GTLB,none,49587.0,171373.53333333333,-0.6141820212171939,0.24555828294556387,0.5,0.8461538461538483,False,False,True,True
2026-08-03 14:27:09.912349,VSAT,none,127288.0,132498.0,0.47117172969621257,3.344006671805163,0.5,0.4578313253012003,False,False,False,False
2026-08-03 14:27:10.092025,QNT,none,29655.0,45786.42857142857,1.638428598026443,2.1332986714751474,0.5,0.9670329670329659,False,False,False,True
2026-08-03 14:27:10.278137,VSH,none,71238.0,169896.6,1.3210798391728915,3.867022483224425,0.5,0.8214285714285801,False,False,False,True
2026-08-03 14:27:10.463484,TEAM,none,43292.0,77134.57142857143,-0.7376892124928109,0.6329258892667853,0.5,0.8461538461538449,False,False,True,True
2026-08-03 14:27:10.648351,REZI,none,13157.0,53115.53333333333,0.19558535903883847,1.52477485319588,0.5,0.5384615384615595,False,False,False,False
2026-08-03 14:27:10.834850,LEN,none,53008.0,84637.2,0.0,0.8769957543577158,0.5,0.0,False,False,False,False
2026-08-03 14:27:11.016078,BROS,none,29517.0,95788.4,-0.030021014710312564,1.8192139553952613,0.5,0.10000000000004974,False,False,False,False
2026-08-03 14:27:11.291909,ALK,none,37704.0,97554.0,0.22280737289852023,2.3389770933079297,0.5,0.6111111111111089,False,False,False,True
2026-08-03 14:27:11.476938,AOSL,none,7667.0,11463.466666666667,0.565149136577707,3.2506111252078007,0.5,0.7199999999999989,False,False,False,True
2026-08-03 14:27:11.812114,CSCO,none,405511.0,653795.75,0.4690757470465532,1.1713040081878483,0.5,0.8437499999999868,True,False,False,True
2026-08-03 14:27:11.997798,DHI,none,19442.0,67489.6,0.08278716798896485,0.6669916627499628,0.5,0.2926829268292615,False,False,False,False
2026-08-03 14:27:12.179350,A,none,23292.0,41106.0,0.15104653671869953,0.26986827435943656,0.5,0.48837209302326656,False,False,False,False
2026-08-03 14:27:12.451242,MRNA,none,89410.0,263447.4166666667,0.32171581769436947,1.3355027487387428,0.5,0.6666666666666579,False,False,False,False
2026-08-03 14:27:12.639299,AFRM,none,134067.0,113159.53333333334,-0.28947368421052483,0.34949047762968216,0.5,0.7857142857142785,False,False,False,True
2026-08-03 14:27:12.827555,MWH,none,27209.0,40998.142857142855,1.3448275862068986,3.1797270064839407,0.5,0.951219512195123,False,False,False,True
2026-08-03 14:27:13.029811,CEVA,none,12741.0,13520.42857142857,0.9223445403153891,0.4968331868785188,0.5,0.8857142857142886,False,True,False,True
2026-08-03 14:27:13.307366,RIOT,none,960682.0,956834.6666666666,1.064676616915416,0.8188021881629011,0.5,0.6913846153846125,False,True,False,True
2026-08-03 14:27:13.572843,CVNA,none,199309.0,562731.8333333334,-0.23248605083693658,0.37621657952266874,0.5,0.3571428571428354,False,False,False,False
2026-08-03 14:27:13.762659,IREN,none,1401767.0,2359218.1333333333,0.5146228191289024,0.6231462068216044,0.5,0.49999999999999134,False,False,False,False
2026-08-03 14:27:13.945251,HPE,none,1088583.0,807022.0,1.395631067961175,1.9310706943797664,0.5,0.8846153846153895,False,False,False,True
2026-08-03 14:27:14.266948,DAL,none,111477.0,235931.66666666666,0.20955111944413557,1.7735926946244214,0.5,0.6785714285714177,False,False,False,True
2026-08-03 14:27:14.538866,RBLX,none,663248.0,1657625.0,-0.4751847940865884,2.0025822594113722,0.5,0.48648648648647974,False,False,False,False
2026-08-03 14:27:14.721679,IVZ,none,82598.0,120564.3,0.4958677685950366,1.0864249873323264,0.5,0.7499999999999956,False,False,False,True
2026-08-03 14:27:14.911863,JOBY,none,1163406.0,1881262.1333333333,0.0,3.1984999105888505,0.5,0.0,False,False,False,False
2026-08-03 14:57:15.749184,AMAT,none,200981.0,274978.0,-0.480351872214829,0.8886224805656221,0.5,0.6240601503759408,True,False,False,True
2026-08-03 14:57:15.932456,LITE,none,164486.0,206877.53333333333,-0.07431133888533516,3.6594341584436108,0.5,0.07116564417178436,False,False,False,False
2026-08-03 14:57:16.118865,ALAB,none,168869.0,156851.33333333334,-0.6048017594233057,4.232424704903232,0.5,0.3694029850746293,True,False,False,False
2026-08-03 14:57:16.311093,STX,none,198505.0,291726.6666666667,-0.28232636928289373,3.8142623514908838,0.5,0.2148080438756888,True,False,False,False
2026-08-03 14:57:16.496503,CIEN,none,24900.0,52430.416666666664,-0.13876040703053255,0.4259456608236187,0.5,0.2231404958677808,False,False,False,False
2026-08-03 14:57:16.679984,AMD,none,755817.0,977430.6666666666,-0.8300112439946852,1.4588576879942297,0.5,0.6823529411764723,False,False,False,False
2026-08-03 14:57:16.865983,MPWR,none,29285.0,65948.26666666666,-0.43841581827811715,4.1149310552065455,0.5,0.36077481840193965,False,False,False,False
2026-08-03 14:57:17.046586,SIMO,none,32540.0,61386.0,-0.43344136826896223,3.6776391344513018,0.5,0.29442970822280695,False,False,False,False
2026-08-03 14:57:17.225609,BE,none,482089.0,725365.3,-0.004559755597095848,1.9691703100828275,0.5,0.003322259136209613,False,False,False,False
2026-08-03 14:57:17.420702,ISRG,none,132998.0,158655.75,0.2250743549208306,2.6482122553122207,0.5,0.8076923076923666,False,False,False,True
2026-08-03 14:57:17.603002,CRDO,none,170504.0,236758.41666666666,-0.7209110111121284,3.4474456249651575,0.5,0.41207349081364625,False,False,False,False
2026-08-03 14:57:17.783778,ENTG,none,53605.0,51407.42857142857,-0.6526468455402484,0.8233315941112288,0.5,0.5625000000000024,False,False,False,False
2026-08-03 14:57:17.966234,MXL,none,57992.0,143040.91666666666,-0.9222661396574373,3.0856437081599455,0.5,0.5779816513761408,False,False,False,False
2026-08-03 14:57:18.149163,NBIS,none,623822.0,1084387.0,-0.5884749445475456,4.253519271794353,0.5,0.5909090909090862,False,False,False,True
2026-08-03 14:57:18.335185,KLAC,none,308425.0,580988.3333333334,-0.11057665726766022,3.6333337906914096,0.5,0.17699115044249367,False,False,False,False
2026-08-03 14:57:18.520258,AMKR,none,236499.0,206609.6,-0.5707537886242848,3.8454041787593978,0.5,0.5471698113207519,False,False,False,False
2026-08-03 14:57:18.708393,DELL,none,130582.0,168740.73333333334,-0.36943509165731014,2.3602667573762255,0.5,0.4579710144927505,False,False,False,False
2026-08-03 14:57:18.900965,AEHR,none,66862.0,91769.66666666667,-0.1494520092992418,6.575359089587899,0.5,0.10550996483001583,False,False,False,False
2026-08-03 14:57:19.087249,MRVL,none,690431.0,904321.1666666666,-0.4345352025244444,0.7183093785916558,0.5,0.394366197183101,False,False,False,False
2026-08-03 14:57:19.269725,HOOD,none,553645.0,587993.2857142857,-0.44454082185840915,0.24721360179777313,0.5,0.7592592592592905,False,False,True,True
2026-08-03 14:57:19.456409,RCL,none,57363.0,82204.06666666667,-0.08020235671540221,1.293618000891641,0.5,0.22413793103447008,False,False,False,False
2026-08-03 14:57:19.638317,ARM,none,161419.0,244506.86666666667,-0.569954653242919,3.0983333023456257,0.5,0.42812499999999915,False,False,False,False
2026-08-03 14:57:19.819949,NXT,none,86765.0,168995.6,0.010802635843151255,2.1943479650176982,0.5,0.010869565217396845,False,False,False,False
2026-08-03 14:57:19.998766,INTC,none,3009435.0,3617606.6,-0.5481855059752221,3.1041561425630215,0.5,0.49019607843136764,False,False,False,False
2026-08-03 14:57:20.185888,APTV,none,254456.0,182923.86666666667,0.406935598018395,0.5103498844525953,0.5,0.5749999999999942,False,False,False,False
2026-08-03 14:57:20.372898,APO,none,139666.0,162430.2,0.38690706492300553,1.4446299755988645,0.5,0.7575757575757615,False,False,False,True
2026-08-03 14:57:20.560162,UAL,none,64174.0,106379.4,0.2584991383362042,1.212882107589459,0.5,0.5689655172413641,False,False,False,False
2026-08-03 14:57:20.748390,ASTS,none,225212.0,323001.14285714284,-0.7747133560582584,0.554843330020001,0.5,0.6666666666666666,False,False,True,True
2026-08-03 14:57:20.928349,ARWR,none,31761.0,33927.28571428572,0.44943820224720243,1.5730775689577854,0.5,0.666666666666675,False,False,False,True
2026-08-03 14:57:21.111064,GTLB,none,46341.0,170248.06666666668,0.4775280898876452,0.2235653060130057,0.5,0.8947368421052828,False,True,False,True
2026-08-03 14:57:21.289267,VSAT,none,158968.0,137263.93333333332,-2.011600641737622,3.389538634909762,0.5,0.8445595854922227,False,False,False,True
2026-08-03 14:57:21.792855,QNT,none,38252.0,37239.0,-0.5668312305723079,1.8356440279250228,0.5,0.38271604938271236,False,False,False,False
2026-08-03 14:57:21.979879,VSH,none,95865.0,163337.66666666666,-0.3967129498441501,4.1760912285972,0.5,0.4117647058823591,False,False,False,False
2026-08-03 14:57:22.156382,TEAM,none,49841.0,69751.28571428571,0.637557959814539,0.6735624247484826,0.5,0.8461538461538588,False,False,False,True
2026-08-03 14:57:22.341358,REZI,none,31248.0,50751.333333333336,0.5296905492054776,1.505992204556269,0.5,0.7037037037037135,False,False,False,True
2026-08-03 14:57:22.528342,LEN,none,36245.0,84997.6,0.28459622909995835,0.876995754357716,0.5,0.6486486486486268,False,False,False,True
2026-08-03 14:57:22.712734,BROS,none,67806.0,97923.86666666667,-0.40534454286142624,1.7638584135473574,0.5,0.6923076923076811,False,False,False,True
2026-08-03 14:57:22.910602,ALK,none,38055.0,95181.83333333333,0.16158351848112584,2.3655215046013316,0.5,0.3076923076923224,False,False,False,False
2026-08-03 14:57:23.091241,AOSL,none,7558.0,11453.933333333332,-1.1852776044915863,3.3610254574468224,0.5,0.6551724137931098,False,False,False,True
2026-08-03 14:57:23.282052,CSCO,none,423106.0,635969.5,0.25938094414663426,1.2415715179143039,0.5,0.6976744186046335,True,False,False,True
2026-08-03 14:57:23.468232,DHI,none,27886.0,68132.6,0.26194251051216344,0.6780352346719158,0.5,0.7599999999999909,False,False,False,True
2026-08-03 14:57:23.653474,A,none,34230.0,34657.57142857143,0.18660733510370406,0.3021918883160301,0.5,0.4999999999999727,False,False,False,False
2026-08-03 14:57:23.958291,MRNA,none,86772.0,251145.08333333334,-0.4457917261055635,1.2814364577090414,0.5,0.5681818181818119,False,False,False,False
2026-08-03 14:57:24.166247,AFRM,none,103278.0,116579.8,0.38273723109410884,0.3584914754645261,0.5,0.7250000000000311,False,True,False,True
2026-08-03 14:57:24.347636,MWH,none,67419.0,41699.857142857145,-0.7485539299081281,2.8270176468780277,0.5,0.8461538461538483,False,False,False,True
2026-08-03 14:57:24.527506,CEVA,none,34543.0,15633.857142857143,-1.8845700824499427,0.3872872254797908,0.5,0.7804878048780493,False,False,True,True
2026-08-03 14:57:24.713569,RIOT,none,684599.0,949963.6666666666,0.16412661195779668,0.8575292491827536,0.5,0.1,False,False,False,False
2026-08-03 14:57:25.031565,CVNA,none,421384.0,551406.3333333334,0.9474992233612916,0.3553416945442037,0.5,0.6777777777777836,False,True,False,False
2026-08-03 14:57:25.213567,IREN,none,1388521.0,2213971.933333333,-0.8241758241758199,0.5712235117823325,0.5,0.6534653465346468,False,False,True,True
2026-08-03 14:57:25.448111,HPE,none,763386.0,704670.9,-0.1795690343176303,2.321162464788861,0.5,0.3214285714285569,False,False,False,False
2026-08-03 14:57:25.655382,DAL,none,115401.0,231084.91666666666,0.24215740231150124,1.734364264653416,0.5,0.5365853658536602,False,False,False,True
2026-08-03 14:57:25.840710,RBLX,none,961427.0,1565000.4166666667,0.18567639257294505,1.868327157466295,0.5,0.3043478260869525,False,False,False,False
2026-08-03 14:57:26.042270,IVZ,none,235732.0,119364.8,-0.03289473684209872,0.9816777261368642,0.5,0.05555555555554459,False,False,False,False
2026-08-03 14:57:26.218372,JOBY,none,2560898.0,1754380.5333333334,-0.13477088948786775,3.1123115891064095,0.5,0.14285714285713924,False,False,False,False
2026-08-03 15:27:27.137314,AMAT,none,205281.0,243503.5,-0.30239004438929723,0.7903010545645428,0.5,0.5512367491166027,True,False,False,True
2026-08-03 15:27:27.325193,LITE,none,113401.0,203797.33333333334,-0.25129493820196375,3.6700155702764095,0.5,0.3048211508553681,False,False,False,True
2026-08-03 15:27:27.507908,ALAB,none,107542.0,155685.6,-0.2489167511754409,4.337011638696374,0.5,0.2207084468664881,True,False,False,False
2026-08-03 15:27:27.711416,STX,none,177988.0,291607.06666666665,-0.7168242876935043,3.71219874311719,0.5,0.582191780821916,True,False,False,False
2026-08-03 15:27:27.898264,CIEN,none,56905.0,43026.416666666664,0.15942401645667384,0.3910602863780808,0.5,0.2339622641509421,True,False,False,False
2026-08-03 15:27:28.084111,AMD,none,648582.0,982786.2,-0.20199105468186784,1.5091167187956187,0.5,0.3983739837398389,False,False,False,False
2026-08-03 15:27:28.278605,MPWR,none,18486.0,64728.066666666666,0.01181579180575443,4.20754990334509,0.5,0.02067183462533355,False,False,False,False
2026-08-03 15:27:28.466005,SIMO,none,39948.0,51940.5,-0.8554387066394628,3.1080561789521073,0.5,0.4855233853006687,False,False,False,False
2026-08-03 15:27:28.731647,BE,none,357395.0,561579.7,-0.5929304446978387,0.9691337783938673,0.5,0.4153354632587864,False,False,False,False
2026-08-03 15:27:28.914374,ISRG,none,122773.0,144330.83333333334,-0.33412632648151613,2.6478797009486965,0.5,0.7396449704142022,False,False,False,True
2026-08-03 15:27:29.101986,CRDO,none,78028.0,192576.5,-0.023106428208319676,3.0911064605210474,0.5,0.030120481927700633,False,False,False,False
2026-08-03 15:27:29.291523,ENTG,none,98857.0,59543.71428571428,0.27554907204798074,0.6731618915953812,0.5,0.34693877551020613,True,False,False,False
2026-08-03 15:27:29.477632,MXL,none,75495.0,124404.25,-0.4877327815548305,3.0042965816909595,0.5,0.4583333333333317,False,False,False,False
2026-08-03 15:27:29.663908,NBIS,none,744640.0,1111119.3333333333,-1.7075725149127998,4.325167702111504,0.5,0.8029978586723742,False,False,False,True
2026-08-03 15:27:29.859467,KLAC,none,331418.0,458736.9166666667,-0.2656777550229644,2.9999993858419653,0.5,0.5581395348837002,False,False,False,False
2026-08-03 15:27:30.139396,AMKR,none,237982.0,194044.6,-0.41575925559295357,3.325524179118481,0.5,0.4666666666666656,False,False,False,False
2026-08-03 15:27:30.324812,DELL,none,180112.0,170009.26666666666,0.6449192092117915,2.342628203289844,0.5,0.6610576923076883,False,False,False,False
2026-08-03 15:27:30.516421,AEHR,none,35841.0,93495.46666666666,-0.6374369491713351,6.453209319035452,0.5,0.5349334821843921,False,False,False,True
2026-08-03 15:27:30.709871,MRVL,none,411134.0,776091.1666666666,-0.0623473788122848,0.6099535713397819,0.5,0.09523809523809738,False,False,False,False
2026-08-03 15:27:30.893788,HOOD,none,489961.0,546464.4285714285,-0.11978656212566638,0.18540246370466856,0.5,0.28205128205128016,False,False,False,False
2026-08-03 15:27:31.129317,RCL,none,51539.0,83792.06666666667,0.17280750478306556,1.3125244344875067,0.5,0.42424242424242814,False,False,False,False
2026-08-03 15:27:31.317543,ARM,none,76416.0,244021.66666666666,-0.51787504176412,3.25232858491881,0.5,0.7948717948717996,False,False,False,True
2026-08-03 15:27:31.596165,NXT,none,110570.0,152605.6,-1.3068365914245685,1.5318556940174428,0.5,0.806666666666672,False,False,False,True
2026-08-03 15:27:31.927423,INTC,none,2431145.0,3223457.2,-0.27560357182229084,2.709920848427845,0.5,0.4629629629629576,False,False,False,False
2026-08-03 15:27:32.114797,APTV,none,147837.0,181210.33333333334,0.12330456226880444,0.5491611115080266,0.5,0.25,False,False,False,False
2026-08-03 15:27:32.320401,APO,none,111596.0,163954.0,-0.12336160370084549,1.489224607261923,0.5,0.36363636363635776,False,False,False,False
2026-08-03 15:27:32.584998,UAL,none,53698.0,87824.9,0.11721497225912768,0.9633518931611883,0.5,0.3750000000000222,False,False,False,False
2026-08-03 15:27:32.769743,ASTS,none,222450.0,293045.5714285714,-0.811992504684577,0.40663577091405995,0.5,0.5868412143099015,False,False,True,True
2026-08-03 15:27:32.956113,ARWR,none,85882.0,35727.42857142857,-0.12952605239917508,1.7438152914824872,0.5,0.20754716981131924,False,False,False,False
2026-08-03 15:27:33.143288,GTLB,none,103669.0,172575.33333333334,0.0,0.23742939600587046,0.5,0.0,False,False,False,False
2026-08-03 15:27:33.332561,VSAT,none,52411.0,140374.0,-0.34000755572345553,3.7035791278729615,0.5,0.2903225806451593,False,False,False,False
2026-08-03 15:27:33.513672,QNT,none,71956.0,47816.0,1.6550202280250066,1.585954315984973,0.5,0.6293706293706285,False,True,False,False
2026-08-03 15:27:33.702381,VSH,none,79770.0,162560.66666666666,-0.31285551763367303,4.18949673324034,0.5,0.5789473684210565,False,False,False,False
2026-08-03 15:27:33.884204,TEAM,none,61212.0,52288.0,0.0960707080411128,0.6824501928916258,0.5,0.18181818181817241,False,False,False,False
2026-08-03 15:27:34.103939,REZI,none,20580.0,48486.933333333334,-0.16638935108153707,1.4391154742782686,0.5,0.5,False,False,False,False
2026-08-03 15:27:34.296493,LEN,none,86217.0,85840.26666666666,0.02364625206904235,0.9242365025538491,0.5,0.057142857142846705,False,False,False,False
2026-08-03 15:27:34.481763,BROS,none,104232.0,102481.33333333333,-0.4673601688527096,1.8194872272882334,0.5,0.4920634920634992,False,False,False,False
2026-08-03 15:27:34.666566,ALK,none,44095.0,77213.16666666667,0.2823149828594343,2.33376623228503,0.5,0.6666666666666554,False,False,False,True
2026-08-03 15:27:34.851932,AOSL,none,6087.0,11690.0,-0.5676442762535469,3.5883364744794544,0.5,0.7199999999999989,False,False,False,True
2026-08-03 15:27:35.042098,CSCO,none,416001.0,542478.1666666666,0.14660227664712117,1.269605430592748,0.5,0.4857142857142985,True,False,False,False
2026-08-03 15:27:35.237155,DHI,none,53404.0,69541.0,0.103121132957518,0.7129332818873027,0.5,0.22727272727273706,False,False,False,False
2026-08-03 15:27:35.432848,A,none,40521.0,33206.71428571428,0.22920994198122852,0.33785451544710376,0.5,0.5925925925925887,False,False,False,True
2026-08-03 15:27:35.617167,MRNA,none,155519.0,203424.08333333334,-0.26833631484794024,1.0766390717161067,0.5,0.27272727272727154,False,False,False,False
2026-08-03 15:27:35.805373,AFRM,none,144292.0,121548.33333333333,0.1840410148547398,0.35294676851590745,0.5,0.2916666666666654,False,False,False,False
2026-08-03 15:27:36.006774,MWH,none,117872.0,47846.857142857145,-0.7201646090535009,2.903524021045086,0.5,0.5833333333333308,False,False,False,True
2026-08-03 15:27:36.192053,CEVA,none,17437.0,17443.714285714286,0.14979029358896692,0.4787451430912596,0.5,0.172413793103439,False,False,False,False
2026-08-03 15:27:36.382507,RIOT,none,310204.0,792189.3333333334,-0.046838407494152516,0.7590430482578495,0.5,0.07692307692308743,False,False,False,False
2026-08-03 15:27:36.572222,CVNA,none,248785.0,433389.75,0.13846153846154372,0.3696201106686774,0.5,0.20930232558139997,False,False,False,False
2026-08-03 15:27:36.821557,IREN,none,938558.0,2140234.6,-0.3525560312263928,0.5687504154275838,0.5,0.3783783783783753,False,False,False,False
2026-08-03 15:27:37.152788,HPE,none,616659.0,632030.6,0.0599760095961496,1.9693830511710166,0.5,0.10714285714283539,False,False,False,False
2026-08-03 15:27:37.353863,DAL,none,157037.0,203174.75,0.28543199033921496,1.8266537062549015,0.5,0.6666666666666424,False,False,False,True
2026-08-03 15:27:37.540280,RBLX,none,1118220.0,1231311.8333333333,-0.5559968228753001,1.7183345652692323,0.5,0.6,True,False,False,False
2026-08-03 15:27:37.920404,IVZ,none,163278.0,116641.7,0.6252056597564913,0.7057445358751151,0.5,0.949999999999992,False,False,False,True
2026-08-03 15:27:38.104900,JOBY,none,1436418.0,1697354.0666666667,0.0,3.067711776727204,0.5,0.0,False,False,False,False
