timestamp,symbol,signal,volume,mean_volume,current_pct,price_threshold,body_ratio,green_volume,green_price,red_price,green_body,price_threshold_long,price_threshold_short,green_volume_long,green_volume_short,green_body_long,green_body_short
2026-09-18 01:32:21.209488,ELVN,none,60989.0,30646.333333333332,0.2201320792475474,,0.6111111111111089,,False,False,,0.4387283843176617,0.5118497817039386,False,True,True,False
2026-09-18 01:32:21.394848,HPQ,none,387378.0,300513.3333333333,0.23128071697021765,,0.533333333333327,,False,False,,0.4642222653350847,0.5415926428909322,False,True,False,True
2026-09-18 01:32:21.570677,PYPL,SELL,197717.0,85330.2,-0.24472891566264204,,0.8666666666666035,,False,True,,0.17106262149739404,0.17106262149739404,True,True,True,True
2026-09-18 01:32:21.744103,CSCO,none,257514.0,194386.33333333334,-0.11795662825514514,,0.5416666666666593,,False,True,,0.13300688929127416,0.0798041335747645,True,False,False,True
2026-09-18 01:32:21.936255,PATH,none,1282284.0,1169225.4,-0.5730659025787971,,0.6666666666666617,,False,True,,0.18884160566623256,0.5507880165265117,False,False,False,True
2026-09-18 01:32:22.134858,DIS,none,196757.0,125336.75,0.037860861334587825,,0.26666666666662875,,False,False,,0.2686206077544312,0.32234472930531743,True,True,False,False
2026-09-18 01:32:22.332072,LUV,none,147718.0,68111.6,0.14869888475835233,,0.46153846153841527,,False,False,,0.5542935151221752,0.07918478787459646,True,True,True,False
2026-09-18 01:32:22.523060,UAA,none,287535.0,211599.0,-0.2024291497975845,,0.3333333333333531,,False,False,,0.242020227708863,0.242020227708863,False,True,True,False
2026-09-18 01:32:22.715889,XP,none,324754.0,79015.0,0.09852216748768262,,0.22222222222221782,,False,False,,0.22829724702343152,0.1426857793896447,True,True,False,False
2026-09-18 01:32:22.915026,JD,none,165063.0,84575.875,-0.11252813203301251,,0.7499999999999778,,False,False,,0.15433156119265035,0.25721926865441724,False,True,True,True
2026-09-18 01:32:23.094118,ABNB,none,30158.0,31379.0,-0.09049773755656451,,0.3191489361702256,,False,False,,0.15571033329857598,0.09342619997914559,False,False,True,True
2026-09-18 01:32:23.281633,FRSH,none,205674.0,115129.2,0.15748031496064055,,0.3333333333333531,,False,False,,0.25973176905442885,0.13852361016236206,False,False,True,False
2026-09-18 01:32:23.472679,TMO,none,142509.0,56590.375,0.13055028462998308,,0.27044025157232593,,True,False,,0.11321561829806603,0.21227928430887383,True,True,False,False
2026-09-18 01:32:23.666255,HALO,none,48342.0,15846.0,0.3114694027116191,,0.8947368421052828,,False,False,,0.3182617989126402,0.2121745326084268,True,True,True,True
2026-09-18 01:32:23.845201,ISRG,none,42295.0,31131.6,-0.15027853348878978,,0.8285714285714193,,False,False,,0.09589056170752147,0.2397264042688037,False,True,True,True
2026-09-18 01:32:24.039590,AA,none,65086.0,35937.0,-0.23334747560458088,,0.8461538461538713,,False,False,,0.08486325924395721,0.37127675919231273,False,True,True,True
2026-09-18 01:32:24.233997,ASTS,none,189240.0,76869.875,-0.8534850640113897,,0.9391304347826149,,False,False,,0.6929712880497373,0.9701598032696321,True,True,True,True
2026-09-18 01:32:24.422172,NXT,none,38431.0,33445.0,0.34851580338902327,,0.8787878787879023,,False,False,,0.7671155576689211,0.17534069889575343,False,False,True,True
2026-09-18 01:32:24.600371,STX,none,39867.0,49561.666666666664,0.31239456683369365,,0.6702412868632676,,True,False,,0.10769828032325897,0.5384914016162948,False,False,False,False
2026-09-18 09:35:49.355451,ELVN,none,115705.0,46479.666666666664,0.3396603396603431,,0.5151515151515119,,True,False,,0.28014808565011073,0.3268394332584625,False,True,True,False
2026-09-18 09:35:49.542629,HPQ,none,1549235.0,356765.6666666667,-0.05768676088838513,,0.07692307692308743,,False,False,,0.6374478299105388,0.7436891348956287,True,True,False,False
2026-09-18 09:35:49.733907,PYPL,none,478396.0,117524.4,-0.15094339622641187,,0.6666666666666272,,False,False,,0.3423728624612435,0.3423728624612435,True,True,True,False
2026-09-18 09:35:49.931800,CSCO,none,1089278.0,193881.33333333334,0.09082652134424027,,0.4166666666666864,,False,False,,0.2055961324188468,0.12335767945130807,True,True,False,False
2026-09-18 09:35:50.117321,PATH,none,2974052.0,1130775.6,-0.8645533141210446,,0.8571428571428608,,False,False,,0.3263774222851438,0.9519341483316696,True,True,True,True
2026-09-18 09:35:50.316569,DIS,SELL,561354.0,143121.375,-0.33115715772541804,,0.945945945945919,,False,True,,0.2657268418399716,0.31887221020796586,True,True,True,True
2026-09-18 09:35:50.500590,LUV,none,668015.0,84340.4,-0.197970799307098,,0.42105263157894346,,False,True,,0.43285609256951046,0.061836584652787206,True,True,True,False
2026-09-18 09:35:50.685903,UAA,BUY,1040827.0,236314.6,0.8113590263691691,,0.7999999999999894,,True,False,,0.2825060576683799,0.2825060576683799,True,True,True,True
2026-09-18 09:35:50.873529,XP,SELL,618132.0,136880.8,-0.6394490900147517,,0.6842105263157796,,False,True,,0.2125337002254023,0.13283356264087642,True,True,True,True
2026-09-18 09:35:51.125320,JD,none,678086.0,99683.125,0.03753753753753007,,0.19999999999995738,,False,False,,0.15441040657664212,0.25735067762773683,True,True,False,False
2026-09-18 09:35:51.313599,ABNB,none,182783.0,34464.2,0.18718676408427862,,0.4920634920634541,,False,False,,0.19553457742470137,0.11732074645482084,True,True,True,True
2026-09-18 09:35:51.505632,FRSH,none,431219.0,137581.8,-0.07855459544383178,,0.12499999999999722,,False,False,,0.30697586354262096,0.16372046055606454,True,True,False,False
2026-09-18 09:35:51.691329,TMO,none,322673.0,67532.125,-0.14403541755108434,,0.4260089686098314,,False,False,,0.12189678735801956,0.22855647629628667,True,True,True,True
2026-09-18 09:35:51.867954,HALO,none,141430.0,24189.6,0.18261504747991494,,0.3773584905660423,,False,False,,0.39756802677722763,0.2650453511848184,True,True,False,False
2026-09-18 09:35:52.053421,ISRG,SELL,152104.0,33192.2,-0.4670835820120952,,0.8530805687203791,,False,True,,0.1238596132798309,0.30964903319957726,True,True,True,True
2026-09-18 09:35:52.237436,AA,none,194244.0,45939.666666666664,-0.12752391073325223,,0.5454545454545043,,False,False,,0.12446641781451116,0.5445405779384863,True,True,True,False
2026-09-18 09:35:52.415940,ASTS,none,433335.0,93915.625,-0.015943877551017237,,0.03225806451612238,,False,False,,0.8193852760353398,1.1471393864494757,True,True,False,False
2026-09-18 09:35:52.596670,NXT,none,231718.0,38777.6,-0.05993048064246837,,0.08196721311477281,,False,False,,0.8503126891818172,0.1943571860987011,True,True,False,False
2026-09-18 09:35:52.781818,STX,none,100974.0,42153.333333333336,0.0,,0.0,,False,False,,0.1249767232103212,0.624883616051606,True,True,False,False
2026-09-18 09:45:53.051622,ELVN,none,37895.0,70372.0,0.03981684252439404,,0.01754385964912565,,False,False,,0.5797924189078865,0.6764244887258675,False,False,False,False
2026-09-18 09:45:53.239269,HPQ,SELL,961938.0,776055.6666666666,-1.583189407023616,,0.5729166666666706,,False,True,,0.6370962855174497,0.7432789997703579,False,True,False,True
2026-09-18 09:45:55.515674,PYPL,none,1278895.0,180812.2,-0.4938271604938234,,0.42622950819671845,,False,True,,0.3822931947408381,0.3822931947408381,True,True,False,False
2026-09-18 09:45:55.763802,CSCO,none,4563102.0,505690.0,0.11780697779792448,,0.27083333333335124,,False,False,,0.20566205622313358,0.12339723373388015,True,True,False,False
2026-09-18 09:45:55.943856,PATH,none,1151418.0,1619428.2,-2.9560201874549272,,0.788461538461536,,False,True,,0.5166905469512171,1.5070140952743831,False,False,True,True
2026-09-18 09:45:56.119426,DIS,SELL,1546392.0,197201.875,-1.4850071394574034,,0.9454545454545518,,False,True,,0.29849876383093454,0.3581985165971215,True,True,True,True
2026-09-18 09:45:56.299918,LUV,BUY,512934.0,204237.4,0.5924463095532017,,0.3934426229508233,,True,False,,0.5195581817287581,0.07422259738982259,True,True,True,False
2026-09-18 09:45:56.481987,UAA,none,336096.0,429050.2,0.20202020202019771,,0.16666666666666174,,False,False,,0.36445657780164964,0.36445657780164964,False,False,False,False
2026-09-18 09:45:56.670807,XP,none,167901.0,247086.2,-0.44798407167745075,,0.4499999999999929,,False,True,,0.27551418786276693,0.17219636741422933,False,False,False,True
2026-09-18 09:45:56.852391,JD,none,246662.0,163713.75,0.2614867388868147,,0.4117647058823591,,True,False,,0.14040492382115713,0.23400820636859523,False,True,False,False
2026-09-18 09:45:57.039805,ABNB,none,56254.0,63932.8,-0.30737704918032244,,0.3128834355828174,,False,True,,0.2607991661846978,0.15647949971081868,False,False,True,True
2026-09-18 09:45:57.231929,FRSH,none,230115.0,215065.2,-2.274509803921562,,0.8529411764705861,,False,True,,0.2833353184936316,0.15111216986327017,False,False,True,True
2026-09-18 09:45:57.430271,TMO,none,296632.0,102611.0,-0.09290141788885543,,0.10535405872193739,,False,False,,0.10946885488943231,0.20525410291768556,True,True,False,False
2026-09-18 09:45:57.622127,HALO,BUY,419122.0,51326.6,1.329085116067372,,0.7373737373737399,,True,False,,0.4436391041923712,0.2957594027949141,True,True,True,True
2026-09-18 09:45:57.804029,ISRG,BUY,589900.0,56650.4,2.6771901303196315,,0.7995301487862136,,True,False,,0.19857552487996802,0.4964388121999201,True,True,True,True
2026-09-18 09:45:58.004449,AA,none,310866.0,101073.0,-0.5111821086262023,,0.32000000000000267,,False,True,,0.11318870712120435,0.49520059365526903,True,True,False,False
2026-09-18 09:45:58.198921,ASTS,SELL,566800.0,141503.25,-4.430128052175301,,0.945638518216699,,False,True,,0.7366146132644156,1.0312604585701817,True,True,True,True
2026-09-18 09:45:58.413922,NXT,SELL,174623.0,75924.2,-0.706840781118969,,0.40972222222222526,,False,True,,0.6727753618592301,0.15377722556782403,True,True,False,True
2026-09-18 09:45:58.602715,STX,none,364982.0,60566.666666666664,1.9197486160380004,,0.6255999999999995,,True,False,,0.10681608295381773,0.5340804147690886,True,True,False,False
2026-09-18 09:55:58.862678,ELVN,none,3794.0,71529.66666666667,-1.0832497492477415,,0.7012987012987039,,False,True,,0.5996092614322844,0.6995441383376652,False,False,True,True
2026-09-18 09:55:59.048871,HPQ,none,205621.0,966183.6666666666,-0.380228136882116,,0.5416666666666432,,False,False,,1.872156884882219,2.184183032362589,False,False,False,True
2026-09-18 09:55:59.230262,PYPL,none,202373.0,426002.8,0.7254677357770054,,0.844444444444429,,False,False,,0.7279722070865146,0.7279722070865146,False,False,True,True
2026-09-18 09:55:59.408294,CSCO,none,199751.0,1969964.6666666667,-0.09051412020275934,,0.28571428571431473,,False,False,,0.21772675159820656,0.13063605095892394,False,False,False,False
2026-09-18 09:55:59.621520,PATH,none,445215.0,1530969.2,0.7429420505200568,,0.5263157894736837,,False,False,,1.140175506553582,3.3255118941146145,False,False,False,True
2026-09-18 09:55:59.797710,DIS,none,199838.0,368758.625,-0.20289855072463164,,0.44680851063828564,,False,False,,0.7359828314580124,0.8831793977496147,False,False,True,False
2026-09-18 09:55:59.982559,LUV,none,62468.0,297911.6,-0.17169487368162933,,0.2258064516129025,,False,True,,0.882354652804143,0.12605066468630616,False,False,False,False
2026-09-18 09:56:00.160726,UAA,none,181130.0,469348.0,0.4024144869215385,,0.6666666666666765,,True,False,,0.32421545691536835,0.32421545691536835,False,False,True,False
2026-09-18 09:56:00.397317,XP,none,88461.0,261378.2,-0.3001500750375124,,0.4285714285714177,,False,True,,0.30795672025317905,0.1924729501582369,False,False,False,True
2026-09-18 09:56:00.612537,JD,none,129250.0,186006.25,0.11177347242921437,,0.33333333333334647,,False,False,,0.1613437997219861,0.2689063328699768,False,False,False,False
2026-09-18 09:56:00.798623,ABNB,none,28275.0,72328.2,0.3020053152935492,,0.49019607843136764,,False,False,,0.4307352670930028,0.2584411602558017,False,False,True,True
2026-09-18 09:56:00.990190,FRSH,none,26555.0,252690.0,0.0,,0.0,,False,False,,0.9421218810369507,0.502465003219707,False,False,False,False
2026-09-18 09:56:01.177202,TMO,none,46829.0,135483.375,0.49997713519198406,,0.5694444444444406,,True,False,,0.10969103228519102,0.20567068553473317,False,False,True,True
2026-09-18 09:56:01.364424,HALO,none,280227.0,130381.4,-0.5571030640668564,,0.45588235294118,,False,False,,0.8500245543865645,0.5666830362577097,True,True,False,False
2026-09-18 09:56:01.551458,ISRG,none,104898.0,168778.6,0.028090604969486874,,0.029972752043600316,,False,False,,0.818705552330763,2.0467638808269077,False,True,False,False
2026-09-18 09:56:01.739680,AA,none,20721.0,190065.33333333334,0.06428112277694693,,0.16666666666667324,,False,False,,0.2325475986570761,1.017395744124708,False,False,False,False
2026-09-18 09:56:01.935699,ASTS,none,519117.0,203952.75,-0.5158069883527492,,0.46268656716418133,,False,False,,2.076400940264213,2.906961316369898,True,True,True,False
2026-09-18 09:56:02.118162,NXT,none,20391.0,101470.8,-0.5295462751233575,,0.5,,False,True,,1.1254915441756275,0.2572552100972863,False,False,False,True
2026-09-18 09:56:02.307855,STX,none,46624.0,168607.66666666666,-1.2953087192574972,,0.8479117415287674,,False,False,,0.372023863811949,1.8601193190597451,False,False,True,True
2026-09-18 10:06:02.649692,ELVN,none,5853.0,52464.666666666664,-0.9988014382740711,,0.746268656716416,,False,False,,1.4627269314324787,1.706514753337892,False,False,True,True
2026-09-18 10:06:02.839309,HPQ,none,231665.0,905598.0,-0.23487962419261713,,0.38095238095240513,,False,False,,2.0211043047941173,2.357955022259804,False,False,False,False
2026-09-18 10:06:03.030350,PYPL,none,150998.0,449745.0,-0.13265112753458458,,0.4117647058823505,,False,False,,1.1436597199115386,1.1436597199115386,False,False,False,False
2026-09-18 10:06:03.225811,CSCO,none,140178.0,1950710.3333333333,-0.4348613879325872,,0.8888888888888831,,False,True,,0.19943174622994939,0.11965904773796962,False,False,True,True
2026-09-18 10:06:03.416410,PATH,none,196540.0,1372297.4,-0.7380073800738112,,0.7692307692307755,,False,False,,1.3013509776933854,3.7956070182723742,False,False,True,True
2026-09-18 10:06:03.596296,DIS,none,202290.0,378975.875,0.17428350116188285,,0.42857142857140923,,False,False,,0.7492186408363504,0.8990623690036204,False,False,True,False
2026-09-18 10:06:03.783681,LUV,none,69929.0,296930.8,-0.294840294840306,,0.6000000000000142,,False,True,,0.9160786137884029,0.13086837339834329,False,False,True,True
2026-09-18 10:06:03.975260,UAA,none,692496.0,453812.8,-0.8032128514056232,,0.5714285714285696,,False,True,,0.36421252434015916,0.36421252434015916,False,True,True,False
2026-09-18 10:06:04.158980,XP,none,114549.0,262715.0,-0.25087807325640094,,0.31250000000000416,,False,True,,0.28518427208219,0.17824017005136875,False,False,False,True
2026-09-18 10:06:04.339436,JD,none,107223.0,194663.25,0.2976190476190545,,0.6153846153846343,,True,False,,0.16827214510661667,0.2804535751776944,False,False,False,False
2026-09-18 10:06:04.572855,ABNB,none,32216.0,63573.0,-0.25872442839950566,,0.6615384615384226,,False,False,,0.5902111341615812,0.35412668049694873,False,False,True,True
2026-09-18 10:06:04.752532,FRSH,none,18625.0,221056.6,0.0,,0.0,,False,False,,0.8241973527350622,0.4395719214586999,False,False,False,False
2026-09-18 10:06:04.934410,TMO,none,112101.0,133207.0,-0.3807068102532976,,0.6182266009852104,,False,True,,0.1559144202763613,0.2923395380181774,False,False,True,True
2026-09-18 10:06:05.115760,HALO,none,75943.0,181979.8,0.09939459654829623,,0.19298245614034737,,False,False,,0.8667909746171925,0.5778606497447949,False,False,False,False
2026-09-18 10:06:05.303915,ISRG,none,85507.0,184148.0,-0.9300186514729519,,0.8367816091954057,,False,False,,0.8204657189857417,2.0511642974643545,False,False,True,True
2026-09-18 10:06:05.488025,AA,none,18656.0,175277.0,-0.3425390708627782,,0.5333333333333508,,False,False,,0.1874632379030404,0.8201516658258017,False,False,True,False
2026-09-18 10:06:05.743426,ASTS,none,352400.0,260243.875,-0.8698561391769875,,0.7536231884057963,,False,False,,2.0390334563347596,2.854646838868663,True,True,True,True
2026-09-18 10:06:05.922513,NXT,none,21717.0,101018.6,-0.8701957940536608,,0.7500000000000037,,False,True,,1.302571243159281,0.29773056986497853,False,False,True,True
2026-09-18 10:06:06.211992,STX,none,60045.0,170860.0,0.9441903019213186,,0.6537162162162152,,True,False,,0.5358428892159163,2.6792144460795813,False,False,False,False
2026-09-18 10:16:06.489939,ELVN,none,14414.0,15847.333333333334,0.8665860540104792,,0.6615384615384625,,False,False,,2.1218680300462065,2.4755127017205742,False,False,True,False
2026-09-18 10:16:06.678745,HPQ,none,226300.0,466408.0,-0.1471453796350711,,0.24999999999998224,,False,False,,2.198297168098349,2.5646800294480743,False,False,False,False
2026-09-18 10:16:06.858496,PYPL,none,135693.0,461675.8,0.1328525336876073,,0.36842105263158487,,False,False,,1.223332834986127,1.223332834986127,False,False,False,False
2026-09-18 10:16:07.052739,CSCO,none,155014.0,1634343.6666666667,-0.6733393994540574,,0.8915662650602385,,False,True,,0.4287883239555141,0.2572729943733084,False,False,True,True
2026-09-18 10:16:07.241595,PATH,none,637828.0,1209901.8,-0.22288261515602625,,0.23076923076923814,,False,False,,1.4099013203396726,4.112212184324045,False,False,False,False
2026-09-18 10:16:07.425615,DIS,none,166524.0,392461.0,-0.33836040216550106,,0.8333333333333446,,False,False,,0.7770789432354762,0.9324947318825714,False,False,True,True
2026-09-18 10:16:07.609643,LUV,none,51162.0,292212.8,0.3697313285679038,,0.7142857142857046,,False,False,,0.983955813498411,0.1405651162140587,False,False,True,True
2026-09-18 10:16:07.795151,UAA,none,659602.0,507616.8,1.0121457489878505,,0.7142857142857089,,True,False,,0.4842871433028225,0.4842871433028225,False,True,True,True
2026-09-18 10:16:07.988781,XP,none,67244.0,262759.4,0.050276520864746155,,0.09999999999998224,,False,False,,0.2779173563958077,0.17369834774737983,False,False,False,False
2026-09-18 10:16:08.172792,JD,none,113327.0,202215.375,0.07418397626112601,,0.25,,False,False,,0.2170637494446872,0.36177291574114534,False,False,False,False
2026-09-18 10:16:08.363864,ABNB,none,21735.0,65937.2,-0.024141469008384358,,0.08333333333331853,,False,False,,0.6874747767085323,0.41248486602511936,False,False,False,False
2026-09-18 10:16:08.552307,FRSH,none,36279.0,182437.6,-0.24115755627009133,,0.3749999999999917,,False,False,,0.7531634142978102,0.40168715429216545,False,False,True,False
2026-09-18 10:16:08.742324,TMO,none,73561.0,142112.875,-0.019791428788916106,,0.05701754385964781,,False,False,,0.15183881289418685,0.2846977741766003,False,False,False,False
2026-09-18 10:16:08.928169,HALO,none,46328.0,193012.8,-0.8942281636708472,,0.6923076923076854,,False,True,,0.8926802016746612,0.5951201344497741,False,False,False,False
2026-09-18 10:16:09.114561,ISRG,none,72056.0,194940.8,0.2757447685805569,,0.4246031746031654,,False,False,,1.020638760543109,2.5515969013577724,False,False,True,True
2026-09-18 10:16:09.322314,AA,none,54726.0,116747.66666666667,-0.49419853889126963,,0.6571428571428589,,False,False,,0.24480061393758065,1.0710026859769153,False,False,True,False
2026-09-18 10:16:09.512179,ASTS,none,417698.0,293737.875,-0.9288971457524139,,0.7473841554559092,,False,False,,2.2171529568982766,3.1040141396575875,True,True,True,True
2026-09-18 10:16:09.704150,NXT,none,38570.0,97376.0,-0.3902914989632799,,0.27826086956521007,,False,False,,1.760520394029235,0.4024046614923966,False,False,False,False
2026-09-18 10:16:09.887948,STX,none,86360.0,157217.0,-0.48501415128570974,,0.38557692307692304,,False,False,,0.6932079395361361,3.4660396976806807,False,False,False,False
2026-09-18 10:26:10.226638,ELVN,none,11233.0,8020.333333333333,0.03996802557954262,,0.06250000000000971,,False,False,,2.9486372415322917,3.4400767817876736,False,False,False,False
2026-09-18 10:26:10.424124,HPQ,none,215719.0,221195.33333333334,-0.4715590922487374,,0.7272727272727155,,False,False,,0.7622531407098042,0.8892953308281049,False,False,True,True
2026-09-18 10:26:10.732913,PYPL,none,281900.0,449271.0,0.01895016107636538,,0.05882352941175241,,False,False,,1.145019367603603,1.145019367603603,False,False,False,False
2026-09-18 10:26:11.075607,CSCO,none,184315.0,164981.0,0.0,,0.0,,False,False,,0.7991432717262693,0.4794859630357616,False,False,False,False
2026-09-18 10:26:11.260315,PATH,none,401930.0,1081010.6,0.14880952380953386,,0.2222222222222376,,False,False,,1.3258573313582078,3.867083883128106,False,False,False,False
2026-09-18 10:26:11.502845,DIS,none,217149.0,395469.5,-0.1357773251866944,,0.38888888888889106,,False,False,,0.8413984111918507,1.009678093430221,False,False,True,False
2026-09-18 10:26:11.754414,LUV,none,77894.0,272901.6,0.2700712005892623,,0.6111111111111484,,False,False,,1.138678524165097,0.16266836059501386,False,False,True,True
2026-09-18 10:26:11.946989,UAA,none,222724.0,582030.2,0.20040080160320214,,0.19999999999999646,,False,False,,0.6462304631408757,0.6462304631408757,False,False,False,False
2026-09-18 10:26:12.145325,XP,none,128030.0,211257.4,-0.20110608345902034,,0.3999999999999858,,False,True,,0.2701980529361379,0.1688737830850862,False,False,False,True
2026-09-18 10:26:12.364511,JD,none,169028.0,212615.0,-0.1852537977028424,,0.45454545454543105,,False,False,,0.21695455340486353,0.36159092234143925,False,False,False,False
2026-09-18 10:26:12.558000,ABNB,none,33462.0,64252.6,-0.13889727640557387,,0.41818181818181255,,False,False,,0.6476610155796241,0.38859660934777446,False,False,True,True
2026-09-18 10:26:12.757581,FRSH,none,27272.0,148558.6,-0.08051529790660054,,0.2,,False,False,,0.7782665866906453,0.41507551290167755,False,False,False,False
2026-09-18 10:26:12.938610,TMO,none,49266.0,146401.375,0.11873772662923178,,0.6554621848739921,,False,False,,0.137887382727607,0.2585388426142631,False,False,True,True
2026-09-18 10:26:13.126251,HALO,none,100664.0,192610.0,0.10015478466721245,,0.1549295774647893,,False,False,,1.1024733556199835,0.7349822370799889,False,False,False,False
2026-09-18 10:26:13.319563,ISRG,none,34178.0,200893.0,0.3854356707865457,,0.6355932203389794,,False,False,,1.0507506569651333,2.6268766424128334,False,False,True,True
2026-09-18 10:26:13.507223,AA,none,16077.0,31367.666666666668,0.021593608291941287,,0.04761904761903795,,False,False,,0.24027166200826527,1.0511885212861605,False,False,False,False
2026-09-18 10:26:13.700414,ASTS,none,410171.0,336246.25,-0.4797021550798274,,0.4887113581104505,,False,False,,2.490223811366331,3.4863133359128633,True,True,True,False
2026-09-18 10:26:13.895889,NXT,none,26549.0,97403.8,-0.4775900073475393,,0.43333333333333124,,False,True,,1.7897633809312152,0.4090887727842778,False,False,False,True
2026-09-18 10:26:14.089206,STX,none,79008.0,64343.0,0.791229626748665,,0.87854251012146,,True,False,,0.45408552874408764,2.270427643720438,False,True,True,True
2026-09-18 10:36:14.373604,ELVN,none,13661.0,10500.0,-0.318788603307425,,0.4102564102564009,,False,False,,1.905355517864093,2.2229147708414416,False,False,True,False
2026-09-18 10:36:14.559844,HPQ,none,136080.0,224561.33333333334,0.44418122594017934,,0.7894736842105283,,False,False,,0.8535840960764256,0.9958481120891632,False,False,True,True
2026-09-18 10:36:14.748034,PYPL,none,205661.0,409971.8,-0.15157256536566557,,0.44444444444443565,,False,False,,1.0526241029985701,1.0526241029985701,False,False,False,False
2026-09-18 10:36:14.939005,CSCO,none,119908.0,159835.66666666666,0.0,,0.0,,False,False,,0.7388005249244297,0.4432803149546578,False,False,False,False
2026-09-18 10:36:15.121118,PATH,none,554514.0,566586.2,-0.37147102526003495,,0.6250000000000083,,False,False,,1.1540788216834452,3.366063229910049,False,False,False,True
2026-09-18 10:36:15.306732,DIS,none,117724.0,404506.875,0.1554001554001659,,0.5925925925926413,,False,False,,0.8808745806539654,1.0570494967847586,False,False,True,False
2026-09-18 10:36:15.494463,LUV,none,69230.0,154877.4,0.34280117531829934,,0.7777777777777427,,False,False,,1.189148805062612,0.1698784007232303,False,False,True,True
2026-09-18 10:36:15.680338,UAA,none,103184.0,418409.6,0.0,,0.0,,False,False,,0.5240388181876824,0.5240388181876824,False,False,False,False
2026-09-18 10:36:15.862857,XP,none,78718.0,113237.0,0.3528225806451627,,0.6999999999999929,,True,False,,0.20006317188722092,0.12503948242951307,False,False,True,True
2026-09-18 10:36:16.048572,JD,none,39246.0,216726.5,0.03711952487007428,,0.2499999999999556,,False,False,,0.24467505012622176,0.40779175021036956,False,False,False,False
2026-09-18 10:36:16.244454,ABNB,none,25864.0,34388.4,-0.02419403617009645,,0.23529411764715716,,False,False,,0.6186873229724013,0.37121239378344073,False,False,False,False
2026-09-18 10:36:16.435745,FRSH,none,13912.0,67769.2,0.08058017727638829,,0.25,,False,False,,0.7788547974294759,0.41538922529572053,False,False,False,False
2026-09-18 10:36:16.626594,TMO,none,38769.0,139247.25,0.09733100144477227,,0.4295302013423464,,False,False,,0.1467219188467493,0.2751035978376549,False,False,True,True
2026-09-18 10:36:16.832478,HALO,BUY,373446.0,184456.8,1.291496134606641,,0.8658536585365861,,True,False,,1.0727876610074105,0.7151917740049403,True,True,True,True
2026-09-18 10:36:17.022234,ISRG,none,29816.0,177307.8,0.45048503928945993,,0.9214659685863981,,False,False,,1.0311551582710015,2.5778878956775033,False,False,True,True
2026-09-18 10:36:17.208464,AA,none,73192.0,29819.666666666668,-0.3239740820734311,,0.6521739130434809,,False,False,,0.22888832481226373,1.0013864210536538,False,True,True,False
2026-09-18 10:36:17.390857,ASTS,none,388022.0,375486.5,0.9592342569959905,,0.7998857306099172,,False,False,,2.588457506482322,3.6238405090752503,True,True,True,True
2026-09-18 10:36:17.572773,NXT,none,31514.0,56370.0,-0.41841004184100833,,0.507462686567168,,False,False,,2.0821250496247643,0.47591429705708904,False,False,False,True
2026-09-18 10:36:17.759863,STX,none,111590.0,75137.66666666667,0.31860585800316027,,0.3371647509578509,,False,False,,0.3700723466592822,1.8503617332964108,False,True,False,False
2026-09-18 10:46:18.041559,ELVN,none,4019.0,13102.666666666666,0.01994415636218191,,0.11111111111108479,,False,False,,1.2253426828974467,1.4295664633803544,False,False,False,False
2026-09-18 10:46:18.224298,HPQ,none,79207.0,192699.66666666666,-0.11795930404010366,,0.2,,False,False,,1.0628856978239878,1.2400333141279858,False,False,False,False
2026-09-18 10:46:18.415250,PYPL,none,134094.0,195325.0,0.113851992409858,,0.49999999999994077,,False,False,,0.8130458864088598,0.8130458864088598,False,False,False,False
2026-09-18 10:46:18.605892,CSCO,none,121185.0,153079.0,-0.21068058990565539,,0.45098039215686603,,False,False,,0.4488929329693716,0.26933575978162294,False,False,False,False
2026-09-18 10:46:18.797839,PATH,none,175531.0,447205.4,-0.2982848620432582,,0.5714285714285823,,False,False,,0.5337870227566712,1.5568788163736245,False,False,False,True
2026-09-18 10:46:18.985626,DIS,none,180329.0,401003.5,-0.0678886625933403,,0.21874999999997363,,False,False,,0.8939828416113391,1.0727794099336068,False,False,False,False
2026-09-18 10:46:19.161832,LUV,none,63493.0,66136.6,0.09760858955589619,,0.21052631578950123,,False,False,,1.0143972110981805,0.14491388729974009,False,False,False,False
2026-09-18 10:46:19.345897,UAA,none,153787.0,371827.2,0.3999999999999915,,0.666666666666647,,False,False,,0.4836347777836429,0.4836347777836429,False,False,True,False
2026-09-18 10:46:19.532037,XP,none,90624.0,95400.4,-0.050200803212859246,,0.11111111111112866,,False,False,,0.18483733332205482,0.11552333332628426,False,False,False,False
2026-09-18 10:46:19.717036,JD,none,78996.0,205985.625,0.0,,0.0,,False,False,,0.2095316676261879,0.3492194460436465,False,False,False,False
2026-09-18 10:46:19.906015,ABNB,none,20078.0,28310.4,0.04839392656220681,,0.19999999999995738,,False,False,,0.44877751516626574,0.2692665090997594,False,False,False,False
2026-09-18 10:46:20.085515,FRSH,none,15876.0,24528.6,-0.24174053182916486,,0.75,,False,True,,0.12067590943592406,0.06436048503249284,False,False,True,True
2026-09-18 10:46:20.263026,TMO,none,83382.0,135292.5,-0.11705863573480622,,0.1910669975186072,,False,False,,0.14840312223781246,0.2782558541958984,False,False,False,False
2026-09-18 10:46:20.448079,HALO,SELL,255853.0,175321.6,-0.870345446388514,,0.7080291970802888,,False,True,,1.059255627681547,0.7061704184543647,True,True,True,True
2026-09-18 10:46:20.633879,ISRG,none,52479.0,65291.0,-0.0891833354567374,,0.13944223107568413,,False,False,,0.4967459364237602,1.2418648410594004,False,True,False,False
2026-09-18 10:46:20.814419,AA,none,36254.0,47998.333333333336,-0.04334633723451046,,0.1428571428571646,,False,False,,0.2239376611351045,0.9797272674660822,False,False,False,False
2026-09-18 10:46:20.992684,ASTS,none,227850.0,409597.875,0.4074702886247912,,0.5714285714285738,,False,False,,2.8290792747173987,3.960710984604358,False,False,True,True
2026-09-18 10:46:21.174430,NXT,none,20810.0,27748.2,0.4453791908944692,,0.6792452830188654,,False,False,,1.8802235321301919,0.42976537877261534,False,False,False,True
2026-09-18 10:46:21.362912,STX,none,57179.0,92319.33333333333,1.0319073448230156,,0.8666666666666613,,True,False,,0.2658082726729225,1.3290413633646125,False,False,True,True
2026-09-18 10:56:21.648499,ELVN,none,7569.0,9637.666666666666,0.8574277168494511,,0.7962962962962865,,True,False,,0.37870078524914946,0.4418175827906744,False,False,True,True
2026-09-18 10:56:21.832321,HPQ,none,65124.0,143668.66666666666,-0.11806375442738827,,0.3333333333333136,,False,False,,1.0336996222290205,1.2059828926005238,False,False,False,False
2026-09-18 10:56:22.014718,PYPL,none,68767.0,181669.2,0.01895016107636538,,0.11111111111109356,,False,False,,0.3849148660518566,0.3849148660518566,False,False,False,False
2026-09-18 10:56:22.190591,CSCO,none,101772.0,141802.66666666666,-0.09177679882525176,,0.33333333333330173,,False,True,,0.14045372660377026,0.08427223596226215,False,False,False,False
2026-09-18 10:56:22.371622,PATH,none,444500.0,393268.6,-0.22421524663677977,,0.6000000000000142,,False,False,,0.42706929752223943,1.245618784439865,False,False,False,True
2026-09-18 10:56:22.547580,DIS,none,142101.0,398950.0,0.3299689440993684,,0.9189189189188784,,False,False,,0.9033665295046991,1.084039835405639,False,False,True,True
2026-09-18 10:56:22.728021,LUV,none,125223.0,66341.6,-0.2681618722574513,,0.6470588235294708,,False,True,,0.9625368122101672,0.13750525888716675,True,False,True,True
2026-09-18 10:56:22.913900,UAA,none,129415.0,366358.6,0.19920318725100947,,0.3333333333333531,,False,False,,0.48315188039933343,0.48315188039933343,False,False,True,False
2026-09-18 10:56:23.097086,XP,none,61977.0,95833.0,-0.552486187845301,,0.7857142857142785,,False,True,,0.1448454498301103,0.09052840614381893,False,False,True,True
2026-09-18 10:56:23.317769,JD,none,39112.0,195227.25,-0.037091988130569596,,0.16666666666669627,,False,False,,0.18843264286999803,0.31405440478333,False,False,False,False
2026-09-18 10:56:23.507631,ABNB,none,19603.0,26671.0,0.06650544135428368,,0.2820512820512335,,False,False,,0.2966106819274603,0.17796640915647619,False,False,False,False
2026-09-18 10:56:23.692814,FRSH,none,21386.0,22392.8,-0.3228410008071099,,0.6666666666666765,,False,True,,0.19319806898467348,0.1030389701251592,False,False,True,False
2026-09-18 10:56:23.875669,TMO,none,51096.0,127901.625,-0.29070652339349917,,0.5305555555555433,,False,True,,0.1470539573482948,0.2757261700280527,False,False,True,True
2026-09-18 10:56:24.061116,HALO,none,287756.0,170446.8,0.04526115687516716,,0.06097560975609354,,False,False,,1.172022885317344,0.7813485902115626,True,True,False,False
2026-09-18 10:56:24.251563,ISRG,none,51907.0,54807.2,0.30867346938774987,,0.707602339181283,,False,False,,0.5114081917407004,1.278520479351751,False,True,True,True
2026-09-18 10:56:24.439013,AA,none,20312.0,41841.0,0.0,,0.0,,False,False,,0.10371040735996878,0.4537330321998634,False,False,False,False
2026-09-18 10:56:24.633627,ASTS,none,249376.0,414424.125,-0.21966880702940614,,0.4611564384533609,,False,False,,2.6896996574090872,3.7655795203727216,False,False,True,False
2026-09-18 10:56:24.817334,NXT,none,30245.0,27832.0,-0.38186745503818953,,0.6458333333333327,,False,False,,1.8213065731699702,0.4162986452959932,False,False,False,True
2026-09-18 10:56:25.006105,STX,none,89553.0,82592.33333333333,-0.37759222422069005,,0.6314741035856515,,False,False,,0.35695713826247344,1.7847856913123672,False,False,False,False
2026-09-18 11:06:25.302672,ELVN,none,10484.0,8416.333333333334,0.07928642220019652,,0.21052631578946385,,False,False,,1.1961604765190579,1.395520555938901,False,False,False,False
2026-09-18 11:06:25.487452,HPQ,none,79129.0,93470.33333333333,0.47281323877067544,,0.7999999999999716,,False,False,,0.6802042844076712,0.7935716651422832,False,False,True,True
2026-09-18 11:06:25.675647,PYPL,none,49065.0,165223.0,0.15157256536566557,,0.6666666666666666,,False,False,,0.30532418953110313,0.30532418953110313,False,False,True,False
2026-09-18 11:06:25.862808,CSCO,none,86879.0,114288.33333333333,-0.24809335661122486,,0.7714285714285726,,False,True,,0.2016382591539381,0.12098295549236285,False,False,True,True
2026-09-18 11:06:26.131352,PATH,none,474607.0,442860.6,0.22471910112360402,,0.3750000000000139,,False,False,,0.3037591854973519,0.8859642910339431,False,False,False,False
2026-09-18 11:06:26.314806,DIS,none,104504.0,346543.375,0.27084542464693473,,0.9655172413793408,,False,False,,0.9029952127465588,1.0835942552958704,False,False,True,True
2026-09-18 11:06:26.492849,LUV,none,56596.0,77400.4,0.07334963325183652,,0.25,,False,False,,0.9438619164021691,0.1348374166288813,False,False,False,False
2026-09-18 11:06:26.674088,UAA,none,124856.0,253742.4,0.0,,0.0,,False,False,,0.3623499475684107,0.3623499475684107,False,False,False,False
2026-09-18 11:06:26.855324,XP,none,82575.0,85318.6,0.20202020202019771,,0.5,,True,False,,0.19310274816433431,0.12068921760270894,False,False,False,True
2026-09-18 11:06:27.038328,JD,none,71955.0,115355.5,0.11131725417440125,,0.7500000000000444,,False,False,,0.18834910235619295,0.3139151705936549,False,False,True,True
2026-09-18 11:06:27.229640,ABNB,BUY,45040.0,24148.4,0.5072463768115962,,0.9438202247190893,,True,False,,0.18127928970032708,0.10876757382019625,True,True,True,True
2026-09-18 11:06:29.467785,FRSH,none,20952.0,22945.0,0.48543689320388755,,0.7500000000000056,,True,False,,0.2900503692268065,0.1546935302542968,False,False,True,True
2026-09-18 11:06:29.649126,TMO,none,17370.0,93954.5,0.0610677699577071,,0.25316455696200435,,False,False,,0.16172106793253627,0.3032270023735055,False,False,False,False
2026-09-18 11:06:29.827316,HALO,none,1093702.0,212809.4,0.6243213897937004,,0.8846153846153804,,False,False,,1.1525348470350174,0.7683565646900116,True,True,True,True
2026-09-18 11:06:30.016027,ISRG,none,48166.0,48087.2,-0.18566087642107332,,0.3526570048309278,,False,False,,0.3622853480402519,0.9057133701006298,False,True,True,True
2026-09-18 11:06:30.202768,AA,SELL,71801.0,43252.666666666664,-1.1711125569290808,,1.0,,False,True,,0.09795211181545109,0.42854048919259846,False,True,True,True
2026-09-18 11:06:30.392982,ASTS,none,190532.0,391429.25,-0.5587538096850752,,0.7674418604651293,,False,False,,2.7533636978710834,3.854709177019517,False,False,True,True
2026-09-18 11:06:30.582511,NXT,none,29083.0,29537.6,-0.27224353421606096,,0.4150943396226385,,False,False,,1.4794767358591405,0.33816611105351785,False,False,False,True
2026-09-18 11:06:30.792948,STX,none,68358.0,86107.33333333333,-0.4939955026075302,,0.7536496350364931,,False,False,,0.2880175711744777,1.4400878558723884,False,False,True,True
2026-09-18 11:16:31.093081,ELVN,none,24117.0,7357.333333333333,0.8306962025316349,,0.6666666666666629,,False,False,,0.9566582954118295,1.1161013446471344,False,True,True,False
2026-09-18 11:16:31.282245,HPQ,none,124527.0,74486.66666666667,0.17641870038224722,,0.2608695652173967,,False,False,,0.7088362972381674,0.8269756801111953,True,True,False,False
2026-09-18 11:16:31.462988,PYPL,none,76369.0,147897.4,-0.2649006622516567,,0.7777777777777821,,False,False,,0.3184282117057439,0.3184282117057439,False,False,True,True
2026-09-18 11:16:31.665481,CSCO,none,102879.0,103278.66666666667,0.08291110087517588,,0.36000000000001364,,False,False,,0.367033830228088,0.2202202981368528,False,False,False,False
2026-09-18 11:16:31.892016,PATH,BUY,1108551.0,410216.4,0.5227781926811074,,0.7777777777777821,,True,False,,0.30419994212957063,0.8872498312112477,True,True,True,True
2026-09-18 11:16:33.631714,DIS,none,165448.0,166307.375,-0.01929384526335715,,0.08333333333331853,,False,False,,0.5235696768682873,0.6282836122419446,False,True,False,False
2026-09-18 11:16:33.814320,LUV,none,51602.0,78487.2,-0.09775171065493438,,0.2857142857142785,,False,False,,0.7363947296809218,0.10519924709727455,False,False,False,False
2026-09-18 11:16:33.999593,UAA,none,127319.0,146793.2,0.0,,0.0,,False,False,,0.15992079777084062,0.15992079777084062,False,False,False,False
2026-09-18 11:16:34.190513,XP,none,46981.0,88384.8,-0.4030226700251982,,0.6666666666666963,,False,True,,0.2173817371492066,0.13586358571825413,False,False,True,True
2026-09-18 11:16:34.374138,JD,none,57275.0,93517.125,-0.11123470522802219,,0.4999999999999704,,False,False,,0.16019232397261546,0.26698720662102576,False,False,False,False
2026-09-18 11:16:34.559648,ABNB,none,29562.0,28809.4,-0.16817826896510368,,0.5384615384615595,,False,False,,0.4711422343822542,0.2826853406293525,False,False,True,True
2026-09-18 11:16:34.748676,FRSH,none,26341.0,19879.6,0.0,,0.0,,False,False,,0.36333417030694537,0.1937782241637042,False,False,False,False
2026-09-18 11:16:34.930806,TMO,none,64745.0,59046.75,-0.14344356106269415,,0.5193370165745687,,False,False,,0.15853770313942142,0.2972581933864151,False,False,True,True
2026-09-18 11:16:35.135838,HALO,none,17153.0,422284.2,0.14387195396098446,,0.29090909090911204,,False,False,,1.0553684084392447,0.7035789389594964,False,False,False,False
2026-09-18 11:16:35.324993,ISRG,none,40070.0,43309.2,-0.3134396819734005,,0.6542553191489474,,False,False,,0.34066521392197585,0.8516630348049397,False,True,True,True
2026-09-18 11:16:35.539906,AA,none,101242.0,42789.0,-0.6583278472679331,,0.9090909090909052,,False,False,,0.32385570511029105,1.4168687098575232,False,True,True,True
2026-09-18 11:16:35.717361,ASTS,none,214740.0,344395.75,-0.17878426698450006,,0.33870967741934227,,False,False,,1.5435592470928876,2.160982945930043,False,False,True,False
2026-09-18 11:16:35.902649,NXT,none,9858.0,27640.2,-0.2729867229184748,,0.44897959183672403,,False,False,,1.3968431605360871,0.3192784366939628,False,False,False,True
2026-09-18 11:16:36.132749,STX,none,80830.0,71696.66666666667,0.14182692307691708,,0.23505976095616618,,False,False,,0.31724917860853935,1.5862458930426968,False,False,False,False
2026-09-18 11:26:36.431106,ELVN,none,7910.0,14056.666666666666,0.41200706297822415,,0.5833333333333366,,False,False,,1.7674103415812825,2.0619787318448295,False,False,True,False
2026-09-18 11:26:36.618839,HPQ,none,66541.0,89593.33333333333,0.11743981209629814,,0.2666666666666635,,False,False,,0.767295693580311,0.8951783091770296,False,False,False,False
2026-09-18 11:26:36.818303,PYPL,none,55653.0,106791.2,0.1328273244781789,,0.6363636363636422,,False,False,,0.4905935625284478,0.4905935625284478,False,False,True,False
2026-09-18 11:26:37.008397,CSCO,none,102928.0,97176.66666666667,-0.04601932811781994,,0.2631578947369051,,False,False,,0.28185417087443504,0.169112502524661,False,False,False,False
2026-09-18 11:26:37.192646,PATH,none,1091315.0,551540.6,0.14869888475837437,,0.25000000000001665,,False,False,,0.3939524226587482,1.149027899421349,True,True,False,False
2026-09-18 11:26:37.371484,DIS,none,90282.0,162008.625,0.1061161489484849,,0.5238095238095013,,False,False,,0.4661932064116391,0.5594318476939668,False,False,True,False
2026-09-18 11:26:37.573331,LUV,none,55942.0,73228.8,0.024467824810386878,,0.14285714285721537,,False,False,,0.6157710867268924,0.08796729810384177,False,False,False,False
2026-09-18 11:26:37.783079,UAA,none,147000.0,127712.2,0.0,,0.0,,False,False,,0.1198406374502002,0.1198406374502002,False,False,False,False
2026-09-18 11:26:37.976806,XP,BUY,343454.0,72175.0,1.214574898785417,,0.9230769230769241,,True,False,,0.24968839099979503,0.1560552443748719,True,True,True,True
2026-09-18 11:26:40.765946,JD,none,91436.0,84520.25,0.03710575139147148,,0.16666666666669627,,False,False,,0.1600913051223919,0.2668188418706532,False,True,False,False
2026-09-18 11:26:40.954641,ABNB,none,46946.0,28029.4,-0.10830324909745993,,0.3396226415093925,,False,False,,0.4887108299179721,0.29322649795078326,True,False,True,True
2026-09-18 11:26:41.142626,FRSH,none,21762.0,19693.4,0.16129032258064172,,0.4,,False,False,,0.33917958093496525,0.18089577649864813,False,False,True,False
2026-09-18 11:26:41.323795,TMO,none,30216.0,61286.25,0.05043403839099022,,0.2796610169490758,,False,False,,0.12288434572649246,0.23040814823717334,False,False,False,False
2026-09-18 11:26:41.517841,HALO,none,83577.0,405582.0,0.1077489449582386,,0.2448979591836563,,False,False,,1.0711065893850025,0.7140710595900016,False,False,False,False
2026-09-18 11:26:41.709318,ISRG,none,45664.0,44487.6,0.56494286663769,,0.9910313901345119,,True,False,,0.323386176606821,0.8084654415170526,False,True,True,True
2026-09-18 11:26:41.897923,AA,none,95362.0,64451.666666666664,0.1104972375690545,,0.3571428571428354,,False,False,,0.4878507744525371,2.13434713822985,False,True,False,False
2026-09-18 11:26:42.086918,ASTS,none,154213.0,306348.625,0.017064846416378857,,0.0384615384615311,,False,False,,1.43823964666531,2.013535505331434,False,False,False,False
2026-09-18 11:26:42.464453,NXT,none,14282.0,24302.0,-0.19893074723363272,,0.5925925925926413,,False,False,,1.2536208614357418,0.2865419111853124,False,False,False,True
2026-09-18 11:26:42.653946,STX,none,53764.0,79580.33333333333,-0.2832521183897717,,0.4452830188678999,,False,False,,0.16890244165085622,0.8445122082542811,False,False,False,False
2026-09-18 11:36:42.927747,ELVN,none,9904.0,14170.333333333334,-0.07838526357044709,,0.3333333333333136,,False,False,,1.3219896877100556,1.5423213023283981,False,False,True,False
2026-09-18 11:36:43.118195,HPQ,none,103579.0,90065.66666666667,0.08800234672922859,,0.29999999999995736,,False,False,,0.7666717512492207,0.8944503764574242,False,True,False,False
2026-09-18 11:36:43.306101,PYPL,none,66663.0,76789.6,0.09473285335353762,,0.4166666666666272,,False,False,,0.4774718939072071,0.4774718939072071,False,True,False,False
2026-09-18 11:36:43.494879,CSCO,none,90116.0,97562.0,0.08288055990423004,,0.4090909090909003,,False,False,,0.2513491904028138,0.15080951424168826,False,False,False,False
2026-09-18 11:36:43.680302,PATH,none,1011597.0,658900.8,0.29695619896064696,,0.8,,False,False,,0.3404871089383497,0.9930874010701867,False,True,True,True
2026-09-18 11:36:43.859251,DIS,none,98857.0,148007.625,-0.08673026886382307,,0.4285714285713609,,False,False,,0.4448909088449521,0.5338690906139425,False,False,True,False
2026-09-18 11:36:44.050126,LUV,none,25957.0,70571.2,0.19564685742234847,,0.8888888888889064,,False,False,,0.39293774137135373,0.05613396305305053,False,False,True,True
2026-09-18 11:36:44.233854,UAA,none,145613.0,136475.4,0.19999999999999574,,0.3333333333333235,,True,False,,0.1198406374502002,0.1198406374502002,False,False,True,False
2026-09-18 11:36:44.419086,XP,none,38886.0,125122.2,0.25000000000000355,,0.8333333333333629,,False,False,,0.3875687619022357,0.24223047618889731,False,False,True,True
2026-09-18 11:36:44.601854,JD,none,68656.0,82546.875,-0.037078235076003004,,0.3333333333332544,,False,False,,0.11124506207972011,0.1854084367995335,False,False,False,False
2026-09-18 11:36:44.788951,ABNB,none,12737.0,32245.8,-0.09637393085170255,,0.4848484848484979,,False,False,,0.5391763576743902,0.3235058146046341,False,False,True,True
2026-09-18 11:36:44.972474,FRSH,none,16332.0,21263.4,0.1610305958132011,,0.6666666666666666,,False,False,,0.3633926245262412,0.19380939974732866,False,False,True,False
2026-09-18 11:36:45.158458,TMO,SELL,78605.0,51050.625,-0.3910486519514161,,0.9411764705882057,,False,True,,0.08985706854026171,0.1684820035129907,False,True,True,True
2026-09-18 11:36:45.347649,HALO,none,478649.0,347608.2,-0.22423535743115974,,0.25,,False,False,,0.6449576011115777,0.42997173407438516,True,True,False,False
2026-09-18 11:36:45.537533,ISRG,none,43275.0,47657.2,-0.2491419855090932,,0.7368421052631489,,False,False,,0.3508560551703962,0.8771401379259905,False,True,True,True
2026-09-18 11:36:45.720359,AA,none,107631.0,89468.33333333333,-0.5736981465136761,,0.7428571428571341,,False,False,,0.5173167044709517,2.2632605820604135,False,True,True,True
2026-09-18 11:36:45.913597,ASTS,none,136824.0,281575.25,-0.1535312180143233,,0.5624999999999639,,False,False,,1.1717423676776197,1.6404393147486678,False,False,True,True
2026-09-18 11:36:46.131313,NXT,none,19725.0,20855.6,-0.36128067771270966,,0.5178571428571266,,False,True,,1.0999853552105792,0.2514252240481324,False,False,False,True
2026-09-18 11:36:46.314561,STX,none,106042.0,67650.66666666667,0.8709250571394214,,0.7629083245521695,,True,False,,0.1531790906790365,0.7658954533951825,False,True,True,True
2026-09-18 11:46:46.598948,ELVN,none,3889.0,13977.0,-0.25510204081633153,,0.5909090909091056,,False,False,,1.3210885290803063,1.5412699505936907,False,False,True,False
2026-09-18 11:46:46.822264,HPQ,none,327951.0,98215.66666666667,0.2929973630237161,,0.4999999999999645,,False,False,,0.3818608592077739,0.4455043357424029,True,True,False,False
2026-09-18 11:46:47.007053,PYPL,none,85956.0,63303.4,-0.11357183418511295,,0.8571428571427846,,False,False,,0.464088496567783,0.464088496567783,True,True,True,True
2026-09-18 11:46:47.191043,CSCO,none,145332.0,98641.0,-0.13803257568786756,,0.652173913043532,,False,True,,0.1412073259314839,0.08472439555889034,True,False,False,True
2026-09-18 11:46:47.374685,PATH,none,1109285.0,826114.0,-0.29607698001479754,,0.4999999999999889,,False,False,,0.340168229798523,0.9921573369123589,False,False,False,False
2026-09-18 11:46:47.556208,DIS,none,128754.0,139549.25,-0.29902575479888327,,0.9687499999999848,,False,False,,0.3662564921881778,0.43950779062581335,False,True,True,True
2026-09-18 11:46:47.736926,LUV,none,42475.0,63064.0,0.0,,0.0,,False,False,,0.46156452887787025,0.06593778983969575,False,False,False,False
2026-09-18 11:46:48.027807,UAA,none,73375.0,134840.6,-0.3984063745019836,,0.6666666666666666,,False,True,,0.07984063745020105,0.07984063745020105,False,False,True,False
2026-09-18 11:46:48.215130,XP,none,66198.0,114774.6,0.09975062344139438,,0.2857142857142785,,False,False,,0.4195366333881788,0.26221039586761175,False,False,False,False
2026-09-18 11:46:48.402810,JD,none,109985.0,76963.0,0.03709198813055642,,0.14285714285711384,,False,False,,0.10428773560750955,0.1738128926791826,False,True,False,False
2026-09-18 11:46:48.607924,ABNB,none,64576.0,30777.6,-0.10849255620517559,,0.4390243902439227,,False,False,,0.5679643602480876,0.3407786161488526,True,True,True,True
2026-09-18 11:46:48.796299,FRSH,none,18103.0,21354.6,0.08045052292839733,,0.3333333333333333,,False,False,,0.33917964372145204,0.18089580998477445,False,False,True,False
2026-09-18 11:46:48.983045,TMO,none,40232.0,51681.125,0.15486284671644626,,0.5430107526881631,,True,False,,0.1269827908565117,0.23809273285595944,False,False,True,True
2026-09-18 11:46:49.171243,HALO,none,8465.0,392167.4,0.06288743149761314,,0.3181818181817888,,False,False,,0.41235796908693023,0.2749053127246201,False,False,False,False
2026-09-18 11:46:49.357180,ISRG,none,30804.0,45816.4,0.09684736345795944,,0.20765027322404303,,False,False,,0.3892461311829617,0.9731153279574043,False,True,False,False
2026-09-18 11:46:49.541714,AA,none,32679.0,101411.66666666667,-0.13309671694763792,,0.28571428571426155,,False,False,,0.3580061950268437,1.5662771032424412,False,False,False,False
2026-09-18 11:46:49.729527,ASTS,none,193816.0,246466.0,-0.27336408679310387,,0.5716327259735796,,False,False,,0.9294405152594664,1.3012167213632528,False,False,True,True
2026-09-18 11:46:49.913652,NXT,none,22084.0,20638.6,0.06257822277846953,,0.14705882352940192,,False,False,,1.0411163959833474,0.23796946193905086,False,False,False,False
2026-09-18 11:46:50.102026,STX,none,77440.0,80212.0,0.15980155985403582,,0.1967694566813572,,False,False,,0.21600068310101836,1.0800034155050917,False,False,False,False
2026-09-18 11:56:50.381740,ELVN,SELL,161907.0,7234.333333333333,-1.2411347517730407,,0.8289473684210488,,False,True,,0.7454943673650027,0.8697434285925032,True,True,True,True
2026-09-18 11:56:50.569673,HPQ,none,101289.0,166023.66666666666,0.23371311714871576,,0.5714285714286077,,False,False,,0.49843952184924284,0.5815127754907833,False,False,False,True
2026-09-18 11:56:50.759882,PYPL,none,55831.0,66741.2,-0.2274019329164384,,0.7500000000000444,,False,False,,0.5303236677439063,0.5303236677439063,False,True,True,True
2026-09-18 11:56:50.948427,CSCO,none,101872.0,112792.0,-0.04607021100156377,,0.29411764705880383,,False,False,,0.17795497580661168,0.106772985483967,False,False,False,False
2026-09-18 11:56:51.133539,PATH,none,939892.0,959071.0,0.0,,0.0,,False,False,,0.3574150458092472,1.042460550276971,False,False,False,False
2026-09-18 11:56:51.315892,DIS,none,182909.0,128499.875,-0.17416545718431797,,0.6923076923076502,,False,False,,0.4172716264419868,0.5007259517303841,False,True,True,False
2026-09-18 11:56:51.496749,LUV,none,34991.0,46514.4,0.048828124999990286,,0.33333333333329385,,False,False,,0.27385121829765435,0.039121602613950625,False,False,True,False
2026-09-18 11:56:51.677066,UAA,none,38645.0,123632.6,-0.19999999999999574,,1.0,,False,True,,0.11968127490039586,0.11968127490039586,False,False,True,True
2026-09-18 11:56:51.861745,XP,none,48008.0,115618.8,0.04982561036371704,,0.19999999999995738,,False,False,,0.34709894308355377,0.21693683942722108,False,False,False,False
2026-09-18 11:56:52.046122,JD,none,72744.0,69582.625,-0.037078235076003004,,0.2499999999999556,,False,False,,0.07650739631270591,0.12751232718784317,False,True,False,False
2026-09-18 11:56:52.239141,ABNB,none,15426.0,39772.2,0.03620564808110202,,0.1875000000000111,,False,False,,0.5931566291586228,0.3558939774951737,False,False,False,False
2026-09-18 11:56:52.415845,FRSH,none,17347.0,20698.0,-0.24115755627009133,,0.75,,False,True,,0.26646250035783836,0.14211333352418046,False,False,True,True
2026-09-18 11:56:52.600638,TMO,none,36833.0,50551.875,-0.29382957884428146,,0.9014084507042615,,False,True,,0.13059530286523313,0.24486619287231212,False,False,True,True
2026-09-18 11:56:52.787947,HALO,SELL,573351.0,336309.2,-0.7092835338480805,,1.0,,False,True,,0.4187034279510106,0.2791356186340071,True,True,True,True
2026-09-18 11:56:52.969365,ISRG,none,18097.0,41595.8,-0.14012024864973877,,0.3235294117646813,,False,False,,0.3384078657598119,0.8460196643995298,False,False,True,True
2026-09-18 11:56:53.152621,AA,none,43435.0,78557.33333333333,-0.39982230119946627,,0.7826086956521833,,False,False,,0.21794456027476494,0.9535074512020967,False,False,True,True
2026-09-18 11:56:53.336675,ASTS,none,156332.0,219421.625,0.015584860421299118,,0.03639999999998622,,False,False,,0.8649598689198654,1.2109438164878115,False,False,False,False
2026-09-18 11:56:53.520655,NXT,none,13596.0,19006.4,0.16260162601625447,,0.46428571428569615,,False,False,,0.8176139334015433,0.18688318477749563,False,False,False,True
2026-09-18 11:56:53.710116,STX,none,73636.0,79082.0,-0.1488626890556151,,0.1691474966170504,,False,False,,0.21899645589720484,1.0949822794860242,False,False,False,False
2026-09-18 12:06:54.363802,ELVN,none,24757.0,58566.666666666664,-0.20008003201279376,,0.37037037037034504,,False,False,,1.5746220561598192,1.8370590655197891,False,False,True,False
2026-09-18 12:06:54.584516,HPQ,none,205844.0,177606.33333333334,0.20402215097639254,,0.53846153846153,,False,False,,0.6147128269016604,0.7171649647186038,False,True,False,True
2026-09-18 12:06:54.767471,PYPL,none,66703.0,68094.4,0.07598784194528713,,0.4444444444444532,,False,False,,0.5834042250294472,0.5834042250294472,False,True,False,False
2026-09-18 12:06:54.945380,CSCO,none,122573.0,112440.0,0.03687655572970061,,0.22222222222224855,,False,False,,0.17798889772910756,0.10679333863746453,False,False,False,False
2026-09-18 12:06:55.125831,PATH,none,1307908.0,1052128.0,0.4451038575667561,,0.6666666666666535,,True,False,,0.3034824615395823,0.8851571794904485,False,False,False,True
2026-09-18 12:06:55.310270,DIS,none,138413.0,136648.0,0.13569836192691728,,0.6363636363636422,,False,False,,0.42313578324953427,0.5077629398994412,False,True,True,False
2026-09-18 12:06:55.492169,LUV,none,44828.0,42193.4,0.024402147388982717,,0.14285714285721537,,False,False,,0.256686162521362,0.036669451788766,False,False,False,False
2026-09-18 12:06:55.675103,UAA,none,79867.0,106390.4,0.20040080160320214,,1.0,,True,False,,0.15968127490039502,0.15968127490039502,False,False,True,True
2026-09-18 12:06:55.863146,XP,none,44663.0,108705.4,0.04982561036371704,,0.2499999999999334,,False,False,,0.3227478084185168,0.201717380261573,False,False,False,False
2026-09-18 12:06:56.042743,JD,none,59008.0,73769.875,-0.11127596439169561,,0.7500000000000444,,False,False,,0.07649965447631754,0.12749942412719592,False,False,True,True
2026-09-18 12:06:56.230033,ABNB,none,22666.0,33849.4,0.19309678976586603,,0.8648648648648358,,False,False,,0.31053219192032633,0.1863193151521958,False,False,True,True
2026-09-18 12:06:56.419408,FRSH,none,28702.0,19977.0,0.4838709677419395,,0.8571428571428608,,True,False,,0.19317869927769946,0.10302863961477304,False,False,True,True
2026-09-18 12:06:56.613686,TMO,none,18512.0,50309.875,0.09208809761338696,,0.5555555555556141,,False,False,,0.15024516060518409,0.28170967613472014,False,False,True,True
2026-09-18 12:06:56.795047,HALO,none,199826.0,232239.0,0.37023659021131555,,0.5000000000000173,,False,False,,0.4492897998105876,0.2995265332070584,False,False,False,False
2026-09-18 12:06:56.978274,ISRG,none,25169.0,35582.0,0.07905743139855204,,0.17514124293785618,,False,False,,0.32747811509469166,0.8186952877367292,False,True,False,False
2026-09-18 12:06:57.163164,AA,none,74970.0,61248.333333333336,0.35690385902298394,,0.7619047619047764,,True,False,,0.2950979105762081,1.2910533587709103,False,True,True,True
2026-09-18 12:06:57.354966,ASTS,none,134461.0,190460.375,0.0770416024653342,,0.16629711751663495,,False,False,,0.5700694324902743,0.798097205486384,False,False,False,False
2026-09-18 12:06:57.541510,NXT,none,17954.0,15909.0,0.4741110417966256,,0.9499999999999751,,False,False,,0.7408645976616788,0.16934047946552658,False,False,True,True
2026-09-18 12:06:57.731924,STX,none,56311.0,85706.0,-0.3445069616631683,,0.5293040293040233,,False,False,,0.1965982176748454,0.982991088374227,False,False,False,False
2026-09-18 12:16:58.027072,ELVN,none,15603.0,63517.666666666664,-0.9009009009009066,,0.8653846153846156,,False,False,,1.696316824602166,1.9790362953691938,False,False,True,True
2026-09-18 12:16:58.219035,HPQ,none,170439.0,211694.66666666666,0.2617801047120311,,0.6923076923076881,,False,False,,0.7307326311488244,0.8525214030069618,False,False,False,True
2026-09-18 12:16:58.411093,PYPL,none,46109.0,66161.2,0.07593014426727249,,0.5,,False,False,,0.4511652508149885,0.4511652508149885,False,False,False,False
2026-09-18 12:16:58.699822,CSCO,none,59073.0,123259.0,-0.06451018339324245,,0.7000000000001136,,False,False,,0.14731956161275464,0.08839173696765278,False,False,True,True
2026-09-18 12:16:58.882783,PATH,none,741057.0,1091999.4,0.0,,0.0,,False,False,,0.2848406211121379,0.8307851449104023,False,False,False,False
2026-09-18 12:16:59.064933,DIS,none,80523.0,131408.5,-0.08713331397037798,,0.4736842105263394,,False,False,,0.4443263142912771,0.5331915771495326,False,False,True,False
2026-09-18 12:16:59.255876,LUV,none,27553.0,40838.6,0.07318858258112011,,0.4285714285714431,,False,False,,0.20534146823519583,0.029334495462170835,False,False,True,False
2026-09-18 12:16:59.437215,UAA,none,136083.0,96900.0,0.0,,0.0,,False,False,,0.19976143522103545,0.19976143522103545,False,True,False,False
2026-09-18 12:16:59.619839,XP,none,81121.0,108241.8,0.09965122072745179,,0.1999999999999929,,False,False,,0.26623627887267987,0.1663976742954249,False,False,False,False
2026-09-18 12:16:59.796015,JD,none,60909.0,71271.375,-0.22279985146676093,,0.75,,False,True,,0.09736389779976048,0.1622731629996008,False,False,True,True
2026-09-18 12:16:59.982323,ABNB,none,18417.0,32470.2,0.012046015780286835,,0.06896551724141649,,False,False,,0.32548330440078366,0.1952899826404702,False,False,False,False
2026-09-18 12:17:00.334406,FRSH,none,35792.0,20449.2,0.0,,0.0,,False,False,,0.33833998960028133,0.18044799445348336,False,False,False,False
2026-09-18 12:17:00.518546,TMO,none,30783.0,42201.125,0.009199490961491762,,0.030927835051519206,,False,False,,0.14774810679304215,0.277027700236954,False,False,False,False
2026-09-18 12:17:00.707497,HALO,none,35055.0,268773.6,0.26978417266186794,,0.4054054054053966,,False,False,,0.5307810688607066,0.35385404590713776,False,False,False,False
2026-09-18 12:17:00.951879,ISRG,none,23496.0,32601.8,-0.12737879907268235,,0.4065040650406444,,False,False,,0.271226374956728,0.6780659373918201,False,True,True,True
2026-09-18 12:17:01.142252,AA,none,37808.0,50361.333333333336,0.15565932844118366,,0.5,,False,False,,0.23728610057869015,1.0381266900317694,False,False,False,False
2026-09-18 12:17:01.330549,ASTS,none,156416.0,178786.75,-0.3761969904240747,,0.7586206896551707,,False,False,,0.46681046806544396,0.6535346552916216,False,False,True,True
2026-09-18 12:17:01.512487,NXT,none,8896.0,17528.2,-0.37225462216155497,,0.8823529411764534,,False,True,,0.8816516208763844,0.20152037048603072,False,False,True,True
2026-09-18 12:17:01.704998,STX,none,58907.0,69129.0,0.21051120732963002,,0.27414330218069854,,True,False,,0.1088618684288032,0.544309342144016,False,False,False,False
2026-09-18 12:27:02.005699,ELVN,none,17269.0,67422.33333333333,0.20206102242877635,,0.5555555555555424,,False,False,,2.342115684686741,2.732468298801198,False,False,True,False
2026-09-18 12:27:02.191845,HPQ,none,163464.0,159190.66666666666,-0.11607661056296908,,0.3333333333333333,,False,False,,0.6995153728371395,0.8161012683099961,False,True,False,False
2026-09-18 12:27:02.378648,PYPL,none,46850.0,64252.4,0.018968133535656316,,0.14285714285711384,,False,False,,0.411337224667354,0.411337224667354,False,True,False,False
2026-09-18 12:27:02.566891,CSCO,none,66738.0,94506.0,-0.06455182589449758,,0.36842105263154745,,False,True,,0.09830463341633788,0.05898278004980273,False,False,False,False
2026-09-18 12:27:02.859155,PATH,none,884111.0,1021947.8,0.14771048744461854,,0.6666666666666864,,False,False,,0.24915288877012817,0.7266959255795405,False,False,False,True
2026-09-18 12:27:03.043327,DIS,none,91583.0,123711.25,0.07751937984495959,,0.42105263157894346,,False,False,,0.3684401798759676,0.44212821585116113,False,True,True,False
2026-09-18 12:27:03.232884,LUV,none,34042.0,35160.8,-0.024372410431386816,,0.09999999999997869,,False,False,,0.23944599867470912,0.03420657123924416,False,False,False,False
2026-09-18 12:27:03.435360,UAA,none,100478.0,94716.6,-0.19999999999999574,,0.5,,False,True,,0.19976143522103545,0.19976143522103545,False,False,True,False
2026-09-18 12:27:03.624957,XP,none,165101.0,55775.2,0.14925373134327155,,0.29999999999997157,,True,False,,0.08784849038340542,0.05490530648962838,False,False,False,False
2026-09-18 12:27:03.806835,JD,none,36836.0,73996.0,0.22329735764792974,,0.8571428571428354,,True,False,,0.13218412217529635,0.22030687029216062,False,False,True,True
2026-09-18 12:27:03.985246,ABNB,none,21189.0,26764.4,-0.012044564890099507,,0.05555555555558626,,False,False,,0.2677289644104798,0.16063737864628788,False,False,False,False
2026-09-18 12:27:04.171938,FRSH,none,8427.0,23255.2,0.0,,0.0,,False,False,,0.2899528928260888,0.1546415428405807,False,False,False,False
2026-09-18 12:27:04.356655,TMO,none,18089.0,39662.0,0.2008216826097537,,0.8791946308724412,,True,False,,0.11959740354984141,0.22424513165595264,False,False,True,True
2026-09-18 12:27:04.547407,HALO,none,234088.0,259069.2,-0.06287613401598238,,0.12280701754384608,,False,False,,0.5891137508340133,0.39274250055600884,False,False,False,False
2026-09-18 12:27:04.736502,ISRG,none,14487.0,28168.2,0.1759216766100652,,0.862499999999985,,True,False,,0.1662109987411262,0.4155274968528154,False,True,True,True
2026-09-18 12:27:04.918370,AA,none,31143.0,52071.0,-0.26642984014209026,,0.8571428571428354,,False,False,,0.24330279697696905,1.0644497367742396,False,False,True,True
2026-09-18 12:27:05.106212,ASTS,none,160141.0,167166.75,-0.11963673002093134,,0.33190476190478213,,False,False,,0.5157255253762778,0.722015735526789,False,False,True,False
2026-09-18 12:27:05.288881,NXT,none,8222.0,16451.0,-0.09956440572495122,,0.25806451612902487,,False,False,,1.00297833332593,0.2292521904744983,False,False,False,False
2026-09-18 12:27:05.512562,STX,none,56737.0,62951.333333333336,0.04060962209163822,,0.10089020771514284,,False,False,,0.11731347634140223,0.5865673817070112,False,False,False,False
2026-09-18 12:37:05.802288,ELVN,none,31172.0,19209.666666666668,-0.40298206729801095,,0.4651162790697744,,False,False,,1.3030419553424768,1.520215614566223,False,False,True,False
2026-09-18 12:37:05.990644,HPQ,none,139178.0,179915.66666666666,-0.31976744186046346,,0.6111111111111089,,False,False,,0.5818788662513927,0.6788586772932915,False,False,False,True
2026-09-18 12:37:06.179238,PYPL,none,47602.0,60289.8,0.03792907263418003,,0.20000000000002843,,False,False,,0.3583019207948371,0.3583019207948371,False,True,False,False
2026-09-18 12:37:06.362599,CSCO,none,113326.0,82794.66666666667,-0.1568699824674741,,0.6800000000000068,,False,True,,0.11062571001162709,0.06637542600697625,True,False,False,True
2026-09-18 12:37:06.544765,PATH,none,881085.0,996450.6,-0.2212389380531057,,0.5000000000000148,,False,False,,0.21333391800628132,0.6222239275183206,False,False,False,True
2026-09-18 12:37:06.727844,DIS,none,185956.0,122096.125,-0.21303379490655452,,0.6874999999999806,,False,False,,0.30802579087535037,0.3696309490504205,True,True,True,False
2026-09-18 12:37:06.913471,LUV,none,31761.0,36777.8,-0.04875670404681405,,0.1818181818182112,,False,True,,0.11955388578103594,0.017079126540147992,False,False,False,False
2026-09-18 12:37:07.098064,UAA,none,89672.0,85689.6,0.20080321285140132,,0.5,,True,False,,0.19976143522103545,0.19976143522103545,False,False,True,False
2026-09-18 12:37:07.282192,XP,none,39893.0,81018.2,-0.04967709885741685,,0.14285714285711384,,False,True,,0.0717290873983283,0.044830679623955184,False,False,False,False
2026-09-18 12:37:07.459043,JD,none,39091.0,69606.125,0.07426661715558698,,0.3999999999999858,,False,False,,0.15318039157658295,0.25530065262763824,False,False,False,False
2026-09-18 12:37:07.641495,ABNB,none,22175.0,28454.8,0.036140224069390596,,0.14285714285715254,,False,False,,0.21713134483351804,0.13027880690011082,False,False,False,False
2026-09-18 12:37:07.825190,FRSH,none,17247.0,21674.2,-0.160384923817172,,0.40000000000002134,,False,True,,0.24164371408212842,0.1288766475104685,False,False,True,False
2026-09-18 12:37:08.011911,TMO,none,14821.0,39751.875,-0.08568718058572473,,0.3294117647058635,,False,False,,0.13357279481504605,0.2504489902782113,False,False,True,True
2026-09-18 12:37:08.204990,HALO,none,67324.0,210157.0,0.22482014388489208,,0.5319148936170226,,False,False,,0.5310244304045495,0.3540162869363663,False,False,False,False
2026-09-18 12:37:08.399491,ISRG,none,16184.0,22410.6,-0.06362780280471354,,0.3012048192770936,,False,False,,0.14863812460535947,0.37159531151339864,False,True,True,True
2026-09-18 12:37:08.582095,AA,none,30193.0,47973.666666666664,-0.11133377866844169,,0.45454545454543105,,False,False,,0.20773147402833547,0.9088251988739676,False,False,False,False
2026-09-18 12:37:08.837548,ASTS,none,430800.0,163367.875,-0.008592541673819303,,0.011904761904751029,,False,False,,0.3785014379812329,0.5299020131737261,True,True,False,False
2026-09-18 12:37:09.029621,NXT,none,22151.0,14150.4,0.31164298180004985,,0.4464285714285696,,False,False,,0.819776942934499,0.18737758695645693,True,True,False,True
2026-09-18 12:37:09.217472,STX,none,47012.0,57318.333333333336,-0.26401615157633607,,0.41776937618147525,,False,False,,0.09927129851407275,0.49635649257036374,False,False,False,False
2026-09-18 12:47:09.499383,ELVN,none,4901.0,21348.0,0.7698541329011397,,1.0,,False,False,,1.505943990627694,1.7569346557323096,False,False,True,True
2026-09-18 12:47:09.685271,HPQ,none,99185.0,157693.66666666666,-0.08751458576429737,,0.3333333333333596,,False,False,,0.6976241571354637,0.8138948499913743,False,False,False,False
2026-09-18 12:47:09.867857,PYPL,none,38107.0,52619.0,0.03791469194313389,,0.2500000000000222,,False,False,,0.30535198770918404,0.30535198770918404,False,True,False,False
2026-09-18 12:47:10.058034,CSCO,none,83281.0,79712.33333333333,0.09242998428691056,,0.5000000000000355,,False,False,,0.1906213278368094,0.11437279670208564,False,False,False,True
2026-09-18 12:47:10.258628,PATH,none,471423.0,950810.6,-0.07385524372230272,,0.16666666666666174,,False,False,,0.19537278793547527,0.5698372981451363,False,False,False,False
2026-09-18 12:47:10.436324,DIS,none,75345.0,124659.625,0.058229813664584684,,0.42857142857134156,,False,False,,0.36856952513884955,0.4422834301666194,False,False,True,False
2026-09-18 12:47:10.621861,LUV,none,21332.0,34635.0,0.19521717911177502,,0.6666666666666864,,True,False,,0.15368357861380577,0.021954796944829397,False,False,True,True
2026-09-18 12:47:10.804400,UAA,none,60340.0,88949.0,0.20040080160320214,,1.0,,True,False,,0.160240802890919,0.160240802890919,False,False,True,True
2026-09-18 12:47:11.015596,XP,none,53339.0,75757.2,-0.1491053677932462,,0.37500000000000555,,False,True,,0.06371732346489188,0.03982332716555743,False,False,False,True
2026-09-18 12:47:11.392513,JD,none,33998.0,67333.125,0.03711952487007428,,0.3333333333332544,,False,False,,0.14624887506300135,0.24374812510500224,False,False,False,False
2026-09-18 12:47:11.580160,ABNB,none,15127.0,19974.6,-0.0722717417489789,,0.3870967741935602,,False,False,,0.173719945552047,0.1042319673312282,False,False,True,True
2026-09-18 12:47:11.767280,FRSH,none,19209.0,21503.0,0.0,,0.0,,False,False,,0.2656240343487608,0.14166615165267246,False,False,False,False
2026-09-18 12:47:11.954239,TMO,none,18065.0,33511.375,-0.11643048640367536,,0.5984251968503951,,False,False,,0.12779715676734912,0.23961966893877962,False,False,True,True
2026-09-18 12:47:12.137641,HALO,none,4842.0,221928.8,-0.1435621354867623,,0.5517241379310108,,False,False,,0.5893202068639699,0.39288013790931325,False,False,False,False
2026-09-18 12:47:12.344609,ISRG,none,21791.0,19486.6,-0.17828944017115497,,0.6306306306306126,,False,False,,0.14066543004858043,0.3516635751214511,False,True,True,True
2026-09-18 12:47:12.537869,AA,none,60770.0,33048.0,-0.22306491188936298,,0.5263157894736783,,False,False,,0.14224611926712416,0.6223267717936682,False,True,True,False
2026-09-18 12:47:12.738231,ASTS,none,141834.0,190375.375,-0.017185083347650818,,0.04444444444443532,,False,False,,0.3253165238216452,0.45544313335030334,False,False,False,False
2026-09-18 12:47:12.920923,NXT,none,8037.0,14163.8,-0.08694572102845284,,0.20588235294119614,,False,False,,0.9941222742496053,0.22722794839990978,False,False,False,False
2026-09-18 12:47:13.102737,STX,none,46429.0,54218.666666666664,0.1963625043403281,,0.5206349206349201,,True,False,,0.08585616349960072,0.4292808174980036,False,False,False,False
2026-09-18 12:57:13.396732,ELVN,none,6900.0,17780.666666666668,0.34212115113705316,,1.0,,False,False,,1.374897222627927,1.6040467597325814,False,False,True,True
2026-09-18 12:57:13.584087,HPQ,none,102114.0,133942.33333333334,0.0,,0.0,,False,False,,0.5233586381877299,0.6105850778856848,False,False,False,False
2026-09-18 12:57:13.769449,PYPL,none,39503.0,49074.2,-0.09475080538185382,,0.38461538461540984,,False,False,,0.1727109190278709,0.1727109190278709,False,True,False,False
2026-09-18 12:57:13.951925,CSCO,none,93201.0,87781.66666666667,0.13852973771703517,,0.6000000000000227,,False,False,,0.20923452843258816,0.1255407170595529,False,False,False,True
2026-09-18 12:57:14.295662,PATH,none,1577033.0,857116.8,-0.0739098300073894,,0.16666666666666174,,False,False,,0.2130980464288279,0.6215359687507481,True,True,False,False
2026-09-18 12:57:14.479076,DIS,none,111750.0,122792.5,-0.135790494665374,,0.4117647058823505,,False,False,,0.35360504536263077,0.4243260544351569,False,True,True,False
2026-09-18 12:57:14.664304,LUV,none,58684.0,31903.2,0.0,,0.0,,False,False,,0.2561559164920551,0.036593702356007875,True,False,False,False
2026-09-18 12:57:14.846116,UAA,none,131251.0,93288.0,-0.19999999999999574,,0.3333333333333333,,False,True,,0.16032096321156028,0.16032096321156028,False,True,True,False
2026-09-18 12:57:15.030646,XP,none,37150.0,76823.4,0.19910403185664086,,0.7999999999999716,,True,False,,0.07960208465361655,0.04975130290851034,False,False,True,True
2026-09-18 12:57:15.215654,JD,none,34203.0,60153.375,0.14842300556585955,,0.7999999999999716,,True,False,,0.14625145759023933,0.2437524293170656,False,False,True,True
2026-09-18 12:57:15.403902,ABNB,none,18432.0,19914.8,0.012051822838210444,,0.09523809523814035,,False,False,,0.1953596017527731,0.11721576105166386,False,False,False,False
2026-09-18 12:57:15.597461,FRSH,none,11338.0,21875.4,0.0,,0.0,,False,False,,0.19327676746773345,0.10308094264945784,False,False,False,False
2026-09-18 12:57:15.772431,TMO,none,11234.0,31992.5,0.058266122849519375,,0.37623762376237513,,False,False,,0.13439680156861764,0.25199400294115804,False,False,True,True
2026-09-18 12:57:15.951406,HALO,none,59899.0,108227.0,0.28776978417265575,,0.666666666666647,,False,False,,0.3856605034538953,0.25710700230259687,False,False,False,False
2026-09-18 12:57:16.200417,ISRG,none,18640.0,20225.4,-0.03061536891519659,,0.18181818181818182,,False,False,,0.14982603601372033,0.37456509003430083,False,True,False,False
2026-09-18 12:57:16.389012,AA,none,71113.0,40702.0,0.15649452269170644,,0.7777777777778129,,False,False,,0.16022094151997202,0.7009666191498775,False,True,True,True
2026-09-18 12:57:16.576061,ASTS,none,165380.0,188828.0,0.7433826057064239,,0.9497145366710434,,True,False,,0.32535409786266767,0.45549573700773477,False,False,True,True
2026-09-18 12:57:16.763440,NXT,none,8371.0,13052.0,0.17397787995526354,,0.7777777777777515,,False,False,,0.941163140758144,0.21512300360186148,False,False,True,True
2026-09-18 12:57:16.950382,STX,none,39843.0,50059.333333333336,0.02269957707104425,,0.08675799086760266,,False,False,,0.08349804633471707,0.41749023167358534,False,False,False,False
2026-09-18 13:07:17.253286,ELVN,none,13296.0,14324.333333333334,0.24067388688326805,,0.39999999999999525,,False,False,,1.5149573513362038,1.767450243225571,False,False,True,False
2026-09-18 13:07:17.438934,HPQ,none,117562.0,113492.33333333333,0.3795620437956279,,0.8666666666666919,,False,False,,0.40728202762476085,0.47516236556222097,False,True,True,True
2026-09-18 13:07:17.627021,PYPL,none,60609.0,43634.2,0.07587253414263875,,0.4999999999999556,,False,False,,0.18584499343346755,0.18584499343346755,True,True,False,False
2026-09-18 13:07:17.901992,CSCO,none,121236.0,96602.66666666667,0.17522825786221313,,0.8260869565217149,,False,False,,0.2585531363142799,0.15513188178856793,True,False,True,True
2026-09-18 13:07:18.088773,PATH,none,777060.0,910941.8,0.0,,0.0,,False,False,,0.12401147981457994,0.3617001494591915,False,False,False,False
2026-09-18 13:07:18.271262,DIS,none,69934.0,124404.125,0.14568764568765122,,1.0,,False,False,,0.36893636592561535,0.4427236391107384,False,False,True,True
2026-09-18 13:07:18.458875,LUV,none,33579.0,34674.4,-0.048697345994650906,,0.40000000000002844,,False,True,,0.23907441331976723,0.0341534876171096,False,False,True,False
2026-09-18 13:07:18.642637,UAA,none,74565.0,103564.8,-0.20040080160320214,,0.3333333333333235,,False,True,,0.160240802890919,0.160240802890919,False,False,True,False
2026-09-18 13:07:18.822775,XP,none,44191.0,75320.8,0.3477396920019885,,0.7000000000000177,,True,False,,0.10348663209248438,0.06467914505780273,False,False,True,True
2026-09-18 13:07:19.004350,JD,none,46749.0,55846.75,0.0,,0.0,,False,False,,0.16712860205708746,0.2785476700951458,False,False,False,False
2026-09-18 13:07:19.674917,ABNB,none,18237.0,19068.0,0.11443025776921087,,0.826086956521766,,True,False,,0.08673262159617975,0.05203957295770786,False,False,True,True
2026-09-18 13:07:19.854450,FRSH,none,6406.0,18402.6,-0.08038585209003045,,0.5,,False,True,,0.0481154771451516,0.025661587810747524,False,False,True,False
2026-09-18 13:07:20.035563,TMO,none,17080.0,23571.125,0.015325670498087775,,0.15151515151516717,,False,False,,0.10111854865842798,0.18959727873455245,False,False,False,False
2026-09-18 13:07:20.219195,HALO,none,17475.0,80241.6,0.08071025020176593,,0.31034482758616294,,False,False,,0.3559724532799778,0.2373149688533185,False,False,False,False
2026-09-18 13:07:20.404128,ISRG,none,16591.0,18919.6,0.19387260529067904,,0.7599999999999909,,True,False,,0.13819994101771502,0.3454998525442875,False,True,True,True
2026-09-18 13:07:20.582320,AA,none,22987.0,54025.333333333336,-0.20093770931010563,,0.9000000000000142,,False,False,,0.1309048568665363,0.5727087487910963,False,False,True,True
2026-09-18 13:07:20.769429,ASTS,none,168201.0,192397.5,-0.25584171925636306,,0.5000000000000119,,False,False,,0.5096826565164491,0.7135557191230287,False,False,True,True
2026-09-18 13:07:20.995038,NXT,none,8384.0,11135.4,-0.24798512089274993,,0.9090909090909267,,False,True,,0.7310699274691908,0.1671016977072436,False,False,True,True
2026-09-18 13:07:21.185502,STX,none,77631.0,44428.0,-0.07758414896156329,,0.11304347826086561,,False,False,,0.08051303883128473,0.40256519415642367,False,True,False,False
2026-09-18 13:17:21.436261,ELVN,none,8378.0,8365.666666666666,-0.09990009990009423,,0.38461538461535516,,False,False,,1.352649170921461,1.578090699408371,False,False,True,False
2026-09-18 13:17:21.624417,HPQ,none,101014.0,106287.0,0.20360674810936671,,0.5384615384615595,,False,False,,0.46707662955992524,0.5449227344865795,False,False,False,True
2026-09-18 13:17:21.826979,PYPL,none,44797.0,46534.2,-0.1516300227445002,,0.7272727272727155,,False,False,,0.18580466634622397,0.18580466634622397,False,True,True,True
2026-09-18 13:17:22.009945,CSCO,none,101818.0,99239.33333333333,0.14730252255569562,,0.533333333333327,,False,False,,0.27079198657743925,0.16247519194646354,False,False,False,True
2026-09-18 13:17:22.190070,PATH,none,726217.0,918142.4,0.07401924500369939,,0.16666666666666174,,False,False,,0.12401147981457994,0.3617001494591915,False,False,False,False
2026-09-18 13:17:22.364362,DIS,none,78347.0,117051.625,0.0,,0.0,,False,False,,0.3210182068283554,0.3852218481940265,False,False,False,False
2026-09-18 13:17:22.679734,LUV,none,47044.0,35879.6,-0.09746588693956908,,0.2857142857142785,,False,True,,0.22193054770923873,0.03170436395846268,True,False,False,False
2026-09-18 13:17:22.875496,UAA,none,16167.0,91261.2,0.0,,0.0,,False,False,,0.2003209632115594,0.2003209632115594,False,False,False,False
2026-09-18 13:17:23.059648,XP,none,96076.0,67934.8,-0.04950495049503966,,0.1249999999999778,,False,False,,0.14318078749641025,0.0894879921852564,False,False,False,False
2026-09-18 13:17:23.241520,JD,none,116125.0,47942.25,-0.1852537977028424,,0.8333333333333037,,False,False,,0.16017385428260814,0.2669564238043469,False,True,True,True
2026-09-18 13:17:23.429391,ABNB,none,20221.0,19032.0,-0.1142719672821301,,0.5937499999999528,,False,True,,0.1481631667895342,0.08889790007372052,False,False,True,True
2026-09-18 13:17:23.689844,FRSH,none,22051.0,12525.4,0.08051529790660054,,0.25,,True,False,,0.07223123277216073,0.038523324145152395,False,False,False,False
2026-09-18 13:17:23.872547,TMO,none,15729.0,20677.125,-0.11496543372625964,,0.735294117647072,,False,False,,0.08716483103659212,0.1634340581936102,False,False,True,True
2026-09-18 13:17:24.056365,HALO,none,13658.0,76725.6,0.053768258804554415,,0.3157894736842263,,False,False,,0.2879058411943411,0.19193722746289404,False,False,False,False
2026-09-18 13:17:24.244955,ISRG,none,16711.0,17538.6,0.061112242819299306,,0.42857142857134156,,False,False,,0.15415845451003424,0.3853961362750856,False,True,True,True
2026-09-18 13:17:24.432252,AA,none,49931.0,51623.333333333336,-0.02237136465325529,,0.06666666666669825,,False,False,,0.15479923837098,0.6772466678730374,False,False,False,False
2026-09-18 13:17:24.614826,ASTS,none,118686.0,189195.625,-0.34205575508807207,,0.7843137254901715,,False,False,,0.5042069166612175,0.7058896833257047,False,False,True,True
2026-09-18 13:17:24.798729,NXT,none,16546.0,11033.0,0.14921661278289547,,0.44444444444446785,,False,False,,0.6440812765810271,0.14721857750423478,True,True,False,True
2026-09-18 13:17:24.984005,STX,none,62047.0,54634.333333333336,0.8036588569654437,,0.6483622350674394,,True,False,,0.04944103839548927,0.24720519197744636,False,False,False,False
2026-09-18 13:27:25.271851,ELVN,none,16197.0,9524.666666666666,0.0,,0.0,,False,False,,0.6826951379204154,0.7964776609071513,False,False,False,False
2026-09-18 13:27:25.462481,HPQ,none,131573.0,106896.66666666667,0.17416545718431106,,0.46153846153841527,,False,False,,0.5831687919049946,0.680363590555827,False,True,False,False
2026-09-18 13:27:25.652608,PYPL,none,48096.0,46123.6,0.09491268033408724,,0.7142857142856708,,False,False,,0.27866798879241467,0.27866798879241467,False,True,True,True
2026-09-18 13:27:25.833996,CSCO,none,54079.0,105418.33333333333,-0.07354293068578625,,0.7272727272727155,,False,False,,0.3073736787566293,0.18442420725397757,False,False,True,True
2026-09-18 13:27:26.022035,PATH,none,511729.0,886563.6,0.0739098300073894,,0.1999999999999929,,False,False,,0.10632558162875934,0.31011627975054806,False,False,False,False
2026-09-18 13:27:26.197921,DIS,none,91556.0,103981.375,-0.06788207913111655,,0.46666666666669826,,False,False,,0.266591501458256,0.31990980174990724,False,True,True,False
2026-09-18 13:27:26.378363,LUV,none,52792.0,38480.0,0.02439024390243417,,0.09090909090907329,,False,False,,0.27309598126496637,0.03901371160928091,True,False,False,False
2026-09-18 13:27:26.561370,UAA,none,162922.0,74399.0,0.20120724346077817,,0.5000000000000222,,True,False,,0.16032096321156025,0.16032096321156025,False,True,True,False
2026-09-18 13:27:26.744254,XP,none,27122.0,54129.8,-0.19821605550049132,,0.6666666666666666,,False,True,,0.12722098256069314,0.07951311410043321,False,False,True,True
2026-09-18 13:27:26.924690,JD,none,22183.0,53364.875,-0.03711952487008746,,0.3333333333333728,,False,False,,0.18795677227514054,0.31326128712523427,False,False,False,False
2026-09-18 13:27:27.112470,ABNB,none,17499.0,18838.4,-0.11438203600025654,,0.730769230769277,,False,False,,0.20949960822475255,0.12569976493485152,False,False,True,True
2026-09-18 13:27:27.299674,FRSH,none,11035.0,15250.2,-0.08045052292839733,,0.5,,False,True,,0.09638582214414092,0.05140577181020849,False,False,True,False
2026-09-18 13:27:27.482891,TMO,none,23114.0,18039.125,-0.10438413361170079,,0.32380952380955064,,False,False,,0.06927841652478993,0.12989703098398112,False,False,True,True
2026-09-18 13:27:27.671931,HALO,none,5011.0,32639.6,0.017924359204154885,,0.19999999999994317,,False,False,,0.284627006118227,0.1897513374121513,False,False,False,False
2026-09-18 13:27:27.858888,ISRG,none,14624.0,17983.4,0.0076341705473630846,,0.03529411764702578,,False,False,,0.12660419040025042,0.3165104760006261,False,True,False,False
2026-09-18 13:27:28.049832,AA,none,28547.0,48010.333333333336,0.022376370552707803,,0.1250000000000666,,False,False,,0.10128095910801796,0.44310419609757856,False,False,False,False
2026-09-18 13:27:28.232671,ASTS,none,114896.0,184489.875,0.01715854495538437,,0.03703703703702924,,False,False,,0.6062290712445841,0.8487206997424179,False,False,False,False
2026-09-18 13:27:28.417016,NXT,none,6466.0,12697.8,0.12425447316102672,,0.6249999999999778,,False,False,,0.6788378215215881,0.15516293063350586,False,False,False,True
2026-09-18 13:27:28.600881,STX,none,47594.0,59840.333333333336,0.42759339539952307,,0.6528028933092281,,True,False,,0.15065709716634187,0.7532854858317094,False,False,False,False
2026-09-18 13:37:28.827473,ELVN,none,3638.0,12623.666666666666,0.05996402158705004,,0.3333333333333596,,False,False,,0.34057398678336226,0.3973363179139226,False,False,True,False
2026-09-18 13:37:29.017208,HPQ,none,134593.0,116716.33333333333,-0.08693132425384277,,0.5,,False,False,,0.7573342490893056,0.8835566239375232,False,True,False,False
2026-09-18 13:37:29.204986,PYPL,none,63763.0,46222.4,0.018968133535656316,,0.19999999999994317,,False,False,,0.31855651418234976,0.31855651418234976,True,True,False,False
2026-09-18 13:37:29.387669,CSCO,none,60653.0,92377.66666666667,0.04600239212438786,,0.33333333333330173,,False,False,,0.26404914073579666,0.158429484441478,False,False,False,False
2026-09-18 13:37:29.566795,PATH,none,228210.0,812692.4,0.0,,0.0,,False,False,,0.07096659569778742,0.20698590411854664,False,False,False,False
2026-09-18 13:37:29.746513,DIS,none,103846.0,98124.25,-0.11644832605530359,,0.5714285714285424,,False,False,,0.24539891308456827,0.29447869570148194,False,True,True,False
2026-09-18 13:37:29.926766,LUV,none,62402.0,42686.2,-0.02438429651304075,,0.09999999999997869,,False,False,,0.2560394591639004,0.03657706559484292,True,False,False,False
2026-09-18 13:37:30.149335,UAA,none,96896.0,89049.0,0.20080321285140132,,1.0,,True,False,,0.16040176933343564,0.16040176933343564,False,False,True,True
2026-09-18 13:37:30.329898,XP,none,25719.0,51575.6,-0.049652432969223254,,0.2500000000000444,,False,False,,0.15098721562358508,0.09436700976474066,False,False,False,False
2026-09-18 13:37:30.514130,JD,none,23385.0,48761.75,0.0,,0.0,,False,False,,0.17405243986483898,0.29008739977473164,False,False,False,False
2026-09-18 13:37:30.694425,ABNB,none,15643.0,17903.2,-0.054246278102587794,,0.6,,False,False,,0.2564446953832721,0.15386681722996326,False,False,True,True
2026-09-18 13:37:30.878408,FRSH,BUY,67733.0,14007.8,0.1610305958132011,,0.4999999999999778,,True,False,,0.0724055018775085,0.038616267668004536,True,True,True,False
2026-09-18 13:37:31.136968,TMO,none,21447.0,18614.375,-0.05839146869909884,,0.2714285714285726,,False,False,,0.07050802012462132,0.13220253773366497,False,False,False,False
2026-09-18 13:37:31.320657,HALO,none,731869.0,20177.0,-0.0985663082437271,,0.1374999999999998,,False,False,,0.21014452363316158,0.14009634908877439,True,True,False,False
2026-09-18 13:37:31.502528,ISRG,none,53793.0,17671.4,-0.05089058524172739,,0.12499999999999112,,False,False,,0.1131657186584863,0.2829142966462158,False,True,False,False
2026-09-18 13:37:31.692554,AA,none,32384.0,33821.666666666664,-0.06711409395973408,,0.3000000000000071,,False,False,,0.06551611853761834,0.2866330186020802,False,False,False,False
2026-09-18 13:37:31.877724,ASTS,none,91504.0,182044.25,-0.06841575517104082,,0.18136363636361832,,False,False,,0.5875156157727248,0.8225218620818149,False,False,False,False
2026-09-18 13:37:32.066259,NXT,none,20641.0,9560.8,0.24829298572315686,,0.7407407407407622,,False,False,,0.547665865474272,0.12518076925126218,True,True,True,True
2026-09-18 13:37:32.255339,STX,none,55212.0,62424.0,-0.05540427438081758,,0.16725978647684084,,False,False,,0.21813940022108835,1.0906970011054418,False,False,False,False
2026-09-18 13:47:32.553795,ELVN,none,3738.0,9404.333333333334,0.37984806077568517,,0.8260869565217149,,True,False,,0.15986412148714427,0.18650814173500163,False,False,True,True
2026-09-18 13:47:32.739488,HPQ,none,136161.0,122393.33333333333,0.2030162412993048,,0.6363636363636422,,False,False,,0.46470352954752053,0.5421541178054406,False,True,False,True
2026-09-18 13:47:32.921917,PYPL,none,74094.0,51353.6,0.018960940462643173,,0.11111111111109356,,False,False,,0.3052939232971154,0.3052939232971154,True,True,False,False
2026-09-18 13:47:33.098359,CSCO,none,82891.0,72183.33333333333,0.1471534994941567,,0.8888888888889064,,False,False,,0.17789856357724645,0.10673913814634788,False,False,True,True
2026-09-18 13:47:33.278785,PATH,none,273720.0,764049.8,-0.14771048744460544,,0.3999999999999858,,False,False,,0.05324133720443476,0.15528723351293472,False,False,False,False
2026-09-18 13:47:33.457326,DIS,none,130965.0,101039.625,-0.06800738365880442,,0.5384615384615553,,False,False,,0.2545598543611075,0.30547182523332905,False,True,True,False
2026-09-18 13:47:33.636162,LUV,none,45158.0,50900.2,-0.34146341463414775,,0.933333333333346,,False,True,,0.13645644134478643,0.01949377733496949,False,False,True,True
2026-09-18 13:47:33.817634,UAA,none,112943.0,96360.2,-0.20040080160320214,,0.4999999999999778,,False,True,,0.16048225158307547,0.16048225158307547,False,False,True,False
2026-09-18 13:47:34.017807,XP,none,101544.0,46051.6,-0.19870839542970267,,0.44444444444443565,,False,True,,0.13507474605174138,0.08442171628233835,False,False,False,True
2026-09-18 13:47:34.202243,JD,none,32710.0,44071.25,0.0,,0.0,,False,False,,0.13227746771482132,0.22046244619136887,False,False,False,False
2026-09-18 13:47:34.393451,ABNB,none,16124.0,18006.4,-0.006030271965277287,,0.07142857142871643,,False,False,,0.24562941719543743,0.14737765031726247,False,False,False,False
2026-09-18 13:47:34.581006,FRSH,none,34947.0,23712.6,-0.16090104585679466,,0.5,,False,True,,0.12071468062146881,0.0643811629981167,False,False,True,False
2026-09-18 13:47:34.771875,TMO,none,24871.0,17447.375,-0.19526145046970095,,0.7937499999999773,,False,True,,0.07542721789838203,0.1414260335594663,False,False,True,True
2026-09-18 13:47:34.955888,HALO,none,11643.0,165582.4,0.2870212575118911,,0.7804878048780733,,True,False,,0.19394602582566892,0.12929735055044594,False,False,True,True
2026-09-18 13:47:35.139418,ISRG,none,37671.0,24071.8,-0.14002393136281763,,0.35714285714285976,,False,False,,0.0825899934754237,0.20647498368855927,False,True,True,True
2026-09-18 13:47:35.340092,AA,none,40564.0,36954.0,0.04477277815087535,,0.19999999999995738,,True,False,,0.02982982111085258,0.13050546735998003,False,True,False,False
2026-09-18 13:47:35.524616,ASTS,none,119680.0,173930.25,0.205902539464649,,0.4285714285714177,,False,False,,0.4913339797561518,0.6878675716586126,False,False,True,False
2026-09-18 13:47:35.710892,NXT,none,29004.0,12081.6,0.1113861386138656,,0.3461538461538525,,False,False,,0.6606089507605648,0.15099633160241482,True,True,False,True
2026-09-18 13:47:35.896955,STX,none,65605.0,54951.0,0.22416763019419728,,0.44496487119437594,,True,False,,0.21444275445763072,1.0722137722881535,False,False,False,False
2026-09-18 13:57:36.178639,ELVN,none,3078.0,7857.666666666667,0.1194981079466287,,0.46153846153849515,,False,False,,0.4398120823627353,0.5131140960898578,False,False,True,False
2026-09-18 13:57:36.367430,HPQ,none,128051.0,134109.0,-0.08683068017364409,,0.3333333333332544,,False,False,,0.4641130227374587,0.5414651931937018,False,False,False,False
2026-09-18 13:57:36.546698,PYPL,none,42379.0,58271.8,-0.20853080568720272,,0.9166666666666815,,False,False,,0.2522410178536679,0.2522410178536679,False,True,True,True
2026-09-18 13:57:36.729777,CSCO,none,46493.0,65874.33333333333,-0.08265221783451503,,0.8181818181818534,,False,False,,0.17779921486955388,0.10667952892173233,False,False,True,True
2026-09-18 13:57:36.910548,PATH,none,328763.0,503387.2,-0.22189349112425563,,0.75,,False,True,,0.07095349498936661,0.20694769371898594,False,False,True,True
2026-09-18 13:57:37.091419,DIS,none,203105.0,105962.375,-0.06804704967435345,,0.3043478260869834,,False,False,,0.25158735555293404,0.3019048266635208,True,True,True,False
2026-09-18 13:57:37.274525,LUV,none,97431.0,48195.0,0.19579050416054405,,0.7999999999999716,,False,False,,0.37548083158868983,0.05364011879838426,True,True,True,True
2026-09-18 13:57:37.460919,UAA,SELL,122674.0,92698.6,-0.40160642570282046,,1.0,,False,True,,0.16056241190371676,0.16056241190371676,False,True,True,True
2026-09-18 13:57:37.645185,XP,none,52309.0,58930.4,-0.14925373134328923,,0.6000000000000142,,False,True,,0.13501144422343125,0.08438215263964453,False,False,True,True
2026-09-18 13:57:37.830984,JD,none,16828.0,43555.5,-0.07426661715558698,,0.6666666666666272,,False,False,,0.0904092131558345,0.15068202192639082,False,False,False,False
2026-09-18 13:57:38.018932,ABNB,none,17569.0,17544.8,0.006030635629006952,,0.07142857142871643,,False,False,,0.24201648667167758,0.14520989200300655,False,False,False,False
2026-09-18 13:57:38.201450,FRSH,none,14403.0,28434.4,-0.08058017727638829,,0.3333333333333333,,False,False,,0.16898499437850723,0.09012533033520385,False,False,True,False
2026-09-18 13:57:38.386811,TMO,none,16591.0,18295.125,0.07702498690575223,,0.34013605442176237,,True,False,,0.07487119468437675,0.1403834900332064,False,False,True,True
2026-09-18 13:57:38.577620,HALO,none,20375.0,155931.2,0.10733452593918118,,0.5217391304348256,,False,False,,0.19367655622779364,0.12911770415186244,False,False,False,False
2026-09-18 13:57:38.763797,ISRG,none,13668.0,27878.0,-0.07138668638299711,,0.38356164383567726,,False,False,,0.10884804846285275,0.2721201211571319,False,False,True,True
2026-09-18 13:57:38.951707,AA,none,25401.0,33831.666666666664,0.2908277404921598,,0.8666666666666446,,True,False,,0.0358035313768846,0.1566404497738701,False,False,True,True
2026-09-18 13:57:39.135482,ASTS,none,77709.0,168872.625,-0.17126220243192572,,0.6896551724138218,,False,False,,0.5182920452073135,0.7256088632902389,False,False,True,True
2026-09-18 13:57:39.320201,NXT,none,15576.0,16208.2,-0.14840465001237269,,0.5217391304347934,,False,True,,0.6167947318215862,0.14098165298779114,False,False,False,True
2026-09-18 13:57:39.507940,STX,none,47076.0,56137.0,0.20248396020953718,,0.5088757396449456,,True,False,,0.11786088332908966,0.5893044166454483,False,False,False,False
2026-09-18 14:07:39.823340,ELVN,none,5693.0,3484.6666666666665,-0.29827003380393435,,0.5,,False,False,,0.5593101903093639,0.6525285553609246,False,False,True,False
2026-09-18 14:07:40.012490,HPQ,none,117830.0,132935.0,0.17381228273463256,,0.8571428571427846,,False,False,,0.37677824572679164,0.43957462001459024,False,False,True,True
2026-09-18 14:07:40.201069,PYPL,none,56055.0,54625.8,0.0949667616334364,,0.7142857142857723,,False,False,,0.3451018079348628,0.3451018079348628,False,True,True,True
2026-09-18 14:07:40.403810,CSCO,none,39684.0,63345.666666666664,0.045951658854882046,,0.7142857142855983,,False,False,,0.18387207296870642,0.11032324378122385,False,False,True,True
2026-09-18 14:07:40.592844,PATH,none,420308.0,413727.8,0.0,,0.0,,False,False,,0.12420793285918795,0.36227313750596485,False,False,False,False
2026-09-18 14:07:40.875649,DIS,none,106153.0,108106.0,-0.1264468436922434,,0.6842105263157737,,False,False,,0.20627899766787122,0.24753479720144544,False,True,True,False
2026-09-18 14:07:41.073718,LUV,none,122967.0,60965.4,0.12212994626283406,,0.4166666666667111,,False,False,,0.47844604230481513,0.06834943461497359,True,True,True,False
2026-09-18 14:07:41.251545,UAA,none,74355.0,102320.4,0.0,,0.0,,False,False,,0.20080353672364043,0.20080353672364043,False,False,False,False
2026-09-18 14:07:41.440988,XP,none,115038.0,60554.0,0.14947683109118653,,0.6000000000000142,,True,False,,0.10325369051803937,0.0645335565737746,False,False,True,True
2026-09-18 14:07:41.631494,JD,none,52693.0,40772.625,0.0,,0.0,,False,False,,0.0904092131558345,0.15068202192639082,False,True,False,False
2026-09-18 14:07:41.823067,ABNB,none,9316.0,17411.2,0.02412399734635549,,0.44444444444433917,,False,False,,0.17697671338755522,0.10618602803253313,False,False,True,True
2026-09-18 14:07:42.009185,FRSH,none,25561.0,30033.8,0.0,,0.0,,False,False,,0.16904329193441459,0.09015642236502112,False,False,False,False
2026-09-18 14:07:42.192707,TMO,none,11561.0,18516.375,0.10005541530693574,,0.7647058823528939,,True,False,,0.07400497531637949,0.13875932871821156,False,False,True,True
2026-09-18 14:07:42.374522,HALO,none,11629.0,156511.2,-0.1607286364853939,,0.44999999999997514,,False,True,,0.20326129549326313,0.13550753032884208,False,False,False,False
2026-09-18 14:07:42.557664,ISRG,none,11618.0,27293.4,-0.020406601535592706,,0.13793103448273497,,False,False,,0.07945142792500907,0.1986285698125227,False,False,False,False
2026-09-18 14:07:42.742131,AA,none,59410.0,32783.0,-0.17849174475680119,,0.6153846153845901,,False,False,,0.10739056336073848,0.46983371470323076,False,True,True,False
2026-09-18 14:07:42.930275,ASTS,none,95576.0,124736.25,0.017155601303822286,,0.08333333333331853,,False,False,,0.5691263141942218,0.7967768398719106,False,False,False,False
2026-09-18 14:07:43.115185,NXT,none,10905.0,17646.6,-0.1858275520317216,,0.7142857142857626,,False,True,,0.5470884022053221,0.12504877764693076,False,False,True,True
2026-09-18 14:07:43.314475,STX,none,35243.0,55964.333333333336,-0.0634368685682021,,0.28272251308897406,,False,False,,0.08034264413075867,0.40171322065379333,False,False,False,False
2026-09-18 14:17:43.683943,ELVN,none,1112.0,4169.666666666667,0.07980845969672616,,0.4444444444444532,,False,False,,0.7976162025262483,0.930552236280623,False,False,True,False
2026-09-18 14:17:43.870567,HPQ,none,225435.0,127347.33333333333,-0.4916136495083913,,0.9444444444444554,,False,False,,0.46365920420758144,0.5409357382421783,True,True,True,True
2026-09-18 14:17:44.058389,PYPL,none,68005.0,56877.4,-0.1328273244781789,,0.5,,False,False,,0.30543752515711814,0.30543752515711814,False,True,False,False
2026-09-18 14:17:44.246104,CSCO,none,97598.0,56356.0,0.06429686782400403,,0.3181818181817888,,False,False,,0.18383825078903585,0.11030295047342151,True,False,False,False
2026-09-18 14:17:44.436700,PATH,none,368855.0,352546.0,0.14825796886582338,,0.6666666666666666,,True,False,,0.1064433140583001,0.3104596660033753,False,False,False,True
2026-09-18 14:17:44.677423,DIS,none,122514.0,111957.0,-0.029219830524984062,,0.18749999999999445,,False,False,,0.22759681955151456,0.27311618346181743,False,True,False,False
2026-09-18 14:17:44.871587,LUV,none,66348.0,76150.0,0.09758477677482104,,0.4444444444444532,,False,False,,0.4957108838311006,0.07081584054730009,False,False,True,False
2026-09-18 14:17:45.051177,UAA,BUY,406791.0,113958.0,0.8064516129032265,,0.6666666666666716,,True,False,,0.20080353672364043,0.20080353672364043,True,True,True,False
2026-09-18 14:17:45.243528,XP,none,47263.0,64346.4,-0.09955201592832043,,0.3999999999999858,,False,True,,0.11924919141342288,0.0745307446333893,False,False,False,True
2026-09-18 14:17:45.425504,JD,none,22900.0,43109.5,-0.07432181345224664,,0.6666666666666272,,False,False,,0.08344930224269556,0.1390821704044926,False,False,False,False
2026-09-18 14:17:45.615875,ABNB,none,21565.0,15230.2,-0.006030271965277287,,0.03846153846161414,,False,False,,0.12288793142609043,0.07373275885565427,False,False,False,False
2026-09-18 14:17:45.837790,FRSH,none,18306.0,30735.8,-0.0807102502017739,,0.5,,False,True,,0.14488870256243438,0.07727397469996501,False,False,True,False
2026-09-18 14:17:46.023902,TMO,none,23429.0,17703.375,0.01999138832502852,,0.12745098039214048,,False,False,,0.07236746820670553,0.13568900288757288,False,False,False,False
2026-09-18 14:17:46.209868,HALO,none,13408.0,156105.4,-0.1699463327370284,,0.41304347826087023,,False,True,,0.24176703145836534,0.16117802097224357,False,False,False,False
2026-09-18 14:17:46.402416,ISRG,SELL,14725.0,26274.8,-0.28317048904309133,,0.8222222222222185,,False,True,,0.0696820740169195,0.17420518504229876,False,True,True,True
2026-09-18 14:17:46.598151,AA,none,61684.0,41791.666666666664,0.2011173184357618,,0.45000000000002666,,True,False,,0.13709127023995638,0.5997743072998092,False,True,False,False
2026-09-18 14:17:46.785104,ASTS,none,141966.0,118954.0,0.08574858514834018,,0.23255813953486681,,False,False,,0.5691171010555254,0.7967639414777357,True,True,False,False
2026-09-18 14:17:46.975045,NXT,none,16551.0,16518.4,0.024820054604115193,,0.11111111111108479,,False,False,,0.5727160596795005,0.13090652792674295,False,False,False,False
2026-09-18 14:17:47.163947,STX,none,58980.0,49308.0,0.12342776536969019,,0.3322784810126472,,True,False,,0.08168140982865608,0.4084070491432804,False,False,False,False
2026-09-18 14:27:47.452862,ELVN,none,6134.0,3294.3333333333335,0.27932960893854863,,0.6666666666666666,,False,False,,0.4975766014472892,0.5805060350218374,False,True,True,False
2026-09-18 14:27:47.638962,HPQ,none,160846.0,157105.33333333334,-0.058122638767788504,,0.16666666666663707,,False,False,,0.752256612416668,0.8776327144861127,False,True,False,False
2026-09-18 14:27:47.831425,PYPL,none,249741.0,60859.2,-0.17097264437690618,,0.5000000000000198,,False,False,,0.3319777760579823,0.3319777760579823,True,True,True,False
2026-09-18 14:27:48.091302,CSCO,none,113837.0,61258.333333333336,0.0459010373634418,,0.29411764705880383,,False,False,,0.12860049634226742,0.07716029780536045,True,False,False,False
2026-09-18 14:27:48.272727,PATH,none,493041.0,323971.2,0.0,,0.0,,False,False,,0.12428686738432425,0.36250336320427906,False,True,False,False
2026-09-18 14:27:48.454579,DIS,none,100492.0,113302.5,0.1948558067030425,,0.9523809523809298,,True,False,,0.1942934870076427,0.23315218440917126,False,True,True,True
2026-09-18 14:27:48.638972,LUV,none,96344.0,78861.2,0.1705653021442502,,0.5833333333333481,,False,False,,0.5469470568417714,0.07813529383453877,True,False,True,True
2026-09-18 14:27:48.824492,UAA,none,100073.0,162731.8,-0.3999999999999915,,0.6666666666666666,,False,True,,0.32185241061213005,0.32185241061213005,False,False,True,False
2026-09-18 14:27:49.009028,XP,none,229188.0,68374.6,0.29895366218235536,,0.6666666666666535,,True,False,,0.10346294508187553,0.0646643406761722,False,False,True,True
2026-09-18 14:27:49.285703,JD,none,46147.0,41696.625,-0.037188545927860035,,0.5000000000000888,,False,False,,0.06955532872139315,0.11592554786898858,False,True,False,False
2026-09-18 14:27:49.474129,ABNB,none,19071.0,16043.4,0.156787071096901,,0.9629629629629941,,True,False,,0.0578768730051029,0.03472612380306174,False,False,True,True
2026-09-18 14:27:49.668046,FRSH,none,108007.0,32190.0,-0.32310177705978127,,0.5000000000000111,,False,True,,0.14496662074444738,0.07731553106370528,True,True,True,False
2026-09-18 14:27:49.846425,TMO,none,12397.0,19227.75,0.01691240909580321,,0.08661417322835845,,False,False,,0.06853999475425646,0.12851249016423083,False,False,False,False
2026-09-18 14:27:50.024726,HALO,none,6664.0,157784.8,0.15231610070782342,,0.7391304347826033,,False,False,,0.2964949419301998,0.1976632946201332,False,False,True,True
2026-09-18 14:27:50.207254,ISRG,none,16420.0,26295.0,0.14326281050935105,,0.7000000000000426,,True,False,,0.13581079045589425,0.3395269761397357,False,True,True,True
2026-09-18 14:27:50.389004,AA,none,55143.0,48831.666666666664,-0.04459308807135591,,0.15384615384617487,,False,False,,0.17878314764925943,0.78217627096551,False,True,False,False
2026-09-18 14:27:50.577505,ASTS,none,69856.0,116027.25,-0.06854596864021789,,0.2666666666666635,,False,False,,0.3636064696311242,0.5090490574835739,False,False,False,False
2026-09-18 14:27:50.768803,NXT,none,6890.0,18535.4,-0.06201935003722571,,0.2631578947369051,,False,False,,0.5031119666896624,0.11499702095763711,False,False,False,False
2026-09-18 14:27:50.961022,STX,none,62838.0,47099.666666666664,-0.19833120137072144,,0.5216049382716204,,False,False,,0.06489143235790491,0.32445716178952455,False,True,False,False
2026-09-18 14:37:51.295000,ELVN,none,4919.0,4313.0,0.47827819848545633,,0.8571428571428608,,False,False,,0.6574081024392091,0.7669761195124106,False,False,True,True
2026-09-18 14:37:51.477106,HPQ,none,144823.0,168037.0,0.05815644082580989,,0.18181818181814657,,False,False,,0.7235485710108123,0.8441399995126143,False,False,False,False
2026-09-18 14:37:51.665775,PYPL,none,79329.0,98054.8,-0.1141769743101716,,0.46153846153841527,,False,False,,0.43838093364685726,0.43838093364685726,False,True,False,False
2026-09-18 14:37:51.855651,CSCO,none,75351.0,83706.33333333333,-0.08258396035970215,,0.5625000000000333,,False,True,,0.10409970936155193,0.062459825616931156,False,False,False,True
2026-09-18 14:37:52.048273,PATH,none,687112.0,376937.4,0.14825796886582338,,0.6666666666666666,,True,False,,0.12428686738432425,0.36250336320427906,True,True,False,True
2026-09-18 14:37:52.228371,DIS,none,155164.0,117122.25,-0.11669746183020961,,0.40000000000001895,,False,False,,0.20965853732495252,0.251590244789943,False,True,True,False
2026-09-18 14:37:52.409423,LUV,none,100697.0,85649.6,0.09727626459143762,,0.36363636363635776,,False,False,,0.6492737607836179,0.0927533943976597,False,False,True,False
2026-09-18 14:37:52.590245,UAA,none,90007.0,163367.2,0.0,,0.0,,False,False,,0.36169176804184816,0.36169176804184816,False,False,False,False
2026-09-18 14:37:52.776315,XP,none,134282.0,109068.4,0.34756703078450985,,0.6363636363636422,,True,False,,0.14335114175597669,0.08959446359748542,False,False,True,True
2026-09-18 14:37:52.958480,JD,none,72629.0,41621.375,-0.11156563778356689,,1.0,,False,False,,0.07652818108286691,0.12754696847144484,False,True,True,True
2026-09-18 14:37:53.150167,ABNB,none,19731.0,16729.0,0.11440269749518167,,1.0,,False,False,,0.1194013488016908,0.07164080928101449,False,False,True,True
2026-09-18 14:37:53.334633,FRSH,none,133099.0,40244.8,0.16207455429497222,,0.2857142857142857,,False,False,,0.19358797511842143,0.10324692006315811,True,True,False,False
2026-09-18 14:37:53.545670,TMO,none,17317.0,18642.375,0.2336269039824137,,0.6178861788617721,,True,False,,0.068698668614028,0.1288100036513025,False,False,True,True
2026-09-18 14:37:53.734059,HALO,none,19870.0,12743.8,0.08942144326210187,,0.27027027027029,,False,False,,0.3158448672172745,0.21056324481151634,True,True,False,False
2026-09-18 14:37:53.930267,ISRG,none,19976.0,18820.4,0.19154641808198186,,0.8152173913043841,,True,False,,0.15798012452012397,0.3949503113003099,False,True,True,True
2026-09-18 14:37:54.114670,AA,none,130339.0,58745.666666666664,-0.42401249721045486,,0.7307692307692549,,False,False,,0.11312057367037838,0.4949025098079054,False,True,True,True
2026-09-18 14:37:54.309315,ASTS,none,104514.0,103734.125,0.06859886811867458,,0.30769230769229505,,False,False,,0.3050765475635788,0.4271071665890104,True,True,True,False
2026-09-18 14:37:54.493318,NXT,none,12410.0,15785.2,-0.049670930088173665,,0.26666666666669825,,False,False,,0.3727204217095106,0.08519323924788813,False,False,False,False
2026-09-18 14:37:54.682050,STX,none,49813.0,52353.666666666664,0.26222645547442036,,0.6426512968299924,,True,False,,0.06419930588476895,0.32099652942384477,False,False,False,False
2026-09-18 14:47:54.978893,ELVN,none,5949.0,4055.0,-0.29738302934178945,,0.7142857142857287,,False,False,,0.8374162671207311,0.9769856449741863,False,False,True,True
2026-09-18 14:47:55.167362,HPQ,none,152931.0,177034.66666666666,0.0,,0.0,,False,False,,0.6078927291019897,0.7092081839523212,False,False,False,False
2026-09-18 14:47:55.355412,PYPL,none,82928.0,99101.8,0.07621951219513387,,0.3636363636364224,,False,False,,0.5050321573401271,0.5050321573401271,False,True,False,False
2026-09-18 14:47:55.542808,CSCO,none,62735.0,95595.33333333333,-0.09183579759389689,,0.7142857142856708,,False,True,,0.12852124369809867,0.0771127462188592,False,False,True,True
2026-09-18 14:47:55.725006,PATH,none,542246.0,459615.8,0.07401924500369939,,0.25,,False,False,,0.12441826292541659,0.3628866001991317,False,False,False,False
2026-09-18 14:47:55.906910,DIS,none,85828.0,126724.375,-0.09736150326160484,,0.833333333333353,,False,False,,0.24612649414689297,0.29535179297627157,False,False,True,True
2026-09-18 14:47:56.081819,LUV,none,56178.0,96757.4,-0.048590864917385866,,0.3333333333332544,,False,False,,0.47834275575372087,0.06833467939338869,False,False,True,False
2026-09-18 14:47:56.259616,UAA,none,108068.0,158780.0,-0.2012072434607603,,0.4999999999999778,,False,False,,0.3216116077212077,0.3216116077212077,False,False,True,False
2026-09-18 14:47:56.443122,XP,none,65017.0,115616.0,-0.24740227610094365,,0.8333333333333136,,False,True,,0.16716852341274582,0.10448032713296614,False,False,True,True
2026-09-18 14:47:56.628369,JD,none,105511.0,36184.375,-0.07443245254930991,,0.4999999999999556,,False,False,,0.06271165109800275,0.10451941849667126,True,True,False,False
2026-09-18 14:47:56.814888,ABNB,none,19982.0,17450.4,0.054135338345866715,,0.42857142857148656,,False,False,,0.18442480411963347,0.11065488247178007,False,False,True,True
2026-09-18 14:47:57.004111,FRSH,none,81225.0,59875.2,0.0,,0.0,,False,False,,0.1939400276498747,0.1034346814132665,False,False,False,False
2026-09-18 14:47:57.190792,TMO,none,16026.0,18840.875,0.0015331074555001618,,0.008196721311467772,,False,False,,0.0805648156396434,0.15105902932433135,False,False,False,False
2026-09-18 14:47:57.378678,HALO,none,34140.0,14389.2,0.15185350602947897,,0.5483870967741951,,False,False,,0.2447089340873504,0.1631392893915669,True,True,False,False
2026-09-18 14:47:57.566422,ISRG,none,21711.0,15281.4,0.2447605935444341,,0.6575342465753377,,True,False,,0.17034552133272338,0.42586380333180845,False,True,True,True
2026-09-18 14:47:57.753370,AA,none,201222.0,82388.66666666667,0.7397444519166068,,0.8918918918918934,,True,False,,0.17859277432468604,0.7813433876705014,False,True,True,True
2026-09-18 14:47:57.937478,ASTS,none,77284.0,101962.625,-0.03427592116538668,,0.10240655401947533,,False,False,,0.2196212703856421,0.307469778539899,False,False,False,False
2026-09-18 14:47:58.124425,NXT,none,12812.0,12466.4,-0.024847807181011334,,0.1666666666666272,,False,False,,0.3295197757415262,0.07531880588377743,False,False,False,False
2026-09-18 14:47:58.309711,STX,none,50561.0,57210.333333333336,0.27337791857327715,,0.6263440860215118,,True,False,,0.097330903702472,0.48665451851235997,False,False,False,False
2026-09-18 14:57:58.599845,ELVN,none,4387.0,5667.333333333333,0.019872813990457094,,0.07692307692306431,,False,False,,1.0549908367657943,1.2308226428934268,False,False,False,False
2026-09-18 14:57:58.789670,HPQ,none,214339.0,152866.66666666666,-0.0290528762347621,,0.07142857142860769,,False,False,,0.1162790795935984,0.13565892619253145,False,True,False,False
2026-09-18 14:57:58.978019,PYPL,none,82087.0,107211.6,-0.05712109672505928,,0.4285714285714431,,False,False,,0.4124142518956789,0.4124142518956789,False,True,False,False
2026-09-18 14:57:59.164917,CSCO,none,59588.0,83974.33333333333,0.09192866335722956,,0.6249999999999223,,False,False,,0.14688053021136058,0.08812831812681635,False,False,False,True
2026-09-18 14:57:59.350422,PATH,none,290543.0,502312.4,0.07396449704141854,,0.1999999999999929,,False,False,,0.08892844385648306,0.2593746279147423,False,False,False,False
2026-09-18 14:57:59.526145,DIS,none,117705.0,126008.375,0.36062378167641773,,0.973684210526303,,True,False,,0.25533881418767057,0.3064065770252047,False,True,True,True
2026-09-18 14:57:59.707462,LUV,none,64723.0,88506.8,0.12153621779289538,,0.3846153846153762,,False,False,,0.3753030082835102,0.053614715469072885,False,False,True,False
2026-09-18 14:57:59.896741,UAA,none,150426.0,155858.8,-0.20161290322580216,,0.5,,False,False,,0.28153177127279566,0.28153177127279566,False,False,True,False
2026-09-18 14:58:00.083045,XP,none,86661.0,118157.6,-0.09920634920634709,,0.4999999999999556,,False,False,,0.18287229057397053,0.11429518160873157,False,False,False,True
2026-09-18 14:58:00.269006,JD,none,93604.0,46600.375,0.03723008190618601,,0.3333333333334123,,False,False,,0.06970782503785695,0.11617970839642826,False,True,False,False
2026-09-18 14:58:00.457489,ABNB,none,17137.0,17933.0,0.10819258279738343,,0.8571428571428571,,False,False,,0.21328762574974927,0.12797257544984958,False,False,True,True
2026-09-18 14:58:00.642766,FRSH,none,68562.0,73239.6,0.16181229773463876,,0.5000000000000222,,False,False,,0.16976597446695824,0.09054185304904439,False,False,True,False
2026-09-18 14:58:00.820737,TMO,BUY,38811.0,17954.875,0.2607481939352933,,0.646387832699595,,True,False,,0.07027971302402335,0.13177446192004377,True,True,True,True
2026-09-18 14:58:01.008046,HALO,none,13168.0,17142.2,-0.02674035118994664,,0.11111111111111696,,False,False,,0.26073576691985756,0.17382384461323838,False,False,False,False
2026-09-18 14:58:01.192258,ISRG,none,9208.0,16890.0,0.025434937430045247,,0.13698630136981288,,False,False,,0.21195525905146828,0.5298881476286708,False,True,False,False
2026-09-18 14:58:01.376321,AA,none,178835.0,128901.33333333333,-0.37836634765190674,,0.6071428571428608,,False,False,,0.3222266765862447,1.4097417100648204,False,True,True,False
2026-09-18 14:58:01.568500,ASTS,none,82953.0,97261.125,-0.05143151037202321,,0.1463414634146409,,False,False,,0.22497045045126784,0.314958630631775,False,False,False,False
2026-09-18 14:58:01.851803,NXT,none,21888.0,11913.6,-0.02485398285074689,,0.09999999999997869,,False,False,,0.2430299857595733,0.05554971103075961,True,True,False,False
2026-09-18 14:58:02.034487,STX,none,53844.0,54404.0,-0.16843287248228583,,0.44582043343654687,,False,False,,0.12232259590306982,0.6116129795153491,False,False,False,False
2026-09-18 15:08:02.322465,ELVN,none,4898.0,5085.0,0.0198886237072355,,0.1249999999999778,,False,False,,0.7955340418177028,0.92812304878732,False,False,False,False
2026-09-18 15:08:02.506465,HPQ,none,192495.0,170697.66666666666,0.0,,0.0,,False,False,,0.08720931706057199,0.10174420323733399,False,True,False,False
2026-09-18 15:08:02.697689,PYPL,none,159872.0,112418.0,0.1714612307106045,,0.6923076923076502,,False,False,,0.3859222864598149,0.3859222864598149,True,True,True,False
2026-09-18 15:08:02.879399,CSCO,none,90127.0,65891.33333333333,0.055106539309333465,,0.46153846153844474,,False,False,,0.17756561420721906,0.10653936852433143,True,False,False,False
2026-09-18 15:08:03.066371,PATH,none,258944.0,476359.4,-0.1478196600147788,,0.5,,False,False,,0.10667992314642352,0.31114977584373527,False,False,False,False
2026-09-18 15:08:03.246860,DIS,none,130467.0,127740.75,0.038842493688087044,,0.21052631578943432,,False,False,,0.3316436440692688,0.3979723728831225,False,True,False,False
2026-09-18 15:08:03.423065,LUV,none,82114.0,76858.0,-0.07285089849441753,,0.2500000000000148,,False,True,,0.37488739835455304,0.053555342622079005,False,False,False,False
2026-09-18 15:08:03.598406,UAA,none,180887.0,171073.0,-0.8080808080808087,,0.8000000000000036,,False,True,,0.3218543519179561,0.3218543519179561,False,False,True,True
2026-09-18 15:08:03.781358,XP,none,83180.0,112482.2,-0.09930486593842887,,0.5,,False,False,,0.1748290134723962,0.10926813342024763,False,False,False,True
2026-09-18 15:08:03.966195,JD,none,68168.0,55377.75,-0.03721622627466157,,0.3333333333334123,,False,False,,0.07668846539526683,0.1278141089921114,False,True,False,False
2026-09-18 15:08:04.175002,ABNB,BUY,50967.0,19497.2,0.3902263312721413,,0.9154929577464767,,True,False,,0.263728777020366,0.15823726621221962,True,True,True,True
2026-09-18 15:08:04.367581,FRSH,none,9651.0,81839.8,-0.08077544426495607,,0.5000000000000444,,False,False,,0.21830966378734987,0.1164318206865866,False,False,True,False
2026-09-18 15:08:04.553826,TMO,none,21936.0,20125.375,-0.29073770868081245,,0.7480314960629939,,False,True,,0.09051538554764278,0.1697163479018302,False,False,True,True
2026-09-18 15:08:04.738739,HALO,none,20550.0,17450.0,-0.1604564093421348,,0.38297872340427075,,False,True,,0.21249998421349658,0.14166665614233107,True,False,False,False
2026-09-18 15:08:04.927111,ISRG,none,18876.0,16408.0,-0.0712123909560194,,0.5185185185184483,,False,False,,0.21316205966613685,0.5329051491653422,False,True,True,True
2026-09-18 15:08:05.114655,AA,none,102389.0,170132.0,-0.4466279589102341,,0.7407407407407622,,False,False,,0.4112328791410582,1.7991438462421296,False,False,True,True
2026-09-18 15:08:05.299073,ASTS,none,106686.0,96192.25,-0.20583190394510711,,0.5454545454545366,,False,False,,0.21966287395157486,0.30752802353220476,True,True,True,True
2026-09-18 15:08:05.485334,NXT,none,13663.0,14110.2,0.2239084463241605,,0.5806451612902945,,True,False,,0.13034848733289098,0.029793939961803653,False,False,False,True
2026-09-18 15:08:05.676900,STX,none,66313.0,51406.0,0.3570592367127083,,0.7702020202020238,,True,False,,0.11733954108833056,0.5866977054416528,False,True,True,True
2026-09-18 15:18:05.917137,ELVN,none,8086.0,5078.0,0.35820895522388,,0.6923076923076965,,True,False,,0.33714446703948203,0.3933352115460624,False,False,True,False
2026-09-18 15:18:06.143132,HPQ,SELL,471656.0,186588.33333333334,-0.7848837209302211,,0.8437500000000056,,False,True,,0.029052876234762104,0.03389502227388912,True,True,True,True
2026-09-18 15:18:06.323102,PYPL,none,94218.0,130791.4,-0.26621030614185315,,0.823529411764701,,False,False,,0.41296602082251277,0.41296602082251277,False,True,True,True
2026-09-18 15:18:06.511117,CSCO,none,71981.0,70816.66666666667,0.0826142830916132,,0.6923076923076671,,False,False,,0.15924733350697326,0.09554840010418396,False,False,False,True
2026-09-18 15:18:06.692086,PATH,none,463175.0,454377.2,0.0,,0.0,,False,False,,0.10657472902217283,0.31084295964800407,False,False,False,False
2026-09-18 15:18:06.873746,DIS,none,98284.0,127678.5,-0.16503252111445654,,0.809523809523787,,False,False,,0.32252961595341956,0.38703553914410344,False,True,True,True
2026-09-18 15:18:07.056025,LUV,none,61164.0,80011.2,-0.0729040097205374,,0.25,,False,True,,0.35757368355827057,0.05108195479403865,False,False,False,False
2026-09-18 15:18:07.249114,UAA,none,358176.0,125892.2,-0.20325203252032087,,0.24999999999999445,,False,False,,0.32218019095347256,0.32218019095347256,False,True,False,False
2026-09-18 15:18:07.440342,XP,none,78561.0,119665.6,-0.09940357852882492,,0.5,,False,False,,0.17478946947401358,0.10924341842125848,False,False,False,True
2026-09-18 15:18:07.631761,JD,none,107588.0,59810.0,0.0,,0.0,,False,False,,0.08366650782176588,0.13944417970294312,False,True,False,False
2026-09-18 15:18:07.822542,ABNB,none,50082.0,25377.6,-0.1315632101423268,,0.6285714285713845,,False,False,,0.4942464126044844,0.29654784756269065,True,True,True,True
2026-09-18 15:18:08.010960,FRSH,none,26946.0,80108.8,-0.32336297493936256,,0.8,,False,True,,0.2183292220063045,0.11644225173669574,False,False,True,True
2026-09-18 15:18:08.196112,TMO,none,17072.0,19758.5,-0.34998848722082837,,0.8636363636364008,,False,True,,0.10006301136875394,0.1876181463164136,False,False,True,True
2026-09-18 15:18:08.382902,HALO,none,21904.0,18878.4,-0.053557082924218756,,0.2857142857142857,,False,False,,0.2090836117913349,0.13938907452755658,True,False,False,False
2026-09-18 15:18:08.569662,ISRG,none,13964.0,17238.2,0.16287059422318015,,0.8311688311688331,,True,False,,0.16229211612523958,0.40573029031309893,False,True,True,True
2026-09-18 15:18:08.744393,AA,none,92606.0,160815.33333333334,-0.17941242431039559,,0.5714285714286077,,False,False,,0.4172636689276661,1.8255285515585389,False,False,True,False
2026-09-18 15:18:08.922737,ASTS,BUY,211302.0,94568.0,0.3975340172591248,,0.5697044334975322,,True,False,,0.219640800351718,0.3074971204924052,True,True,True,True
2026-09-18 15:18:09.104079,NXT,none,33855.0,13532.6,0.024826216484602807,,0.07407407407405653,,False,False,,0.2697103615369226,0.061648082637010895,True,True,False,False
2026-09-18 15:18:09.290362,STX,none,68111.0,56906.0,-0.14813605188262205,,0.7215909090909671,,False,False,,0.1331450046280452,0.6657250231402261,False,False,True,True
2026-09-18 15:28:09.591004,ELVN,none,18861.0,5790.333333333333,0.05948839976204866,,0.21428571428572155,,False,False,,0.39797039292157266,0.46429879174183475,False,True,False,False
2026-09-18 15:28:09.777019,HPQ,none,723001.0,292830.0,-0.6151142355008812,,0.45652173913044286,,False,False,,0.8139365971649831,0.9495926966924804,True,True,False,False
2026-09-18 15:28:09.961702,PYPL,none,128783.0,99686.8,-0.13343499809378628,,0.6363636363636422,,False,False,,0.47963238405797565,0.47963238405797565,True,True,True,False
2026-09-18 15:28:10.140295,CSCO,none,113815.0,73898.66666666667,-0.23842274186152307,,0.9285714285713923,,False,True,,0.1530996571721175,0.09185979430327049,True,False,True,True
2026-09-18 15:28:10.320598,PATH,none,391051.0,448404.0,-0.07401924500369939,,0.25,,False,False,,0.10657472902217283,0.31084295964800407,False,False,False,False
2026-09-18 15:28:10.496567,DIS,none,131482.0,114575.875,-0.23337222870479296,,0.6000000000000355,,False,False,,0.3528375757784518,0.42340509093414214,False,True,True,False
2026-09-18 15:28:10.675872,LUV,none,53654.0,72975.2,-0.024319066147855086,,0.1666666666666272,,False,False,,0.2892107788616717,0.04131582555166738,False,False,False,False
2026-09-18 15:28:10.860002,UAA,none,362318.0,177512.8,-0.20325203252032087,,0.3333333333333333,,False,False,,0.2828305974575384,0.2828305974575384,False,True,True,False
2026-09-18 15:28:11.043414,XP,none,74998.0,89540.2,0.34843205574913033,,0.8749999999999833,,True,False,,0.14286145608944872,0.08928841005590545,False,False,True,True
2026-09-18 15:28:11.226815,JD,none,73970.0,71155.0,0.0,,0.0,,False,False,,0.06974151710509333,0.11623586184182219,False,True,False,False
2026-09-18 15:28:11.416111,ABNB,none,55556.0,31579.8,-0.04791279870636193,,0.4444444444444971,,False,False,,0.47911209603173993,0.28746725761904396,True,False,True,True
2026-09-18 15:28:11.603292,FRSH,none,41796.0,63896.6,-0.24330900243308484,,0.5999999999999787,,False,True,,0.2184075813701789,0.11648404339742875,False,False,True,False
2026-09-18 15:28:11.784398,TMO,none,18656.0,19818.625,-0.19407904870459797,,0.5999999999999892,,False,False,,0.12735936140026155,0.2387988026254904,False,False,True,True
2026-09-18 15:28:11.992754,HALO,none,29370.0,21926.4,-0.23216358603445925,,0.5199999999999818,,False,True,,0.17353036538923716,0.11568691025949143,True,True,False,False
2026-09-18 15:28:12.195030,ISRG,none,13725.0,16747.0,-0.10929795129886809,,0.7166666666666509,,False,False,,0.1669979842165586,0.41749496054139645,False,True,True,True
2026-09-18 15:28:12.382338,AA,none,93212.0,124610.0,-0.1573033707865175,,0.38888888888889106,,False,False,,0.26784179489934307,1.1718078526846258,False,False,False,False
2026-09-18 15:28:12.581325,ASTS,none,109770.0,111267.125,0.1541754862687986,,0.3834042553191483,,False,False,,0.29035074248521775,0.4064910394793048,False,False,True,False
2026-09-18 15:28:12.770177,NXT,none,38027.0,18925.6,0.08685941183768851,,0.46666666666664774,,False,False,,0.24367516805008665,0.05569718126859124,True,True,False,True
2026-09-18 15:28:12.956923,STX,none,49445.0,62756.0,-0.1273304985748234,,0.28092783505152563,,False,False,,0.1122713601796027,0.5613568008980134,False,False,False,False
2026-09-18 15:38:13.256450,ELVN,none,9756.0,10615.0,-0.45580657946889414,,1.0,,False,False,,0.4375859786931642,0.5105169751420249,False,False,True,True
2026-09-18 15:38:13.438459,HPQ,none,368553.0,462384.0,0.41261420571765567,,0.7368421052631697,,False,False,,1.3999979564311023,1.6333309491696193,False,False,True,True
2026-09-18 15:38:13.622072,PYPL,none,122498.0,109577.6,0.0,,0.0,,False,False,,0.493113000706506,0.493113000706506,False,True,False,False
2026-09-18 15:38:13.805273,CSCO,none,93280.0,91974.33333333333,0.07354293068578625,,0.36363636363635776,,False,False,,0.2507623761749798,0.15045742570498788,False,False,False,False
2026-09-18 15:38:13.991303,PATH,none,317054.0,389191.8,-0.07412898443291169,,0.2,,False,False,,0.08875743529526306,0.25887585294451726,False,False,False,False
2026-09-18 15:38:14.175656,DIS,none,187934.0,117742.0,-0.14619883040934842,,0.5769230769230643,,False,False,,0.38625175859487354,0.46350211031384825,True,True,True,False
2026-09-18 15:38:14.356536,LUV,none,86253.0,63566.6,0.024324981756258843,,0.09999999999997869,,False,False,,0.23814073995116386,0.03402010570730912,True,False,False,False
2026-09-18 15:38:14.536214,UAA,none,198512.0,231975.0,0.0,,0.0,,False,False,,0.3234810039616026,0.3234810039616026,False,False,False,False
2026-09-18 15:38:14.715760,XP,none,112734.0,77683.4,-0.14880952380952944,,0.4285714285714431,,False,True,,0.14299986008378798,0.08937491255236749,False,False,False,True
2026-09-18 15:38:14.925715,JD,none,88870.0,73814.625,0.0745156482861385,,0.5,,True,False,,0.06974151710509333,0.11623586184182219,False,True,False,False
2026-09-18 15:38:15.115331,ABNB,none,48181.0,38744.8,0.16777518125711616,,0.5957446808510677,,False,False,,0.4392181567584481,0.26353089405506885,False,False,True,True
2026-09-18 15:38:15.298397,FRSH,none,35875.0,45636.0,0.1626016260162567,,0.6666666666666666,,False,False,,0.24277791581161265,0.12948155509952675,False,False,True,False
2026-09-18 15:38:15.480250,TMO,none,30852.0,20705.5,-0.037034179461462716,,0.16107382550337312,,False,False,,0.13676172474002776,0.2564282338875521,False,False,False,False
2026-09-18 15:38:15.664582,HALO,none,41218.0,23826.4,-0.026838432635535103,,0.053571428571430386,,False,False,,0.22491753678728582,0.14994502452485722,True,True,False,False
2026-09-18 15:38:15.852192,ISRG,none,22109.0,15496.8,0.14759771986971726,,0.467741935483922,,True,False,,0.14725835218861127,0.3681458804715282,False,True,True,True
2026-09-18 15:38:16.034760,AA,none,80873.0,96069.0,-0.09002925950933861,,0.3076923076923119,,False,False,,0.20889166773523926,0.9139010463416718,False,False,False,False
2026-09-18 15:38:16.218124,ASTS,none,128512.0,113041.375,0.1339772443751686,,0.41154855643041927,,False,False,,0.33316945653677277,0.46643723915148194,True,True,True,False
2026-09-18 15:38:16.403144,NXT,none,40684.0,24049.0,0.18596578229606459,,0.5000000000000236,,False,False,,0.269707105274747,0.0616473383485136,True,True,False,True
2026-09-18 15:38:16.581380,STX,none,46943.0,61289.666666666664,0.08769058086240764,,0.2293577981651389,,False,False,,0.10542096452835896,0.5271048226417948,False,False,False,False
2026-09-18 15:48:25.036078,ELVN,none,18072.0,12234.333333333334,-0.7568213503286249,,0.8837209302325647,,False,False,,0.8735039344548228,1.0190879235306267,False,False,True,True
2026-09-18 15:48:25.219161,HPQ,none,473084.0,521070.0,0.0,,0.0,,False,False,,1.812612162148758,2.114714189173551,False,False,False,False
2026-09-18 15:48:25.420554,PYPL,none,195106.0,117491.6,0.07637960664502415,,0.4444444444444181,,False,False,,0.4397593421699122,0.4397593421699122,True,True,False,False
2026-09-18 15:48:25.606976,CSCO,none,153203.0,93025.33333333333,-0.01836884643644014,,0.07999999999998408,,False,False,,0.26305330375928165,0.157831982255569,True,False,False,False
2026-09-18 15:48:25.790836,PATH,SELL,820425.0,344153.4,-0.518902891030395,,0.6363636363636422,,False,True,,0.08878377275827404,0.25895267054496596,True,True,False,True
2026-09-18 15:48:26.020441,DIS,none,174602.0,125919.5,0.37091264031234306,,0.9047619047618902,,False,False,,0.42280769605873736,0.5073692352704848,False,True,True,True
2026-09-18 15:48:26.206461,LUV,none,82949.0,69581.6,-0.07297494526879382,,0.3333333333333596,,False,True,,0.22115462173837497,0.031593517391196424,False,False,True,False
2026-09-18 15:48:26.396157,UAA,none,210918.0,250063.8,0.0,,0.0,,False,False,,0.28323955526945055,0.28323955526945055,False,False,False,False
2026-09-18 15:48:26.581151,XP,none,102124.0,87226.8,0.14903129657228584,,0.3750000000000222,,True,False,,0.12722501971716169,0.07951563732322606,False,False,False,True
2026-09-18 15:48:26.761481,JD,none,118917.0,82060.875,-0.03723008190617279,,0.3333333333332544,,False,False,,0.06977786113644804,0.11629643522741342,False,True,False,False
2026-09-18 15:48:26.937414,ABNB,none,49336.0,44384.6,-0.1794365691728042,,0.5084745762712027,,False,False,,0.5074020625051978,0.3044412375031187,False,False,True,True
2026-09-18 15:48:27.114448,FRSH,none,109614.0,36566.0,0.08116883116882943,,0.3333333333333333,,False,False,,0.29155840361648966,0.15549781526212783,True,True,True,False
2026-09-18 15:48:27.302441,TMO,none,60080.0,21633.375,0.04013894249324445,,0.21666666666665088,,False,False,,0.1384660038536712,0.25962375722563347,True,True,False,False
2026-09-18 15:48:27.519791,HALO,none,81751.0,25242.0,0.32232070910555954,,0.6428571428571392,,True,False,,0.17991211036546603,0.11994140691031067,True,True,False,False
2026-09-18 15:48:27.703808,ISRG,none,30591.0,15576.4,0.012705511650957074,,0.04854368932040067,,False,False,,0.12393926250667922,0.30984815626669804,False,True,False,False
2026-09-18 15:48:27.885279,AA,none,107293.0,88897.0,0.09015100292990567,,0.18181818181817888,,False,False,,0.1137986812283338,0.4978692303739603,False,True,False,False
2026-09-18 15:48:28.060250,ASTS,none,173442.0,111359.625,-0.2047781569965948,,0.3750000000000139,,False,False,,0.34824091254515677,0.4875372775632194,True,True,True,False
2026-09-18 15:48:28.239564,NXT,none,24421.0,29623.4,-0.1732458854102222,,0.3589743589743599,,False,True,,0.3824896878552843,0.08742621436692213,False,False,False,True
2026-09-18 15:48:28.479356,STX,none,61539.0,54833.0,0.05254185834714193,,0.24999999999996841,,False,False,,0.060526188553308845,0.30263094276654423,False,False,False,False
2026-09-18 15:58:28.822094,ELVN,none,14686.0,15563.0,-0.30096308186196963,,0.5000000000000236,,False,False,,1.2721163295595677,1.4841357178194956,False,False,True,False
2026-09-18 15:58:29.008528,HPQ,none,763556.0,521546.0,-0.14675667742881468,,0.2380952380952236,,False,False,,1.0277284412185368,1.1990165147549596,False,True,False,False
2026-09-18 15:58:29.192736,PYPL,none,196780.0,140095.4,-0.01908032818164093,,0.1666666666666272,,False,False,,0.45324029911388763,0.45324029911388763,True,True,False,False
2026-09-18 15:58:29.373372,CSCO,SELL,260142.0,120099.33333333333,-0.13777900248002725,,0.8823529411764952,,False,True,,0.220223012655833,0.1321338075934998,True,True,True,True
2026-09-18 15:58:29.553369,PATH,none,1068284.0,450129.8,0.0,,0.0,,False,False,,0.19556898731562836,0.5704095463372494,True,True,False,False
2026-09-18 15:58:29.731569,DIS,none,220700.0,135183.25,0.0486239424292494,,0.3846153846153342,,False,False,,0.4778254565616438,0.5733905478739726,True,True,True,False
2026-09-18 15:58:29.907173,LUV,BUY,187396.0,73226.8,0.5843681519357243,,0.888888888888886,,True,False,,0.1871617309715039,0.02673739013878627,True,True,True,True
2026-09-18 15:58:30.090413,UAA,none,299309.0,262162.2,0.2036659877800364,,0.5,,False,False,,0.24291697462429007,0.24291697462429007,False,False,True,False
2026-09-18 15:58:30.271183,XP,none,180931.0,90319.4,-0.2976190476190413,,0.7499999999999667,,False,True,,0.1351970112957119,0.08449813205981994,False,False,True,True
2026-09-18 15:58:30.456701,JD,none,184507.0,91157.125,0.18621973929235439,,1.0,,True,False,,0.06978564913238168,0.11630941522063613,False,True,True,True
2026-09-18 15:58:30.703571,ABNB,none,79699.0,50824.4,0.1797591227754877,,0.5660377358490768,,False,False,,0.5501484543304502,0.33008907259827014,True,False,True,True
2026-09-18 15:58:30.888011,FRSH,none,74657.0,44776.4,0.24311183144245835,,0.75,,False,False,,0.2673653636467469,0.14259486061159837,False,False,True,True
2026-09-18 15:58:31.069261,TMO,BUY,70217.0,27593.75,0.276149336624493,,0.4543147208121672,,True,False,,0.14078865719341532,0.2639787322376537,True,True,True,True
2026-09-18 15:58:31.251008,HALO,none,40662.0,38958.6,0.22317443313693985,,0.5319148936170226,,False,False,,0.28632103921508667,0.1908806928100578,True,False,False,False
2026-09-18 15:58:31.434694,ISRG,none,33803.0,19853.0,-0.08128429181060587,,0.35955056179775063,,False,False,,0.1208842003196981,0.3022105007992453,False,True,True,True
2026-09-18 15:58:31.618150,AA,none,178084.0,93792.66666666667,-0.1576576576576583,,0.23333333333333098,,False,False,,0.08999563552686982,0.3937309054300554,False,True,False,False
2026-09-18 15:58:31.799189,ASTS,none,237949.0,124307.875,0.34193879295605356,,0.5882352941176286,,False,False,,0.3908134714065245,0.5471388599691343,True,True,True,True
2026-09-18 15:58:32.002047,NXT,SELL,37800.0,30130.0,-0.17367572261506087,,0.4516129032258257,,False,True,,0.486364019646917,0.11116891877643818,True,True,False,True
2026-09-18 15:58:32.195449,STX,none,84859.0,52642.333333333336,0.5532212885154073,,0.7732463295269189,,True,False,,0.04459382296406216,0.22296911482031082,False,True,True,True
