timestamp,symbol,signal,volume,mean_volume,current_pct,price_threshold,trail_stop_pct,body_ratio,green_volume,green_price,red_price,green_body
2026-07-27 02:04:53.599363,AMAT,none,321801.0,212698.58333333334,-0.22976481796275533,0.5379240831977086,2.1516963327908343,0.202302631578949,True,False,False,False
2026-07-27 02:04:53.783126,LITE,none,161721.0,196191.6,-0.6009347874471294,1.7178933439297797,2.0614720127157358,0.488297872340418,False,False,False,True
2026-07-27 02:04:53.970604,ALAB,none,147544.0,161918.6,-0.31463563163949076,2.7546409271180554,3.0,0.15525876460768037,True,False,False,False
2026-07-27 02:04:54.163656,STX,none,445122.0,315841.73333333334,-0.046150023075023375,2.7409492565094506,2.398330599445769,0.03087885985749012,True,False,False,False
2026-07-27 02:04:54.449616,CIEN,none,117862.0,64491.083333333336,-0.42691081164488437,0.26144249677751635,2.091539974220131,0.40786240786240074,True,False,True,False
2026-07-27 02:04:54.649372,AMD,none,1047494.0,1231060.1333333333,-0.4969156956819765,1.549813042792362,3.0,0.31071428571428816,False,False,False,False
2026-07-27 02:04:54.843201,MPWR,none,41731.0,40403.73333333333,0.03460155556558773,1.9178499442167336,2.191828507676267,0.03402366863905599,False,False,False,False
2026-07-27 02:04:55.046984,SIMO,none,18966.0,29094.833333333332,-0.11833006693044158,2.1692800317523653,0.929691442179585,0.08510638297872179,False,False,False,False
2026-07-27 02:04:55.228065,BE,none,984680.0,678731.6,-1.2870286656384553,2.5882037842059966,3.0,0.6740947075208873,False,False,False,True
2026-07-27 02:04:55.408483,ISRG,none,186972.0,155687.25,0.2990023387311616,1.585848540584942,1.3876174730118243,0.612121212121194,False,False,False,True
2026-07-27 02:04:55.597510,CRDO,none,193674.0,231319.91666666666,-0.04229720838424824,1.86497123098005,2.6109597233720696,0.022388059701493487,False,False,False,False
2026-07-27 02:04:55.785228,ENTG,none,134379.0,103737.14285714286,-0.23148148148146833,0.6187888319715313,1.6501035519240836,0.18404907975459128,False,False,False,False
2026-07-27 02:04:55.978567,MXL,none,487305.0,467343.0833333333,-2.564829247555602,1.9656896770738972,2.4571120963423714,0.8379629629629588,False,False,True,True
2026-07-27 02:04:56.170709,NBIS,none,889530.0,1137536.8,-0.11430352782251721,4.872481747669149,2.92348904860149,0.08979591836734689,False,False,False,False
2026-07-27 02:04:56.367366,KLAC,none,593258.0,460487.8333333333,-0.2903102988768388,2.0414226043914807,2.0414226043914807,0.21034482758621117,False,False,False,False
2026-07-27 02:04:56.563804,AMKR,none,221727.0,295448.2,0.21892103205629485,2.5697616561144505,2.2026528480981002,0.15053763440860396,False,False,False,False
2026-07-27 02:04:56.743541,DELL,none,185945.0,223300.06666666668,-0.7761139517896223,1.5918137745009473,1.9101765294011366,0.5329153605015642,False,False,False,False
2026-07-27 02:04:56.940921,AEHR,none,128171.0,144169.46666666667,-0.4942125113798874,4.429051405697335,3.0,0.29230769230768944,False,False,False,False
2026-07-27 02:04:57.132330,MRVL,none,1067744.0,771124.75,-0.25750630890456816,0.23795669638705025,1.903653571096402,0.151515151515151,False,False,True,False
2026-07-27 02:04:57.311589,HOOD,none,786163.0,900839.2857142857,-0.49583289376517886,0.3367226792349969,1.3468907169399875,0.4895833333333429,False,False,True,False
2026-07-27 02:04:57.494607,RCL,none,110135.0,186421.8,-0.7269021739130389,2.257492909909722,1.9753062961710066,0.84920634920635,False,False,False,True
2026-07-27 02:04:57.676694,ARM,none,224807.0,231615.46666666667,-0.5592968839173498,3.351460199951705,1.6757300999758524,0.43491124260354214,False,False,False,False
2026-07-27 02:04:57.877472,NXT,none,80606.0,112948.2,0.25183842046942684,1.1571228596284806,0.6942737157770883,0.3968253968253997,False,False,False,False
2026-07-27 02:04:58.066796,INTC,none,9515775.0,7448994.9,-0.8956178697089278,3.590867537249731,3.0,0.451612903225805,False,False,False,False
2026-07-27 02:04:58.266218,APTV,none,121822.0,129642.53333333334,-0.3531073446327734,0.4508611094719407,1.0520092554345282,0.6451612903225998,False,False,False,False
2026-07-27 02:04:58.447504,APO,none,83537.0,124691.53333333334,0.45200525969756505,1.5695493926456032,0.5885810222421012,0.8333333333333334,False,False,False,True
2026-07-27 02:04:58.632146,UAL,none,105282.0,194750.5,-1.01877578513092,1.3151072194559612,0.6575536097279806,0.9527559055118091,False,False,False,True
2026-07-27 02:04:58.821072,ASTS,none,413224.0,417354.4285714286,0.1605136436597045,0.3728862470096127,2.2373174820576764,0.16901408450703342,False,False,False,False
2026-07-27 02:04:59.024151,ARWR,none,85949.0,88518.0,-0.6435901895981824,0.6601830370346542,0.6601830370346542,0.5549999999999926,False,False,False,True
2026-07-27 02:04:59.226022,GTLB,none,103162.0,159947.26666666666,-0.44900577293136806,0.2969218484626674,1.7815310907760042,0.7000000000000053,False,False,True,True
2026-07-27 02:04:59.414966,VSAT,none,41265.0,73734.2,-0.013997760358329935,1.8069734762798275,2.5297628667917587,0.02083333333331483,False,False,False,False
2026-07-27 02:04:59.600506,QNT,none,79002.0,62557.42857142857,-0.37900322152738836,0.8676817925900063,1.156909056786675,0.35087719298246095,False,False,False,False
2026-07-27 02:04:59.800742,VSH,none,165183.0,194422.33333333334,-0.10515247108306822,2.063019860711752,1.4735856147941084,0.09756097560975314,False,False,False,False
2026-07-27 02:04:59.988042,TEAM,none,176818.0,235480.2857142857,-0.06945248292626724,0.6117655577818086,1.019609262969681,0.13636363636364224,False,False,False,False
2026-07-27 02:05:00.174271,REZI,none,60892.0,82197.53333333334,-0.6580829756795535,1.1354739590961096,1.3625687509153317,0.5609756097561022,False,False,False,True
2026-07-27 02:05:00.379970,LEN,none,135574.0,114362.2,0.09502316189571006,1.5363801233024525,1.3168972485449593,0.23529411764705144,False,False,False,False
2026-07-27 02:05:00.576638,BROS,none,72742.0,79636.2,0.23393636930753503,2.2077796473831373,0.8279173677686764,0.35714285714284144,False,False,False,False
2026-07-27 02:05:00.776099,ALK,none,122871.0,153997.91666666666,-0.865800865800878,2.146709650695129,2.146709650695129,0.8510638297872481,False,False,False,True
2026-07-27 02:05:00.978529,AOSL,none,32858.0,27079.8,-1.1686670878079628,2.2168645061876076,0.9500847883661176,0.6727272727272736,False,False,False,True
2026-07-27 02:05:01.168760,CSCO,none,652979.0,660768.6666666666,0.035205069530005316,1.2030948022198578,1.2030948022198578,0.06349206349205132,True,False,False,False
2026-07-27 02:05:01.368901,DHI,none,52520.0,110972.6,0.048285852245287426,1.6365691903668924,1.4027735917430506,0.2121212121212017,False,False,False,False
2026-07-27 02:05:01.554886,A,none,46127.0,59718.42857142857,0.23096355106459268,0.23786577210706195,0.4,0.6274509803921546,False,False,False,True
2026-07-27 02:05:01.746290,MRNA,none,134367.0,199297.66666666666,0.01840603718020452,0.5246834249008467,1.8363919871529637,0.038461538461558434,False,False,False,False
2026-07-27 02:05:01.941935,AFRM,none,74825.0,145764.66666666666,-0.12704686617730576,0.29987111853218285,2.09909782972528,0.26470588235294856,False,False,False,False
2026-07-27 02:05:02.131337,MWH,none,314203.0,205225.57142857142,0.5917159763313615,2.3543514620460724,1.4714696637787952,0.296296296296297,False,False,False,False
2026-07-27 02:05:02.330396,CEVA,none,34234.0,18345.571428571428,-0.6580751302440416,0.1301394385331595,0.9109760697321165,0.4444444444444488,False,False,True,False
2026-07-27 02:05:02.520783,RIOT,none,438184.0,687615.3333333334,-0.7073386383731217,0.3829262890813099,2.2975577344878593,0.5333333333333389,False,False,True,False
2026-07-27 02:05:02.708827,CVNA,none,267902.0,333870.6666666667,-0.4491765097321511,0.27775541597715714,1.6665324958629428,0.47368421052630855,False,False,True,False
2026-07-27 02:05:02.898561,IREN,none,1493727.0,1940586.8666666667,-0.6104033970275926,0.5857062183913814,3.0,0.46938775510203934,False,False,True,False
2026-07-27 02:05:03.089583,HPE,none,338589.0,542944.9,-0.16782043213760917,1.6260580679829362,1.9512696815795234,0.25806451612903075,False,False,False,False
2026-07-27 02:05:03.270393,DAL,none,163467.0,228104.83333333334,-0.39971784622619727,1.8070515823962574,1.5811701345967253,0.9189189189189522,False,False,False,True
2026-07-27 02:05:03.454184,RBLX,none,99685.0,169942.58333333334,-0.6870705808869421,0.95503196316703,1.91006392633406,0.9166666666666634,False,False,False,True
2026-07-27 02:05:03.643094,IVZ,none,131299.0,161038.6,0.0669792364367032,1.1326029771606667,0.9438358143005555,0.2857142857142785,False,False,False,False
2026-07-27 02:05:03.833159,JOBY,none,1936397.0,2780462.2666666666,-0.8462623413258055,3.986332461571716,2.9897493461787867,0.5999999999999929,False,False,False,True
2026-07-27 10:07:47.954205,AMAT,none,651653.0,225948.41666666666,0.383722671458512,0.5543346965666918,2.217338786266767,0.3583916083915987,True,False,False,False
2026-07-27 10:07:48.148849,LITE,none,244208.0,195896.13333333333,0.5056690238217558,1.8118113088434917,2.17417357061219,0.4368600682593911,True,False,False,True
2026-07-27 10:07:48.326277,ALAB,none,693191.0,172166.53333333333,-1.2745762711864377,2.6088782161246833,3.0,0.5766871165644174,True,False,False,False
2026-07-27 10:07:48.514845,STX,none,468609.0,313384.6,0.9407360015165582,2.6568951949636164,2.324783295593164,0.8687089715536178,True,False,False,True
2026-07-27 10:07:48.700255,CIEN,BUY,195080.0,66189.25,0.9115793822952104,0.25836136799308196,2.0668909439446557,0.8914141414141263,True,True,False,True
2026-07-27 10:07:52.419158,AMD,none,1844992.0,1333251.1333333333,-0.11289273276951357,1.4823918738713757,3.0,0.10172413793104076,False,False,False,False
2026-07-27 10:07:52.613704,MPWR,none,243093.0,41178.066666666666,0.10602460372363329,1.7766453045443793,2.0304517766221477,0.07393812270581239,True,False,False,False
2026-07-27 10:07:52.800205,SIMO,none,60048.0,29712.833333333332,0.344572063727309,1.6819637069026632,0.7208415886725699,0.390756302521012,False,False,False,False
2026-07-27 10:07:52.985942,BE,none,1848841.0,772728.6,-0.26405130139568933,2.6869802340876325,3.0,0.10769230769230317,True,False,False,False
2026-07-27 10:07:53.160935,ISRG,none,308027.0,182486.41666666666,-0.4013812236224528,1.3494798171154572,1.180794839976025,0.5762711864406563,False,False,False,True
2026-07-27 10:07:53.341847,CRDO,none,546297.0,224077.66666666666,0.1971368223421673,1.7286689553003738,2.420136537420523,0.17142857142856513,False,False,False,False
2026-07-27 10:07:53.529112,ENTG,none,434230.0,111031.57142857143,-0.16228748068006796,0.6088981800804989,1.6237284802146639,0.11731843575419491,True,False,False,False
2026-07-27 10:07:53.714360,MXL,none,968206.0,448405.0,3.922138291690881,1.7608242932898683,2.2010303666123354,0.9507042253521173,False,True,False,True
2026-07-27 10:07:53.901365,NBIS,none,2582661.0,1221743.7333333334,-2.3608944357774417,4.873479405305117,2.92408764318307,0.6085790884718519,False,False,False,True
2026-07-27 10:07:54.096272,KLAC,none,1731477.0,472794.0833333333,0.6395876091833342,2.144462000357003,2.144462000357003,0.6175115207373242,True,False,False,False
2026-07-27 10:07:54.282566,AMKR,none,638751.0,297622.5,1.2940442781415626,1.9967239807088797,1.7114776977504682,0.6587301587301584,False,False,False,False
2026-07-27 10:07:54.474081,DELL,none,235030.0,235988.0,0.5286505619785348,1.7159759556569463,2.0591711467883353,0.45725646123260394,False,False,False,False
2026-07-27 10:07:54.665815,AEHR,none,310924.0,154971.06666666668,-0.33960292580982904,4.519671885676434,3.0,0.2185057567862899,False,False,False,False
2026-07-27 10:07:54.858361,MRVL,none,1740106.0,777991.75,0.1857010213556098,0.23186771528125205,1.8549417222500164,0.15450643776823317,False,False,False,False
2026-07-27 10:07:55.041933,HOOD,none,2159624.0,1029219.0,0.6362672322375488,0.31722495542332024,1.268899821693281,0.6122448979591899,False,True,False,False
2026-07-27 10:07:55.229346,RCL,none,516245.0,189192.13333333333,0.42422169004447796,2.360235145046491,2.0652057519156797,0.7005649717514247,True,False,False,True
2026-07-27 10:07:55.417686,ARM,none,575445.0,243476.86666666667,-0.6198347107438034,3.2636446637948215,1.6318223318974108,0.42519685039370175,True,False,False,False
2026-07-27 10:07:55.604571,NXT,none,317508.0,107125.3,0.5827974276527315,0.8432738784359894,0.5059643270615937,0.5225225225225213,False,False,False,True
2026-07-27 10:07:55.792171,INTC,none,16170764.0,7799812.4,-0.6885422270037661,3.556229335992515,3.0,0.3200000000000003,False,False,False,False
2026-07-27 10:07:55.981797,APTV,none,277369.0,121614.06666666667,0.19486271036315223,0.48954087736535457,1.1422620471858274,0.6470588235294019,False,False,False,False
2026-07-27 10:07:56.170019,APO,none,511273.0,129842.0,0.3354057591623125,1.677584486198728,0.629094182324523,0.5540540540540725,True,False,False,True
2026-07-27 10:07:56.359651,UAL,none,448250.0,196568.3,0.6122969640275524,0.948290464146599,0.4741452320732995,0.808988764044942,True,False,False,True
2026-07-27 10:07:56.545621,ASTS,none,1100952.0,512124.28571428574,0.10681858643403092,0.25657435751864016,1.539446145111841,0.09787928221858926,False,False,False,False
2026-07-27 10:07:56.734425,ARWR,none,202293.0,95226.57142857143,0.017522340984756225,0.9984137012059391,0.9984137012059391,0.01724137931034539,False,False,False,False
2026-07-27 10:07:56.921452,GTLB,none,325306.0,163755.66666666666,0.7729468599033766,0.30778958048517363,1.846737482911042,0.774193548387095,False,True,False,True
2026-07-27 10:07:57.100205,VSAT,none,181730.0,76197.06666666667,0.4764573991031438,1.7838279634682794,2.4973591488555913,0.40476190476190715,False,False,False,False
2026-07-27 10:07:57.289105,QNT,none,147179.0,79521.42857142857,-0.7401784019738101,0.5929254893478884,0.7905673191305178,0.5652173913043506,False,False,True,False
2026-07-27 10:07:57.477525,VSH,none,475412.0,196360.86666666667,0.47343503419252947,2.0043087589911432,1.4316491135651024,0.3829787234042499,True,False,False,False
2026-07-27 10:07:57.665928,TEAM,none,743989.0,267652.85714285716,0.4400694846554831,0.5374415282235949,0.895735880372658,0.3584905660377442,False,False,False,False
2026-07-27 10:07:57.869701,REZI,none,146163.0,81247.33333333333,-0.5470774546501519,1.262028377496024,1.5144340529952287,0.5937499999999923,True,False,False,True
2026-07-27 10:07:58.052953,LEN,none,230482.0,114762.06666666667,0.46279814880740544,1.3536417585512313,1.160264364472484,0.5652173913043506,False,False,False,True
2026-07-27 10:07:58.228522,BROS,none,257097.0,81309.86666666667,-0.37342461490585793,2.2021457391629387,0.825804652186102,0.3380281690140803,True,False,False,False
2026-07-27 10:07:58.408807,ALK,none,499470.0,161313.33333333334,0.7423580786026276,2.3801881762911212,2.3801881762911212,0.7391304347826262,True,False,False,True
2026-07-27 10:07:58.595063,AOSL,none,144807.0,27783.6,-1.502077341003512,2.322675096286816,0.9954321841229212,0.7580645161290336,True,False,False,True
2026-07-27 10:07:58.779953,CSCO,none,2296192.0,670535.0,0.4486671945104294,1.1105006810408342,1.1105006810408342,0.7500000000000157,True,False,False,True
2026-07-27 10:07:58.966391,DHI,none,231290.0,106962.13333333333,1.192774407060134,1.5033213648728865,1.2885611698910455,0.9942528735632237,True,False,False,True
2026-07-27 10:07:59.148137,A,none,167114.0,66467.0,-0.23043133866205312,0.2740396889515433,0.4,0.5517241379310108,False,False,False,True
2026-07-27 10:07:59.333691,MRNA,none,628193.0,211402.25,-0.570272259013985,0.47957567181135446,1.6785148513397405,0.5166666666666754,True,False,True,False
2026-07-27 10:07:59.521463,AFRM,none,355915.0,140722.73333333334,-0.8195563091705501,0.2907145649693118,2.0350019547851828,0.7945205479452143,False,False,True,True
2026-07-27 10:07:59.710303,MWH,none,646153.0,194177.2857142857,0.22058823529412602,2.483144200038653,1.5519651250241582,0.1333333333333386,True,False,False,False
2026-07-27 10:07:59.894640,CEVA,none,41651.0,22507.428571428572,0.35862068965517946,0.18516818572625157,1.296177300083761,0.3513513513513607,False,True,False,False
2026-07-27 10:08:00.083478,RIOT,none,1701849.0,707594.5833333334,0.22251891410770233,0.3160303837501838,1.8961823025011026,0.21739130434783213,False,False,False,False
2026-07-27 10:08:00.269428,CVNA,none,1052109.0,392633.1666666667,1.0698762955533276,0.2868251201248528,1.7209507207491166,0.9411764705882365,False,True,False,True
2026-07-27 10:08:00.456653,IREN,none,3913529.0,1996436.0666666667,-1.067805659369991,0.5646478617341432,3.0,0.597014925373137,False,False,True,True
2026-07-27 10:08:00.641429,HPE,none,1272466.0,565423.3,0.27316663164529403,1.6199204075145852,1.9439044890175021,0.38235294117645335,True,False,False,False
2026-07-27 10:08:00.826146,DAL,none,757132.0,269610.75,0.3776702466658718,1.9525571293239359,1.708487488158444,0.6274509803921546,True,False,False,True
2026-07-27 10:08:01.010882,RBLX,none,571281.0,211545.41666666666,-0.23065632208009948,1.0882328920682451,2.1764657841364903,0.2972972972972921,True,False,False,False
2026-07-27 10:08:01.191925,IVZ,none,581821.0,171573.7,0.20080321285141323,0.7827201908244295,0.6522668256870245,0.4285714285714431,True,False,False,False
2026-07-27 10:08:01.377299,JOBY,none,3660757.0,2692595.533333333,-1.2820512820512802,4.124134297517508,3.0,0.6923076923076917,False,False,False,True
2026-07-27 10:38:02.338766,AMAT,none,551841.0,257825.66666666666,-1.803513871033865,0.5563990580766071,2.2255962323064282,0.3806527723161653,True,False,True,False
2026-07-27 10:38:02.522877,LITE,SELL,310348.0,205672.73333333334,-5.131018627374138,1.8917648117942156,2.270117774153059,0.9139134481154015,True,False,True,True
2026-07-27 10:38:05.732559,ALAB,none,321020.0,169384.6,-2.781071101927435,2.7260703597152287,3.0,0.6276758409785897,True,False,True,False
2026-07-27 10:38:05.921512,STX,none,427083.0,318984.13333333336,-2.1530625357772943,2.810238023049406,2.45895827016823,0.5120866907474315,True,False,False,False
2026-07-27 10:38:06.113292,CIEN,SELL,102434.0,75040.25,-3.0758133903500857,0.3012736027145876,2.4101888217167007,0.9567307692307676,True,False,True,True
2026-07-27 10:38:08.821830,AMD,SELL,2885688.0,1391381.0,-4.398104265402842,1.4657829592745077,3.0,0.9469387755102037,True,False,True,True
2026-07-27 10:38:09.004914,MPWR,none,45628.0,38496.933333333334,0.3380597014925353,1.6380734808889836,1.8720839781588383,0.1822937625754523,False,False,False,False
2026-07-27 10:38:09.197050,SIMO,none,52582.0,29924.083333333332,-5.839416058394161,1.5941918361839624,0.6832250726502695,1.0,False,False,True,True
2026-07-27 10:38:09.385767,BE,none,1663833.0,835714.9,-2.4513148916067333,2.610877389639227,3.0,0.37875101378750875,False,False,False,False
2026-07-27 10:38:09.577765,ISRG,none,573688.0,202381.5,2.6569767441860423,1.4342567915277358,1.2549746925867689,0.8423963133640523,False,True,False,True
2026-07-27 10:38:09.775420,CRDO,none,298667.0,221766.5,-2.5120995621110804,1.5271209064009899,2.137969268961386,0.5847639484978533,False,False,True,True
2026-07-27 10:38:09.972352,ENTG,none,87930.0,114880.28571428571,-1.5157314552552934,0.650770888059218,1.7353890348245815,0.6346153846153804,False,False,True,False
2026-07-27 10:38:10.162338,MXL,none,893416.0,490095.9166666667,-6.825261965448892,2.542611339005919,3.0,0.8411867364746953,False,False,True,True
2026-07-27 10:38:10.350382,NBIS,none,1995377.0,1249797.6,-3.6801707924566567,5.248046008781025,3.0,0.6575840145322422,False,False,False,True
2026-07-27 10:38:10.532415,KLAC,none,905987.0,514370.1666666667,-1.9685039370078767,2.312520407556344,2.312520407556344,0.5000000000000017,False,False,False,False
2026-07-27 10:38:10.720484,AMKR,none,743111.0,329841.3,-4.139735303170213,2.283017606127155,1.9568722338232758,0.9087837837837873,False,False,True,True
2026-07-27 10:38:10.909926,DELL,none,464035.0,239820.2,0.309995637098433,1.7499487647932765,2.099938517751932,0.07297297297297113,True,False,False,False
2026-07-27 10:38:11.102028,AEHR,none,269229.0,157766.86666666667,-2.2085228010913336,4.463058243519549,3.0,0.5647508305647856,False,False,False,True
2026-07-27 10:38:11.306502,MRVL,none,1563722.0,815005.4166666666,-2.5211352657004786,0.22871053385703086,1.8296842708562469,0.7477611940298506,False,False,True,True
2026-07-27 10:38:11.493569,HOOD,none,1902794.0,1087647.5714285714,-0.18560527943906663,0.2501327243987096,1.0005308975948384,0.0580645161290343,False,False,False,False
2026-07-27 10:38:11.682699,RCL,none,176235.0,151999.46666666667,-1.0497990099996573,2.2522776488802383,1.9707429427702086,0.4787878787878723,False,False,False,False
2026-07-27 10:38:11.872768,ARM,none,430718.0,225457.86666666667,0.8076498152310582,3.297098564450592,1.648549282225296,0.2494117647058829,False,False,False,False
2026-07-27 10:38:12.073813,NXT,none,113054.0,116035.0,0.44901217321892123,1.0222966454389237,0.6133779872633542,0.30821917808219207,False,False,False,False
2026-07-27 10:38:12.278108,INTC,none,14683415.0,8456630.2,-1.643954142331815,3.6206206941300327,3.0,0.34782608695652045,False,False,False,False
2026-07-27 10:38:12.463181,APTV,none,55833.0,79432.6,-0.8715356458079135,0.4769474528925651,1.112877390082652,0.5555555555555565,False,False,True,False
2026-07-27 10:38:12.649063,APO,none,177743.0,121617.46666666666,1.5528455284552818,1.760116693536785,0.6600437600762943,0.6221498371335508,False,False,False,True
2026-07-27 10:38:12.832193,UAL,none,471489.0,189638.3,-0.43442622950819765,1.11263578885932,0.55631789442966,0.21370967741935495,True,False,False,False
2026-07-27 10:38:13.018487,ASTS,none,1112495.0,568418.4285714285,2.7438484687555267,0.19265586092225606,1.1559351655335364,0.4874213836477979,False,True,False,False
2026-07-27 10:38:13.201179,ARWR,none,117300.0,99107.85714285714,1.8654541214877096,0.8546040238022605,0.8546040238022605,0.5882352941176474,False,True,False,True
2026-07-27 10:38:13.386372,GTLB,none,184415.0,147410.26666666666,-0.40173053152040344,0.3221898946558945,1.9331393679353668,0.152941176470591,False,False,True,False
2026-07-27 10:38:13.573997,VSAT,none,78067.0,70484.73333333334,2.071614761970099,1.872866126718524,2.6220125774059335,0.699074074074073,False,True,False,False
2026-07-27 10:38:13.769661,QNT,none,235517.0,90112.42857142857,3.0841121495327077,0.7699085874048213,1.0265447832064283,0.47142857142857103,False,True,False,False
2026-07-27 10:38:13.960928,VSH,none,239365.0,184280.46666666667,-3.1758326878388767,1.818169902264121,1.2986927873315148,0.8785714285714272,False,False,True,True
2026-07-27 10:38:14.147824,TEAM,none,414731.0,285966.28571428574,2.8514368134916315,0.5881519800307969,0.9802533000513282,0.6658031088082922,False,True,False,True
2026-07-27 10:38:14.338292,REZI,none,33243.0,75650.86666666667,-1.0268111808328562,1.2717278160939434,1.526073379312732,0.6206896551724146,False,False,False,True
2026-07-27 10:38:14.523053,LEN,none,127149.0,96578.06666666667,-0.37204976165563003,1.4585582503398382,1.2501927860055755,0.22068965517242062,False,False,False,False
2026-07-27 10:38:14.709435,BROS,none,93190.0,69199.53333333334,0.1831781407418567,2.1235284460231836,0.7963231672586939,0.11999999999999034,False,False,False,False
2026-07-27 10:38:14.896884,ALK,none,289311.0,158367.66666666666,0.2736842105263212,2.170059728763521,2.170059728763521,0.13131313131313363,False,False,False,False
2026-07-27 10:38:15.085230,AOSL,none,20454.0,26939.6,-1.683073991743403,2.695190600079236,1.155081685748244,0.8412698412698387,False,False,False,True
2026-07-27 10:38:15.271651,CSCO,none,686443.0,671967.1666666666,-0.9988708416572496,1.2083783428109551,1.2083783428109551,0.7823129251700628,True,False,False,True
2026-07-27 10:38:15.616729,DHI,none,136595.0,75042.93333333333,0.16143135804130565,1.5623207820380367,1.3391320988897457,0.09561752988048206,True,False,False,False
2026-07-27 10:38:15.806877,A,none,90786.0,68524.85714285714,0.3488625626862343,0.3136505195728896,0.4,0.20338983050846907,False,True,False,False
2026-07-27 10:38:15.998658,MRNA,BUY,622359.0,251743.16666666666,3.826530612244887,0.3695124509274275,1.2932935782459962,0.8267716535433052,True,True,False,True
2026-07-27 10:38:18.702873,AFRM,none,195976.0,120697.8,1.7765440666204042,0.30651303202302904,2.1455912241612034,0.6881720430107535,False,True,False,True
2026-07-27 10:38:18.898612,MWH,none,70034.0,191956.0,2.420242024202421,2.169171225345713,1.3557320158410708,0.5840707964601777,False,True,False,True
2026-07-27 10:38:19.087159,CEVA,none,38185.0,27392.428571428572,-2.7755322015629242,0.1831514668129815,1.2820602676908706,0.9279279279279294,False,False,True,True
2026-07-27 10:38:19.294966,RIOT,none,1343067.0,750092.25,-0.5960264900662164,0.294064954562315,1.76438972737389,0.16071428571428337,False,False,True,False
2026-07-27 10:38:19.493032,CVNA,none,1131280.0,422383.5833333333,2.0960000000000036,0.33528537785553914,2.011712267133235,0.4924812030075203,False,True,False,False
2026-07-27 10:38:19.673096,IREN,none,3517617.0,1982471.6,-1.969656640936923,0.5607659138687031,3.0,0.4242632725604875,False,False,True,False
2026-07-27 10:38:19.855097,HPE,none,888558.0,616379.3,0.31249999999999706,1.1724299164809948,1.4069158997771938,0.10638297872340297,False,False,False,False
2026-07-27 10:38:20.038687,DAL,none,764665.0,275865.0,-0.23022907793254613,1.6431935733140282,1.4377943766497747,0.09049773755656262,True,False,False,False
2026-07-27 10:38:20.230881,RBLX,SELL,889449.0,257810.91666666666,-4.072772379574114,0.96147779763965,1.9229555952793,0.7606177606177592,True,False,True,True
2026-07-27 10:38:23.434423,IVZ,none,241112.0,195203.4,0.06581112207963005,0.8085001014872232,0.673750084572686,0.0833333333333321,False,False,False,False
2026-07-27 10:38:23.619383,JOBY,none,1858453.0,2526445.6,0.7022471910112335,4.396511492971627,3.0,0.1923076923076918,False,False,False,False
2026-07-27 11:08:24.463678,AMAT,SELL,753958.0,298304.5,-3.735763097949877,0.7261296797524156,2.9045187190096624,0.9479768786127122,True,False,True,True
2026-07-27 11:08:28.687432,LITE,none,438308.0,202168.46666666667,-1.606652783715571,2.3149818661971815,2.7779782394366177,0.653759820426484,True,False,False,True
2026-07-27 11:08:28.871875,ALAB,SELL,266877.0,160792.26666666666,-3.653571801384878,2.5045204391534015,3.0,0.9130434782608695,True,False,True,True
2026-07-27 11:08:32.073928,STX,SELL,446087.0,329132.4666666667,-4.227923627684958,3.270089344849924,2.8613281767436836,0.9422872340425513,True,False,True,True
2026-07-27 11:08:37.787405,CIEN,SELL,154415.0,85716.0,-2.44006053686642,0.4445044757944331,3.0,0.9445015416238473,True,False,True,True
2026-07-27 11:08:40.492651,AMD,SELL,2611182.0,1385904.2666666666,-3.840894226767346,1.424348021542362,3.0,0.9184834123222737,True,False,True,True
2026-07-27 11:08:40.684782,MPWR,none,50741.0,40118.46666666667,-2.1912157785405175,1.2355373494708313,1.4120426851095214,0.9162515566625071,False,False,True,True
2026-07-27 11:08:40.869645,SIMO,none,47739.0,35725.416666666664,-4.528374975789258,3.3454037688098244,1.4337444723470676,0.9629324546952187,False,False,True,True
2026-07-27 11:08:41.051191,BE,none,924609.0,960472.3,-2.313818338355581,3.04897559130254,3.0,0.8253358925143963,False,False,False,True
2026-07-27 11:08:41.237798,ISRG,none,341404.0,214310.16666666666,0.16705835716509754,1.9655648543295414,1.7198692475383488,0.1855345911949603,False,False,False,False
2026-07-27 11:08:41.424105,CRDO,none,366751.0,229419.08333333334,-4.959810874704496,1.9308467315082012,2.7031854241114814,0.8829966329966341,False,False,True,True
2026-07-27 11:08:41.610064,ENTG,none,60342.0,127860.42857142857,-3.7618529457484873,1.0122519983774687,2.6993386623399163,0.9289827255278303,False,False,True,True
2026-07-27 11:08:41.800099,MXL,none,934307.0,493195.3333333333,-3.653524128482263,3.82056951198485,3.0,0.8450704225352097,False,False,False,True
2026-07-27 11:08:41.981538,NBIS,none,1356133.0,1185101.8666666667,-0.791974656810982,4.455841539106021,2.6735049234636126,0.30612244897959145,False,False,False,False
2026-07-27 11:08:42.167997,KLAC,none,925511.0,569247.5833333334,-3.058015193303331,2.921076097212085,2.921076097212085,0.9546827794561916,False,False,True,True
2026-07-27 11:08:42.360113,AMKR,none,701668.0,377242.1,-4.963058143270152,3.624362025099569,3.0,0.9778481012658227,False,False,True,True
2026-07-27 11:08:42.550741,DELL,SELL,441104.0,238958.93333333332,-4.108239391439833,1.8047440079437265,2.165692809532472,0.8542162934730824,True,False,True,True
2026-07-27 11:08:45.250792,AEHR,none,194933.0,138184.66666666666,-2.3346597692001514,3.07238136625037,2.1945581187502645,0.7040399999999977,False,False,False,True
2026-07-27 11:08:45.439648,MRVL,none,1602396.0,919800.1666666666,-4.042124825770488,0.349678756535501,2.797430052284008,0.9513973268529796,False,False,True,True
2026-07-27 11:08:45.627610,HOOD,none,1156778.0,1229632.2857142857,-1.9111570247933827,0.2083394542156654,0.8333578168626616,0.7613168724279835,False,False,True,True
2026-07-27 11:08:45.805985,RCL,none,76144.0,143272.26666666666,-0.9501426892731377,2.1188142877970724,1.8539625018224384,0.887147335423211,False,False,False,True
2026-07-27 11:08:45.988879,ARM,none,291330.0,219122.8,-3.3218699217716714,2.3712579278253747,1.1856289639126874,0.8583984375000037,False,False,True,True
2026-07-27 11:08:46.177548,NXT,none,267650.0,144874.6,-0.9537055434134649,1.0012425424198874,0.6007455254519325,0.7499999999999944,False,False,False,True
2026-07-27 11:08:46.365808,INTC,none,12536283.0,9185646.7,-2.726473175021977,3.5148583569875123,3.0,0.8611111111111047,False,False,False,True
2026-07-27 11:08:46.552949,APTV,none,57565.0,76799.26666666666,-0.3873921465046643,0.5200835697534716,1.213528329424767,0.46808510638297746,False,False,False,False
2026-07-27 11:08:46.743931,APO,none,189634.0,123934.53333333334,-0.36017288298383454,2.217202271046626,0.8314508516424848,0.39823008849557934,False,False,False,False
2026-07-27 11:08:46.926405,UAL,none,216476.0,192266.1,-1.3003045016871024,1.2724312656524113,0.6362156328262056,0.8729281767955849,False,False,True,True
2026-07-27 11:08:47.153238,ASTS,none,645925.0,629092.8571428572,-1.3886493013627734,0.4450084525761643,2.670050715456986,0.6851063829787207,False,False,True,True
2026-07-27 11:08:47.343437,ARWR,none,91442.0,126978.57142857143,-1.3240857503152597,2.3097147016676396,2.3097147016676396,0.787428415598587,False,False,False,True
2026-07-27 11:08:47.530884,GTLB,none,131885.0,151106.8,-0.06216972334474083,0.30153279392459653,1.8091967635475792,0.05555555555556433,False,False,False,False
2026-07-27 11:08:47.717745,VSAT,none,99574.0,73478.8,-0.8609093354856074,1.37931709919473,1.9310439388726217,0.4383561643835639,False,False,False,False
2026-07-27 11:08:47.908438,QNT,none,113580.0,102165.85714285714,-3.69900271985494,1.621902795644914,2.162537060859885,0.8908296943231441,False,False,True,True
2026-07-27 11:08:48.089974,VSH,SELL,579087.0,194931.73333333334,-4.515094843708249,2.403363875243274,1.7166884823166242,0.8941798941798927,True,False,True,True
2026-07-27 11:08:50.788188,TEAM,none,287495.0,316883.28571428574,0.3883495145631062,1.34486402067013,2.2414400344502163,0.21052631578947412,False,False,False,False
2026-07-27 11:08:50.976578,REZI,none,126444.0,76138.86666666667,-1.1778224648089735,1.4579618584495018,1.7495542301394023,0.5942028985507258,True,False,False,True
2026-07-27 11:08:51.160043,LEN,none,125340.0,96369.66666666667,-0.09338158048324768,1.4020251552778462,1.201735847381011,0.23529411764705144,False,False,False,False
2026-07-27 11:08:51.348514,BROS,none,80310.0,69129.93333333333,-0.7614986293024673,1.8015022163137178,0.6755633311176441,0.6250000000000022,False,False,False,True
2026-07-27 11:08:51.536364,ALK,none,91276.0,146988.0,-0.8179530201342294,1.3992114961054216,1.3992114961054216,0.573529411764707,False,False,False,True
2026-07-27 11:08:51.722362,AOSL,none,25418.0,26978.666666666668,-3.9831606217616597,2.2689086491460433,0.9723894210625901,1.0,False,False,True,True
2026-07-27 11:08:51.909807,CSCO,none,629490.0,698767.0,-0.5525346430450758,1.5477550132496265,1.5477550132496265,0.684782608695646,True,False,False,True
2026-07-27 11:08:52.093419,DHI,none,80842.0,71770.66666666667,-0.4570814008200624,1.2365068521299407,1.0598630161113778,0.7640449438202441,False,False,False,True
2026-07-27 11:08:52.287557,A,none,51694.0,66050.0,0.2754221932304091,0.4592321795672927,0.4,0.2657342657342613,False,False,False,False
2026-07-27 11:08:52.475939,MRNA,SELL,629919.0,255723.08333333334,-1.843722563652334,0.6339316307552785,2.2187607076434746,0.8606557377049223,True,False,True,True
2026-07-27 11:08:52.661428,AFRM,none,112894.0,124393.6,-0.8727669439519986,0.3424575311418406,2.397202717992884,0.7999999999999894,False,False,True,True
2026-07-27 11:08:52.842502,MWH,none,52368.0,195015.2857142857,-1.3252148997134705,3.4084501441631785,2.1302813401019867,0.44047619047618985,False,False,False,False
2026-07-27 11:08:53.029609,CEVA,none,72056.0,40870.42857142857,-4.047685056833936,0.46070468696927397,3.0,0.9542483660130717,False,False,True,True
2026-07-27 11:08:53.219673,RIOT,none,1551190.0,756408.9166666666,-3.307865447878133,0.3066619779903573,1.839971867942144,0.8011827956989219,False,False,True,True
2026-07-27 11:08:53.407816,CVNA,none,695354.0,432006.75,-1.5977443609022604,0.33770202773805036,2.0262121664283024,0.7906976744186119,False,False,True,True
2026-07-27 11:08:53.596139,IREN,none,3076449.0,1922570.8,-3.0541604452287228,0.48356084258754184,3.0,0.9533898305084748,False,False,True,True
2026-07-27 11:08:53.783736,HPE,SELL,1914132.0,721197.6,-1.5573089700996678,1.1486648985873302,1.3783978783047963,0.555555555555555,True,False,True,True
2026-07-27 11:08:53.967717,DAL,none,196260.0,263226.75,-0.553760959852335,1.0570779481436783,0.9249432046257184,0.6400000000000053,False,False,False,True
2026-07-27 11:08:54.182554,RBLX,none,697530.0,278981.5833333333,-0.3017241379310357,1.4707206884436421,2.9414413768872842,0.09150326797385651,True,False,False,False
2026-07-27 11:08:54.391027,IVZ,none,383775.0,236724.1,-0.3617231173955917,0.7215721294099418,0.6013101078416182,0.4583333333333339,False,False,False,False
2026-07-27 11:08:54.578064,JOBY,none,1611397.0,2626262.4,-0.13966480446927076,2.939459618669432,2.204594714002074,0.09999999999999734,False,False,False,False
2026-07-27 11:38:55.420807,AMAT,none,541974.0,319979.0,0.7155811386216788,0.9568907510331224,3.0,0.3009950248756262,True,False,False,False
2026-07-27 11:38:55.600374,LITE,none,270774.0,197805.33333333334,0.890041348377589,2.5762436317091293,3.0,0.26963906581740643,True,False,False,False
2026-07-27 11:38:55.778573,ALAB,none,160893.0,161258.2,0.18052496660288117,3.047628210009655,3.0,0.046125461254612414,True,False,False,False
2026-07-27 11:38:55.968728,STX,none,533843.0,324259.8,0.06720931969232614,4.52436465849704,3.0,0.022397345499791096,True,False,False,False
2026-07-27 11:38:56.155099,CIEN,none,177862.0,88438.66666666667,0.997553683066055,0.5328498706109299,3.0,0.30305532617671443,True,True,False,False
2026-07-27 11:38:56.340726,AMD,none,2387036.0,1364065.0,0.7976092333058542,1.6432417229257648,3.0,0.2974634896233672,True,False,False,False
2026-07-27 11:38:56.626619,MPWR,none,63708.0,40816.6,1.0779044806114104,1.7492824833804193,1.9991799810061934,0.30249946592607996,False,False,False,False
2026-07-27 11:38:56.818171,SIMO,none,98158.0,41402.5,-0.41749422398767827,4.7660639631081425,2.042598841332061,0.11852704257767566,False,False,False,False
2026-07-27 11:38:57.010057,BE,none,1498249.0,1025378.8,1.5754103778781612,3.4020599247645853,3.0,0.3504901960784332,False,False,False,False
2026-07-27 11:38:57.198980,ISRG,none,250107.0,219409.41666666666,0.40143612359708225,1.8520867190747008,1.6205758791903633,0.5201465201465125,False,False,False,True
2026-07-27 11:38:57.384841,CRDO,none,323350.0,232260.41666666666,2.024674161774944,2.8267149235612195,3.0,0.47938751472320246,False,False,False,False
2026-07-27 11:38:57.566534,ENTG,none,118448.0,137274.42857142858,0.613249414992327,1.8511181010801148,3.0,0.22485207100591478,False,False,False,False
2026-07-27 11:38:57.754419,MXL,none,517750.0,486803.6666666667,2.2422232749092084,4.527369955211183,3.0,0.5220588235294126,False,False,False,False
2026-07-27 11:38:57.943368,NBIS,none,1425812.0,1134015.3333333333,-0.6008401127239833,4.443069281960738,2.6658415691764428,0.15437158469945308,False,False,False,False
2026-07-27 11:38:58.132027,KLAC,none,1016736.0,598887.6666666666,0.608721684462628,3.6145180412500055,3.0,0.22426470588235284,False,False,False,False
2026-07-27 11:38:58.312781,AMKR,none,670260.0,403083.3,1.7899358324890278,5.668519730222123,3.0,0.4840182648401842,False,False,False,False
2026-07-27 11:38:58.495386,DELL,none,369139.0,223566.46666666667,1.3594552622147886,2.41322323254729,2.8958678790567483,0.4438377535101405,True,False,False,False
2026-07-27 11:38:58.681329,AEHR,none,141462.0,133578.33333333334,2.173468692512092,3.589398661765707,2.5638561869755048,0.3913630229419695,False,False,False,False
2026-07-27 11:38:58.870720,MRVL,none,2205668.0,993437.8333333334,0.8600301010535338,0.47952036678076837,3.0,0.24960998439937523,False,True,False,False
2026-07-27 11:38:59.055371,HOOD,none,1503284.0,1270754.0,-0.9479671371392369,0.3690950226916544,1.4763800907666176,0.49723756906076816,False,False,True,False
2026-07-27 11:38:59.241410,RCL,none,66629.0,142002.46666666667,0.6200657337444462,2.3539208039956026,2.059680703496152,0.6224489795918318,False,False,False,True
2026-07-27 11:38:59.431161,ARM,none,378514.0,227857.93333333332,1.6328762842298554,3.3504184870152165,1.6752092435076082,0.4777142857142865,False,False,False,False
2026-07-27 11:38:59.617110,NXT,none,279028.0,158792.1,1.3061388526072513,1.039759953802338,0.6238559722814028,0.5349794238683101,False,True,False,True
2026-07-27 11:38:59.804312,INTC,none,13784068.0,9448188.7,1.5934003842242184,4.3057962991136485,3.0,0.4622950819672171,False,False,False,False
2026-07-27 11:38:59.993526,APTV,none,35890.0,75739.26666666666,0.760792639773531,0.5300590229093364,1.2368043867884515,0.7818181818181752,False,True,False,True
2026-07-27 11:39:00.181225,APO,none,103673.0,126818.8,-0.07228335073488347,2.268534758139266,0.8507005343022247,0.12000000000000455,False,False,False,False
2026-07-27 11:39:00.364696,UAL,none,143830.0,187304.2,0.008340283569633782,1.6416309615131754,0.8208154807565877,0.009523809523800887,False,False,False,False
2026-07-27 11:39:00.545352,ASTS,none,582947.0,639670.0,1.118490038448096,0.508209120878903,3.0,0.3662374821173118,False,True,False,False
2026-07-27 11:39:00.722800,ARWR,none,203932.0,118177.42857142857,1.2261026207217067,3.313120630985891,3.0,0.5828729281767908,False,False,False,True
2026-07-27 11:39:00.905710,GTLB,none,197262.0,156472.26666666666,1.151213441194765,0.29135891313096746,1.7481534787858046,0.7551020408163183,False,True,False,True
2026-07-27 11:39:01.090720,VSAT,none,92589.0,69976.46666666666,1.40040788579198,1.4047027712568585,1.966583879759602,0.5099009900990079,False,False,False,False
2026-07-27 11:39:01.276465,QNT,none,91577.0,103793.57142857143,0.1890001890001917,2.4105371452101076,3.0,0.0649350649350659,False,False,False,False
2026-07-27 11:39:01.461662,VSH,none,272967.0,189860.53333333333,1.6512734396865476,3.475504111549755,2.4825029368212537,0.3986486486486499,False,False,False,False
2026-07-27 11:39:01.646063,TEAM,none,280076.0,321915.14285714284,0.6233207952713576,1.2013852704015182,2.00230878400253,0.40277777777777724,False,False,False,False
2026-07-27 11:39:01.830184,REZI,none,55714.0,66491.8,1.2209302325581446,1.6507082454907904,1.9808498945889483,0.6562500000000021,False,False,False,True
2026-07-27 11:39:02.012676,LEN,none,68543.0,98139.06666666667,0.806545879602569,1.3167992635289276,1.128685083024795,0.8734177215189776,False,False,False,True
2026-07-27 11:39:02.197285,BROS,none,89499.0,70759.0,0.5062126092959017,1.8758056079864114,0.7034271029949043,0.3027522935779831,False,False,False,False
2026-07-27 11:39:02.383142,ALK,none,56359.0,139016.16666666666,-0.021146119687033223,1.5148719077518107,1.5148719077518107,0.034482758620682896,False,False,False,False
2026-07-27 11:39:02.563765,AOSL,none,16421.0,27292.466666666667,0.473132815140252,3.2995050064509877,1.4140735741932804,0.1458333333333338,False,False,False,False
2026-07-27 11:39:02.749376,CSCO,none,648097.0,678779.9166666666,0.32624988978044667,1.3611120111978972,1.3611120111978972,0.33636363636364225,True,False,False,False
2026-07-27 11:39:02.937888,DHI,none,53098.0,69024.86666666667,0.21586616297894842,1.2866809318977126,1.1028693701980394,0.48484848484847703,False,False,False,False
2026-07-27 11:39:03.122651,A,none,32500.0,65544.42857142857,0.09392384943284117,0.5608838502485601,0.4,0.16455696202531236,False,False,False,False
2026-07-27 11:39:03.310699,MRNA,none,212096.0,255892.16666666666,-0.23239184840900154,0.8146455736030427,2.8512595076106493,0.24999999999998976,False,False,False,False
2026-07-27 11:39:03.495490,AFRM,none,188224.0,124409.8,0.6043125944238398,0.36949459394135686,2.586462157589498,0.4631578947368383,False,True,False,False
2026-07-27 11:39:03.677858,MWH,none,73396.0,187337.2857142857,-0.18129079042783597,3.9704535657654523,2.481533478603408,0.08928571428570942,False,False,False,False
2026-07-27 11:39:03.864090,CEVA,none,80896.0,42106.57142857143,0.17346053772765296,0.8491732741522593,3.0,0.05263157894736416,False,False,False,False
2026-07-27 11:39:04.051068,RIOT,none,903426.0,734072.4166666666,-0.5966039467645664,0.45705310722095494,2.7423186433257296,0.22033898305084582,False,False,True,False
2026-07-27 11:39:04.231893,CVNA,none,406063.0,436155.75,0.3502069404648183,0.39703341614987936,2.382200496899276,0.40740740740740056,False,False,False,False
2026-07-27 11:39:04.417665,IREN,none,2985917.0,1888178.6666666667,0.3498460677301987,0.5709648169009649,3.0,0.11911568515342116,False,False,False,False
2026-07-27 11:39:04.600704,HPE,none,1127870.0,728357.4,0.08435259384225885,1.3297627376469168,1.5957152851763001,0.034188034188033616,False,False,False,False
2026-07-27 11:39:04.784268,DAL,none,159167.0,264366.4166666667,0.10444470233260231,1.2319351017639153,1.077943214043426,0.16666666666667104,False,False,False,False
2026-07-27 11:39:04.970761,RBLX,none,436631.0,327410.8333333333,1.4483354950281058,1.4363178332286144,2.872635666457229,0.6261682242990668,True,True,False,False
2026-07-27 11:39:05.281828,IVZ,none,412394.0,277194.2,-0.8913832948167698,0.5604823933887803,0.4670686611573169,0.8437499999999979,False,False,True,True
2026-07-27 11:39:05.467121,JOBY,none,3239151.0,2861999.533333333,0.5594405594405599,2.8961242019412388,2.172093151455929,0.25,False,False,False,False
2026-07-27 12:09:06.286091,AMAT,SELL,402221.0,345572.9166666667,-2.7222200477513847,0.9751429976359358,3.0,0.9373315363881398,True,False,True,True
2026-07-27 12:09:06.476235,LITE,none,166973.0,196826.26666666666,-2.336792675641498,2.714087154694318,3.0,0.829797730636406,False,False,False,True
2026-07-27 12:09:06.660347,ALAB,none,154194.0,157134.26666666666,-2.0770978327503484,2.8968139793039214,3.0,0.6981818181818171,True,False,False,False
2026-07-27 12:09:06.855108,STX,none,252933.0,325643.6,-1.3818236091590919,4.460269195172904,3.0,0.6234567901234558,True,False,False,False
2026-07-27 12:09:07.037531,CIEN,none,36788.0,88550.66666666667,-1.3302518072612906,0.5537127950821333,3.0,0.763888888888885,False,False,True,True
2026-07-27 12:09:07.268034,AMD,none,1514098.0,1354466.8,-1.7581518961463696,1.7005119569400786,3.0,0.7543859649122755,False,False,True,True
2026-07-27 12:09:07.459191,MPWR,none,29650.0,41152.86666666667,-2.0720510367787166,2.0016387866637646,2.2875871847585882,0.7453264697913825,False,False,True,True
2026-07-27 12:09:07.654604,SIMO,none,81355.0,46150.083333333336,-2.9264520330497774,4.788281832014774,2.0521207851491887,0.8590203106332132,False,False,False,True
2026-07-27 12:09:07.913391,BE,none,852591.0,1075437.6,-2.912147505422996,3.667207565967768,3.0,0.7979197622585458,False,False,False,True
2026-07-27 12:09:08.101997,ISRG,none,181040.0,230060.75,0.2730164091305611,2.0009002676285297,1.7507877341749634,0.5359116022099277,False,False,False,True
2026-07-27 12:09:08.286730,CRDO,none,231229.0,230990.5,-2.1341016750500583,3.2175129074848035,3.0,0.6651445966514473,False,False,False,True
2026-07-27 12:09:08.471568,ENTG,none,98576.0,141988.42857142858,-2.3267008985879376,1.8853808334472932,3.0,0.8238636363636356,False,False,True,True
2026-07-27 12:09:08.660881,MXL,none,294908.0,465234.0833333333,-1.8257775027077097,4.674481276859693,3.0,0.7329192546583808,False,False,False,True
2026-07-27 12:09:08.849611,NBIS,none,871741.0,1099140.4666666666,-1.7173122191311683,4.317929985259684,2.5907579911558103,0.8916666666666554,False,False,False,True
2026-07-27 12:09:09.035482,KLAC,none,682420.0,616878.4166666666,-2.3408053957548103,3.5994417505877387,3.0,0.8458781362007147,False,False,False,True
2026-07-27 12:09:09.243725,AMKR,none,422279.0,428895.7,-1.6760703617656787,6.371008642196318,3.0,0.759398496240601,False,False,False,True
2026-07-27 12:09:09.437129,DELL,none,146287.0,217817.2,-1.0718239853007023,2.564524014186444,3.0,0.5687500000000014,False,False,False,False
2026-07-27 12:09:09.628466,AEHR,none,98991.0,120268.66666666667,-3.5332620892332303,3.841780355972097,2.7441288256943555,0.8076335877862604,False,False,False,True
2026-07-27 12:09:09.861971,MRVL,none,1201033.0,1007110.3333333334,-1.5082072052867108,0.5134857272551321,3.0,0.6902439024390215,False,False,True,False
2026-07-27 12:09:10.050442,HOOD,none,818329.0,1276090.0,-0.11698394129533067,0.4176829567374414,1.6707318269497655,0.14666666666666592,False,False,False,False
2026-07-27 12:09:10.254279,RCL,none,166750.0,144350.53333333333,-0.259163272861916,2.3971130946103063,2.0974739577840182,0.3276595744681063,False,False,False,False
2026-07-27 12:09:10.439832,ARM,none,222240.0,226557.4,-2.3384615384615435,3.6475934617981545,1.8237967308990772,0.8260869565217392,False,False,False,True
2026-07-27 12:09:10.631283,NXT,none,138521.0,159484.9,-1.4487001389164595,1.4323454191425737,0.8594072514855443,0.7053140096618419,False,False,True,True
2026-07-27 12:09:10.818811,INTC,none,8046363.0,9658248.6,-0.7339857651245514,5.060968252023102,3.0,0.46808510638297746,False,False,False,False
2026-07-27 12:09:11.007276,APTV,none,38618.0,71632.26666666666,-0.40379213483146764,0.5378712233715116,1.255032854533527,0.6388888888889009,False,False,False,False
2026-07-27 12:09:11.193359,APO,none,112092.0,132244.26666666666,0.11256733939052871,1.8958020239116673,0.7109257589668753,0.17073170731707232,False,False,False,False
2026-07-27 12:09:11.391724,UAL,none,168631.0,197146.6,-0.10836042343918935,1.5040984028105269,0.7520492014052634,0.19999999999999127,False,False,False,False
2026-07-27 12:09:11.572352,ASTS,none,287241.0,625192.1428571428,-1.0712742980561512,0.5518320038660132,3.0,0.720930232558137,False,False,True,True
2026-07-27 12:09:11.756432,ARWR,none,51351.0,116971.57142857143,0.10897619730427172,4.061404018486092,3.0,0.1792452830188654,False,False,False,False
2026-07-27 12:09:11.940309,GTLB,none,159506.0,152638.13333333333,2.001231527093614,0.269280183305125,1.6156810998307498,0.81250000000001,False,True,False,True
2026-07-27 12:09:12.123052,VSAT,none,44837.0,70151.26666666666,-0.5762530152774147,1.6284287289582844,2.279800220541598,0.4725274725274818,False,False,False,False
2026-07-27 12:09:12.449470,QNT,none,39693.0,102896.71428571429,0.13232514177693816,2.4273890045667113,3.0,0.10144927536231958,False,False,False,False
2026-07-27 12:09:12.642471,VSH,none,175933.0,186686.2,-2.2008253094910706,3.6522205870697597,2.6087289907641145,0.8080808080808107,False,False,False,True
2026-07-27 12:09:12.838098,TEAM,none,244687.0,338053.4285714286,1.6451233842538258,1.3117887272723538,2.186314545453923,0.8020833333333359,False,True,False,True
2026-07-27 12:09:13.019921,REZI,none,76084.0,59472.53333333333,-0.45963803504741074,1.6327616870503212,1.9593140244603853,0.7619047619047764,False,False,False,True
2026-07-27 12:09:13.209719,LEN,none,92591.0,98459.66666666667,-0.25513162472457246,1.4369261340941384,1.23165097208069,0.7857142857142785,False,False,False,True
2026-07-27 12:09:13.389960,BROS,none,102292.0,74973.0,-0.09154714678059546,1.6407357202639479,0.6152758950989805,0.10909090909091379,False,False,False,False
2026-07-27 12:09:13.574514,ALK,none,78439.0,147725.25,0.021128248468212797,1.4700898760533478,1.4700898760533478,0.035714285714303844,False,False,False,False
2026-07-27 12:09:13.762582,AOSL,none,16701.0,27700.466666666667,-1.7165937394816613,3.393190952108032,1.4542246937605852,0.8793103448275915,False,False,False,True
2026-07-27 12:09:13.952308,CSCO,none,405448.0,660193.0833333334,-0.34279687087984584,1.3793312653556924,1.3793312653556924,0.41935483870967494,True,False,False,False
2026-07-27 12:09:14.138965,DHI,none,36791.0,65461.933333333334,-0.2896207988145799,1.3037830471812617,1.1175283261553672,0.7543859649123017,False,False,False,True
2026-07-27 12:09:14.335598,A,none,29742.0,62910.142857142855,-0.2960502563361951,0.5898017475380651,0.4,0.7192982456140018,False,False,False,True
2026-07-27 12:09:14.521606,MRNA,none,100763.0,250750.08333333334,0.07176175098672255,0.8012748371552746,2.8044619300434612,0.09090909090908944,False,False,False,False
2026-07-27 12:09:14.710448,AFRM,none,189152.0,124979.33333333333,0.3412969283276451,0.3845598796288678,2.6919191574020744,0.43103448275862194,False,False,False,False
2026-07-27 12:09:14.893189,MWH,none,48316.0,190803.14285714287,-0.7264802034144673,3.791241540775372,2.3695259629846075,0.6666666666666825,False,False,False,True
2026-07-27 12:09:15.084117,CEVA,none,21486.0,43445.57142857143,-1.7518667432510036,0.8013373616023735,3.0,0.7261904761904787,False,False,True,True
2026-07-27 12:09:15.268058,RIOT,none,427250.0,732480.75,-1.3844023996308292,0.43985465983921773,2.6391279590353065,0.7317073170731722,False,False,True,True
2026-07-27 12:09:15.453045,CVNA,none,303939.0,446112.4166666667,-0.03172588832486679,0.4021573056999571,2.4129438341997425,0.02898550724637114,False,False,False,False
2026-07-27 12:09:15.640419,IREN,none,1737529.0,1902494.7333333334,-1.0872595483691123,0.5704977060357324,3.0,0.5909090909090885,False,False,True,True
2026-07-27 12:09:15.830364,HPE,none,448181.0,720652.9,-1.0745891276864685,1.2146911190670997,1.4576293428805198,0.5795454545454506,False,False,False,True
2026-07-27 12:09:16.130410,DAL,none,264342.0,266853.3333333333,0.2897878752752985,1.1195973960069394,0.9796477215060719,0.5,False,False,False,False
2026-07-27 12:09:16.319095,RBLX,BUY,713436.0,333765.25,2.408868045192928,1.6887486889574448,3.0,0.904000000000002,True,True,False,True
2026-07-27 12:09:19.526155,IVZ,none,574897.0,300940.2,-0.6331222925691479,0.8573632924545391,0.7144694103787825,0.5277777777777821,False,False,False,False
2026-07-27 12:09:19.710772,JOBY,none,5327321.0,3021641.3333333335,0.8344923504867817,2.981707773406016,2.236280830054512,0.5,False,False,False,False
2026-07-27 12:39:20.621712,AMAT,none,374953.0,358445.0833333333,0.31585088619309015,1.2106497455860357,3.0,0.30367504835589715,True,False,False,False
2026-07-27 12:39:20.942559,LITE,none,152993.0,186769.06666666668,0.10512558245255273,3.092581429052377,3.0,0.09124537607891717,False,False,False,False
2026-07-27 12:39:21.212601,ALAB,none,110601.0,155861.86666666667,-0.08101340403595055,3.2600864980635884,3.0,0.05759162303665646,True,False,False,False
2026-07-27 12:39:21.627895,STX,none,255454.0,324039.0,0.5478934441715358,4.745076389519921,3.0,0.3839364518976114,True,False,False,False
2026-07-27 12:39:21.813848,CIEN,none,31860.0,89890.08333333333,0.5562523858864491,0.5822860376466951,3.0,0.5151515151515013,False,False,False,True
2026-07-27 12:39:22.083288,AMD,none,1043299.0,1318004.6666666667,0.48291078639523605,1.8687537202120947,3.0,0.4128113879003543,False,False,False,False
2026-07-27 12:39:22.412049,MPWR,none,20241.0,42018.8,1.000839165146161,2.463017452181612,2.8148770882075564,0.7733491969065953,False,False,False,True
2026-07-27 12:39:22.588361,SIMO,none,82609.0,54171.333333333336,0.27269676120153435,5.683680640673293,2.4358631317171255,0.18786127167629513,False,False,False,False
2026-07-27 12:39:22.765465,BE,none,636587.0,1104496.9,0.5533199195171077,4.079481140483638,3.0,0.26756756756757083,False,False,False,False
2026-07-27 12:39:22.951575,ISRG,none,165992.0,229804.66666666666,-0.14033512026719805,1.8972970961171782,1.660134959102531,0.3649635036496338,False,False,False,False
2026-07-27 12:39:23.137079,CRDO,none,166874.0,232553.83333333334,0.3493362611039111,3.652183206471694,3.0,0.2295081967213162,False,False,False,False
2026-07-27 12:39:23.319497,ENTG,none,75645.0,131412.14285714287,-0.1805943194877679,2.5139466585792336,3.0,0.17886178861788468,False,False,False,False
2026-07-27 12:39:23.507462,MXL,none,244737.0,461816.1666666667,-1.6251183338592634,4.782428167681455,3.0,0.8174603174603197,False,False,False,True
2026-07-27 12:39:23.784754,NBIS,none,951443.0,1064767.1333333333,0.4237978810105955,4.490369427165716,2.6942216562994297,0.16666666666666768,False,False,False,False
2026-07-27 12:39:23.970527,KLAC,none,433102.0,645737.3333333334,0.705906251587027,4.424198271106101,3.0,0.4843205574912936,False,False,False,False
2026-07-27 12:39:24.156483,AMKR,none,382579.0,442123.3,0.3374957813027385,6.869722942625669,3.0,0.2816901408450741,False,False,False,False
2026-07-27 12:39:24.432836,DELL,none,146068.0,217335.66666666666,0.41436464088398006,2.693401490792197,3.0,0.38241758241758345,False,False,False,False
2026-07-27 12:39:24.697558,AEHR,none,90174.0,118361.0,-0.08693849343469119,4.614141135262225,3.0,0.05718181818181763,False,False,False,False
2026-07-27 12:39:24.878473,MRVL,none,680714.0,1024000.0,0.4544962666378116,0.5775684935004376,3.0,0.28378378378378416,False,False,False,False
2026-07-27 12:39:25.062723,HOOD,none,707866.0,1255333.142857143,-0.39412015338729267,0.37979806149045664,1.5191922459618266,0.48051948051947047,False,False,True,False
2026-07-27 12:39:25.393628,RCL,none,138008.0,134959.4,-1.2755188122152958,1.7159734394658726,1.5014767595326384,0.9947368421052679,False,False,False,True
2026-07-27 12:39:25.672545,ARM,none,177620.0,228460.86666666667,0.37805694482730656,4.29781234274025,2.148906171370125,0.27350427350426837,False,False,False,False
2026-07-27 12:39:25.853522,NXT,none,50462.0,155687.5,0.41280708819976925,1.8290271533788351,1.0974162920273012,0.3980582524271945,False,False,False,False
2026-07-27 12:39:26.037205,INTC,none,6574705.0,9779133.1,-0.13440860215054273,5.3136635452254435,3.0,0.13043478260870037,False,False,False,False
2026-07-27 12:39:26.307979,APTV,none,18505.0,69311.26666666666,-0.5287275290800216,0.4928228831224225,1.1499200606189859,0.8333333333333465,False,False,True,True
2026-07-27 12:39:26.641642,APO,none,197901.0,137130.93333333332,-0.24100257069408512,1.6424226315765118,0.6159084868411919,0.3703703703703658,False,False,False,False
2026-07-27 12:39:26.823938,UAL,none,193745.0,197993.2,-0.5173133083020361,1.500815207911081,0.7504076039555405,0.5486725663716682,False,False,False,False
2026-07-27 12:39:27.003226,ASTS,none,265137.0,589599.5714285715,0.02620087336244641,0.6429080693056578,3.0,0.018072289156627227,False,False,False,False
2026-07-27 12:39:27.185178,ARWR,none,77794.0,115057.42857142857,-1.1814636384491868,3.6337128246509636,3.0,0.7304964539007044,False,False,False,True
2026-07-27 12:39:27.460081,GTLB,none,128029.0,141205.73333333334,-1.1761158021712712,0.3278008960209463,1.9668053761256779,0.7090909090909009,False,False,True,True
2026-07-27 12:39:27.724326,VSAT,none,66207.0,65725.0,-0.33715441672285906,1.5996208136632684,2.239469139128576,0.29069767441860483,False,False,False,False
2026-07-27 12:39:27.909532,QNT,none,21194.0,98971.28571428571,-0.5658242172765074,2.3533855806415764,3.0,0.6521739130434864,False,False,False,False
2026-07-27 12:39:28.238267,VSH,none,148158.0,188608.46666666667,0.3656821378340438,4.189167351535719,2.9922623939540847,0.302325581395355,False,False,False,False
2026-07-27 12:39:28.420561,TEAM,none,246256.0,348347.14285714284,-0.9978991596638686,1.7844899976706212,2.974149996117702,0.5757575757575805,False,False,False,True
2026-07-27 12:39:28.693301,REZI,none,11061.0,59427.666666666664,0.08658008658008987,1.443412871188777,1.7320954454265323,0.11111111111111696,False,False,False,False
2026-07-27 12:39:29.088338,LEN,none,92330.0,94439.73333333334,-0.7439265372544468,1.0288156827671184,0.8818420138003872,0.9014084507042341,False,False,False,True
2026-07-27 12:39:29.354176,BROS,none,126226.0,73843.86666666667,-0.5038937242327047,1.311841980021526,0.49194074250807224,0.4459459459459467,False,False,False,False
2026-07-27 12:39:29.540163,ALK,none,221164.0,143212.41666666666,-0.8871989860583052,1.3953601896383832,1.3953601896383832,0.6461538461538502,False,False,False,True
2026-07-27 12:39:29.810844,AOSL,none,15574.0,29483.2,-0.2737850787132043,3.7961792074122664,1.6269339460338286,0.2424242424242359,False,False,False,False
2026-07-27 12:39:30.006013,CSCO,none,488146.0,638783.5833333334,0.14995148628385085,1.4814635709541994,1.4814635709541994,0.2236842105263207,True,False,False,False
2026-07-27 12:39:30.385552,DHI,none,45115.0,63531.53333333333,-0.5200594353640485,1.0150396204339305,0.8700339603719404,0.8651685393258398,False,False,False,True
2026-07-27 12:39:30.560113,A,none,30102.0,61586.57142857143,-0.6445538818076584,0.6223451001738664,0.4,0.927083333333341,False,False,True,True
2026-07-27 12:39:30.741482,MRNA,none,88494.0,247898.66666666666,-0.6635581061692924,0.7755442480857567,2.7144048683001487,1.0,False,False,False,True
2026-07-27 12:39:31.012812,AFRM,none,99213.0,119627.0,-1.1420802175390938,0.3030823914869704,2.121576740408793,0.7118644067796683,False,False,True,True
2026-07-27 12:39:31.202346,MWH,none,221258.0,164833.7142857143,0.6954612005856562,3.8990529224418564,2.4369080765261604,0.4871794871794897,False,False,False,False
2026-07-27 12:39:31.407555,CEVA,none,16020.0,42367.857142857145,0.4087591240875929,0.9107165229030697,3.0,0.4117647058823591,False,False,False,False
2026-07-27 12:39:31.594981,RIOT,none,613339.0,740359.3333333334,-0.6083294337856928,0.47242104976470023,2.8345262985882016,0.4814814814814854,False,False,True,False
2026-07-27 12:39:31.779714,CVNA,none,236165.0,447184.1666666667,-0.158730158730161,0.35761509929247703,2.1456905957548624,0.21739130434782877,False,False,False,False
2026-07-27 12:39:32.051356,IREN,none,2041588.0,1872090.0666666667,-0.6370504002706029,0.5702023992748119,3.0,0.3323529411764694,False,False,True,False
2026-07-27 12:39:32.234310,HPE,none,340909.0,728955.1,0.5115089514066387,1.511752546329628,1.8141030555955537,0.4285714285714177,False,False,False,False
2026-07-27 12:39:32.413658,DAL,none,204974.0,268017.4166666667,-0.11556685542585729,1.123845685584317,0.9833649748862774,0.2222222222222082,False,False,False,False
2026-07-27 12:39:32.599110,RBLX,none,203094.0,343009.75,0.4785684560965395,2.0337347332291915,3.0,0.4107142857142837,False,False,False,False
2026-07-27 12:39:32.785105,IVZ,none,448272.0,337717.9,0.10063737001006756,1.082309102267768,0.9019242518898065,0.1250000000000037,False,False,False,False
2026-07-27 12:39:33.059491,JOBY,none,4635005.0,3101314.3333333335,-0.6896551724137907,2.8478920314054212,2.1359190235540657,0.5,False,False,False,False
2026-07-27 13:09:33.888064,AMAT,BUY,268462.0,369401.3333333333,1.8967798853109796,1.2314711606912783,3.0,0.8453976764968706,True,True,False,True
2026-07-27 13:09:36.593056,LITE,none,139896.0,187096.06666666668,1.040454222853093,2.9606619679504464,3.0,0.5319303338171303,False,False,False,True
2026-07-27 13:09:36.781232,ALAB,none,110433.0,160791.33333333334,2.4342638285335334,3.0797697602829883,3.0,0.7906698564593236,True,False,False,True
2026-07-27 13:09:36.984035,STX,none,195947.0,322373.2,1.8713362392905382,4.461579024104031,3.0,0.7220879652005792,True,False,False,True
2026-07-27 13:09:37.172554,CIEN,none,39739.0,89557.08333333333,0.3801352195280831,0.5638354936652787,3.0,0.30701754385964397,False,False,False,False
2026-07-27 13:09:37.363028,AMD,none,995595.0,1314757.4666666666,0.6667356869241179,1.7298474376991362,3.0,0.4316353887399512,False,False,False,False
2026-07-27 13:09:37.552455,MPWR,none,35292.0,42411.666666666664,0.6951067839675358,2.4438662808719664,2.7929900352822474,0.3953993055555617,False,False,False,False
2026-07-27 13:09:37.734185,SIMO,none,122675.0,59036.416666666664,2.801471818029778,5.6366774705009295,2.41571891592897,0.7243243243243261,False,False,False,True
2026-07-27 13:09:37.920979,BE,none,605658.0,1045594.2,1.9329037991557534,3.2037195249930095,3.0,0.65168539325843,False,False,False,True
2026-07-27 13:09:38.110587,ISRG,none,164493.0,232836.58333333334,0.6015967614978034,1.8435020662098789,1.613064307933644,0.8326848249027022,False,False,False,True
2026-07-27 13:09:38.296387,CRDO,none,190189.0,235353.0,0.9888690121248165,3.656433957646588,3.0,0.4660421545667391,False,False,False,False
2026-07-27 13:09:38.481122,ENTG,none,64132.0,83545.42857142857,0.6320801182071993,2.519438710221544,3.0,0.3532110091743178,False,False,False,False
2026-07-27 13:09:38.665962,MXL,none,337557.0,463026.5,1.8304431599229296,5.013916758799937,3.0,0.7354838709677437,False,False,False,True
2026-07-27 13:09:38.857333,NBIS,none,694454.0,1053369.8,0.5189750243269586,3.874850175058548,2.3249101050351286,0.23471882640586972,False,False,False,False
2026-07-27 13:09:39.042044,KLAC,none,665024.0,676880.3333333334,1.4779319041614158,4.6655504259491325,3.0,0.7325000000000017,False,False,False,True
2026-07-27 13:09:39.331263,AMKR,none,366860.0,457464.3,1.0425424583823852,6.458465541496949,3.0,0.6326530612244965,False,False,False,False
2026-07-27 13:09:39.519147,DELL,none,158961.0,212240.4,1.0292652848266315,2.5130220920673585,3.0,0.5564102564102524,False,False,False,False
2026-07-27 13:09:39.707198,AEHR,none,60949.0,119247.53333333334,1.8311992289687435,4.349241761132259,3.0,0.7800586510263927,False,False,False,True
2026-07-27 13:09:39.897205,MRVL,none,727109.0,1047020.75,1.3277428371767988,0.5992842250967071,3.0,0.6842105263157866,False,True,False,False
2026-07-27 13:09:40.081164,HOOD,none,798644.0,1076510.5714285714,1.7003529034327762,0.355583353605431,1.422333414421724,0.9464285714285692,False,True,False,True
2026-07-27 13:09:40.274985,RCL,none,108621.0,126200.66666666667,0.2904989747094893,2.0671633329321515,1.8087679163156325,0.20987654320986754,False,False,False,False
2026-07-27 13:09:40.469380,ARM,none,224408.0,232779.86666666667,1.3209470053308265,4.145390759289059,2.0726953796445295,0.5881326352530559,False,False,False,True
2026-07-27 13:09:40.656023,NXT,none,40582.0,140904.8,1.2019230769230798,1.7832740259207909,1.0699644155524743,0.7361963190184087,False,False,False,True
2026-07-27 13:09:40.841024,INTC,none,5098270.0,9668827.8,1.5032533094009461,4.631024063755413,3.0,0.6943005181347144,False,False,False,True
2026-07-27 13:09:41.031892,APTV,none,30351.0,66628.2,0.4782146652497273,0.5497905353117788,1.2828445823941506,0.6923076923076811,False,False,False,False
2026-07-27 13:09:41.228646,APO,none,131728.0,132422.86666666667,0.04025116728384894,1.5221389618415277,0.570802110690573,0.06666666666666288,False,False,False,False
2026-07-27 13:09:41.414563,UAL,none,164379.0,210572.2,0.7887891247797245,1.5188693607227353,0.7594346803613676,0.7966101694915285,False,False,False,True
2026-07-27 13:09:41.598286,ASTS,none,182943.0,459521.28571428574,0.44557050497991013,0.6348462979984995,3.0,0.3355704697986603,False,False,False,False
2026-07-27 13:09:41.784558,ARWR,none,71270.0,94657.28571428571,0.7607875021778282,4.564865862622508,3.0,0.7705882352941241,False,False,False,True
2026-07-27 13:09:41.974939,GTLB,none,149796.0,141482.66666666666,1.1588899054589892,0.3363011254263287,2.017806752557972,0.9047619047619072,False,True,False,True
2026-07-27 13:09:42.163887,VSAT,none,32221.0,58039.0,0.08125677139761954,1.477855228642653,2.0689973200997143,0.07692307692307973,False,False,False,False
2026-07-27 13:09:42.350397,QNT,none,47018.0,82596.57142857143,0.3224582701062248,2.3010793252323856,3.0,0.16831683168317033,False,False,False,False
2026-07-27 13:09:42.537868,VSH,none,113578.0,190978.4,1.2331838565022357,4.065402421660103,2.9038588726143595,0.6027397260273967,False,False,False,False
2026-07-27 13:09:42.721696,TEAM,none,263470.0,277933.5714285714,0.43487484089944484,1.9518389001731369,3.0,0.3796296296296271,False,False,False,False
2026-07-27 13:09:42.910103,REZI,none,69201.0,57508.46666666667,1.152405646787665,1.3722762094672354,1.6467314513606823,0.7999999999999972,False,False,False,True
2026-07-27 13:09:43.107589,LEN,none,58007.0,92031.13333333333,0.19908654409181603,1.0202994747957166,0.8745424069677572,0.3541666666666673,False,False,False,True
2026-07-27 13:09:43.296569,BROS,none,68766.0,74613.73333333334,0.337682271680735,1.3069727442634806,0.49011477909880524,0.4680851063829633,False,False,False,False
2026-07-27 13:09:43.478909,ALK,none,48730.0,139200.83333333334,0.8953314858239219,1.5038704290298437,1.5038704290298437,0.8749999999999963,False,False,False,True
2026-07-27 13:09:43.767645,AOSL,none,46347.0,29354.533333333333,1.961459050240882,3.6501793380977414,1.5643625734704607,0.8906249999999997,False,False,False,True
2026-07-27 13:09:43.957709,CSCO,none,290012.0,620450.0,0.31698511930968887,1.4994273587450493,1.4994273587450493,0.4864864864865083,False,False,False,False
2026-07-27 13:09:44.142773,DHI,none,64333.0,63109.933333333334,0.2104120002714816,0.9824247061120153,0.8420783195245846,0.2980769230769002,False,False,False,False
2026-07-27 13:09:44.322882,A,none,40152.0,42199.42857142857,0.26975794692330457,0.8294063717466691,0.4976438230480014,0.6727272727273018,False,False,False,True
2026-07-27 13:09:44.508029,MRNA,none,88637.0,248407.41666666666,0.9202453987730025,0.8070376733815854,2.824631856835549,0.7083333333333317,False,True,False,True
2026-07-27 13:09:44.697769,AFRM,none,100742.0,122249.13333333333,0.7700770077007733,0.3082389830331757,2.15767288123223,0.7777777777777821,False,True,False,True
2026-07-27 13:09:44.882343,MWH,none,49976.0,84517.57142857143,0.9094216078574028,4.27895129467508,2.6743445591719253,0.6410256410256401,False,False,False,True
2026-07-27 13:09:45.069663,CEVA,none,32736.0,44495.142857142855,1.0730858468677626,0.9157303663463111,3.0,0.5000000000000095,False,True,False,False
2026-07-27 13:09:45.266602,RIOT,none,410257.0,755951.0833333334,1.0588235294117714,0.4811267094696171,2.886760256817703,0.7258064516129108,False,True,False,True
2026-07-27 13:09:45.535997,CVNA,none,264331.0,458426.0,1.033715012722644,0.34143718846963045,2.0486231308177825,0.6770833333333313,False,True,False,False
2026-07-27 13:09:45.722684,IREN,none,1330452.0,1900341.6,1.958002270147553,0.5427292857717061,3.0,0.8625000000000003,False,True,False,True
2026-07-27 13:09:45.911898,HPE,none,428798.0,730932.4,0.423908435777878,1.296495616823012,1.5557947401876142,0.31746031746032427,False,False,False,False
2026-07-27 13:09:46.096318,DAL,none,386077.0,277822.0,0.647998148576721,1.0394297122525016,0.9095009982209389,0.8888888888888788,False,False,False,True
2026-07-27 13:09:46.279323,RBLX,none,205962.0,348233.0,0.5177055290950507,2.0543075352813083,3.0,0.49019607843137447,False,False,False,False
2026-07-27 13:09:46.467663,IVZ,none,509224.0,369859.0,-0.03350083752094326,1.007810004947383,0.839841670789486,0.04347826086957193,False,False,False,False
2026-07-27 13:09:46.650617,JOBY,none,4879821.0,3140678.533333333,0.9708737864077709,2.8458232136608754,2.1343674102456567,0.5384615384615411,False,False,False,False
2026-07-27 14:09:58.327969,AMAT,none,114551.0,369967.9166666667,-0.15683627484067492,1.3173638695521266,3.0,0.27430555555554337,False,False,False,False
2026-07-27 14:09:58.513212,LITE,none,119189.0,181094.26666666666,-0.4177797987836149,3.0679553896598533,3.0,0.48355263157895306,False,False,False,True
2026-07-27 14:09:58.697706,ALAB,none,68271.0,159809.73333333334,-0.9056986559431947,3.602149059724737,3.0,0.692520775623277,False,False,False,False
2026-07-27 14:09:58.896715,STX,none,102615.0,304317.4,0.05374395380519066,5.077857209186359,3.0,0.06342182890854745,False,False,False,False
2026-07-27 14:09:59.175935,CIEN,none,31238.0,86791.08333333333,-0.21244144242292992,0.55697367159451,3.0,0.34513274336284633,False,False,False,False
2026-07-27 14:09:59.365002,AMD,none,796153.0,1295802.8,-0.6870434368727093,1.772351241179171,3.0,0.7019027484143806,False,False,False,True
2026-07-27 14:09:59.554058,MPWR,none,13730.0,42712.86666666667,-0.4977096211156906,2.5823761920220942,2.951287076596679,0.7067099567099531,False,False,False,True
2026-07-27 14:09:59.883961,SIMO,none,29990.0,58884.5,-0.6766177314852807,6.492775263220982,2.7826179699518496,0.5574324324324382,False,False,False,True
2026-07-27 14:10:00.073383,BE,none,390910.0,935920.1,-0.7432283637965175,3.2893025394853406,3.0,0.4560810810810779,False,False,False,False
2026-07-27 14:10:00.347209,ISRG,none,145206.0,228219.16666666666,0.18996005251835346,2.0190567441120715,1.7666746510980627,0.45945945945942,False,False,False,False
2026-07-27 14:10:00.618184,CRDO,none,153688.0,243438.0,-0.6045117216297192,3.538899414052483,3.0,0.5466666666666621,False,False,False,True
2026-07-27 14:10:00.803167,ENTG,none,43084.0,76295.42857142857,-0.20572745227123107,1.3632996682816878,3.0,0.32051282051282004,False,False,False,False
2026-07-27 14:10:01.075545,MXL,none,123290.0,444578.9166666667,-0.4916732751784222,5.214019995877081,3.0,0.3604651162790644,False,False,False,False
2026-07-27 14:10:01.261474,NBIS,none,405675.0,1011983.6666666666,-0.4845222072678362,3.461962990815998,2.0771777944895984,0.47619047619048266,False,False,False,False
2026-07-27 14:10:01.637461,KLAC,none,432605.0,710522.1666666666,-0.4475060337892128,5.137336882095809,3.0,0.6013513513513463,False,False,False,False
2026-07-27 14:10:01.823255,AMKR,none,168283.0,458443.3,-0.5538771399798562,7.06165966379448,3.0,0.8249999999999986,False,False,False,True
2026-07-27 14:10:02.014697,DELL,none,92588.0,200588.26666666666,-0.34751773049646034,2.385671187442412,2.8628054249308943,0.48355263157895306,False,False,False,False
2026-07-27 14:10:02.200379,AEHR,none,44770.0,117084.6,-0.2970601290675059,4.894768181234689,3.0,0.30208333333333537,False,False,False,False
2026-07-27 14:10:02.528371,MRVL,none,329050.0,1040280.1666666666,-0.5839807125636236,0.6259935708704414,3.0,0.7315436241610717,False,False,False,True
2026-07-27 14:10:02.710544,HOOD,none,414197.0,760164.7142857143,-0.31742672733045324,0.37693726051252835,1.5077490420501134,0.5357142857143038,False,False,False,False
2026-07-27 14:10:02.903192,RCL,none,103019.0,129439.33333333333,-0.4824306292127034,2.134495831738698,1.8676838527713608,0.6025641025640954,False,False,False,True
2026-07-27 14:10:03.091874,ARM,none,95598.0,230209.6,-0.37746023186843514,4.243527803660347,2.1217639018301737,0.3843137254902015,False,False,False,False
2026-07-27 14:10:03.278738,NXT,none,72917.0,137473.4,0.18005401620486827,2.369475324642894,1.4216851947857363,0.15929203539823678,False,False,False,False
2026-07-27 14:10:03.469742,INTC,none,3027470.0,8715582.8,-0.0445732114998797,4.9044040717789,3.0,0.07272727272725864,False,False,False,False
2026-07-27 14:10:03.664860,APTV,none,27028.0,63897.333333333336,0.49487451396253296,0.6091956401657587,1.4214564937201035,0.7000000000000053,False,False,False,True
2026-07-27 14:10:03.866233,APO,none,81298.0,135319.46666666667,-0.4350628424105754,1.1756376912391067,0.44086413421466497,0.7605633802816905,False,False,False,True
2026-07-27 14:10:04.051100,UAL,none,68001.0,205689.8,-0.21673891297098277,1.4636199853463991,0.7318099926731996,0.3291139240506188,False,False,False,False
2026-07-27 14:10:04.237861,ASTS,none,162147.0,260561.7142857143,-0.7337526205450763,0.30786368618747617,1.847182117124857,0.7368421052631605,False,False,True,True
2026-07-27 14:10:04.578294,ARWR,none,19054.0,70558.71428571429,-0.555116738297137,3.1938856483893447,3.0,0.6926086956521839,False,False,False,True
2026-07-27 14:10:04.769402,GTLB,none,253114.0,154028.93333333332,0.0,0.3347892939745124,2.008735763847074,0.0,False,False,False,False
2026-07-27 14:10:04.958004,VSAT,none,46004.0,57298.86666666667,-1.5326190153262031,1.4598860834355443,2.043840516809762,0.9040000000000077,False,False,True,True
2026-07-27 14:10:05.143807,QNT,none,39951.0,45977.857142857145,-1.3816925734024157,0.744431320391012,0.9925750938546827,0.9599999999999985,False,False,True,True
2026-07-27 14:10:05.330369,VSH,none,83881.0,192185.46666666667,-0.22271714922048522,4.394167558842009,3.0,0.44444444444443565,False,False,False,False
2026-07-27 14:10:05.515918,TEAM,none,216262.0,242838.85714285713,0.5223023085762039,1.4430650737984112,2.4051084563306855,0.5319148936170226,False,False,False,True
2026-07-27 14:10:05.706230,REZI,none,9155.0,53716.666666666664,0.028669724770636496,1.5723706483028412,1.8868447779634097,0.05263157894735858,False,False,False,False
2026-07-27 14:10:05.911483,LEN,none,64271.0,93495.73333333334,0.07040600797935025,1.0921451597044387,0.9361244226038046,0.23076923076924757,False,False,False,False
2026-07-27 14:10:06.129022,BROS,none,66014.0,92780.46666666666,0.2148227712137495,1.3344417083415594,0.5004156406280847,0.5185185185185283,False,False,False,False
2026-07-27 14:10:06.400018,ALK,none,58155.0,135831.08333333334,-0.42345966546685526,1.710868745107875,1.710868745107875,0.5882352941176409,False,False,False,True
2026-07-27 14:10:06.586676,AOSL,none,9723.0,29949.6,0.13563919972873076,4.163187582122335,1.7842232494810006,0.2222222222222376,False,False,False,False
2026-07-27 14:10:06.933325,CSCO,none,240844.0,614588.5,0.14103129131775813,1.493345754922442,1.493345754922442,0.25806451612903075,False,False,False,False
2026-07-27 14:10:07.130345,DHI,none,41529.0,64246.26666666667,0.06788866259334304,1.0787878020566006,0.9246752589056577,0.24390243902437841,False,False,False,False
2026-07-27 14:10:07.308278,A,none,26397.0,33031.0,0.02174385736029654,0.7392762812203777,0.4435657687322266,0.06818181818182112,False,False,False,False
2026-07-27 14:10:07.581375,MRNA,none,168412.0,254578.66666666666,-0.9437321937321832,0.8686478000698064,3.0,0.638554216867464,False,False,True,False
2026-07-27 14:10:07.877646,AFRM,none,79276.0,121521.6,-0.13721185510427322,0.3000598816028915,2.1004191712202402,0.21739130434780995,False,False,False,False
2026-07-27 14:10:08.060823,MWH,none,96468.0,90838.85714285714,0.8276358402303002,2.154267185972436,1.3464169912327726,0.6571428571428557,False,False,False,True
2026-07-27 14:10:08.244913,CEVA,none,6851.0,35663.142857142855,-0.4599022707674521,0.3693459111367169,2.5854213779570183,0.7619047619047425,False,False,True,True
2026-07-27 14:10:08.523860,RIOT,none,297033.0,744590.6666666666,0.09416195856875295,0.5083711717700784,3.0,0.12121212121214078,False,False,False,False
2026-07-27 14:10:08.788308,CVNA,none,372218.0,468070.8333333333,0.20524155352067483,0.3742062227705219,2.2452373366231315,0.26530612244897306,False,False,False,False
2026-07-27 14:10:08.976758,IREN,none,843967.0,1853268.8,-0.09808042594928876,0.5378219049817825,3.0,0.08538667967797917,False,False,False,False
2026-07-27 14:10:09.166004,HPE,none,295569.0,729974.8,0.0,1.6011827154225795,1.9214192585070953,0.0,False,False,False,False
2026-07-27 14:10:09.493608,DAL,none,125658.0,287815.6666666667,-0.3456619426201306,1.1983252384699863,1.048534583661238,0.7500000000000444,False,False,False,True
2026-07-27 14:10:09.761783,RBLX,none,165556.0,358118.0833333333,-0.43218769294093606,2.037422888625247,3.0,0.6,False,False,False,False
2026-07-27 14:10:10.037863,IVZ,none,192653.0,378572.8,-0.5011693952555917,0.9455576662087989,0.7879647218406658,0.6521739130434708,False,False,False,True
2026-07-27 14:10:10.223967,JOBY,none,6021061.0,3337424.933333333,-0.41436464088398134,2.627142190390565,1.970356642792924,0.6000000000000071,True,False,False,True
2026-07-27 14:40:12.397140,AMAT,none,101403.0,363882.0,0.8251645358200898,1.2813842374190232,3.0,0.866388308977027,False,False,False,True
2026-07-27 14:40:12.877906,LITE,none,74728.0,179419.46666666667,0.6502210181092342,3.03917457079646,3.0,0.8382352941176495,False,False,False,True
2026-07-27 14:40:13.084597,ALAB,none,41884.0,159822.53333333333,1.2796139221994736,3.6881640921443313,3.0,0.918635170603674,False,False,False,True
2026-07-27 14:40:13.308442,STX,none,143048.0,294598.13333333336,0.7303279609493043,5.005961354593155,3.0,0.6923076923076913,False,False,False,False
2026-07-27 14:40:13.504250,CIEN,none,37173.0,82634.16666666667,1.0861259687807057,0.5513040845320355,3.0,0.8396624472573861,False,True,False,True
2026-07-27 14:40:13.686548,AMD,none,619046.0,1302999.4,0.7251812953238348,1.8380485414226981,3.0,0.8426150121065429,False,False,False,True
2026-07-27 14:40:13.912942,MPWR,none,10009.0,42939.46666666667,0.9574248256966387,2.677110454721734,3.0,0.9992012779552542,False,False,False,True
2026-07-27 14:40:14.113424,SIMO,none,25275.0,60885.0,-0.17768595041322596,6.639564277354304,2.845527547437559,0.15693430656934665,False,False,False,False
2026-07-27 14:40:14.299437,BE,none,453233.0,801745.7,2.6756966803597324,3.409096805085548,3.0,0.8992537313432853,False,False,False,True
2026-07-27 14:40:14.484060,ISRG,none,144837.0,225066.33333333334,0.06133088009813702,2.070193839926408,1.8114196099356072,0.26506024096389336,False,False,False,False
2026-07-27 14:40:14.681869,CRDO,none,121540.0,237962.58333333334,1.3712871287128763,3.4790421250819117,3.0,0.9719298245614091,False,False,False,True
2026-07-27 14:40:14.867654,ENTG,none,51641.0,70306.42857142857,1.6903034300791533,1.241043079465359,3.0,0.9192825112107594,False,True,False,True
2026-07-27 14:40:15.054389,MXL,none,176062.0,448229.0833333333,0.860420650095601,5.14110254535409,3.0,0.6666666666666637,False,False,False,False
2026-07-27 14:40:15.238915,NBIS,none,276057.0,1000394.5333333333,1.3367970990961728,3.2274248031179593,1.9364548818707754,0.7791798107255548,False,False,False,True
2026-07-27 14:40:15.443118,KLAC,none,356422.0,714594.5833333334,1.0556088691348064,5.072194512077074,3.0,0.8393574297188834,False,False,False,True
2026-07-27 14:40:15.628661,AMKR,none,274606.0,411460.8,1.4852320675105528,6.7378365408487335,3.0,0.946236559139788,False,False,False,True
2026-07-27 14:40:15.827189,DELL,none,103126.0,201836.0,0.5029655990510093,2.449050971765515,2.938861166118618,0.5564304461942265,False,False,False,False
2026-07-27 14:40:16.013307,AEHR,none,31943.0,116786.33333333333,1.4301583844593386,4.82368126221421,3.0,0.7850375939849636,False,False,False,True
2026-07-27 14:40:16.209704,MRVL,none,375289.0,1025760.25,0.7221383918948068,0.6390080511885472,3.0,0.8589743589743599,False,True,False,True
2026-07-27 14:40:16.401052,HOOD,none,422780.0,607259.4285714285,0.4351979619997992,0.31388321953165,1.2555328781266,0.7735849056603961,False,True,False,True
2026-07-27 14:40:16.672425,RCL,none,54766.0,128537.13333333333,-0.13063806380637907,2.2642357466565084,1.9812062783244448,0.3275862068965407,False,False,False,False
2026-07-27 14:40:16.867433,ARM,none,111053.0,229785.93333333332,0.8774981638254211,4.337904134813177,2.1689520674065883,0.9497907949790773,False,False,False,True
2026-07-27 14:40:17.049592,NXT,none,48324.0,109043.9,1.1980830670926546,2.243618008565437,1.346170805139262,0.8108108108108105,False,False,False,True
2026-07-27 14:40:17.233779,INTC,none,3052671.0,7404265.1,0.63523905048478,4.582419564026956,3.0,0.6951219512195097,False,False,False,True
2026-07-27 14:40:17.428160,APTV,none,54643.0,63933.6,0.12310939148786543,0.6359215152479439,1.4838168689118691,0.269230769230765,False,False,False,False
2026-07-27 14:40:17.622478,APO,none,83068.0,137267.66666666666,0.396472206489194,1.2335922500375032,0.46259709376406366,0.6999999999999899,False,False,False,True
2026-07-27 14:40:17.809546,UAL,none,79926.0,169243.0,-0.1837928153717618,1.3152857162001854,0.6576428581000927,0.3142857142857114,False,False,False,False
2026-07-27 14:40:17.995191,ASTS,none,253395.0,201065.14285714287,0.8980454305335411,0.2693899443971742,1.6163396663830452,0.6845637583892549,False,True,False,True
2026-07-27 14:40:18.178173,ARWR,none,18259.0,46395.28571428572,0.6073347348750245,2.657096942449689,2.657096942449689,0.852459016393417,False,False,False,True
2026-07-27 14:40:18.359688,GTLB,none,148874.0,156798.66666666666,1.1124473842453535,0.3261072311163777,1.956643386698266,1.0,False,True,False,True
2026-07-27 14:40:18.545230,VSAT,none,23328.0,56294.73333333333,1.4855570839064625,1.749292688645085,2.4490097641031188,0.9230769230769202,False,False,False,True
2026-07-27 14:40:18.725603,QNT,none,50357.0,38095.857142857145,0.34999027804783145,1.1022390357116794,1.4696520476155723,0.31578947368420984,False,False,False,False
2026-07-27 14:40:18.920304,VSH,none,44732.0,191246.2,0.8363534987454817,4.364062961402437,3.0,0.8571428571428833,False,False,False,True
2026-07-27 14:40:19.100984,TEAM,none,257135.0,243705.14285714287,0.7901850696610426,1.412759527789865,2.3545992129831084,0.8837209302325482,False,False,False,True
2026-07-27 14:40:19.289239,REZI,none,43521.0,52217.4,0.6884681583476822,1.4908670015697336,1.7890404018836805,0.888888888888886,False,False,False,True
2026-07-27 14:40:19.492285,LEN,none,59541.0,90365.66666666667,-0.23457658925639552,1.063285544792308,0.9113876098219783,0.6060606060606178,False,False,False,True
2026-07-27 14:40:19.678095,BROS,none,275954.0,92986.13333333333,0.6737099984688374,1.3148328588585787,0.493062322071967,0.6470588235294019,True,False,False,True
2026-07-27 14:40:19.870374,ALK,none,52581.0,135952.83333333334,-0.6167588260314892,1.7910303733226378,1.7910303733226378,0.6444444444444645,False,False,False,True
2026-07-27 14:40:20.062135,AOSL,none,17994.0,35145.13333333333,1.318904294893475,4.055732154817707,1.738170923493303,0.9285714285714262,False,False,False,True
2026-07-27 14:40:20.260705,CSCO,none,447219.0,612370.75,0.4841123140568587,1.503927141535916,1.503927141535916,0.8461538461538529,True,False,False,True
2026-07-27 14:40:20.471733,DHI,none,31538.0,64841.13333333333,-0.12210012210010746,1.0619130682806686,0.9102112013834301,0.5454545454545063,False,False,False,False
2026-07-27 14:40:20.650572,A,none,45082.0,33938.142857142855,0.0,0.7031862851841053,0.4219117711104632,0.0,False,False,False,False
2026-07-27 14:40:20.836937,MRNA,none,141215.0,256357.41666666666,0.16195789094834678,0.9519651874916711,3.0,0.3599999999999852,False,False,False,False
2026-07-27 14:40:21.025292,AFRM,none,74335.0,124696.4,0.3985158719252525,0.29078686778475576,2.0355080744932903,0.7073170731707529,False,True,False,True
2026-07-27 14:40:21.203668,MWH,none,71673.0,87915.85714285714,0.7859949982136564,2.6713432258144074,1.6695895161340046,0.6875000000000145,False,False,False,True
2026-07-27 14:40:21.450569,CEVA,none,40986.0,29965.285714285714,0.6647398843930545,0.3979900844406968,2.7859305910848775,0.5749999999999942,False,True,False,False
2026-07-27 14:40:21.638617,RIOT,none,279011.0,732238.9166666666,1.152398871119461,0.4823167999116559,2.893900799469935,0.8909090909090747,False,True,False,True
2026-07-27 14:40:21.830462,CVNA,none,256671.0,450429.9166666667,0.07877737513786713,0.36457440124231144,2.1874464074538684,0.11627906976745185,False,False,False,False
2026-07-27 14:40:22.015558,IREN,none,636845.0,1820244.7333333334,0.8695652173913108,0.5296657489998007,3.0,0.8611111111111188,False,True,False,True
2026-07-27 14:40:22.197754,HPE,none,357839.0,634649.1,0.7884082676326389,1.5158181430334252,1.8189817716401104,0.8809523809523713,False,False,False,True
2026-07-27 14:40:22.389411,DAL,none,177882.0,315650.75,0.0,1.3224756894771064,1.1571662282924682,0.0,False,False,False,False
2026-07-27 14:40:22.578790,RBLX,none,148978.0,364126.5,0.4545454545454522,2.1196954959348018,3.0,0.7333333333333365,False,False,False,True
2026-07-27 14:40:22.763294,IVZ,none,196756.0,339072.8,0.0335683115139361,1.058194984610366,0.8818291538419716,0.07692307692308954,False,False,False,False
2026-07-27 14:40:22.953430,JOBY,none,3649660.0,3388333.933333333,0.5547850208044388,2.452132520688487,1.8390993905163655,0.8000000000000036,False,False,False,True
2026-07-27 15:10:23.813969,AMAT,none,107856.0,348146.5833333333,0.11237284125857447,1.3409242092047566,3.0,0.1925675675675629,False,False,False,False
2026-07-27 15:10:24.013078,LITE,none,96738.0,181817.93333333332,-0.632238492834147,3.0612003900229166,3.0,0.5439024390243778,False,False,False,True
2026-07-27 15:10:24.194531,ALAB,none,42757.0,161865.2,-0.02527075812274122,3.901828636006576,3.0,0.024221453287194987,False,False,False,False
2026-07-27 15:10:24.387442,STX,none,131847.0,290002.5333333333,0.03344854498829075,5.184628557015175,3.0,0.04319999999999709,False,False,False,False
2026-07-27 15:10:24.580101,CIEN,none,33818.0,76515.33333333333,0.04322571930299204,0.5842648423888266,3.0,0.06666666666667614,False,False,False,False
2026-07-27 15:10:24.764321,AMD,none,666074.0,1318584.0,0.19030676623296358,1.8446854616058896,3.0,0.2674418604651211,False,False,False,False
2026-07-27 15:10:24.954916,MPWR,none,15351.0,43456.86666666667,-0.23898216358517732,2.864214957056044,3.0,0.37544696066744054,False,False,False,False
2026-07-27 15:10:25.149346,SIMO,none,81736.0,63425.833333333336,-1.856445877780538,6.660338836573278,2.8544309299599764,0.8075539568345337,False,False,False,True
2026-07-27 15:10:25.420305,BE,none,469387.0,687853.6,0.31359826980265615,3.4651922522737975,3.0,0.2871287128712919,False,False,False,False
2026-07-27 15:10:25.609165,ISRG,none,132220.0,226155.58333333334,-0.3984063745019939,1.975125256473198,1.7282345994140482,0.8265895953757177,False,False,False,True
2026-07-27 15:10:25.796179,CRDO,none,97702.0,230723.16666666666,-0.1564409679784999,3.8112896051640686,3.0,0.16931216931218196,False,False,False,False
2026-07-27 15:10:25.979490,ENTG,none,79382.0,68339.57142857143,0.040567951318456114,1.0501238389127239,2.8003302371005967,0.06666666666666288,False,False,False,False
2026-07-27 15:10:26.168435,MXL,none,212225.0,417400.75,-0.42620363062352506,4.800220825862089,3.0,0.3068181818181845,False,False,False,False
2026-07-27 15:10:26.354393,NBIS,none,312717.0,1000006.0666666667,-0.9773552659688167,3.2415148094699333,1.9449088856819599,0.5960912052117318,False,False,False,True
2026-07-27 15:10:26.548807,KLAC,none,389270.0,700152.75,-0.04497526360501894,5.378313940180261,3.0,0.0703125000000026,False,False,False,False
2026-07-27 15:10:26.819477,AMKR,none,158824.0,448596.7,-0.1829065513801121,5.576491375247631,3.0,0.2749999999999996,False,False,False,False
2026-07-27 15:10:27.003206,DELL,none,146204.0,207169.06666666668,-0.7744067996694675,2.5263784064919363,3.0,0.5412541254125459,False,False,False,False
2026-07-27 15:10:27.188024,AEHR,none,57700.0,117833.93333333333,0.4664368282295665,4.952024136757885,3.0,0.47364085667215156,False,False,False,False
2026-07-27 15:10:27.375567,MRVL,none,306940.0,966584.3333333334,-0.1444390948483444,0.6622396553380591,3.0,0.16564417177914784,False,False,False,False
2026-07-27 15:10:27.565085,HOOD,none,391107.0,552971.7142857143,-0.46487057580561214,0.3457046216020968,1.3828184864083872,0.5945945945946034,False,False,True,False
2026-07-27 15:10:27.764480,RCL,none,52144.0,127669.93333333333,-0.3716960352422853,2.2857204231201615,2.0000053702301415,0.7999999999999747,False,False,False,True
2026-07-27 15:10:27.955532,ARM,none,102809.0,229691.8,-0.27972563896233976,4.384672674680494,2.192336337340247,0.3543689320388434,False,False,False,False
2026-07-27 15:10:28.234143,NXT,none,27611.0,103759.3,0.10852407261246984,2.477702662900978,1.4866215977405868,0.25581395348837516,False,False,False,False
2026-07-27 15:10:28.556807,INTC,none,2842922.0,6282427.8,0.06644518272425501,4.078062018103439,3.0,0.08219178082192047,False,False,False,False
2026-07-27 15:10:28.748983,APTV,none,36285.0,62223.46666666667,-0.3863716192483296,0.621701588174463,1.4506370390737469,0.6874999999999959,False,False,False,False
2026-07-27 15:10:28.947905,APO,none,70584.0,139066.66666666666,-0.13698630136985293,1.3378390437651673,0.5016896414119377,0.5666666666666303,False,False,False,True
2026-07-27 15:10:29.211645,UAL,none,78930.0,131983.8,-0.5523012552301226,1.221298185899022,0.610649092949511,0.7857142857142785,False,False,False,True
2026-07-27 15:10:29.396467,ASTS,none,112936.0,189795.7142857143,-0.646062510913226,0.25206705764491316,1.512402345869479,0.5607759927250776,False,False,True,True
2026-07-27 15:10:29.582990,ARWR,none,42345.0,47335.57142857143,0.25542784163473686,3.0557837725062913,3.0,0.2749999999999947,False,False,False,False
2026-07-27 15:10:29.777398,GTLB,none,123038.0,160327.13333333333,-0.8620689655172389,0.36394366402196293,2.1836619841317777,0.8285714285714227,False,False,True,True
2026-07-27 15:10:29.962164,VSAT,none,16613.0,55812.46666666667,-0.06756756756756373,2.018988851405898,2.8265843919682574,0.09433962264150388,False,False,False,False
2026-07-27 15:10:30.148184,QNT,none,36234.0,38108.71428571428,-0.11630160883892667,1.1675385765929471,1.5567181021239294,0.092307692307696,False,False,False,False
2026-07-27 15:10:30.336815,VSH,none,81036.0,191276.46666666667,0.055294442908476696,4.464108440999736,3.0,0.08695652173911432,False,False,False,False
2026-07-27 15:10:30.526595,TEAM,none,277233.0,246163.57142857142,-0.7426508509540989,1.1562780334120304,1.927130055686717,0.8181818181818211,False,False,False,True
2026-07-27 15:10:30.712836,REZI,none,10049.0,52845.8,-0.1711351968054828,1.5686318571960354,1.8823582286352423,0.3529411764705981,False,False,False,False
2026-07-27 15:10:30.907626,LEN,none,40203.0,88096.06666666667,-0.1293204796614148,1.0210729508473984,0.8752053864406273,0.4230769230769126,False,False,False,True
2026-07-27 15:10:31.096327,BROS,none,32066.0,94821.66666666667,-0.5319957440340607,1.4458251288819925,0.5421844233307472,0.7954545454545433,False,False,False,True
2026-07-27 15:10:31.278887,ALK,none,85348.0,133760.08333333334,-0.6633854055210683,1.7038656594033523,1.7038656594033523,0.7749999999999907,False,False,False,True
2026-07-27 15:10:31.471334,AOSL,none,96826.0,36562.6,-1.035058430717859,4.368635816980948,1.872272492991835,0.5438596491228045,False,False,False,False
2026-07-27 15:10:31.665574,CSCO,none,300336.0,588035.75,-0.22773057720942902,1.6834900393466576,1.6834900393466576,0.5306122448979598,True,False,False,True
2026-07-27 15:10:31.858507,DHI,none,41502.0,65754.0,-0.13586956521738358,1.0077164322993373,0.8637569419708604,0.4347826086956199,False,False,False,False
2026-07-27 15:10:32.040504,A,none,42617.0,34788.142857142855,-0.11589164131536765,0.5551611570160078,0.4,0.48484848484845616,False,False,False,False
2026-07-27 15:10:32.227038,MRNA,none,120014.0,254262.83333333334,-0.3593244699963991,0.9663203728684854,3.0,0.571428571428557,False,False,False,False
2026-07-27 15:10:32.416166,AFRM,none,71703.0,126367.46666666666,-0.4516835477689547,0.30016729810025644,2.101171086701795,0.6226415094339577,False,False,True,True
2026-07-27 15:10:32.602516,MWH,none,62994.0,93086.71428571429,-0.21269053527118847,2.7189550616537588,1.6993469135335992,0.28571428571429536,False,False,False,False
2026-07-27 15:10:32.790408,CEVA,none,39028.0,33938.28571428572,-0.5753739930954999,0.28927739855490187,2.024941789884313,0.3921568627450912,False,False,True,False
2026-07-27 15:10:32.987926,RIOT,none,427578.0,740718.8333333334,0.25569502556950124,0.504569811548973,3.0,0.22916666666666358,False,False,False,False
2026-07-27 15:10:33.175120,CVNA,none,171679.0,448048.25,-0.0944287063267269,0.3460544445125972,2.076326667075583,0.18181818181818965,False,False,False,False
2026-07-27 15:10:33.360300,IREN,none,613172.0,1823278.1333333333,-0.9190767519466092,0.5451326125514429,3.0,0.6355769230769206,False,False,True,True
2026-07-27 15:10:33.750587,HPE,none,276164.0,579263.7,-0.2748414376321257,1.664539476668626,1.997447372002351,0.4333333333333223,False,False,False,False
2026-07-27 15:10:33.946907,DAL,none,416378.0,320590.25,-0.42754795470303275,1.1625885509866274,1.017264982113299,0.6607142857142911,False,False,False,True
2026-07-27 15:10:34.130797,RBLX,none,143348.0,369687.0833333333,-0.9463073441678684,2.073190470666503,3.0,0.8363636363636422,False,False,False,True
2026-07-27 15:10:34.512303,IVZ,none,163931.0,326675.7,-0.06706908115358677,1.0461039306482305,0.8717532755401922,0.16666666666666666,False,False,False,False
2026-07-27 15:10:34.698429,JOBY,none,3136253.0,3447688.4,-0.6906077348066274,2.4944521654765,1.870839124107375,0.7142857142857089,False,False,False,True
2026-07-27 15:40:35.563744,AMAT,none,158372.0,314808.4166666667,0.8247706783197619,1.3137892261847628,3.0,0.5564409030544581,False,False,False,True
2026-07-27 15:40:35.753677,LITE,none,127241.0,182163.93333333332,1.6367009132420132,2.9958924261672237,3.0,0.8134751773049652,False,False,False,True
2026-07-27 15:40:35.934777,ALAB,none,103780.0,165953.46666666667,1.200115673799882,3.670319800521179,3.0,0.61824953445065,True,False,False,False
2026-07-27 15:40:36.124991,STX,none,173823.0,289230.73333333334,0.44069223341832897,4.74035373974422,3.0,0.27921568627450555,True,False,False,False
2026-07-27 15:40:36.304601,CIEN,none,50172.0,63349.0,0.5131113451618939,0.5408471592392157,3.0,0.5604719764011755,True,False,False,True
2026-07-27 15:40:36.486927,AMD,none,839076.0,1349858.2,0.9809995869475424,1.7437375342512627,3.0,0.6058673469387774,False,False,False,False
2026-07-27 15:40:36.674403,MPWR,none,15342.0,43995.8,0.4641359842345872,2.7404188071536026,3.0,0.436649964209012,False,False,False,False
2026-07-27 15:40:36.861394,SIMO,none,45618.0,62062.75,1.8689617348015048,7.189494671491908,3.0,0.8280373831775723,False,False,False,True
2026-07-27 15:40:37.048560,BE,none,543488.0,678534.2,0.6036759553711014,2.965137235135566,3.0,0.23728813559322137,False,False,False,False
2026-07-27 15:40:37.252473,ISRG,none,203959.0,222049.41666666666,-0.2097902097902098,1.9739353168250147,1.7271934022218878,0.7009345794392569,False,False,False,True
2026-07-27 15:40:37.440045,CRDO,none,131290.0,200077.83333333334,0.8067276194201367,3.8011156415731504,3.0,0.5374592833876252,False,False,False,True
2026-07-27 15:40:37.617782,ENTG,none,86886.0,67078.0,0.8681541582150046,1.00811592846193,2.688309142565147,0.5631578947368369,False,False,False,False
2026-07-27 15:40:37.800679,MXL,none,136486.0,365805.1666666667,1.0786802030456848,4.101033893648619,3.0,0.7157894736842134,False,False,False,True
2026-07-27 15:40:37.990403,NBIS,none,356492.0,981321.6666666666,1.4399741128249466,2.887782799878496,1.7326696799270978,0.5361445783132542,False,False,False,False
2026-07-27 15:40:38.178381,KLAC,none,420311.0,606741.75,0.8598280343931208,5.140469001948935,3.0,0.6277372262773697,False,False,False,False
2026-07-27 15:40:38.358921,AMKR,none,1136584.0,406010.5,1.0329890036654406,3.485175053795739,2.9872929032534907,0.6326530612244846,True,False,False,False
2026-07-27 15:40:38.547325,DELL,none,186101.0,209868.33333333334,0.16180074713874576,2.4069404303509594,2.888328516421151,0.14945054945055244,False,False,False,False
2026-07-27 15:40:38.731540,AEHR,none,55582.0,115929.2,0.9083568833266009,4.513260400067587,3.0,0.48913043478260826,False,False,False,False
2026-07-27 15:40:38.916639,MRVL,none,416875.0,874984.4166666666,0.8518161362905836,0.6601765590126958,3.0,0.5047619047619095,False,True,False,False
2026-07-27 15:40:39.102458,HOOD,none,485411.0,548454.4285714285,0.44576523031203746,0.3527796638439288,1.4111186553757151,0.5675675675675738,False,True,False,False
2026-07-27 15:40:39.288954,RCL,none,152758.0,143922.13333333333,1.8549222797927476,2.3574443998383114,2.0627638498585226,0.9055649241146709,False,False,False,True
2026-07-27 15:40:39.474300,ARM,none,138240.0,234297.8,1.050000000000007,4.119034446069734,2.059517223034867,0.8323170731707298,False,False,False,True
2026-07-27 15:40:39.660974,NXT,none,61903.0,82284.9,0.5518328734726077,2.213583453275667,1.3281500719654002,0.5384615384615448,False,False,False,True
2026-07-27 15:40:39.848617,INTC,none,4090153.0,5691695.2,1.2397609032543617,2.7480480219545775,2.4045420192102553,0.6511627906976638,False,False,False,True
2026-07-27 15:40:40.039373,APTV,none,26506.0,62030.0,0.17633574325516033,0.6156312100753052,1.4364728235090454,0.5555555555555644,False,False,False,False
2026-07-27 15:40:40.268247,APO,none,105479.0,136170.66666666666,0.22584287788353052,1.3343858627824756,0.5003946985434283,0.47457627118643986,False,False,False,False
2026-07-27 15:40:40.455182,UAL,none,133901.0,125719.7,-0.058902726354768925,0.9407969684776545,0.47039848423882724,0.1842105263158111,False,False,False,False
2026-07-27 15:40:40.644302,ASTS,none,214863.0,183841.14285714287,0.8696416022487656,0.31405322139999114,1.8843193283999469,0.5823529411764715,False,True,False,True
2026-07-27 15:40:40.828721,ARWR,none,60923.0,53345.142857142855,-0.2345378735232807,2.3149551350547313,2.3149551350547313,0.1930409914203997,False,False,False,False
2026-07-27 15:40:41.015948,GTLB,none,130775.0,164516.06666666668,0.41979010494752794,0.381038485856641,2.2862309151398463,0.6086956521739237,False,True,False,True
2026-07-27 15:40:41.198667,VSAT,none,31085.0,56849.26666666667,0.810920394647937,1.824312671162778,2.5540377396278893,0.504201680672277,False,False,False,False
2026-07-27 15:40:41.381936,QNT,none,46508.0,46148.28571428572,1.123595505617988,1.032681794061673,1.3769090587488972,0.5225225225225276,False,True,False,False
2026-07-27 15:40:41.570946,VSH,none,81671.0,195269.8,0.6080707573244856,4.276356104355807,3.0,0.48888888888888327,False,False,False,False
2026-07-27 15:40:41.753955,TEAM,none,274510.0,247741.42857142858,1.2887133652047338,1.0797035407990994,1.7995059013318324,0.746987951807221,False,True,False,True
2026-07-27 15:40:42.119535,REZI,none,41405.0,60009.2,0.6003430531732443,1.546753955639342,1.8561047467672105,0.6176470588235258,False,False,False,True
2026-07-27 15:40:42.310590,LEN,none,58902.0,88834.46666666666,0.1059571462208658,1.0110021768256245,0.8665732944219638,0.391304347826095,False,False,False,True
2026-07-27 15:40:42.495164,BROS,none,66638.0,98769.73333333334,0.4584352078239565,1.5330470850600373,0.574892656897514,0.5357142857142785,False,False,False,False
2026-07-27 15:40:42.676101,ALK,none,101949.0,103323.83333333333,0.15076459185871266,1.6762252238248065,1.6762252238248065,0.38888888888889106,False,False,False,False
2026-07-27 15:40:42.862723,AOSL,none,26957.0,36208.666666666664,0.9437141894169112,4.511928514918984,1.9336836492509932,0.6829268292682865,False,False,False,True
2026-07-27 15:40:43.052189,CSCO,none,369837.0,429232.8333333333,0.5003950487226823,1.595115392426257,1.595115392426257,0.7500000000000047,True,False,False,True
2026-07-27 15:40:43.241542,DHI,none,47035.0,65688.13333333333,0.06124115405552763,1.010838029282373,0.8664325965277484,0.24324324324324947,False,False,False,False
2026-07-27 15:40:43.419644,A,none,31540.0,36191.142857142855,0.06525522041763589,0.29083003676986235,0.4,0.26470588235294856,False,False,False,False
2026-07-27 15:40:43.607057,MRNA,none,116839.0,213820.58333333334,0.0,0.9452255939667268,3.0,0.0,False,False,False,False
2026-07-27 15:40:43.793752,AFRM,none,53462.0,130412.2,0.32994226010449423,0.30616699783952367,2.1431689848766657,0.47058823529413074,False,True,False,False
2026-07-27 15:40:43.975973,MWH,none,70324.0,71247.14285714286,-0.4976892996800589,2.3327385294021843,1.4579615808763653,0.3414634146341476,False,False,False,False
2026-07-27 15:40:44.161601,CEVA,none,54367.0,39043.142857142855,0.4629629629629531,0.3059388854556925,2.1415721981898472,0.34042553191488717,False,True,False,False
2026-07-27 15:40:44.345909,RIOT,none,542176.0,637051.5833333334,0.6954102920723161,0.5062286171220628,3.0,0.4285714285714228,False,True,False,False
2026-07-27 15:40:44.528933,CVNA,none,277767.0,381893.5833333333,0.5355174043156344,0.2972820650512672,1.7836923903076032,0.7555555555555425,False,True,False,True
2026-07-27 15:40:44.719382,IREN,none,1191872.0,1833729.0666666667,0.8702975856260592,0.544628421978866,3.0,0.41891891891892086,False,True,False,False
2026-07-27 15:40:44.945598,HPE,none,358678.0,450276.8,0.29679881280474996,1.2637683727725189,1.5165220473270224,0.32558139534883873,False,False,False,False
2026-07-27 15:40:45.130378,DAL,none,276716.0,288639.9166666667,-0.09288285150353918,1.182539634201492,1.0347221799263056,0.27586206896551896,False,False,False,False
2026-07-27 15:40:45.417068,RBLX,none,150248.0,339166.1666666667,0.7276507276507306,2.216320675084057,3.0,0.625,False,False,False,False
2026-07-27 15:40:45.606560,IVZ,none,202506.0,328641.4,0.3690036900369104,0.9356086670574789,0.7796738892145658,0.4782608695652369,False,False,False,False
2026-07-27 15:40:45.788274,JOBY,none,3829599.0,3495086.1333333333,0.9735744089012432,2.620879074733836,1.965659306050377,0.6363636363636341,False,False,False,True
