timestamp,symbol,signal,volume,mean_volume,current_pct,price_threshold,trail_stop_pct,body_ratio,green_volume,green_price,red_price,green_body
2026-07-29 01:49:28.030093,AMAT,BUY,436659.0,380675.75,1.214192844860119,0.6713293742831086,2.6853174971324343,0.908948194662474,True,True,False,True
2026-07-29 01:49:28.220077,LITE,none,172316.0,287842.6,2.0272371121198876,4.268717216275753,3.0,0.8980716253443513,False,False,False,True
2026-07-29 01:49:28.401312,ALAB,none,106552.0,166677.26666666666,1.8689795448439976,3.482746734032231,3.0,0.9311663479923494,True,False,False,True
2026-07-29 01:49:28.675069,STX,none,453550.0,430638.8,0.5213834039651846,5.7379663385243465,3.0,0.3507194244604295,True,False,False,False
2026-07-29 01:49:28.966671,CIEN,none,116638.0,186270.83333333334,2.3716689630910777,0.4872064599302962,3.0,0.960807600950114,False,True,False,True
2026-07-29 01:49:29.158491,AMD,none,1008446.0,1549824.0,1.7573807804258799,1.3561129993266734,3.0,0.97333333333333,False,True,False,True
2026-07-29 01:49:29.337990,MPWR,none,35955.0,47063.46666666667,1.391680841193753,2.451681065787697,2.8019212180430824,0.832562442183168,False,False,False,True
2026-07-29 01:49:29.526746,SIMO,none,136183.0,62713.75,0.04943375876325059,3.872247391250037,1.6595345962500159,0.032352941176466185,False,False,False,False
2026-07-29 01:49:29.709151,BE,none,1463656.0,1091698.2,3.775560482877553,2.773401940686112,3.0,0.9176646706586811,False,True,False,True
2026-07-29 01:49:29.908163,ISRG,none,147644.0,163147.5,-0.6854594505313024,1.3472424841456763,1.1788371736274668,0.9396226415094454,False,False,False,True
2026-07-29 01:49:30.087836,CRDO,none,210127.0,226924.5,1.4682314015406108,2.3588913008292023,3.0,0.8160919540229852,False,False,False,True
2026-07-29 01:49:30.267777,ENTG,none,258765.0,201647.2857142857,1.0245213301981853,0.7364471375151369,1.9638590333736985,0.8079470198675538,False,True,False,True
2026-07-29 01:49:30.463380,MXL,none,176414.0,210816.41666666666,0.7936507936507917,2.202001283304244,2.7525016041303054,0.6619718309859131,False,False,False,False
2026-07-29 01:49:30.660392,NBIS,none,793570.0,1267501.1333333333,1.9060256951565213,4.4412969878004995,2.6647781926802994,0.9546827794561916,False,False,False,True
2026-07-29 01:49:30.859282,KLAC,none,679275.0,780971.0,2.0501851948458483,2.3346575534011875,2.3346575534011875,0.9608801955990228,False,False,False,True
2026-07-29 01:49:31.046902,AMKR,none,740228.0,801799.5,1.221374045801516,2.331824186450785,1.9987064455292445,0.7272727272727181,False,False,False,True
2026-07-29 01:49:31.226132,DELL,none,322722.0,402147.93333333335,1.470246846707418,4.184428478501657,3.0,0.7972027972027982,False,False,False,True
2026-07-29 01:49:31.405060,AEHR,none,129914.0,147832.06666666668,3.048692385493425,5.459675476681451,3.0,0.9336696313996184,False,False,False,True
2026-07-29 01:49:31.592554,MRVL,none,1008488.0,1159682.0833333333,1.49347676813917,0.46980281243234695,3.0,0.9062500000000062,False,True,False,True
2026-07-29 01:49:31.789240,HOOD,none,649283.0,795009.0,0.16352338384388038,0.2894460307542087,1.1577841230168349,0.40540540540539294,False,False,False,False
2026-07-29 01:49:31.987827,RCL,none,117809.0,253353.46666666667,-0.39891149730967296,3.570789163837818,3.0,0.5944700460829544,False,False,False,True
2026-07-29 01:49:32.189566,ARM,none,165707.0,246984.06666666668,1.0069302894414998,3.827289510920027,1.9136447554600136,0.8517241379310324,False,False,False,True
2026-07-29 01:49:32.391896,NXT,none,99021.0,178531.8,1.2552742616033732,2.254091590634221,1.3524549543805326,0.7212121212121173,False,False,False,True
2026-07-29 01:49:32.588844,INTC,none,5234772.0,5800413.5,1.5601525482491556,2.5085294699174847,2.1949632861777992,0.9712230215827293,False,False,False,True
2026-07-29 01:49:32.783684,APTV,none,95943.0,86064.2,0.10188487009679449,0.6913745771747398,1.6132073467410595,0.17142857142857723,False,False,False,False
2026-07-29 01:49:32.981381,APO,none,93799.0,122721.66666666667,-0.5298651252408451,1.372322463944175,0.5146209239790656,0.9295774647887358,False,False,False,True
2026-07-29 01:49:33.179522,UAL,none,105275.0,183815.2,0.3738013976921776,1.5912390892612538,0.7956195446306269,0.6388888888888812,False,False,False,False
2026-07-29 01:49:33.366466,ASTS,none,495546.0,474474.28571428574,-0.08933357155618574,0.31956147744367935,1.9173688646620761,0.06493506493506097,False,False,False,False
2026-07-29 01:49:33.554558,ARWR,none,82213.0,74175.85714285714,1.5314668581000253,1.8614556124703792,1.8614556124703792,0.962406015037596,False,False,False,True
2026-07-29 01:49:33.755638,GTLB,none,316242.0,213660.26666666666,-1.2177012177012285,0.4658881358049006,2.7953288148294035,0.8367346938775673,False,False,True,True
2026-07-29 01:49:33.954993,VSAT,none,49361.0,74581.6,1.7551190973673085,2.532926209411133,3.0,0.9402985074626874,False,False,False,True
2026-07-29 01:49:34.162088,QNT,none,22428.0,42336.28571428572,0.4689331770222782,1.3514241080115679,1.8018988106820906,0.545454545454544,False,False,False,False
2026-07-29 01:49:34.361083,VSH,none,386019.0,307921.3333333333,1.6544117647058798,4.492228583424313,3.0,0.8571428571428523,False,False,False,True
2026-07-29 01:49:34.548111,TEAM,none,146163.0,198254.85714285713,-1.9743336623889438,0.7702184342106699,1.2836973903511164,0.8849557522123874,False,False,True,True
2026-07-29 01:49:34.736346,REZI,none,47498.0,69474.53333333334,-0.27616680475007294,0.7655365326134127,0.9186438391360952,0.384615384615393,False,False,False,False
2026-07-29 01:49:34.927692,LEN,none,88782.0,99578.33333333333,0.0573591832052279,1.0567136262386556,0.9057545367759905,0.12195121951218921,False,False,False,False
2026-07-29 01:49:35.125134,BROS,none,90648.0,130719.06666666667,-0.7053051211284787,1.5750659702973762,0.5906497388615161,0.7076923076923074,False,False,False,True
2026-07-29 01:49:35.324447,ALK,none,88387.0,135744.08333333334,-0.06181743251597185,2.7869199806979728,2.7869199806979728,0.15000000000000355,False,False,False,False
2026-07-29 01:49:35.517628,AOSL,none,40382.0,32470.333333333332,1.025641025641028,5.180873342763847,2.2203742897559344,0.6666666666666693,False,False,False,True
2026-07-29 01:49:35.716495,CSCO,none,748333.0,1035273.25,0.19042672898814061,2.2215390584094927,2.2215390584094927,0.5641025641025603,True,False,False,True
2026-07-29 01:49:35.915774,DHI,none,70043.0,91631.26666666666,0.10006671114076429,1.3567898989045988,1.1629627704896561,0.2727272727272915,False,False,False,False
2026-07-29 01:49:36.110150,A,none,62438.0,77769.71428571429,-0.06406605922551496,0.7813072122947444,0.4687843273768466,0.18000000000000682,False,False,False,False
2026-07-29 01:49:36.304130,MRNA,none,262877.0,294223.9166666667,0.4710998369269888,0.46444694180017143,1.6255642963006,0.45614035087720173,False,True,False,False
2026-07-29 01:49:36.591619,AFRM,none,128952.0,143993.0,0.3611612723989514,0.2690333621616627,1.8832335351316387,0.4727272727272845,False,True,False,False
2026-07-29 01:49:36.805366,MWH,none,83198.0,101687.71428571429,1.2638230647709332,2.4900417536867225,1.5562760960542015,1.0,False,False,False,True
2026-07-29 01:49:37.012780,CEVA,none,35606.0,93767.42857142857,1.3601236476043206,0.4050075649851491,2.8350529548960437,0.8627450980392146,False,True,False,True
2026-07-29 01:49:37.208490,RIOT,none,666583.0,869633.9166666666,1.6666666666666734,0.5026558708811407,3.0,0.9722222222222181,False,True,False,True
2026-07-29 01:49:37.406596,CVNA,none,464178.0,572155.5,0.15332720024531482,0.3232707692414366,1.9396246154486196,0.21276595744679694,False,False,False,False
2026-07-29 01:49:37.590747,IREN,none,1512603.0,2219645.3333333335,1.954057279236259,0.7368389125160832,3.0,0.8972602739725897,False,True,False,True
2026-07-29 01:49:37.784144,HPE,none,1306164.0,973659.3,1.0024504343951945,1.2541138004021248,1.50493656048255,0.8653846153846275,False,False,False,True
2026-07-29 01:49:37.979908,DAL,none,183505.0,321739.8333333333,0.19054023761488648,1.8341643012820863,1.6048937636218255,0.4358974358974396,False,False,False,False
2026-07-29 01:49:38.160580,RBLX,none,245256.0,266771.3333333333,-0.8632804657699251,1.7233997190618986,3.0,0.6056338028169003,True,False,False,False
2026-07-29 01:49:38.338613,IVZ,none,271236.0,400248.1,-0.20422055820285473,1.835337686687176,1.5294480722393133,0.23076923076922445,False,False,False,False
2026-07-29 01:49:38.520286,JOBY,none,1565240.0,2726717.3333333335,0.138121546961323,3.0362899257567975,2.277217444317598,0.19999999999999646,False,False,False,False
2026-07-29 09:52:22.711923,AMAT,SELL,852294.0,363774.3333333333,-1.356107660455489,0.6735214355690534,2.6940857422762137,0.8875338753387555,True,False,True,True
2026-07-29 09:52:22.901802,LITE,none,405505.0,286371.93333333335,-0.717277088250959,4.443923306067539,3.0,0.5328054298642427,True,False,False,True
2026-07-29 09:52:23.092360,ALAB,none,393696.0,166047.6,-2.0133217927972087,3.5273869599267766,3.0,0.8218125960061491,True,False,False,True
2026-07-29 09:52:23.281967,STX,none,737929.0,453905.6666666667,-0.5052250910734644,5.499353184137089,3.0,0.3460837887067384,True,False,False,False
2026-07-29 09:52:23.468819,CIEN,none,287525.0,158915.41666666666,0.4007671828929763,0.5288117483999232,3.0,0.35353535353536397,True,False,False,False
2026-07-29 09:52:23.657472,AMD,SELL,2513655.0,1531421.9333333333,-2.20803233574131,1.4003028854810449,3.0,0.7762660619803452,True,False,True,True
2026-07-29 09:52:23.844683,MPWR,none,161408.0,49682.86666666667,-2.2631956200149506,2.4293602660237887,2.7764117325986155,0.9191700216785412,True,False,False,True
2026-07-29 09:52:24.028682,SIMO,none,177680.0,57411.583333333336,-0.41825950078705054,3.57100174646323,1.530429319912813,0.1805825242718468,False,False,False,False
2026-07-29 09:52:24.212629,BE,none,3100928.0,1204657.8,-0.9020771513353176,3.0770891522256933,3.0,0.3593380614657219,True,False,False,False
2026-07-29 09:52:24.397539,ISRG,none,331437.0,146857.0,0.2826502618671493,1.2542638739894,1.097480889740725,0.5698324022346383,False,False,False,True
2026-07-29 09:52:24.580510,CRDO,none,588206.0,202359.33333333334,-2.301191324712342,2.596186736830793,3.0,0.8725868725868727,False,False,False,True
2026-07-29 09:52:24.768049,ENTG,SELL,476670.0,194537.0,-1.9425535447451348,0.892581155662219,2.3802164150992504,0.9473684210526276,True,False,True,True
2026-07-29 09:52:24.949714,MXL,none,414924.0,181408.16666666666,-1.3558754603280923,2.2495624303963964,2.8119530379954956,0.6044776119402987,False,False,False,False
2026-07-29 09:52:25.177568,NBIS,none,1836477.0,1279461.8,0.4201680672268955,4.475552656120073,2.685331593672044,0.2544802867383548,False,False,False,False
2026-07-29 09:52:25.419729,KLAC,none,2011257.0,780501.4166666666,-2.463960740210609,2.9504350854254584,2.9504350854254584,0.9287090558766851,True,False,False,True
2026-07-29 09:52:25.611637,AMKR,none,1881826.0,774704.7,-1.5076459185871265,2.5196221308895073,2.1596761121910064,0.5932203389830534,False,False,False,False
2026-07-29 09:52:25.805105,DELL,none,477623.0,401954.2,-0.3279188591474017,4.273914856277127,3.0,0.2524461839530255,False,False,False,False
2026-07-29 09:52:25.987965,AEHR,none,295856.0,147314.13333333333,-1.9547397183493254,5.641971151623658,3.0,0.7153846153846175,False,False,False,True
2026-07-29 09:52:26.246922,MRVL,none,2093589.0,1039539.9166666666,-1.6462761459096893,0.4885272689188649,3.0,0.8133704735376082,False,False,True,True
2026-07-29 09:52:26.433303,HOOD,none,1713755.0,792661.1428571428,0.9795385285154612,0.22077899763623,0.88311599054492,0.750000000000003,False,True,False,True
2026-07-29 09:52:26.637678,RCL,none,406860.0,236722.53333333333,0.2019323371338141,3.189151781997346,2.7905078092476776,0.10569105691057504,False,False,False,False
2026-07-29 09:52:26.836119,ARM,none,443147.0,246135.6,-1.2189215369712552,3.635963794127899,1.8179818970639494,0.7587939698492382,False,False,False,True
2026-07-29 09:52:27.019768,NXT,none,469705.0,172505.7,-0.6771538701948031,2.3773035940657734,1.4263821564394639,0.3494623655913934,False,False,False,False
2026-07-29 09:52:27.211519,INTC,none,10932600.0,5438203.6,-1.7523896222120985,3.0795950612738325,2.6946456786146036,0.8191489361702106,False,False,False,True
2026-07-29 09:52:27.399431,APTV,none,333369.0,85450.73333333334,0.7632293080054202,0.6361172835326719,1.4842736615762346,0.6923076923076873,True,True,False,False
2026-07-29 09:52:27.579369,APO,none,527723.0,119634.93333333333,0.637559519005735,1.5229798877512357,0.5711174579067134,0.5939849624060142,True,False,False,True
2026-07-29 09:52:27.764823,UAL,none,386384.0,159527.5,0.2266839378238351,0.9008463844451772,0.4504231922225886,0.5090909090909006,True,False,False,False
2026-07-29 09:52:27.946436,ASTS,none,1089739.0,491839.5714285714,1.0902591599642528,0.30065906563617967,1.8039543938170781,0.5281385281385271,False,True,False,False
2026-07-29 09:52:28.130406,ARWR,none,216583.0,74699.71428571429,1.048539114043356,2.5014373059084773,2.5014373059084773,0.7007874015748058,False,False,False,True
2026-07-29 09:52:28.316438,GTLB,none,717236.0,209097.2,-0.9915865384615333,0.47596147094027086,2.855768825641625,0.8461538461538406,False,False,True,True
2026-07-29 09:52:28.505791,VSAT,none,195143.0,73878.6,1.3811021468617601,2.7389610807401126,3.0,0.5489130434782626,True,False,False,False
2026-07-29 09:52:28.697190,QNT,none,111258.0,40366.57142857143,-3.035019455252909,0.8932898318692408,1.1910531091589878,0.9017341040462379,False,False,True,True
2026-07-29 09:52:28.884457,VSH,none,877584.0,303708.86666666664,-1.4763482976800089,4.390610426974052,3.0,0.6999999999999899,True,False,False,False
2026-07-29 09:52:29.071200,TEAM,none,561449.0,199136.42857142858,0.785498489425983,0.9707108748685797,1.6178514581142993,0.48447204968944185,False,False,False,False
2026-07-29 09:52:29.259824,REZI,BUY,267019.0,62804.6,1.4119601328903797,0.8186455335268884,0.9823746402322662,0.8500000000000166,True,True,False,True
2026-07-29 09:52:29.448736,LEN,none,250707.0,96791.73333333334,0.44704264099037205,1.0658231318268256,0.9135626844229934,0.7090909090909138,True,False,False,True
2026-07-29 09:52:29.640317,BROS,none,447791.0,125415.4,-0.2469516900756456,1.7218762890963137,0.6457036084111176,0.33333333333336296,True,False,False,False
2026-07-29 09:52:29.828867,ALK,none,500805.0,135563.83333333334,0.24747370591874085,2.4895649841557144,2.4895649841557144,0.34285714285713415,True,False,False,False
2026-07-29 09:52:30.010750,AOSL,none,114373.0,32228.066666666666,-2.3688663282571887,4.8723098372536215,2.088132787394409,0.7954545454545455,True,False,False,True
2026-07-29 09:52:30.199559,CSCO,none,2906102.0,934640.25,-0.0863856254319355,2.1357949312789506,2.1357949312789506,0.11764705882354023,True,False,False,False
2026-07-29 09:52:30.387562,DHI,none,273562.0,90564.26666666666,0.7597973873633797,1.3745796527250391,1.1782111309071763,0.9193548387096826,True,False,False,True
2026-07-29 09:52:30.574148,A,none,294978.0,75698.0,0.0783141107788589,0.593091574056701,0.4,0.12643678160917776,True,False,False,False
2026-07-29 09:52:30.763168,MRNA,BUY,864549.0,261364.75,0.6492335437330918,0.5022285672839143,1.7577999854937,0.7499999999999926,True,True,False,True
2026-07-29 09:52:30.950462,AFRM,none,515257.0,140095.86666666667,0.13840830449826202,0.28134421846059954,1.9694095292241967,0.172413793103439,True,False,False,False
2026-07-29 09:52:31.137540,MWH,none,283764.0,98114.57142857143,-0.6240249609984405,3.4703072878745296,2.168942054921581,0.3636363636363629,True,False,False,False
2026-07-29 09:52:31.332539,CEVA,SELL,482988.0,93561.57142857143,-3.4419738044471493,0.4121064859150098,2.884745401405069,0.9262295081967213,True,False,True,True
2026-07-29 09:52:31.515521,RIOT,none,2583952.0,740524.8333333334,-0.6088992974238995,0.5539537187536555,3.0,0.4193548387096874,False,False,True,False
2026-07-29 09:52:31.700825,CVNA,none,2260946.0,578039.5,1.1481935088793633,0.31577594189334496,1.8946556513600696,0.5474452554744564,True,True,False,False
2026-07-29 09:52:31.953889,IREN,none,3336368.0,2211864.8,-0.7606787595084786,0.7681184153367574,3.0,0.3880597014925334,False,False,False,False
2026-07-29 09:52:32.140900,HPE,none,2819541.0,904687.1,0.5512679162072767,1.3917783024408006,1.6701339629289609,0.38461538461538547,True,False,False,False
2026-07-29 09:52:32.334928,DAL,none,855656.0,347378.25,0.0,1.8919684285489882,1.6554723749803646,0.0,True,False,False,False
2026-07-29 09:52:32.523958,RBLX,none,902677.0,238031.41666666666,0.324017820980147,1.2840247914655165,2.568049582931033,0.3199999999999932,True,False,False,False
2026-07-29 09:52:32.710349,IVZ,none,1500736.0,367623.8,0.37529853292392695,1.4676075998047138,1.223006333170595,0.3333333333333441,True,False,False,False
2026-07-29 09:52:32.899786,JOBY,none,3144634.0,2531436.533333333,0.27586206896551135,2.6978767904868257,2.0234075928651194,0.22222222222221782,False,False,False,False
2026-07-29 10:22:33.730021,AMAT,none,972742.0,383301.6666666667,-1.7046435353012208,0.7737170812668127,3.0,0.3257731958762877,True,False,True,False
2026-07-29 10:22:33.919994,LITE,SELL,346199.0,285939.6,-5.028444186862281,4.367909985327691,3.0,0.8998362445414827,True,False,True,True
2026-07-29 10:22:34.111198,ALAB,none,232652.0,152753.86666666667,-2.589916999692595,3.773368528291614,3.0,0.5037369207772793,True,False,False,False
2026-07-29 10:22:34.299015,STX,none,1348249.0,490168.5333333333,-2.6757973495656473,5.464746513928513,3.0,0.3549798115746953,True,False,False,False
2026-07-29 10:22:34.479102,CIEN,SELL,162373.0,133253.5,-3.309117949891315,0.4149404927432376,3.0,0.7155225726654287,True,False,True,True
2026-07-29 10:22:34.662363,AMD,none,2374016.0,1560238.4666666666,-2.6707608023327807,1.6385527685125179,3.0,0.6434273549760521,True,False,True,False
2026-07-29 10:22:34.849644,MPWR,none,95455.0,46129.73333333333,1.151762053553767,3.0336599511915674,3.0,0.22889482785725465,True,False,False,False
2026-07-29 10:22:35.034655,SIMO,none,83278.0,59095.833333333336,-2.0610754985754967,2.5262078962691064,1.0826605269724743,0.4832985386221298,False,False,False,False
2026-07-29 10:22:35.222324,BE,SELL,5664583.0,1548964.5,-7.237057220708447,3.2221507250586297,3.0,0.6558024691358025,True,False,True,True
2026-07-29 10:22:35.402305,ISRG,none,260052.0,145236.33333333334,-1.0346926354229935,0.8782023461713433,0.7684270528999254,0.43488372093022876,False,False,True,False
2026-07-29 10:22:35.587782,CRDO,none,410618.0,211168.66666666666,-3.9234298370510983,2.8519528565003673,3.0,0.6210350584307182,False,False,True,True
2026-07-29 10:22:35.812902,ENTG,none,122611.0,196383.0,-2.0122635806200986,1.2497079077035118,3.0,0.41607142857143015,False,False,True,False
2026-07-29 10:22:36.001759,MXL,none,332818.0,187061.5,-1.9857686579513534,2.2338235966397617,2.7922794957997024,0.3785488958990543,False,False,False,False
2026-07-29 10:22:36.187394,NBIS,none,3613649.0,1448584.0,-7.802874743326479,4.215639732270455,2.529383839362273,0.759999999999999,False,False,True,True
2026-07-29 10:22:36.373209,KLAC,none,3042140.0,888828.0833333334,1.9380281690140833,3.8894462140050714,3.0,0.24766018718502478,True,False,False,False
2026-07-29 10:22:36.557712,AMKR,none,1691322.0,846932.8,-1.059688581314883,3.16978020560356,2.7169544619459085,0.18148148148148202,False,False,False,False
2026-07-29 10:22:36.743565,DELL,none,497335.0,405437.26666666666,-1.5830115830115772,4.283628953649157,3.0,0.42065663474692033,False,False,False,False
2026-07-29 10:22:36.931161,AEHR,none,231099.0,145021.33333333334,-2.275003577049654,6.012612399415154,3.0,0.3336480956877563,False,False,False,False
2026-07-29 10:22:37.118553,MRVL,none,2587180.0,1023465.0,-0.49419606941731614,0.4230767883849147,3.0,0.14478114478114712,False,False,True,False
2026-07-29 10:22:37.299587,HOOD,none,1269515.0,873724.5714285715,-1.182084372627686,0.2771106519819063,1.1084426079276253,0.40520446096653906,False,False,True,False
2026-07-29 10:22:37.486461,RCL,none,244946.0,175479.53333333333,2.3247733661833965,2.5237000459536256,2.2082375402094225,0.6577301161751578,False,False,False,True
2026-07-29 10:22:37.675860,ARM,none,520052.0,247230.0,-2.9255428736247864,3.9212130200104007,1.9606065100052004,0.7675675675675669,True,False,False,True
2026-07-29 10:22:37.864680,NXT,none,443704.0,203707.1,-2.6661155316730376,2.4217846917177366,1.453070815030642,0.7771084337349375,False,False,True,True
2026-07-29 10:22:38.055021,INTC,none,13159735.0,5719359.4,-2.1716529975742125,3.3659899417681114,2.9452411990470972,0.4519230769230762,False,False,False,False
2026-07-29 10:22:38.246830,APTV,none,57044.0,74565.0,1.1874469889736992,0.6676705851674786,1.55789803205745,0.786516853932579,False,True,False,True
2026-07-29 10:22:38.432615,APO,none,131097.0,95718.4,-2.018244934205215,1.7191520474453077,0.6446820177919904,0.841750841750842,False,False,True,True
2026-07-29 10:22:38.615932,UAL,none,377826.0,159410.6,0.9743504330446383,0.9006463367438191,0.45032316837190955,0.41785714285714387,True,True,False,False
2026-07-29 10:22:38.802620,ASTS,none,1645683.0,663426.8571428572,0.3653444676409201,0.3454711669849136,2.0728270019094817,0.08902077151335341,False,True,False,False
2026-07-29 10:22:38.983743,ARWR,none,75635.0,80824.85714285714,0.07597007947638817,2.6271214219852466,2.6271214219852466,0.032459425717851355,False,False,False,False
2026-07-29 10:22:39.166670,GTLB,none,235504.0,194604.2,2.374511571986772,0.4793030892192268,2.8758185353153607,0.6171874999999988,False,True,False,True
2026-07-29 10:22:39.347687,VSAT,none,74693.0,67606.6,-3.4358288770053385,2.9380240479765645,3.0,0.8741496598639439,False,False,True,True
2026-07-29 10:22:39.537146,QNT,none,124594.0,50231.142857142855,0.18156142828322838,1.5415579062073537,2.0554105416098047,0.04891304347825877,False,False,False,False
2026-07-29 10:22:39.728821,VSH,none,326070.0,302340.4666666667,-1.93905817174516,4.759100306683844,3.0,0.40127388535032005,False,False,False,False
2026-07-29 10:22:39.913979,TEAM,none,649095.0,272209.14285714284,3.780000000000001,1.1624065244508213,1.9373442074180351,0.8025477707006382,False,True,False,True
2026-07-29 10:22:40.100119,REZI,none,63947.0,58193.73333333333,-1.5991177281500009,1.0847176938454954,1.3016612326145944,0.6666666666666694,False,False,True,True
2026-07-29 10:22:40.325479,LEN,none,87045.0,93731.2,-0.11535355865727802,1.1830144626439474,1.014012396551955,0.0694444444444406,False,False,False,False
2026-07-29 10:22:40.514458,BROS,none,49832.0,96739.66666666667,1.7322097378277146,1.750942804849991,0.6566035518187466,0.6607142857142827,False,False,False,True
2026-07-29 10:22:40.698407,ALK,none,167909.0,140224.58333333334,0.34188034188034977,2.5172830109285793,2.5172830109285793,0.13333333333333688,False,False,False,False
2026-07-29 10:22:40.882526,AOSL,none,20681.0,29801.733333333334,-2.0514603616133513,5.413551604198404,2.320093544656459,0.424460431654676,False,False,False,False
2026-07-29 10:22:41.067019,CSCO,none,1336496.0,962284.6666666666,-0.3844839371155185,1.9459452543830007,1.9459452543830007,0.36885245901639613,True,False,False,False
2026-07-29 10:22:41.251206,DHI,none,78693.0,76444.26666666666,0.8591180616148741,1.4821368795639427,1.2704030396262367,0.44755244755245027,False,False,False,False
2026-07-29 10:22:41.433480,A,none,85504.0,79372.0,1.6882183908046142,0.4003707755648499,0.4,0.836298932384349,False,True,False,True
2026-07-29 10:22:41.625249,MRNA,none,230292.0,254827.83333333334,1.453488372093031,0.5447513243079614,1.9066296350778646,0.6837606837606905,False,True,False,False
2026-07-29 10:22:41.818070,AFRM,none,131497.0,113448.4,0.15492957746478794,0.28140611841788854,1.96984282892522,0.07534246575342458,False,False,False,False
2026-07-29 10:22:42.002253,MWH,none,99956.0,98243.85714285714,-1.4481409001956986,2.952969690250492,1.8456060564065573,0.4743589743589771,False,False,False,False
2026-07-29 10:22:42.189149,CEVA,none,43452.0,97027.85714285714,-0.9177215189873503,0.6833998566391896,3.0,0.2457627118644084,False,False,True,False
2026-07-29 10:22:42.373412,RIOT,none,2154096.0,823470.3333333334,-3.761009283503924,0.44724463023273636,2.683467781396418,0.8102564102564082,False,False,True,True
2026-07-29 10:22:42.561180,CVNA,none,1411842.0,654660.75,3.5373731159643147,0.32353795558202775,1.9412277334921666,0.6424581005586587,False,True,False,False
2026-07-29 10:22:42.750447,IREN,none,5507727.0,2428890.6,-6.089508437270734,0.7931429343380624,3.0,0.8333333333333338,False,False,True,True
2026-07-29 10:22:42.937028,HPE,none,735590.0,895678.0,0.06629834254143897,1.3755020402220528,1.6506024482664632,0.02439024390244001,False,False,False,False
2026-07-29 10:22:43.121663,DAL,none,654929.0,337099.9166666667,0.4476070239871463,1.6665255944105044,1.4582098951091913,0.23076923076922948,False,False,False,False
2026-07-29 10:22:43.303833,RBLX,none,216598.0,229257.25,0.8709742758760376,1.2836950358976555,2.567390071795311,0.4831460674157297,True,False,False,False
2026-07-29 10:22:43.597359,IVZ,none,298560.0,356780.2,-1.3774104683195543,1.5204931440286964,1.2670776200239136,0.5128205128205102,False,False,False,False
2026-07-29 10:22:43.782126,JOBY,none,1062901.0,2355341.8,-0.5610098176718098,2.699145386957821,2.024359040218366,0.25,False,False,False,False
2026-07-29 10:52:44.710789,AMAT,none,375070.0,385807.3333333333,-0.8481093313998228,0.9059393050694892,3.0,0.42002176278563813,True,False,False,False
2026-07-29 10:52:44.895265,LITE,none,219381.0,235701.2,-1.2367462825427764,3.728250684080428,3.0,0.30619539316917804,False,False,False,True
2026-07-29 10:52:45.078243,ALAB,none,135104.0,134796.93333333332,-2.134795990845236,3.2266600140700428,3.0,0.45120934111759736,True,False,False,False
2026-07-29 10:52:45.268552,STX,none,550197.0,452135.26666666666,-1.0506170910795254,3.7099677421271737,3.0,0.20185092546273253,True,False,False,False
2026-07-29 10:52:45.459363,CIEN,none,117389.0,124207.33333333333,0.3484526340656765,0.5561675756768769,3.0,0.13024282560706474,True,False,False,False
2026-07-29 10:52:45.642583,AMD,none,2207187.0,1405285.8,-1.5159079562474485,1.5710788413355825,3.0,0.5178294573643403,True,False,False,False
2026-07-29 10:52:45.828300,MPWR,none,54608.0,41923.4,-0.8813018556604276,2.9832430301289934,3.0,0.4705636743215015,False,False,False,False
2026-07-29 10:52:46.036353,SIMO,none,66368.0,61309.166666666664,-3.0282424407271438,2.7624139710698215,1.1838917018870663,0.7758420441347266,False,False,True,True
2026-07-29 10:52:46.234628,BE,none,3324083.0,1773752.7,-3.7169700528479224,4.380607130774343,3.0,0.44452247191011385,False,False,False,False
2026-07-29 10:52:46.431383,ISRG,none,97192.0,139648.33333333334,-0.2710935971605118,1.2341590681182608,1.0798891846034782,0.34642857142857975,False,False,False,False
2026-07-29 10:52:46.656109,CRDO,none,348492.0,220960.75,-2.634894549438511,3.3628606202375915,3.0,0.5052521008403358,False,False,False,True
2026-07-29 10:52:46.847512,ENTG,none,121815.0,204068.2857142857,-1.930195663670014,1.7042590014362589,3.0,0.568831168831167,False,False,True,False
2026-07-29 10:52:47.036209,MXL,none,157571.0,179341.33333333334,-2.7291105121293757,2.4171842247817574,3.0,0.5529010238907842,False,False,True,False
2026-07-29 10:52:47.225645,NBIS,none,2171743.0,1367814.4666666666,-3.1611754229741758,4.152960138301058,2.491776082980635,0.6826923076923074,False,False,False,True
2026-07-29 10:52:47.410342,KLAC,none,1361907.0,922979.9166666666,-2.9584162795841595,4.374909689087042,3.0,0.7833089311859421,False,False,False,True
2026-07-29 10:52:47.592016,AMKR,none,763747.0,784650.2,-1.0475774770842359,3.095484123863247,2.6532721061684974,0.3636363636363612,False,False,False,False
2026-07-29 10:52:47.779673,DELL,none,308874.0,310920.5333333333,-0.39497776615223407,2.702647136660761,3.0,0.133984028393965,False,False,False,False
2026-07-29 10:52:47.969978,AEHR,none,132832.0,125288.0,-3.24917865225962,4.604668832659159,3.0,0.8272426484255941,False,False,False,True
2026-07-29 10:52:48.165719,MRVL,none,1361826.0,996445.75,-2.9204663511485642,0.36957622898269904,2.9566098318615923,0.6125907990314758,False,False,True,False
2026-07-29 10:52:48.348516,HOOD,none,1121337.0,913789.8571428572,-1.2947114329602885,0.3470668910889808,1.3882675643559232,0.6113989637305713,False,False,True,False
2026-07-29 10:52:48.528451,RCL,none,217771.0,159968.0,-0.9681497240464917,2.4715630206619816,2.162617643079234,0.6156862745097985,False,False,False,True
2026-07-29 10:52:48.717656,ARM,none,410183.0,221518.13333333333,-2.0196436923338577,3.425155822977174,1.712577911488587,0.5621301775147937,False,False,False,True
2026-07-29 10:52:48.906644,NXT,none,104272.0,213559.4,-0.31833616298811246,2.7626184296366585,1.657571057781995,0.12499999999999852,False,False,False,False
2026-07-29 10:52:49.093639,INTC,none,7351273.0,5842669.0,-0.9446215609871262,4.017431438268978,3.0,0.3539823008849559,False,False,False,False
2026-07-29 10:52:49.273588,APTV,none,60008.0,75320.0,-1.7105483816870755,0.6922700169287761,1.6152967061671442,0.9444444444444489,False,False,True,True
2026-07-29 10:52:49.460930,APO,none,88215.0,94641.66666666667,0.04943561011782341,2.2508348696703355,0.8440630761263759,0.05607476635514193,False,False,False,False
2026-07-29 10:52:49.660894,UAL,none,210142.0,162405.9,0.5778438170711597,1.0776008101615722,0.5388004050807861,0.4320987654320993,False,False,False,False
2026-07-29 10:52:49.847557,ASTS,none,864412.0,706942.4285714285,-1.47288164962745,0.2317741524860133,1.3906449149160798,0.42931461184908387,False,False,True,False
2026-07-29 10:52:50.029942,ARWR,none,86682.0,85005.85714285714,1.4815678954736304,2.5830981524712047,2.5830981524712047,0.822006472491906,False,False,False,True
2026-07-29 10:52:50.223394,GTLB,none,270037.0,191001.93333333332,0.2642395772166656,0.5229027613397839,3.0,0.16981132075470964,False,False,False,False
2026-07-29 10:52:50.406995,VSAT,none,58690.0,64061.0,-2.6791879574644355,2.8499148406693804,3.0,0.7490347490347472,False,False,False,True
2026-07-29 10:52:50.583795,QNT,none,41155.0,51980.142857142855,-0.08045052292839733,1.4255383864265965,1.9007178485687954,0.030534351145037462,False,False,False,False
2026-07-29 10:52:50.765247,VSH,none,392910.0,293773.6666666667,-2.4764890282131637,3.6469190999584997,2.6049422142560714,0.6638655462184879,False,False,False,False
2026-07-29 10:52:50.946844,TEAM,none,396555.0,301710.28571428574,-1.9347386658966264,2.2611780285118828,3.0,0.7671755725190887,False,False,False,True
2026-07-29 10:52:51.134304,REZI,none,70743.0,62238.6,-0.9241108933071921,1.3432932402439883,1.6119518882927861,0.4999999999999946,False,False,False,False
2026-07-29 10:52:51.318696,LEN,none,80012.0,89118.73333333334,0.08090614886732246,0.9757316954844204,0.8363414532723603,0.07954545454546207,False,False,False,False
2026-07-29 10:52:51.504357,BROS,none,51270.0,93221.13333333333,-0.30712530712531144,2.0465501451636374,0.767456304436364,0.26666666666667044,False,False,False,False
2026-07-29 10:52:51.688103,ALK,none,40215.0,129246.91666666667,-0.1490947816826417,1.6598210634162578,1.6598210634162578,0.11475409836065631,False,False,False,False
2026-07-29 10:52:51.876837,AOSL,none,73497.0,31286.466666666667,-3.374340949033395,4.337268318057214,1.8588292791673777,0.8347826086956514,False,False,False,True
2026-07-29 10:52:52.062934,CSCO,none,849728.0,901859.0833333334,-0.11150184406896789,1.4755561075833163,1.4755561075833163,0.11607142857143672,True,False,False,False
2026-07-29 10:52:52.251746,DHI,none,70807.0,73895.8,-0.1330849081714058,1.4018865712233133,1.2016170610485544,0.19607843137253592,False,False,False,False
2026-07-29 10:52:52.434966,A,none,28792.0,79484.71428571429,-0.2754431810156189,1.233730365119371,0.7402382190716226,0.46428571428573,False,False,False,False
2026-07-29 10:52:52.621017,MRNA,none,133990.0,243121.91666666666,-1.2728576550735045,0.5298915177020633,1.8546203119572215,0.525925925925926,False,False,True,False
2026-07-29 10:52:52.800639,AFRM,none,202183.0,116747.4,-1.7280134869345376,0.2110881057579024,1.4776167403053169,0.6406250000000016,False,False,True,True
2026-07-29 10:52:52.988781,MWH,none,99134.0,103998.57142857143,-1.6646848989298522,3.299933444351653,2.062458402719783,0.6176470588235322,False,False,False,True
2026-07-29 10:52:53.175621,CEVA,none,54624.0,99270.85714285714,-1.0171646535282908,0.6680400832241806,3.0,0.38554216867469826,False,False,True,False
2026-07-29 10:52:53.361598,RIOT,none,2010960.0,935863.1666666666,-0.9396636993076051,0.5530543315950605,3.0,0.46341463414633577,False,False,True,False
2026-07-29 10:52:53.543459,CVNA,none,629220.0,671443.75,-1.2028512028512062,0.4354303831710517,2.61258229902631,0.47928994082840437,False,False,True,False
2026-07-29 10:52:53.730933,IREN,none,4985827.0,2307972.4,-3.3250078051826453,0.7785603246114996,3.0,0.6574074074074092,False,False,True,True
2026-07-29 10:52:53.920626,HPE,none,568539.0,900450.9,0.5957634598411367,1.3198313833773643,1.583797660052837,0.33333333333333626,False,False,False,False
2026-07-29 10:52:54.097140,DAL,none,228630.0,310519.5,0.4341864716636308,0.9895822848613516,0.8658844992536826,0.41304347826088567,False,False,False,False
2026-07-29 10:52:54.273167,RBLX,SELL,225567.0,240888.41666666666,-2.1686746987951775,0.970778058314594,1.941556116629188,0.8120300751879697,True,False,True,True
2026-07-29 10:52:57.512935,IVZ,none,363959.0,382414.2,-1.2914485165793979,2.0244970195483267,1.6870808496236056,0.7115384615384572,False,False,False,True
2026-07-29 10:52:57.702778,JOBY,none,1904008.0,2393848.6666666665,-2.679830747531728,2.484458789705679,1.8633440922792595,0.759999999999998,False,False,True,True
2026-07-29 11:22:58.511864,AMAT,none,373415.0,389788.1666666667,0.4121792314851779,0.8743806331927413,3.0,0.2608695652173934,True,False,False,False
2026-07-29 11:22:58.699117,LITE,none,250386.0,221807.33333333334,-0.8801504198139306,3.5993351632009105,3.0,0.4061331338818296,False,False,False,True
2026-07-29 11:22:58.879109,ALAB,none,220995.0,131993.86666666667,1.9484448747428347,3.641072217473741,3.0,0.7252252252252244,True,False,False,True
2026-07-29 11:22:59.061376,STX,none,459037.0,455285.4,0.6046076636326557,3.8666188553794685,3.0,0.19334456613310994,True,False,False,False
2026-07-29 11:22:59.247534,CIEN,none,82787.0,123341.66666666667,-0.8798516905511606,0.5123189387563405,3.0,0.38089171974522573,False,False,True,False
2026-07-29 11:22:59.434127,AMD,none,1808966.0,1325494.1333333333,-0.2535204775403826,1.651889534951887,3.0,0.13888888888888432,False,False,False,False
2026-07-29 11:22:59.618262,MPWR,none,28031.0,40258.26666666667,-0.2969907042697323,3.0817850218725757,3.0,0.12316236524011742,False,False,False,False
2026-07-29 11:22:59.807113,SIMO,none,85901.0,65691.5,-0.9577201588413975,3.3493258523513503,1.435425365293436,0.3516295025729,False,False,False,False
2026-07-29 11:22:59.997139,BE,none,2258313.0,1942828.2,-0.7740598525019698,5.286791167690437,3.0,0.19568567026193837,False,False,False,False
2026-07-29 11:23:00.183831,ISRG,none,53084.0,133447.5,0.1149779859222146,1.2451556968004436,1.0895112347003881,0.14186851211073598,False,False,False,False
2026-07-29 11:23:00.373918,CRDO,none,385362.0,234457.83333333334,2.4915635545556682,3.3604766100494214,3.0,0.8754940711462404,False,False,False,True
2026-07-29 11:23:00.558384,ENTG,none,292333.0,209690.42857142858,0.5754360726488047,2.1944099952027987,3.0,0.22456140350877146,False,False,False,False
2026-07-29 11:23:00.741871,MXL,none,161207.0,170537.41666666666,0.1732801940738198,2.4448539495018218,3.0,0.08849557522123999,False,False,False,False
2026-07-29 11:23:00.931361,NBIS,none,1801379.0,1308110.1333333333,1.1822660098522242,4.6261764264087395,2.775705855845244,0.5013927576601698,False,False,False,False
2026-07-29 11:23:01.118205,KLAC,none,1240798.0,984692.4166666666,1.4765406761302111,5.037623285369351,3.0,0.49427480916030514,False,False,False,False
2026-07-29 11:23:01.302700,AMKR,none,524700.0,773296.1,1.01366240634641,3.152510779150713,2.7021520964148973,0.36800000000000066,False,False,False,False
2026-07-29 11:23:01.498960,DELL,none,316929.0,285469.4,-1.199475065616796,2.5175580447803774,3.0,0.5163841807909584,False,False,False,False
2026-07-29 11:23:01.675782,AEHR,none,90039.0,114178.93333333333,-0.6069689022105675,5.354111255971608,3.0,0.18582243633860993,False,False,False,False
2026-07-29 11:23:01.858585,MRVL,none,1316731.0,1013375.0833333334,-0.16046594556043137,0.4614980282985683,3.0,0.07499999999999507,False,False,False,False
2026-07-29 11:23:02.041755,HOOD,none,1115511.0,951916.7142857143,0.24460751612185777,0.41943211907415945,1.6777284762966378,0.21153846153846206,False,False,False,False
2026-07-29 11:23:02.324492,RCL,none,90206.0,144855.06666666668,0.6005165064252176,2.280411792675893,1.9953603185914064,0.5119363395225507,False,False,False,False
2026-07-29 11:23:02.507527,ARM,none,390668.0,223375.93333333332,0.9425357251444277,3.7433516525024193,1.8716758262512097,0.4607218683651831,False,False,False,False
2026-07-29 11:23:02.694733,NXT,none,278737.0,226202.4,0.9150883166631192,2.530170957921273,1.5181025747527637,0.6323529411764705,False,False,False,True
2026-07-29 11:23:02.882692,INTC,none,6612899.0,5937425.2,0.4411063423939015,4.305240373744086,3.0,0.2466666666666697,False,False,False,False
2026-07-29 11:23:03.066524,APTV,none,35461.0,74451.73333333334,-0.017064846416378857,0.8638145377655233,2.0155672547862213,0.03333333333332702,False,False,False,False
2026-07-29 11:23:03.252673,APO,none,43369.0,92480.33333333333,-0.44459081178988313,2.1053387153399936,0.7895020182524977,0.5744680851063759,False,False,False,True
2026-07-29 11:23:03.435723,UAL,none,99187.0,162353.2,-0.008208158909960695,1.1793172536658887,0.5896586268329443,0.00925925925926401,False,False,False,False
2026-07-29 11:23:03.621117,ASTS,none,572593.0,733018.2857142857,-0.03515556336790847,0.3524665727679075,2.114799436607445,0.019230769230772254,False,False,False,False
2026-07-29 11:23:03.802190,ARWR,none,110078.0,88551.71428571429,-1.586754053121761,3.386718598844154,3.0,0.5632653061224465,False,False,False,True
2026-07-29 11:23:03.982941,GTLB,none,239444.0,194539.0,0.029316915860445648,0.46587894819541437,2.795273689172486,0.024390243902434376,False,False,False,False
2026-07-29 11:23:04.163955,VSAT,none,70646.0,60850.8,0.9507591883070835,3.132991952949016,3.0,0.5630252100840362,False,False,False,False
2026-07-29 11:23:04.347539,QNT,none,46887.0,55995.0,1.1726647796198915,1.414149564619502,1.8855327528260024,0.623655913978493,False,False,False,False
2026-07-29 11:23:04.532530,VSH,none,386917.0,303288.0,-0.35335689045936214,3.6986514642744233,2.64189390305316,0.16666666666666577,False,False,False,False
2026-07-29 11:23:04.707673,TEAM,none,158121.0,291364.4285714286,1.133365901319014,2.56012972992278,3.0,0.6480446927374339,False,False,False,True
2026-07-29 11:23:04.886343,REZI,none,80856.0,62543.26666666667,-1.2418854078464514,1.4018302755224576,1.6821963306269492,0.9361702127659549,False,False,False,True
2026-07-29 11:23:05.067509,LEN,none,45916.0,84658.46666666666,-0.41599260457591797,0.8595571102115265,0.7367632373241655,0.7659574468085113,False,False,False,True
2026-07-29 11:23:05.251987,BROS,none,33389.0,88404.46666666666,-0.1387818041634375,1.8258113028786944,0.6846792385795104,0.16363636363634484,False,False,False,False
2026-07-29 11:23:05.435434,ALK,none,33603.0,114881.33333333333,-0.1492855619535088,1.5191470941480374,1.5191470941480374,0.18918918918919125,False,False,False,False
2026-07-29 11:23:05.624076,AOSL,none,27788.0,30669.0,0.9807482746095153,4.96859540614539,2.129398031205167,0.7297297297297266,False,False,False,True
2026-07-29 11:23:05.812751,CSCO,none,502436.0,857957.0833333334,-0.7300523919951976,1.375950836627212,1.375950836627212,0.6640625000000061,True,False,False,True
2026-07-29 11:23:05.996718,DHI,none,92279.0,77339.4,-0.14001866915587383,1.3362415309736981,1.1453498836917413,0.2799999999999727,False,False,False,False
2026-07-29 11:23:06.176993,A,none,37842.0,80164.28571428571,-0.5528777998298845,1.135011459818627,0.6810068758911763,0.7289719626168282,False,False,False,True
2026-07-29 11:23:06.364254,MRNA,none,82717.0,238704.0,0.708962006907836,0.5563338655343122,1.9471685293700927,0.6000000000000022,False,True,False,False
2026-07-29 11:23:06.550768,AFRM,none,169147.0,121922.33333333333,0.9715673667666908,0.2559486249181843,1.7916403744272902,0.6355140186915907,False,True,False,True
2026-07-29 11:23:06.734947,MWH,none,60222.0,106832.14285714286,1.8555869302137993,4.190562812885057,2.6191017580531604,0.9200000000000017,False,False,False,True
2026-07-29 11:23:06.919572,CEVA,none,65821.0,104249.0,-0.9961439588689018,0.7202822133883877,3.0,0.46268656716418133,False,False,True,False
2026-07-29 11:23:07.100718,RIOT,none,1404416.0,998284.1666666666,-1.5484515484515422,0.5929985677101361,3.0,0.6595744680851052,False,False,True,True
2026-07-29 11:23:07.286267,CVNA,none,426455.0,673686.0,1.1426853104796133,0.45723778449652475,2.7434267069791485,0.7450980392156803,False,True,False,True
2026-07-29 11:23:07.473735,IREN,none,3588498.0,2243105.3333333335,0.14532536735023965,0.8852931567152247,3.0,0.08700696055684802,False,False,False,False
2026-07-29 11:23:07.659915,HPE,none,413988.0,915787.2,-0.3068829460762836,1.4920783359840066,1.790494003180808,0.23333333333333373,False,False,False,False
2026-07-29 11:23:07.847864,DAL,none,217698.0,286561.25,-0.36434020266422995,1.0545858298319908,0.9227626011029919,0.3855421686746914,False,False,False,False
2026-07-29 11:23:08.030369,RBLX,none,458536.0,260462.33333333334,0.41042478965730117,1.1150027858983382,2.2300055717966765,0.4000000000000057,True,False,False,False
2026-07-29 11:23:08.242096,IVZ,none,270854.0,394406.2,-0.24761230986912022,2.1954546517682747,1.8295455431402288,0.16666666666666666,False,False,False,False
2026-07-29 11:23:08.447318,JOBY,none,2644779.0,2474312.6,-0.5797101449275367,3.2219804254384297,2.4164853190788222,0.44444444444444553,False,False,False,False
2026-07-29 11:53:09.276898,AMAT,none,280974.0,383669.6666666667,-0.25629128830561076,0.8093085155724762,3.0,0.20976491862568367,True,False,False,False
2026-07-29 11:53:09.465210,LITE,none,277369.0,216343.6,-1.268931641424478,2.962767682135361,3.0,0.5681818181818188,True,False,False,True
2026-07-29 11:53:09.647061,ALAB,none,118990.0,132017.26666666666,-1.4268774703557365,3.988550593506716,3.0,0.6434937611408241,True,False,False,False
2026-07-29 11:53:09.832366,STX,none,413318.0,455538.06666666665,-0.617995181732485,3.2913941378436515,2.879969870613195,0.366744366744372,True,False,False,False
2026-07-29 11:53:10.015378,CIEN,none,132262.0,120737.91666666667,-0.5603652751423109,0.5065234491969217,3.0,0.4543269230769171,True,False,True,False
2026-07-29 11:53:10.197433,AMD,none,1092493.0,1236583.0666666667,-0.5915655690352403,1.5514006236839761,3.0,0.43986254295532734,False,False,False,False
2026-07-29 11:53:10.378802,MPWR,none,22191.0,39250.4,-0.8356677845728876,3.0892058988197197,3.0,0.4616390584132473,False,False,False,False
2026-07-29 11:53:10.564023,SIMO,none,52724.0,67143.58333333333,-0.06132075471697899,3.1375568807289818,1.344667234598135,0.040624999999998725,False,False,False,False
2026-07-29 11:53:10.750899,BE,none,1429729.0,2013510.9,0.4662290657015026,5.354299615357081,3.0,0.18095238095238605,False,False,False,False
2026-07-29 11:53:10.935467,ISRG,none,95686.0,133051.0,-0.5096897053881464,1.2889516219744463,1.1278326692276406,0.7744680851063726,False,False,False,True
2026-07-29 11:53:11.115885,CRDO,none,276202.0,240114.83333333334,-0.9651239306865645,3.7694001128886834,3.0,0.42512077294686595,False,False,False,False
2026-07-29 11:53:11.303947,ENTG,none,162200.0,209809.85714285713,-1.3793103448275916,2.245491057564671,3.0,0.6844444444444472,False,False,False,False
2026-07-29 11:53:11.489072,MXL,none,113785.0,169174.91666666666,-1.4878892733564004,2.1707450480775417,2.713431310096927,0.7747747747747746,False,False,False,True
2026-07-29 11:53:11.674534,NBIS,none,956408.0,1248084.8666666667,-1.3620443637307007,4.5989791919810745,2.7593875151886444,0.5526315789473653,False,False,False,True
2026-07-29 11:53:11.856742,KLAC,none,1071244.0,1009807.25,-0.6967857945605805,5.271744400632048,3.0,0.31472081218274134,False,False,False,False
2026-07-29 11:53:12.040221,AMKR,none,472426.0,770718.9,-0.719895287958127,3.4065941425333253,2.919937836457136,0.47826086956522185,False,False,False,False
2026-07-29 11:53:12.223595,DELL,none,253379.0,258121.73333333334,-0.7809179770505731,2.069462463074399,2.483354955689279,0.35766423357664334,False,False,False,False
2026-07-29 11:53:12.406104,AEHR,none,60653.0,102921.4,-0.735697155274307,5.063926220775099,3.0,0.3709115687462172,False,False,False,False
2026-07-29 11:53:12.589824,MRVL,none,843677.0,1005179.6666666666,-0.6727792331507474,0.43587960984908813,3.0,0.3741721854304643,False,False,True,False
2026-07-29 11:53:12.773672,HOOD,none,785876.0,975471.1428571428,-0.6987577639751502,0.3864465234069174,1.5457860936276695,0.6702127659574436,False,False,True,False
2026-07-29 11:53:12.958005,RCL,none,66974.0,137371.93333333332,0.2908235876492784,2.359323088114387,2.064407702100089,0.34686346863468814,False,False,False,False
2026-07-29 11:53:13.137292,ARM,none,147443.0,211939.4,-0.26749503839848326,4.027065475117488,2.013532737558744,0.18023255813953631,False,False,False,False
2026-07-29 11:53:13.319756,NXT,none,170052.0,225785.3,-1.505263157894744,2.6387441691707885,1.5832465015024733,0.8993710691823923,False,False,False,True
2026-07-29 11:53:13.502353,INTC,none,5722246.0,6004454.1,-1.2108262108262062,4.44537075082339,3.0,0.6455696202531628,False,False,False,True
2026-07-29 11:53:13.685653,APTV,none,36067.0,74057.0,0.3755547968589943,0.7904076708556185,1.8442845653297764,0.8148148148148227,False,False,False,True
2026-07-29 11:53:13.874234,APO,none,69511.0,94934.4,-0.28925619834710276,1.8657312901579404,0.6996492338092276,0.5737704918032699,False,False,False,True
2026-07-29 11:53:14.053137,UAL,none,84253.0,154291.6,-0.8040036098121289,1.0918957556994062,0.5459478778497031,0.6950354609929053,False,False,False,False
2026-07-29 11:53:14.239955,ASTS,none,439791.0,737931.5714285715,-2.3300800140684124,0.3052974412156717,1.8317846472940302,0.8862876254180636,False,False,True,True
2026-07-29 11:53:14.419341,ARWR,none,41214.0,89550.14285714286,0.7362393362159749,4.579438400172129,3.0,0.5833333333333355,False,False,False,True
2026-07-29 11:53:14.598065,GTLB,none,92268.0,194536.26666666666,0.11716461628587917,0.42066731891664577,2.5240039134998744,0.09756097560975314,False,False,False,False
2026-07-29 11:53:14.783423,VSAT,none,59545.0,58218.0,-0.5196629213483209,2.9022947765006086,3.0,0.44578313253012686,False,False,False,False
2026-07-29 11:53:14.964399,QNT,none,49919.0,58918.42857142857,-1.5615615615615637,1.4815888089320115,1.9754517452426819,0.6554621848739479,False,False,True,False
2026-07-29 11:53:15.144651,VSH,none,242112.0,300284.4,-1.3217279174725989,3.2320280396992755,2.3085914569280543,0.719298245614035,False,False,False,True
2026-07-29 11:53:15.326188,TEAM,none,138540.0,302447.28571428574,0.405483684108903,2.8823810157091705,3.0,0.3206106870229015,False,False,False,False
2026-07-29 11:53:15.506390,REZI,none,23259.0,58410.13333333333,-0.686498855835246,1.455428853082816,1.7465146236993792,0.6486486486486585,False,False,False,True
2026-07-29 11:53:15.694855,LEN,none,78107.0,85717.93333333333,-0.22046878626132738,0.7459001534196814,0.6393429886454413,0.3518518518518791,False,False,False,True
2026-07-29 11:53:15.880341,BROS,none,43955.0,82676.8,-0.41647385469689346,1.7975620572609143,0.6740857714728429,0.4499999999999976,False,False,False,False
2026-07-29 11:53:16.056948,ALK,none,166358.0,120041.0,-1.0465612985903503,1.3936959847797752,1.3936959847797752,0.5632183908046017,False,False,False,True
2026-07-29 11:53:16.238579,AOSL,none,25377.0,30455.6,-1.691255847427128,4.2039228304314245,1.801681213042039,0.7704918032786874,False,False,False,True
2026-07-29 11:53:16.420833,CSCO,none,624843.0,863823.4166666666,0.24231934227607196,1.4969439158812512,1.4969439158812512,0.4117647058823505,True,False,False,False
2026-07-29 11:53:16.603959,DHI,none,108391.0,77583.26666666666,-0.18020423146233078,1.1256037240343386,0.9648031920294331,0.3802816901408552,False,False,False,False
2026-07-29 11:53:16.788108,A,none,32740.0,78320.42857142857,-0.44932601098352143,1.3294597708272458,0.7976758624963474,0.8630136986301092,False,False,False,True
2026-07-29 11:53:16.977367,MRNA,none,122126.0,223566.16666666666,-0.613829211048932,0.5999870585970537,2.099954705089688,0.45333333333333786,False,False,True,False
2026-07-29 11:53:17.157689,AFRM,none,230368.0,130548.13333333333,0.7358143483797878,0.29063448491023025,2.034441394371612,0.6341463414634041,False,True,False,True
2026-07-29 11:53:17.347791,MWH,none,46018.0,98535.71428571429,-1.5037593984962367,5.485008604086979,3.0,0.7916666666666639,False,False,False,True
2026-07-29 11:53:17.534466,CEVA,none,71492.0,108926.57142857143,-1.428107757221674,0.7733127583436012,3.0,0.7586206896551707,False,False,True,True
2026-07-29 11:53:17.722012,RIOT,none,897430.0,1024419.4166666666,-0.6595636732623164,0.5929563564003184,3.0,0.3513513513513573,False,False,True,False
2026-07-29 11:53:17.906451,CVNA,none,508707.0,654000.8333333334,0.7879869164436532,0.4685432477834393,2.811259486700636,0.5888888888888957,False,True,False,False
2026-07-29 11:53:18.092232,IREN,none,2775562.0,2229951.6666666665,-1.015146632291335,0.7716401342530114,3.0,0.4091440446811292,False,False,True,False
2026-07-29 11:53:18.275276,HPE,none,383247.0,845116.2,-1.0778706555213418,1.2673234457918903,1.5207881349502683,0.6447368421052675,False,False,False,True
2026-07-29 11:53:18.456930,DAL,none,149548.0,273514.6666666667,-0.5370201096892127,0.9564194718732963,0.8368670378891343,0.712121212121214,False,False,False,True
2026-07-29 11:53:18.645301,RBLX,none,795105.0,302254.5,0.2861815208503691,1.1689243964147913,2.3378487928295826,0.21538461538461673,True,False,False,False
2026-07-29 11:53:18.833874,IVZ,none,230846.0,405088.2,-0.1063829787233957,2.1764060849453224,1.8136717374544353,0.14999999999998578,False,False,False,False
2026-07-29 11:53:19.121162,JOBY,none,4091193.0,2497485.533333333,-1.3100436681222687,2.8766211901624503,2.157465892621838,0.7499999999999981,False,False,False,True
2026-07-29 12:23:19.993378,AMAT,SELL,454673.0,403000.5,-1.0325954486028994,0.7722825836402428,3.0,0.6263440860215089,True,False,True,True
2026-07-29 12:23:20.189909,LITE,none,209619.0,212395.33333333334,0.013272280841469395,3.141424421920969,3.0,0.01047120418848705,False,False,False,False
2026-07-29 12:23:20.374436,ALAB,none,100000.0,127568.6,0.6545396137011587,3.804646823292142,3.0,0.6150943396226385,True,False,False,False
2026-07-29 12:23:20.576428,STX,none,343542.0,443588.3333333333,0.48700013197834774,3.3192726442988976,2.9043635637615353,0.3077564637197613,True,False,False,False
2026-07-29 12:23:20.769400,CIEN,none,51056.0,116493.83333333333,-1.1325265202450214,0.4950653254103785,3.0,0.6122778675282601,False,False,True,True
2026-07-29 12:23:20.958945,AMD,none,977344.0,1211335.5333333334,-0.4880202644605105,1.5283220280459697,3.0,0.3436988543371552,False,False,False,False
2026-07-29 12:23:21.153019,MPWR,none,22301.0,39381.333333333336,-0.040609945455268616,3.0739669463594494,3.0,0.03763837638376329,False,False,False,False
2026-07-29 12:23:21.341266,SIMO,none,41201.0,67272.75,-1.2508850601840953,2.871442115318434,1.2306180494221861,0.5408163265306127,False,False,False,False
2026-07-29 12:23:21.547987,BE,none,1228070.0,2050795.3,-1.980561158995054,5.138677164830475,3.0,0.5259740259740278,False,False,False,False
2026-07-29 12:23:21.744943,ISRG,none,72857.0,130425.66666666667,0.019695562871048417,1.4193101946437818,1.2418964203133092,0.038461538461534855,False,False,False,False
2026-07-29 12:23:21.947465,CRDO,none,154747.0,245310.41666666666,0.5096952908587188,3.891876803276215,3.0,0.3709677419354761,False,False,False,False
2026-07-29 12:23:22.146307,ENTG,none,248498.0,208216.0,-0.3363024904562719,2.351927761953493,3.0,0.21893491124259812,False,False,False,False
2026-07-29 12:23:22.333983,MXL,none,127013.0,167997.75,0.14067170740285811,2.306215506598871,2.882769383248589,0.1632653061224617,False,False,False,False
2026-07-29 12:23:22.525562,NBIS,none,1369760.0,1225067.7333333334,-1.2625764450581887,4.11442347672229,2.468654086033374,0.5439093484419226,False,False,False,False
2026-07-29 12:23:22.722897,KLAC,none,885940.0,1041364.3333333334,-1.2909070320462015,5.268179575748492,3.0,0.6350974930362164,False,False,False,False
2026-07-29 12:23:22.913039,AMKR,none,342999.0,756899.7,-2.1313996923753,3.597907026667177,3.0,0.8083333333333305,False,False,False,True
2026-07-29 12:23:24.628137,DELL,none,297937.0,252911.66666666666,-0.7953510792137612,2.1077085256977783,2.529250230837334,0.4562211981566869,False,False,False,False
2026-07-29 12:23:25.356443,AEHR,none,143923.0,107729.26666666666,-1.5654541329501575,4.790604444042218,3.0,0.6192784060312303,False,False,False,True
2026-07-29 12:23:25.566265,MRVL,none,695382.0,1039362.4166666666,-0.6414099028893377,0.4520133481738567,3.0,0.372822299651565,False,False,True,False
2026-07-29 12:23:25.772182,HOOD,none,647319.0,970182.1428571428,0.011170688114393562,0.43996996142004435,1.7598798456801774,0.010526315789479037,False,False,False,False
2026-07-29 12:23:25.966000,RCL,none,98085.0,135228.53333333333,0.11419753086419894,2.229510082599398,1.9508213222744732,0.22155688622754552,False,False,False,False
2026-07-29 12:23:26.167879,ARM,none,159947.0,210049.93333333332,-0.7572151789191294,3.7883999146114955,1.8941999573057478,0.5043227665706054,False,False,False,False
2026-07-29 12:23:26.359759,NXT,none,240852.0,224785.0,-1.015174182517635,2.5318013303175215,1.5190807981905128,0.6129032258064546,False,False,False,True
2026-07-29 12:23:26.567339,INTC,none,5099022.0,6217247.9,-0.2884268717702138,4.7296092749105,3.0,0.20168067226890365,False,False,False,False
2026-07-29 12:23:26.762719,APTV,none,87574.0,76487.4,-0.7991838122768217,0.6799213982153334,1.5864832625024445,0.7966101694915285,False,False,True,True
2026-07-29 12:23:27.021966,APO,none,48247.0,95130.06666666667,-0.32324906755076716,1.6558577163389399,0.6209466436271025,0.39795918367346833,False,False,False,False
2026-07-29 12:23:27.202007,UAL,none,90995.0,151308.1,-0.05788951372809079,1.1696248329496315,0.5848124164748157,0.07954545454546207,False,False,False,False
2026-07-29 12:23:27.386687,ASTS,none,394622.0,731820.8571428572,-1.106712254813752,0.5293720854668944,3.0,0.5857142857142892,False,False,True,True
2026-07-29 12:23:27.586553,ARWR,none,37634.0,82926.71428571429,-0.39479795633999465,3.943256382664889,3.0,0.45945945945946726,False,False,False,False
2026-07-29 12:23:27.793254,GTLB,none,161479.0,192006.66666666666,1.6091281451140935,0.3312812372772423,1.9876874236634539,0.9482758620689634,False,True,False,True
2026-07-29 12:23:27.989950,VSAT,none,95642.0,63460.73333333333,0.5368748233964332,2.911405373345964,3.0,0.775510204081609,False,False,False,True
2026-07-29 12:23:28.182305,QNT,none,92067.0,71504.71428571429,-3.0506406345332517,1.8093773242937967,2.4125030990583958,0.8982035928143703,False,False,True,True
2026-07-29 12:23:28.373410,VSH,none,263381.0,306926.86666666664,-1.5032679738562118,3.4179395963109127,2.441385425936366,0.7076923076923067,False,False,False,True
2026-07-29 12:23:28.573207,TEAM,none,237302.0,309734.85714285716,1.2596153846153868,2.4117260222251584,3.0,0.7197802197802238,False,False,False,True
2026-07-29 12:23:28.766841,REZI,none,18489.0,57251.0,0.3453237410071869,1.4580203647910686,1.7496244377492824,0.5454545454545366,False,False,False,False
2026-07-29 12:23:28.965702,LEN,SELL,251005.0,94663.2,-0.6862060944405715,0.6822926359435126,0.5848222593801538,0.7763157894736835,True,False,True,True
2026-07-29 12:23:32.677929,BROS,none,28784.0,80799.86666666667,0.5420473904290051,1.7038710975228262,0.6389516615710598,0.41176470588236574,False,False,False,False
2026-07-29 12:23:32.867978,ALK,none,120059.0,122943.58333333333,-0.6689684937419125,1.6821989456513204,1.6821989456513204,0.632653061224501,False,False,False,True
2026-07-29 12:23:33.058677,AOSL,none,20854.0,30924.466666666667,-0.32954961552544804,4.20835107149486,1.8035790306406543,0.22500000000000045,False,False,False,False
2026-07-29 12:23:33.250917,CSCO,none,831817.0,888399.3333333334,-0.5525338858672197,1.456473627888291,1.456473627888291,0.5981308411214917,True,False,False,True
2026-07-29 12:23:33.442251,DHI,none,57015.0,75757.46666666666,-0.347709796054838,0.9609426476602816,0.8236651265659557,0.6419753086419862,False,False,False,True
2026-07-29 12:23:33.632899,A,none,23440.0,75992.0,0.364885168491086,1.522089746706249,0.9132538480237495,0.6296296296296167,False,False,False,True
2026-07-29 12:23:33.829544,MRNA,none,100704.0,223981.91666666666,-0.5815009994548433,0.6323739666537405,2.2133088832880916,0.516129032258067,False,False,False,False
2026-07-29 12:23:34.027575,AFRM,none,89761.0,126687.26666666666,-0.19662921348314685,0.2653972605160658,1.8577808236124609,0.23333333333333098,False,False,False,False
2026-07-29 12:23:34.215911,MWH,none,40733.0,90407.0,-1.6874246685415897,5.676957671067222,3.0,0.8571428571428633,False,False,False,True
2026-07-29 12:23:34.403657,CEVA,none,45636.0,113852.42857142857,-0.4611330698287239,0.7801111693053366,3.0,0.32558139534883873,False,False,False,False
2026-07-29 12:23:34.616048,RIOT,none,879736.0,1076977.1666666667,-1.7113665389527504,0.5782246163993123,3.0,0.6838130230659305,False,False,True,True
2026-07-29 12:23:34.805523,CVNA,none,387602.0,653022.25,-0.7526564344746238,0.4971634128233614,2.9829804769401687,0.4396551724137988,False,False,True,False
2026-07-29 12:23:34.999205,IREN,none,2840136.0,2299007.4,-0.6303109230017906,0.7568244749724891,3.0,0.3309401709401705,False,False,False,False
2026-07-29 12:23:35.189335,HPE,none,355815.0,839647.8,-0.4448398576512519,1.533727554603323,1.8404730655239876,0.384615384615393,False,False,False,False
2026-07-29 12:23:35.371873,DAL,none,120257.0,263037.75,-0.20684900022982375,1.1218337124261257,0.98160449837286,0.36734693877549895,False,False,False,False
2026-07-29 12:23:35.577261,RBLX,none,229861.0,310133.5,0.4079135223332566,1.1778028525091055,2.355605705018211,0.33898305084744845,True,False,False,False
2026-07-29 12:23:35.771537,IVZ,none,459722.0,400380.0,0.24857954545454647,1.680050949056719,1.4000424575472659,0.36842105263158487,False,False,False,False
2026-07-29 12:23:35.959907,JOBY,none,2221016.0,2301083.1333333333,-0.5899705014749268,2.464348391125292,1.848261293343969,0.44444444444444553,False,False,False,False
2026-07-29 12:53:36.795839,AMAT,none,325264.0,403715.9166666667,-0.25292090066699396,0.7965188396265107,3.0,0.18464052287581612,True,False,False,False
2026-07-29 12:53:37.105818,LITE,none,252966.0,212979.93333333332,0.09294760079004555,2.7495165958594163,3.0,0.05022421524663198,False,False,False,False
2026-07-29 12:53:37.371389,ALAB,none,97354.0,123632.26666666666,-1.4563881573697253,3.5137165904294982,3.0,0.6083333333333343,True,False,False,False
2026-07-29 12:53:37.774999,STX,none,352393.0,444477.13333333336,-0.11133523694758372,2.6312390554599556,2.302334173527461,0.07973733583489834,True,False,False,False
2026-07-29 12:53:37.960585,CIEN,none,80069.0,125463.16666666667,-1.1114466928420437,0.5473230586919676,3.0,0.45208845208845366,False,False,True,False
2026-07-29 12:53:38.226054,AMD,none,1013826.0,1168900.2,0.3198393799318309,1.3854093729949648,3.0,0.23867595818815374,False,False,False,False
2026-07-29 12:53:38.556253,MPWR,none,39516.0,40405.8,0.1337537021114028,2.793084720213459,3.0,0.0868665977249261,False,False,False,False
2026-07-29 12:53:38.731540,SIMO,none,108906.0,75482.33333333333,-0.8551091577891465,3.3046025771373846,1.4162582473445933,0.3442307692307739,False,False,False,False
2026-07-29 12:53:38.909393,BE,none,1127565.0,2105088.5,1.4837905236907702,5.380216953639982,3.0,0.4020270270270271,False,False,False,False
2026-07-29 12:53:39.091431,ISRG,none,57827.0,126133.66666666667,0.011249859376763545,1.4074748146666631,1.2315404628333302,0.02531645569621574,False,False,False,False
2026-07-29 12:53:39.281850,CRDO,none,284921.0,258006.08333333334,-1.5211640211640163,3.799389099067624,3.0,0.5433070866141732,False,False,False,True
2026-07-29 12:53:39.467121,ENTG,none,120384.0,156193.7142857143,-0.956894194841882,1.8700524456668344,3.0,0.5223880597014898,False,False,False,False
2026-07-29 12:53:39.650129,MXL,none,106203.0,158105.08333333334,-0.21085925144965287,2.1633523627483453,2.7041904534354315,0.11999999999999744,False,False,False,False
2026-07-29 12:53:39.922668,NBIS,none,2143500.0,1315506.0666666667,0.7059607059607075,4.3225282022301705,2.5935169213381024,0.208251473477407,False,False,False,False
2026-07-29 12:53:40.112923,KLAC,none,652655.0,1055369.0833333333,-0.25232251404977507,5.556160783667151,3.0,0.18965517241379268,False,False,False,False
2026-07-29 12:53:40.295898,AMKR,none,449276.0,750853.8,-0.3812514016595687,4.056191053689869,3.0,0.2500000000000026,False,False,False,False
2026-07-29 12:53:40.568653,DELL,none,224864.0,244478.8,-0.5910931174089062,1.8227992934061275,2.1873591520873528,0.3318181818181832,False,False,False,False
2026-07-29 12:53:40.845207,AEHR,none,96126.0,103278.06666666667,-0.6524408965305453,4.8217690695500455,3.0,0.2910958904109582,False,False,False,False
2026-07-29 12:53:41.031654,MRVL,none,1075666.0,1068559.75,-0.24132730015083298,0.45172411570281323,3.0,0.11869436201780569,False,False,False,False
2026-07-29 12:53:41.220974,HOOD,none,665017.0,820597.5714285715,0.10053619302949443,0.3431331773799376,1.3725327095197504,0.10588235294117943,False,False,False,False
2026-07-29 12:53:41.551353,RCL,none,112244.0,128431.13333333333,-0.175730669626339,2.104446333477451,1.8413905417927694,0.27669902912620997,False,False,False,False
2026-07-29 12:53:41.828156,ARM,none,216654.0,210962.06666666668,0.13512335454624805,3.9777378252585507,1.9888689126292753,0.09779179810725662,False,False,False,False
2026-07-29 12:53:42.014331,NXT,none,89665.0,224703.7,-0.4206665947578477,2.8294364444101214,1.697661866646073,0.24074074074074042,False,False,False,False
2026-07-29 12:53:42.196443,INTC,none,6190576.0,6543977.1,0.48210196456551246,4.510207335059721,3.0,0.2547770700636967,False,False,False,False
2026-07-29 12:53:42.468814,APTV,none,20713.0,70079.6,0.01715854495538437,0.7248057273694227,1.6912133638619864,0.049999999999989345,False,False,False,False
2026-07-29 12:53:42.798093,APO,none,39800.0,93124.26666666666,0.21616228799468334,1.7207717523369046,0.6452894071263392,0.45614035087719607,False,False,False,False
2026-07-29 12:53:42.980860,UAL,none,82026.0,152406.2,0.1985111662530975,1.188291791383616,0.594145895691808,0.3157894736842017,False,False,False,False
2026-07-29 12:53:43.165888,ASTS,none,460902.0,636186.5714285715,-0.08188517878264345,0.5310173949518443,3.0,0.04591836734694033,False,False,False,False
2026-07-29 12:53:43.356284,ARWR,none,66819.0,61930.0,-1.3922870791098605,3.4202634565021994,3.0,0.7660256410256355,False,False,False,True
2026-07-29 12:53:43.625916,GTLB,none,177288.0,190343.53333333333,-0.08638065073421836,0.3808791798361606,2.2852750790169636,0.10344827586204869,False,False,False,False
2026-07-29 12:53:43.895576,VSAT,none,140937.0,66895.26666666666,-0.336983993260313,3.0040287315087353,3.0,0.2666666666666593,False,False,False,False
2026-07-29 12:53:44.083685,QNT,none,103231.0,70034.42857142857,-1.0037641154328667,1.8140636780778996,2.418751570770533,0.6075949367088574,False,False,False,False
2026-07-29 12:53:44.412784,VSH,none,393101.0,319068.6,-0.46434494195687237,3.702365871117256,2.64454705079804,0.2692307692307637,False,False,False,False
2026-07-29 12:53:44.593544,TEAM,none,98262.0,251335.7142857143,-0.056963827969241695,2.5539610907819794,3.0,0.10169491525424056,False,False,False,False
2026-07-29 12:53:44.862084,REZI,none,16618.0,54038.53333333333,0.14326647564471137,1.4655372226428023,1.758644667171363,0.23809523809525743,False,False,False,False
2026-07-29 12:53:45.248109,LEN,none,148036.0,100198.26666666666,-0.12882070500058487,0.8364390701515337,0.7169477744156003,0.28947368421052827,False,False,False,False
2026-07-29 12:53:45.512459,BROS,none,28538.0,78376.53333333334,0.15396458814471795,1.7206297104172872,0.6452361414064827,0.2777777777777624,False,False,False,False
2026-07-29 12:53:45.697759,ALK,none,73782.0,120142.08333333333,0.8474576271186298,1.7752657701337053,1.7752657701337053,0.7499999999999931,False,False,False,True
2026-07-29 12:53:45.969097,AOSL,none,33960.0,32039.666666666668,0.8836524300441768,4.075334771635934,1.7465720449868285,0.7272727272727263,False,False,False,True
2026-07-29 12:53:46.151644,CSCO,none,773520.0,926731.75,-0.23439534681829674,1.4446901949020716,1.4446901949020716,0.2621359223300929,True,False,False,False
2026-07-29 12:53:46.599114,DHI,none,61336.0,75172.73333333334,-0.3420293742874517,1.0314545132901773,0.8841038685344377,0.7183098591549487,False,False,False,True
2026-07-29 12:53:46.786276,A,none,40511.0,36644.42857142857,-0.40641711229946037,1.6653752755623623,0.9992251653374175,0.7215189873417708,False,False,False,True
2026-07-29 12:53:46.969719,MRNA,none,125469.0,215718.0,-0.25570776255707867,0.6760679769714695,2.366237919400143,0.22950819672130995,False,False,False,False
2026-07-29 12:53:47.241799,AFRM,none,203523.0,133607.93333333332,0.014074595355390733,0.25342289727002176,1.7739602808901522,0.01587301587302411,False,False,False,False
2026-07-29 12:53:47.427133,MWH,none,36988.0,56517.28571428572,-1.2244897959183703,6.527677437101741,3.0,0.7142857142857131,False,False,False,True
2026-07-29 12:53:47.673854,CEVA,none,68318.0,53473.142857142855,-0.03304692663582803,0.482027095843494,3.0,0.018518518518521442,False,False,False,False
2026-07-29 12:53:47.862492,RIOT,none,1279174.0,1157054.6666666667,-0.025974025974020806,0.6283487089424133,3.0,0.016393442622947573,False,False,False,False
2026-07-29 12:53:48.049144,CVNA,none,310947.0,663976.25,0.1041046995835922,0.5278816678599381,3.0,0.08641975308642863,False,False,False,False
2026-07-29 12:53:48.311355,IREN,none,2893190.0,2365744.066666667,0.36036036036037017,0.7452838263950423,3.0,0.16666666666667115,False,False,False,False
2026-07-29 12:53:48.495337,HPE,none,438779.0,824864.2,0.26797677534613096,1.5809735768688342,1.8971682922426012,0.1518987341772121,False,False,False,False
2026-07-29 12:53:48.675219,DAL,none,132541.0,258083.83333333334,0.08060801473974341,1.182159326190588,1.0343894104167646,0.1555555555555394,False,False,False,False
2026-07-29 12:53:48.862904,RBLX,none,242720.0,314962.0833333333,0.9746192893400952,1.2473252554682186,2.494650510936437,0.657534246575341,True,False,False,False
2026-07-29 12:53:49.048507,IVZ,none,162483.0,395975.4,0.07082152974505357,1.760616456739824,1.4671803806165198,0.1428571428571646,False,False,False,False
2026-07-29 12:53:49.342567,JOBY,none,1506553.0,2020588.3333333333,0.29717682020801744,2.478880594271945,1.8591604457039588,0.3333333333333284,False,False,False,False
2026-07-29 13:23:50.237270,AMAT,none,255520.0,405403.75,0.06731589103800083,0.7870448108562942,3.0,0.06521739130433762,False,False,False,False
2026-07-29 13:23:50.427098,LITE,none,210467.0,212805.0,0.7912941059372101,2.7462770482251173,3.0,0.4774774774774866,False,False,False,True
2026-07-29 13:23:50.612796,ALAB,none,89462.0,122740.86666666667,0.44156370265343464,3.834138368911691,3.0,0.2994505494505515,True,False,False,False
2026-07-29 13:23:50.804789,STX,BUY,493980.0,460592.2,2.6245173113423594,2.5538805195865497,2.234645454638231,0.8546462063086113,True,True,False,True
2026-07-29 13:23:54.012017,CIEN,BUY,255384.0,125935.5,1.6894781864841835,0.5773725394414699,3.0,0.7691237830319932,True,True,False,True
2026-07-29 13:23:54.201096,AMD,none,765584.0,1150807.1333333333,0.1885299320361238,1.3464209930397029,3.0,0.19014084507042348,False,False,False,False
2026-07-29 13:23:54.397636,MPWR,none,20900.0,40330.6,0.11444466520962086,2.7026571123249528,3.0,0.10112359550562175,False,False,False,False
2026-07-29 13:23:54.585569,SIMO,none,43055.0,74441.5,1.2048192771084338,3.515573459772945,1.5066743399026907,0.8250825082508247,False,False,False,True
2026-07-29 13:23:54.769443,BE,none,1083312.0,2120490.3,1.7813267813267673,5.084076377164635,3.0,0.5330882352941136,False,False,False,False
2026-07-29 13:23:54.953589,ISRG,none,105287.0,126492.08333333333,-0.2811911256080758,1.3670998063022295,1.1962123305144508,0.38167938931297646,False,False,False,False
2026-07-29 13:23:55.139657,CRDO,none,222797.0,272996.0,-0.05595344673231553,4.1258035586148765,3.0,0.039999999999997725,False,False,False,False
2026-07-29 13:23:55.329466,ENTG,none,86601.0,150993.0,0.6532339681663519,1.5534416299333693,3.0,0.6016949152542406,False,False,False,False
2026-07-29 13:23:55.513286,MXL,none,84801.0,160090.16666666666,0.2638522427440608,2.148023790241051,2.685029737801314,0.20547945205479345,False,False,False,False
2026-07-29 13:23:55.703755,NBIS,none,2708960.0,1425477.5333333334,2.777594074465967,4.202642078388234,2.5215852470329403,0.9292035398230042,False,False,False,True
2026-07-29 13:23:55.886112,KLAC,none,649533.0,1068079.9166666667,-0.46567781993791096,5.64246990624612,3.0,0.3176470588235289,False,False,False,False
2026-07-29 13:23:56.074683,AMKR,none,290803.0,727154.0,1.0576057605760552,3.9735914798681358,3.0,0.6351351351351319,False,False,False,False
2026-07-29 13:23:56.275205,DELL,none,157786.0,242751.13333333333,0.4939880031484931,1.8323458972920583,2.19881507675047,0.46666666666666085,False,False,False,False
2026-07-29 13:23:56.464306,AEHR,none,49074.0,102616.33333333333,0.6789075759913559,4.570753065647537,3.0,0.4192472606002801,False,False,False,False
2026-07-29 13:23:56.653335,MRVL,none,598069.0,1069288.3333333333,0.1088797483668079,0.43035703593220537,3.0,0.10227272727273168,False,False,False,False
2026-07-29 13:23:56.835127,HOOD,none,412080.0,705404.1428571428,0.2344011608438372,0.2349783594201184,0.9399134376804736,0.3088235294117589,False,False,False,False
2026-07-29 13:23:57.032244,RCL,none,58071.0,122955.66666666667,0.006172267999888484,1.8923194302201485,1.65577950144263,0.007874015748046827,False,False,False,False
2026-07-29 13:23:57.233137,ARM,none,167262.0,215171.26666666666,0.4135109253939186,3.843916565128265,1.9219582825641326,0.5080213903743319,False,False,False,False
2026-07-29 13:23:57.424330,NXT,none,191107.0,211112.1,1.2249322493224883,2.7415850244664597,1.6449510146798758,0.8014184397163108,False,False,False,True
2026-07-29 13:23:57.611947,INTC,none,4379836.0,6620895.5,-0.011996161228413047,4.425639059289214,3.0,0.007936507936512054,False,False,False,False
2026-07-29 13:23:57.798657,APTV,none,22374.0,68936.46666666666,0.17161489617297804,0.6953670120638356,1.6225230281489496,0.5263157894736409,False,False,False,False
2026-07-29 13:23:58.015669,APO,none,37269.0,94594.86666666667,0.43917799138215685,1.7798689530915242,0.6674508574093215,0.6708860759493573,False,False,False,True
2026-07-29 13:23:58.216640,UAL,none,52581.0,150013.2,-0.3299785513941641,1.2079845128756581,0.6039922564378291,0.4494382022471971,False,False,False,False
2026-07-29 13:23:58.407069,ASTS,none,236878.0,444337.14285714284,-0.19115237575095007,0.5026714660660166,3.0,0.14542936288088185,False,False,False,False
2026-07-29 13:23:58.603873,ARWR,none,47963.0,57166.42857142857,0.31922440293213056,4.473317056208978,3.0,0.539999999999992,False,False,False,False
2026-07-29 13:23:58.784392,GTLB,none,145068.0,192393.13333333333,-0.08648025367541406,0.3718633112421283,2.2311798674527696,0.0750000000000031,False,False,False,False
2026-07-29 13:23:58.973321,VSAT,none,65547.0,63748.0,0.29564972546810325,3.031682694399414,3.0,0.16935483870967113,False,False,False,False
2026-07-29 13:23:59.166776,QNT,none,108858.0,65780.57142857143,0.8655267046654079,2.060724484222791,2.7476326456303886,0.5394736842105325,False,False,False,False
2026-07-29 13:23:59.360437,VSH,none,124689.0,313556.0,0.6995336442371781,3.674364030149136,2.6245457358208113,0.41176470588235337,False,False,False,False
2026-07-29 13:23:59.548606,TEAM,none,211689.0,195059.42857142858,-0.23777820049457865,1.4370502391727515,2.395083731954586,0.18796992481203031,False,False,False,False
2026-07-29 13:23:59.733177,REZI,none,72652.0,57860.666666666664,1.1741122565864737,1.4663938965671328,1.7596726758805592,0.9111111111111122,False,False,False,True
2026-07-29 13:23:59.943069,LEN,none,190562.0,103932.8,0.1407129455909997,0.8496615883233427,0.728281361420008,0.4137931034483029,False,False,False,True
2026-07-29 13:24:00.146274,BROS,none,28750.0,75493.66666666667,0.5226748654880914,1.7538588248345257,0.6576970593129472,0.9189189189189169,False,False,False,True
2026-07-29 13:24:00.336145,ALK,none,55647.0,121001.58333333333,-0.8405172413793116,1.74589902122069,1.74589902122069,0.8478260869565214,False,False,False,True
2026-07-29 13:24:00.524205,AOSL,none,17126.0,31587.866666666665,0.47358834244079784,4.157085511829835,1.7816080764985007,0.41935483870967594,False,False,False,False
2026-07-29 13:24:00.701491,CSCO,none,629014.0,933218.5,0.09574375489598697,1.4144813914806302,1.4144813914806302,0.07382550335570456,True,False,False,False
2026-07-29 13:24:00.899624,DHI,none,61412.0,76089.26666666666,0.0,1.0897387328601322,0.9340617710229706,0.0,False,False,False,False
2026-07-29 13:24:01.089182,A,none,22319.0,27273.0,-0.04293381037567247,1.0244746363097856,0.6146847817858714,0.1463414634146409,False,False,False,False
2026-07-29 13:24:01.275104,MRNA,none,57024.0,210671.83333333334,0.14660069635330455,0.6709639066014101,2.3483736731049354,0.23529411764705638,False,False,False,False
2026-07-29 13:24:01.463857,AFRM,none,61993.0,135719.93333333332,0.3236245954692613,0.2523713977200198,1.7665997840401388,0.7666666666666871,False,True,False,True
2026-07-29 13:24:01.648821,MWH,none,47482.0,49406.142857142855,0.5777961205117647,6.348756553679879,3.0,0.7777777777777821,False,False,False,True
2026-07-29 13:24:01.833827,CEVA,none,71209.0,55439.71428571428,-0.09914077990747236,0.3935596366083419,2.7549174562583936,0.06666666666666878,False,False,False,False
2026-07-29 13:24:02.022317,RIOT,none,900389.0,1177776.0,-0.1559251559251434,0.5880005754005622,3.0,0.06430868167202056,False,False,False,False
2026-07-29 13:24:02.210056,CVNA,none,482302.0,674546.6666666666,0.5052756724624597,0.5169255976213243,3.0,0.27868852459015536,False,False,False,False
2026-07-29 13:24:02.398401,IREN,none,2045407.0,2369475.3333333335,-0.19585441488494296,0.6954382818065912,3.0,0.11320754716981613,False,False,False,False
2026-07-29 13:24:02.585182,HPE,none,316631.0,739926.9,0.42316258351894176,1.3479219961187672,1.6175063953425206,0.5135135135135203,False,False,False,True
2026-07-29 13:24:02.771319,DAL,none,58996.0,250499.16666666666,-0.08050603795285496,1.061884869195377,0.9291492605459549,0.20588235294120474,False,False,False,False
2026-07-29 13:24:02.955065,RBLX,none,167559.0,322414.0833333333,0.1005429318319008,1.3979835197748698,2.7959670395497396,0.13888888888890094,False,False,False,False
2026-07-29 13:24:03.139722,IVZ,none,116586.0,371661.4,-0.14159292035397927,1.4706654149316936,1.225554512443078,0.23529411764705638,False,False,False,False
2026-07-29 13:24:03.328720,JOBY,none,1527800.0,1884704.4,0.29629629629629,2.444388248469647,1.8332911863522354,0.3999999999999929,False,False,False,False
2026-07-29 13:54:04.273565,AMAT,none,214930.0,403338.1666666667,0.29149942821264985,0.7747553499981368,3.0,0.22608695652173122,False,False,False,False
2026-07-29 13:54:04.455322,LITE,none,286069.0,219337.86666666667,0.5906645387387144,2.7493778743374584,3.0,0.33118081180812003,True,False,False,True
2026-07-29 13:54:04.638647,ALAB,none,138811.0,128716.6,0.9719701552732507,3.9125217986210075,3.0,0.37597503900156415,True,False,False,False
2026-07-29 13:54:04.831249,STX,none,534359.0,478875.73333333334,1.2448979591836724,3.0081496397400844,2.632130934772574,0.62483994878361,True,False,False,False
2026-07-29 13:54:05.010542,CIEN,BUY,112201.0,128491.58333333333,0.817037637799997,0.6288610503020658,3.0,0.5726315789473622,True,True,False,True
2026-07-29 13:54:05.186556,AMD,none,1242540.0,1180146.0666666667,1.4542920199790896,1.3503905981443594,3.0,0.718714121699197,False,True,False,True
2026-07-29 13:54:05.379564,MPWR,none,19658.0,39981.6,-0.0031730670072396398,2.472499299031546,2.8257134846074816,0.0026195153896505347,False,False,False,False
2026-07-29 13:54:05.557094,SIMO,none,30034.0,72935.83333333333,-0.1571054510830814,3.5216274524184636,1.5092689081793416,0.09192200557103404,False,False,False,False
2026-07-29 13:54:05.744887,BE,none,1932776.0,2148586.5,1.635880719546063,4.5855179517769376,3.0,0.4539363484087116,False,False,False,False
2026-07-29 13:54:05.929832,ISRG,none,56433.0,120430.0,0.12123262567312493,1.3776584483262808,1.2054511422854957,0.5,False,False,False,False
2026-07-29 13:54:06.112038,CRDO,none,364650.0,288481.0833333333,0.34122056273423124,3.9678118391849617,3.0,0.16486486486486138,False,False,False,False
2026-07-29 13:54:06.295080,ENTG,none,83482.0,146203.7142857143,0.19193857965451783,1.1703531212822704,3.0,0.13636363636364224,False,False,False,False
2026-07-29 13:54:06.481033,MXL,none,101839.0,157174.16666666666,0.12269938650306798,1.9984333618927324,2.4980417023659154,0.10000000000000102,False,False,False,False
2026-07-29 13:54:06.669774,NBIS,none,1989501.0,1535854.8,1.987138263665597,4.544646268994071,2.7267877613964426,0.6155378486055771,False,False,False,True
2026-07-29 13:54:06.859024,KLAC,none,578644.0,1066218.6666666667,0.32345636227112706,5.659515086242594,3.0,0.21132075471698153,False,False,False,False
2026-07-29 13:54:07.042141,AMKR,none,334877.0,691288.9,-0.22237046920169318,3.9019428550819963,3.0,0.18181818181818535,False,False,False,False
2026-07-29 13:54:07.223852,DELL,none,235929.0,245064.13333333333,0.9556719399600355,1.863251040563549,2.2359012486762584,0.4621409921670956,False,False,False,False
2026-07-29 13:54:07.411902,AEHR,none,90002.0,101740.0,0.9640397857689513,4.433681191263918,3.0,0.4503216583273833,False,False,False,False
2026-07-29 13:54:07.599458,MRVL,none,678267.0,1083621.9166666667,0.73671497584541,0.4221094265680714,3.0,0.4388489208633088,False,True,False,False
2026-07-29 13:54:07.782311,HOOD,none,592896.0,634115.8571428572,0.1893095768374184,0.12894733220847332,0.5157893288338933,0.19101123595505798,False,True,False,False
2026-07-29 13:54:07.974945,RCL,none,111160.0,124364.26666666666,1.3091672584679066,1.8114486851269727,1.585017599486101,0.844621513944228,False,False,False,True
2026-07-29 13:54:08.161848,ARM,none,226636.0,217300.6,0.18206250812779745,3.6281855495387867,1.8140927747693933,0.11538461538462019,False,False,False,False
2026-07-29 13:54:08.348204,NXT,none,82971.0,208887.4,-0.22474315068492481,2.7321031456286837,1.6392618873772102,0.2592592592592508,False,False,False,False
2026-07-29 13:54:08.534416,INTC,none,4421820.0,6499761.8,0.5038992201559709,3.6515608657788423,3.0,0.3181818181818211,False,False,False,False
2026-07-29 13:54:08.726827,APTV,none,43920.0,69785.53333333334,0.222755311857441,0.6797263575266932,1.586028167562284,0.4062500000000076,False,False,False,False
2026-07-29 13:54:08.917604,APO,none,41869.0,92399.33333333333,0.12371134020619025,1.7715658746543896,0.6643372029953961,0.21739130434783505,False,False,False,False
2026-07-29 13:54:09.099160,UAL,none,86137.0,149535.9,0.6782464846980919,1.191550945513903,0.5957754727569515,0.7321428571428481,False,False,False,True
2026-07-29 13:54:09.275694,ASTS,none,365399.0,376432.14285714284,0.4736746219712115,0.37449853867836663,2.2469912320702,0.32146389713155127,False,True,False,False
2026-07-29 13:54:09.452536,ARWR,none,57440.0,53913.28571428572,0.7138221933809262,3.5434422621757777,3.0,0.6470588235294145,False,False,False,True
2026-07-29 13:54:09.635175,GTLB,none,133361.0,194998.06666666668,-0.46136101499422316,0.3447895469041169,2.0687372814247014,0.44444444444443565,False,False,True,False
2026-07-29 13:54:09.819245,VSAT,none,29809.0,64099.933333333334,0.6029164329781364,2.8710017744825613,3.0,0.4623655913978534,False,False,False,False
2026-07-29 13:54:10.001176,QNT,none,44294.0,64612.71428571428,0.020881186051363562,2.2962473387438944,3.0,0.015384615384612357,False,False,False,False
2026-07-29 13:54:10.185768,VSH,none,168785.0,312275.5333333333,0.8928571428571532,3.8545979718908496,2.753284265636321,0.49090909090909596,False,False,False,False
2026-07-29 13:54:10.368822,TEAM,none,201362.0,154595.85714285713,-0.32380952380952704,0.9279620995521373,1.5466034992535622,0.3090909090909098,False,False,False,False
2026-07-29 13:54:11.116108,REZI,none,38930.0,57593.8,0.48104131295980357,1.5855248747045778,1.9026298496454932,0.5483870967741721,False,False,False,False
2026-07-29 13:54:11.307322,LEN,none,129079.0,109093.93333333333,0.26932084309132287,0.8017742928035714,0.6872351081173469,0.5897435897435627,False,False,False,True
2026-07-29 13:54:11.486374,BROS,none,53251.0,73271.33333333333,0.4433572848188446,1.8014903308687762,0.6755588740757911,0.7837837837838212,False,False,False,True
2026-07-29 13:54:11.670941,ALK,none,107007.0,123285.41666666667,0.8038235933087061,1.6393440099050471,1.6393440099050471,0.8409090909090758,False,False,False,True
2026-07-29 13:54:11.861854,AOSL,none,14956.0,31339.8,0.75976845151954,3.9895426472288067,1.7098039916694885,0.8400000000000034,False,False,False,True
2026-07-29 13:54:12.045147,CSCO,none,1157230.0,911976.25,-0.7130434782608637,1.20407423022659,1.20407423022659,0.7192982456140288,True,False,False,True
2026-07-29 13:54:12.260932,DHI,none,64403.0,76108.4,0.3836575351686028,0.9866532785732023,0.845702810205602,0.8769230769230971,False,False,False,True
2026-07-29 13:54:12.444244,A,none,16048.0,25695.14285714286,0.2505189320735769,0.9082199509898125,0.5449319705938874,0.6603773584905539,False,False,False,True
2026-07-29 13:54:12.629994,MRNA,none,71672.0,193742.91666666666,0.16465422612514347,0.6424429758768998,2.248550415569149,0.22500000000000933,False,False,False,False
2026-07-29 13:54:12.818094,AFRM,none,110674.0,139402.0,0.5610098176718172,0.23295309699767605,1.6306716789837323,0.7407407407407427,False,True,False,True
2026-07-29 13:54:13.003253,MWH,none,30017.0,38622.142857142855,0.4511894995898254,5.479245530945408,3.0,0.42307692307691835,False,False,False,False
2026-07-29 13:54:13.188057,CEVA,none,18925.0,52254.857142857145,0.8253549026081215,0.30175724924626,2.1123007447238202,0.5102040816326547,False,True,False,False
2026-07-29 13:54:13.370298,RIOT,none,658120.0,1169284.25,0.9630400832899465,0.5801980810969878,3.0,0.5606060606060597,False,True,False,True
2026-07-29 13:54:13.550340,CVNA,none,452138.0,679709.6666666666,0.29559562518475146,0.5061353769486499,3.0,0.3571428571428698,False,False,False,False
2026-07-29 13:54:13.735688,IREN,none,2050940.0,2423950.6,0.34324942791762153,0.6674785860872157,3.0,0.2210526315789476,False,False,False,False
2026-07-29 13:54:13.970209,HPE,none,326541.0,650068.4,0.509525919361978,1.1668945427199382,1.4002734512639259,0.44230769230768363,False,False,False,False
2026-07-29 13:54:14.152245,DAL,none,154417.0,250769.91666666666,0.6793321819228595,0.986040013695592,0.862785011983643,0.7972972972972922,False,False,False,True
2026-07-29 13:54:14.337498,RBLX,none,175369.0,326702.25,0.14050582095544015,1.349819013771774,2.699638027543548,0.23333333333333098,False,False,False,False
2026-07-29 13:54:14.518811,IVZ,none,102981.0,353701.4,-0.1772421127259862,1.4471800507383654,1.2059833756153044,0.35714285714286076,False,False,False,False
2026-07-29 13:54:14.701275,JOBY,none,1761317.0,1831881.8666666667,0.0,2.4934067084470097,1.8700550313352573,0.0,False,False,False,False
2026-07-29 14:24:15.758743,AMAT,none,153043.0,405594.4166666667,0.5923243702362668,0.7435855560327983,2.974342224131193,0.6919060052219336,False,False,False,True
2026-07-29 14:24:15.942251,LITE,none,264138.0,226331.06666666668,0.040891098825607645,2.72737074378989,3.0,0.03586800573888078,False,False,False,False
2026-07-29 14:24:16.135153,ALAB,none,104677.0,136466.4,0.40356415071722174,3.8745749408247825,3.0,0.2902298850574671,True,False,False,False
2026-07-29 14:24:16.345012,STX,none,342351.0,482807.73333333334,-0.28103693808365804,3.3813796362483095,2.958707181717271,0.1808596918085978,True,False,False,False
2026-07-29 14:24:16.618931,CIEN,none,61207.0,125947.75,0.5780174597026481,0.6310356366502881,3.0,0.6666666666666732,False,False,False,True
2026-07-29 14:24:16.805383,AMD,none,626193.0,1207138.8666666667,0.0480868310778403,1.4601723457966909,3.0,0.05722070844687615,False,False,False,False
2026-07-29 14:24:16.996017,MPWR,none,16835.0,40706.0,0.9677240241455112,2.435466530909382,2.783390321039294,0.738946093276805,False,False,False,True
2026-07-29 14:24:17.335458,SIMO,none,27746.0,72787.0,0.4873387482083047,3.515389870501626,1.5065956587864113,0.3109756097560919,False,False,False,False
2026-07-29 14:24:17.524580,BE,none,1041056.0,1999956.7,1.9851411589896009,4.768968843829624,3.0,0.8697916666666667,False,False,False,True
2026-07-29 14:24:17.797630,ISRG,none,72278.0,115995.33333333333,0.18306765053793084,1.3327731239285323,1.1661764834374657,0.4924242424242277,False,False,False,False
2026-07-29 14:24:18.070880,CRDO,none,242565.0,306801.0,-0.016756968105904674,4.053116979868519,3.0,0.012048192771084749,False,False,False,False
2026-07-29 14:24:18.256871,ENTG,none,84114.0,123343.71428571429,0.7115489874110574,1.0553038733839846,2.814143662357292,0.6093750000000003,False,False,False,False
2026-07-29 14:24:18.525794,MXL,none,48217.0,155578.91666666666,0.9977244880098026,1.8527314959178949,2.3159143698973685,0.8028169014084502,False,False,False,True
2026-07-29 14:24:18.711197,NBIS,none,1319559.0,1580573.9333333333,-0.14510125544129063,4.613598210780964,2.768158926468578,0.05203619909502012,False,False,False,False
2026-07-29 14:24:19.095044,KLAC,none,476352.0,1080477.8333333333,0.495135010651168,5.566512233060203,3.0,0.5695364238410721,False,False,False,False
2026-07-29 14:24:19.293181,AMKR,none,342808.0,548576.8,0.6463115667483823,3.3396348459758696,2.8625441536936025,0.4084507042253504,False,False,False,False
2026-07-29 14:24:19.480601,DELL,none,104268.0,246863.0,0.5402225074882279,1.9003980566149048,2.2804776679378858,0.7859922178988277,False,False,False,True
2026-07-29 14:24:19.668717,AEHR,none,57309.0,106013.53333333334,0.5382049727107399,4.638643387248667,3.0,0.40345493806115146,False,False,False,False
2026-07-29 14:24:20.071781,MRVL,none,411158.0,1101372.0,0.6295341447329045,0.45579962202891544,3.0,0.6774193548387245,False,True,False,False
2026-07-29 14:24:20.301050,HOOD,none,560299.0,588382.0,0.6002000666889032,0.1234175382800294,0.4936701531201176,0.7605633802817057,False,True,False,True
2026-07-29 14:24:20.490481,RCL,none,156580.0,130243.6,-1.9415404309792887,2.079843032476049,1.8198626534165427,0.966616084977234,False,False,False,True
2026-07-29 14:24:20.676559,ARM,none,137647.0,227995.66666666666,0.3461405330564135,3.483543964620585,1.7417719823102924,0.46511627906975783,False,False,False,False
2026-07-29 14:24:20.861240,NXT,none,59134.0,171826.4,0.45059542967492944,2.590724795781847,1.5544348774691081,0.45652173913044286,False,False,False,False
2026-07-29 14:24:21.042930,INTC,none,3180827.0,5921316.9,0.5489915264351279,3.0273156647507786,2.648901206656931,0.5609756097560946,False,False,False,True
2026-07-29 14:24:21.246720,APTV,none,43903.0,69766.2,0.017102787754400564,0.6818770073966981,1.5910463505922956,0.031249999999993755,False,False,False,False
2026-07-29 14:24:21.438332,APO,none,41391.0,90490.86666666667,0.2553121396804499,1.6840823969912475,0.6315308988717179,0.5344827586206952,False,False,False,False
2026-07-29 14:24:21.653773,UAL,none,63309.0,122534.4,0.032875811621592865,1.3608869005917494,0.6804434502958747,0.07017543859647636,False,False,False,False
2026-07-29 14:24:21.862694,ASTS,none,324343.0,353265.71428571426,0.23584905660377822,0.4183504445386969,2.5101026672321813,0.19756838905775428,False,False,False,False
2026-07-29 14:24:22.048471,ARWR,none,61533.0,47948.28571428572,-0.3455546444886982,2.8450967743831095,2.8450967743831095,0.6020408163265404,False,False,False,True
2026-07-29 14:24:22.260763,GTLB,none,117605.0,197069.53333333333,-0.3474232773595757,0.35136001815976103,2.1081601089585664,0.6315789473683915,False,False,False,True
2026-07-29 14:24:22.447948,VSAT,none,73901.0,67722.46666666666,1.365853658536591,2.797972848393355,3.0,0.725925925925932,False,False,False,True
2026-07-29 14:24:22.627625,QNT,none,24595.0,65511.28571428572,0.6679190148194538,1.9507122606733363,2.6009496808977817,0.7111111111111073,False,False,False,True
2026-07-29 14:24:22.822608,VSH,none,97237.0,315700.13333333336,-0.16393442622951052,3.8195132477074245,2.728223748362446,0.17241379310345123,False,False,False,False
2026-07-29 14:24:23.012566,TEAM,none,139821.0,158335.85714285713,0.7734173589229468,0.6850951862992913,1.1418253104988187,0.4402173913043482,False,True,False,False
2026-07-29 14:24:23.199657,REZI,none,39035.0,62147.0,0.8169014084507018,1.6355338819779754,1.9626406583735707,0.852941176470595,False,False,False,True
2026-07-29 14:24:23.394571,LEN,none,177522.0,120294.13333333333,0.7123671610416904,0.8650698296406942,0.7414884254063093,0.6288659793814434,False,False,False,True
2026-07-29 14:24:23.578026,BROS,none,43277.0,74878.8,0.030459945172114276,1.8908961452491841,0.7090860544684441,0.07407407407411307,False,False,False,False
2026-07-29 14:24:23.865604,ALK,none,93951.0,128798.0,0.23722234203148465,1.8049080273315432,1.8049080273315432,0.36666666666666825,False,False,False,False
2026-07-29 14:24:24.046822,AOSL,none,17224.0,32334.933333333334,0.6101938262742345,4.084429390756352,1.7504697388955794,0.515151515151523,False,False,False,False
2026-07-29 14:24:24.389107,CSCO,none,638422.0,941404.25,-0.0876040297853776,1.3363545342872798,1.3363545342872798,0.14084507042254846,True,False,False,False
2026-07-29 14:24:24.580740,DHI,none,70805.0,82191.33333333333,0.6103286384976503,1.0596148563880066,0.9082413054754342,0.7777777777777642,False,False,False,True
2026-07-29 14:24:24.799110,A,none,22378.0,24268.285714285714,0.1785586743804014,0.7570405171116585,0.45422431026699517,0.5434782608695894,False,False,False,False
2026-07-29 14:24:25.141839,MRNA,none,69766.0,181820.16666666666,0.20094994519546844,0.6317934310273753,2.2112770085958133,0.2619047619047595,False,False,False,False
2026-07-29 14:24:25.433466,AFRM,none,63723.0,142545.33333333334,-0.23709902370990474,0.24241237871002708,1.6968866509701894,0.4358974358974396,False,False,False,False
2026-07-29 14:24:25.612743,MWH,none,44770.0,42830.57142857143,-0.7767784137367182,4.35572758644623,2.7223297415288936,0.44186046511628235,False,False,False,False
2026-07-29 14:24:25.793723,CEVA,none,50517.0,49353.57142857143,-0.09823182711197638,0.28467834362018196,1.9927484053412736,0.061224489795913634,False,False,False,False
2026-07-29 14:24:26.066108,RIOT,none,712886.0,1209810.5833333333,1.0572460030943698,0.602027998637891,3.0,0.7248939179632236,False,True,False,True
2026-07-29 14:24:26.374258,CVNA,none,606270.0,684575.75,-0.6631299734748053,0.4815024843284446,2.889014905970668,0.42857142857143243,False,False,True,False
2026-07-29 14:24:26.559138,IREN,none,2458578.0,2592682.466666667,1.238591916558015,0.6252279524752088,3.0,0.5629629629629639,False,True,False,True
2026-07-29 14:24:26.741740,HPE,none,332102.0,412993.9,0.176327970024257,1.1538501687057823,1.3846202024469387,0.28571428571431107,False,False,False,False
2026-07-29 14:24:27.068709,DAL,none,99882.0,246720.75,-0.0343092406221422,1.2083957121857551,1.0573462481625358,0.08108108108108628,False,False,False,False
2026-07-29 14:24:27.356418,RBLX,none,444890.0,352043.5833333333,0.3206412825651377,1.30942702727793,2.61885405455586,0.3404255319149023,True,False,False,False
2026-07-29 14:24:27.539131,IVZ,none,161780.0,225530.5,0.46181172291297534,1.3729088931641376,1.1440907443034478,0.928571428571443,False,False,False,True
2026-07-29 14:24:27.724127,JOBY,none,1109103.0,1820312.4,0.5908419497784348,2.325038824620849,1.7437791184656368,0.5,False,False,False,False
2026-07-29 14:54:28.644395,AMAT,none,401850.0,393190.8333333333,0.3642420877290364,0.6813987085704133,2.725594834281653,0.2287308228730799,True,False,False,False
2026-07-29 14:54:28.839668,LITE,none,389399.0,241819.26666666666,-0.1243455497382184,2.62362660945164,3.0,0.03619047619047576,True,False,False,False
2026-07-29 14:54:29.022051,ALAB,none,177913.0,139470.66666666666,0.9904140646752353,3.9412306479104298,3.0,0.28919860627177857,True,False,False,False
2026-07-29 14:54:29.211392,STX,none,549975.0,491285.13333333336,-0.2665858065168244,3.4019856854163697,2.9767374747393234,0.10287664553876229,True,False,False,False
2026-07-29 14:54:29.392271,CIEN,none,107715.0,123321.25,-0.594674556213015,0.5413530614808666,3.0,0.32367149758454067,True,False,True,False
2026-07-29 14:54:29.574243,AMD,none,1370617.0,1226989.1333333333,0.5672980144569405,1.4463643657727419,3.0,0.3061728395061672,False,False,False,False
2026-07-29 14:54:29.758307,MPWR,none,47077.0,41569.6,0.4368593187504362,2.442956058282653,2.7919497808944604,0.247445579742334,False,False,False,False
2026-07-29 14:54:29.946870,SIMO,none,45232.0,65472.583333333336,0.5268153773137226,3.6686566168073957,1.5722814072031697,0.28388746803069426,False,False,False,False
2026-07-29 14:54:30.126584,BE,none,2261919.0,1619748.4,-1.8930568499534015,3.4559898283999124,3.0,0.4433833560709406,False,False,False,False
2026-07-29 14:54:30.312606,ISRG,none,99519.0,111861.66666666667,-0.3455832771409356,1.1318164039311838,0.9903393534397857,0.3565217391304412,False,False,False,False
2026-07-29 14:54:30.501121,CRDO,none,276663.0,299816.5833333333,0.5296314879857215,3.690248371509843,3.0,0.1646447140381268,False,False,False,False
2026-07-29 14:54:30.694191,ENTG,none,205860.0,134967.2857142857,0.12655939251491644,0.8549754661590243,2.279934576424065,0.05384615384615389,True,False,False,False
2026-07-29 14:54:30.879193,MXL,none,99308.0,147307.0,0.10368066355625069,1.893546234789697,2.366932793487121,0.05405405405405613,False,False,False,False
2026-07-29 14:54:31.064771,NBIS,none,1726340.0,1617593.0,-1.7949690304639132,4.433955388177452,2.660373232906471,0.35018495684340306,False,False,False,False
2026-07-29 14:54:31.256778,KLAC,none,755000.0,1085128.6666666667,-0.12034383954155184,4.94449215938233,3.0,0.053846153846155806,False,False,False,False
2026-07-29 14:54:31.435305,AMKR,none,508737.0,412677.6,-0.4650132860938746,3.158782402103025,2.7075277732311642,0.14685314685314252,False,False,False,False
2026-07-29 14:54:31.619026,DELL,none,192398.0,249714.33333333334,0.2447199021120434,1.9711218378533428,2.3653462054240117,0.18003913894325116,False,False,False,False
2026-07-29 14:54:31.797947,AEHR,none,103950.0,108014.2,0.4215597711532688,4.676203716213493,3.0,0.15300546448087507,False,False,False,False
2026-07-29 14:54:31.988060,MRVL,none,1142043.0,1084062.6666666667,0.9648025728068635,0.41260249085860207,3.0,0.40806045340050506,False,True,False,False
2026-07-29 14:54:32.170092,HOOD,none,1074837.0,626747.4285714285,-0.44179368235034866,0.11356176855140468,0.4542470742056187,0.2702702702702734,False,False,True,False
2026-07-29 14:54:32.358122,RCL,none,100325.0,131392.26666666666,0.8108359998757382,2.648559742563824,2.317489774743346,0.5852017937219713,False,False,False,True
2026-07-29 14:54:32.546532,ARM,none,310548.0,236758.53333333333,0.3744351194318935,3.2881450039092837,1.6440725019546418,0.23966942148760487,False,False,False,False
2026-07-29 14:54:32.744244,NXT,none,133302.0,139104.2,-0.7866482406718347,1.8983747639074378,1.1390248583444627,0.2835249042145575,False,False,False,False
2026-07-29 14:54:32.929935,INTC,none,6482187.0,5131606.7,0.05934718100889871,2.215984929181236,1.9389868130335817,0.031249999999998057,False,False,False,False
2026-07-29 14:54:33.116611,APTV,none,61746.0,68975.86666666667,0.256410256410254,0.6721004451502801,1.5682343720173202,0.2272727272727263,False,False,False,False
2026-07-29 14:54:33.306759,APO,none,46171.0,91331.86666666667,-0.9762100082034552,1.715679147471841,0.6433796803019404,0.5721153846153908,False,False,False,True
2026-07-29 14:54:33.485423,UAL,none,177587.0,99486.2,0.15608313480653718,1.0078339175581075,0.5039169587790537,0.08085106382978646,False,False,False,False
2026-07-29 14:54:33.668739,ASTS,none,526810.0,347381.28571428574,0.2549774860304856,0.20892734879223354,1.2535640927534013,0.11463414634146227,False,True,False,False
2026-07-29 14:54:33.850097,ARWR,none,74269.0,52074.0,0.3933309850886389,2.532549021001288,2.532549021001288,0.326829268292675,False,False,False,False
2026-07-29 14:54:34.033669,GTLB,none,130985.0,196845.93333333332,0.7841998257333811,0.36360177770676305,2.1816106662405783,0.6585365853658554,False,True,False,True
2026-07-29 14:54:34.209018,VSAT,none,37425.0,68972.86666666667,0.32948929159801604,2.8640251147569886,3.0,0.20869565217391015,False,False,False,False
2026-07-29 14:54:34.385567,QNT,none,62790.0,65059.71428571428,0.5764875437512892,1.682619496650703,2.2434926622009375,0.3010752688172056,False,False,False,False
2026-07-29 14:54:34.570431,VSH,none,283263.0,311832.4,0.5590266359750021,3.699833942438593,2.6427385303132804,0.16999999999999815,False,False,False,False
2026-07-29 14:54:34.752129,TEAM,none,214222.0,166482.0,0.274751302700148,0.7954752887435043,1.3257921479058403,0.20138888888889356,False,False,False,False
2026-07-29 14:54:34.934444,REZI,none,118415.0,64208.26666666667,-0.39117071807767695,1.7873017477355158,2.144762097282619,0.1842105263157907,True,False,False,False
2026-07-29 14:54:35.117845,LEN,none,177797.0,128310.06666666667,-0.5448643635520506,0.9709134164016001,0.8322114997728001,0.19262295081967185,False,False,False,False
2026-07-29 14:54:35.297661,BROS,none,84782.0,73773.8,-0.1977186311787003,1.7636210099905665,0.6613578787464625,0.14130434782608176,False,False,False,False
2026-07-29 14:54:35.483387,ALK,none,216851.0,138186.83333333334,-0.10755001075501024,1.8662997456619723,1.8662997456619723,0.049504950495053476,False,False,False,False
2026-07-29 14:54:35.662970,AOSL,none,33114.0,32431.266666666666,0.24928774928775033,4.055682430913146,1.7381496132484913,0.1000000000000005,False,False,False,False
2026-07-29 14:54:35.855323,CSCO,none,722956.0,942421.9166666666,0.008770391159450198,1.2952254546061746,1.2952254546061746,0.013888888888895742,True,False,False,False
2026-07-29 14:54:36.064715,DHI,none,241080.0,95041.13333333333,-0.9928699940027859,1.1080400654791969,0.9497486275535973,0.29740518962075346,True,False,False,False
2026-07-29 14:54:36.242052,A,none,29781.0,23779.714285714286,-0.22814772565235505,0.6216568488100986,0.4,0.24999999999999445,False,False,False,False
2026-07-29 14:54:36.420911,MRNA,none,167388.0,171476.08333333334,0.21873860736419512,0.6047784418542232,2.1167245464897815,0.13043478260869365,False,False,False,False
2026-07-29 14:54:36.606079,AFRM,none,188552.0,149854.6,0.6289308176100669,0.2361956085667261,1.6533692599670828,0.4455445544554524,False,True,False,False
2026-07-29 14:54:36.786584,MWH,none,73817.0,42282.42857142857,-0.3281378178835041,3.7741427986386142,2.358839249149134,0.11940298507462402,False,False,False,False
2026-07-29 14:54:36.967121,CEVA,none,26077.0,41833.857142857145,0.19556714471968292,0.15169075060921222,1.0618352542644856,0.06896551724137776,False,True,False,False
2026-07-29 14:54:37.150111,RIOT,none,715245.0,1203296.75,-1.96427660117376,0.5715569654592759,3.0,0.5345833333333317,False,False,True,False
2026-07-29 14:54:37.334527,CVNA,none,708867.0,705969.25,0.9789380005932907,0.5069926229899192,3.0,0.6055045871559582,False,True,False,False
2026-07-29 14:54:37.517509,IREN,none,3430211.0,2695865.8,-0.772698003863485,0.649005111242929,3.0,0.21917808219177892,False,False,True,False
2026-07-29 14:54:37.700206,HPE,none,658000.0,406532.4,0.48362277423609334,1.188234427294163,1.4258813127529955,0.37931034482758536,False,False,False,False
2026-07-29 14:54:37.882911,DAL,none,196783.0,242600.5,0.1257861635220119,1.1459033133886574,1.0026653992150751,0.09016393442622912,False,False,False,False
2026-07-29 14:54:38.079877,RBLX,none,242703.0,346454.0,0.5389221556886148,1.2008991906369724,2.4017983812739447,0.5094339622641424,True,False,False,False
2026-07-29 14:54:38.262829,IVZ,none,164610.0,208859.4,-0.24743725698126648,1.0295593636366704,0.8579661363638922,0.18918918918918945,False,False,False,False
2026-07-29 14:54:38.549399,JOBY,none,2349595.0,1847026.7333333334,0.0,2.4221892203414828,1.816641915256112,0.0,False,False,False,False
2026-07-29 15:24:39.560204,AMAT,BUY,281424.0,356573.1666666667,2.573008849557521,0.582212151297768,2.328848605191072,0.7469492614001285,True,True,False,True
2026-07-29 15:24:39.744144,LITE,BUY,557087.0,274347.06666666665,4.192058187536845,2.57629640530621,3.0,0.8484748010610029,True,True,False,True
2026-07-29 15:24:39.927162,ALAB,BUY,267291.0,156861.86666666667,6.154509127947989,3.9907396055048032,3.0,0.9620330679730555,True,True,False,True
2026-07-29 15:24:43.707641,STX,none,432084.0,497738.13333333336,2.4262992604599436,3.4212846749273123,2.993624090561398,0.6784702549575098,True,False,False,False
2026-07-29 15:24:43.891957,CIEN,BUY,170049.0,115101.58333333333,2.5268609184797195,0.5510484301468686,3.0,0.8389328063241112,True,True,False,True
2026-07-29 15:24:44.074405,AMD,none,1359095.0,1291148.6,2.3613636363636332,1.437784689532626,3.0,0.7853363567649294,False,True,False,True
2026-07-29 15:24:44.273705,MPWR,none,40435.0,42353.933333333334,3.058206590868304,2.4044274263220773,2.747917058653803,0.8620765508139029,False,True,False,True
2026-07-29 15:24:44.460295,SIMO,none,76767.0,58048.25,3.5076952129166306,3.706651173591731,1.5885647886821705,0.9218362282878417,False,False,False,True
2026-07-29 15:24:44.733388,BE,none,2443812.0,1598187.8,6.006878557874778,3.0000115276762824,3.0,0.8695278969957098,False,True,False,True
2026-07-29 15:24:44.915367,ISRG,none,151019.0,95717.83333333333,0.005639044745814929,1.1569896100406982,1.012365908785611,0.01169590643273804,False,False,False,False
2026-07-29 15:24:45.103325,CRDO,none,290071.0,278428.0833333333,4.519273371732386,3.2473584123281873,3.0,0.8671625929861848,False,True,False,True
2026-07-29 15:24:45.290864,ENTG,BUY,294421.0,136865.2857142857,2.552539009650941,0.7920525367766176,2.1121400980709804,0.7074999999999996,True,True,False,True
2026-07-29 15:24:49.519735,MXL,none,126070.0,126199.58333333333,3.1735081062435384,1.6431072754353284,2.0538840942941605,0.7479674796747979,False,True,False,True
2026-07-29 15:24:49.704218,NBIS,none,1569343.0,1673714.8,3.4946582571759603,4.735116845270217,2.84107010716213,0.6589805825242719,False,False,False,True
2026-07-29 15:24:49.923961,KLAC,none,860294.0,987009.6666666666,3.4023753514257886,4.007045399114707,3.0,0.8145604395604403,False,False,False,True
2026-07-29 15:24:50.201128,AMKR,none,437619.0,388067.8,2.4455313472654545,2.903910568544742,2.489066201609779,0.7236842105263153,False,False,False,True
2026-07-29 15:24:50.396832,DELL,none,247129.0,260167.86666666667,2.399066882273402,1.9780722497217558,2.3736866996661066,0.7585917854149161,False,True,False,True
2026-07-29 15:24:50.587716,AEHR,none,171624.0,119029.6,4.382946896035912,4.7309764023330425,3.0,0.7808544092956328,False,False,False,True
2026-07-29 15:24:50.776786,MRVL,none,1095349.0,1012521.0833333334,3.6427939876215776,0.3785288122034608,3.0,0.8828571428571438,False,True,False,True
2026-07-29 15:24:50.961389,HOOD,none,1580684.0,775984.1428571428,2.7839396628216564,0.15662406797500023,0.6264962719000009,0.8838028169014136,False,True,False,True
2026-07-29 15:24:51.153233,RCL,none,84530.0,131729.73333333334,1.220188574597886,2.8770442029518213,2.5174136775828435,0.7810650887573934,False,False,False,True
2026-07-29 15:24:51.342075,ARM,none,305127.0,260365.86666666667,2.5999057694778744,3.402094827520015,1.7010474137600076,0.8039735099337727,False,False,False,True
2026-07-29 15:24:51.619026,NXT,none,127938.0,142616.1,2.4619995718261585,2.044722288183601,1.2268333729101606,0.7666666666666657,False,True,False,True
2026-07-29 15:24:51.980725,INTC,none,7116105.0,5189791.7,2.834776420353458,1.7733477391921224,1.5516792717931072,0.8690909090909092,False,True,False,True
2026-07-29 15:24:52.167988,APTV,none,77103.0,72423.66666666667,0.5115961800818505,0.6722764014728932,1.5686449367700843,0.39473684210526044,False,False,False,False
2026-07-29 15:24:52.373900,APO,none,61232.0,90846.66666666667,1.076961312235947,1.9491995038161343,0.7309498139310504,0.81250000000001,False,False,False,True
2026-07-29 15:24:52.638508,UAL,none,202416.0,98860.2,0.721843983266352,0.8496736617088739,0.42483683085443696,0.468085106382985,True,False,False,False
2026-07-29 15:24:52.914501,ASTS,none,480656.0,370004.5714285714,3.1740306582506723,0.12375387191390688,0.7425232314834413,0.7945823927765215,False,True,False,True
2026-07-29 15:24:53.102514,ARWR,none,79035.0,59572.71428571428,2.336448598130841,2.5313754440002034,2.5313754440002034,0.8547008547008587,False,False,False,True
2026-07-29 15:24:53.290412,GTLB,none,229505.0,207958.46666666667,0.31682027649769423,0.32874526135238297,1.972471568114298,0.2972972972972978,False,False,False,False
2026-07-29 15:24:53.471847,VSAT,none,85694.0,84057.2,3.250034139014059,2.817605435544453,3.0,0.7555555555555528,False,True,False,True
2026-07-29 15:24:53.663853,QNT,none,50374.0,59036.57142857143,2.4564994882292646,0.9403735694161144,1.2538314258881524,0.6593406593406569,False,True,False,False
2026-07-29 15:24:53.851717,VSH,none,189460.0,304790.6666666667,2.0921869892121627,3.7185267835618907,2.656090559687065,0.659793814432991,False,False,False,False
2026-07-29 15:24:54.029906,TEAM,none,206163.0,165950.7142857143,-0.397012950184329,0.5000160641689327,0.8333601069482212,0.262500000000002,False,False,False,False
2026-07-29 15:24:54.219159,REZI,none,96305.0,67530.4,0.9803921568627291,1.8625268858273762,2.235032262992852,0.44871794871794485,False,False,False,False
2026-07-29 15:24:54.410812,LEN,none,202361.0,134349.46666666667,0.5245978083469374,1.111447485785752,0.9526692735306445,0.4736842105263174,False,False,False,True
2026-07-29 15:24:54.594331,BROS,none,65663.0,75054.06666666667,1.0057909174032253,1.7628716766338166,0.6610768787376813,0.6666666666666666,False,False,False,True
2026-07-29 15:24:54.769984,ALK,none,158727.0,105640.66666666667,1.31295738269479,1.8173264523546666,1.8173264523546666,0.5495495495495493,False,False,False,False
2026-07-29 15:24:54.961571,AOSL,none,29700.0,33466.6,2.9484902309058683,4.095042614008463,1.755018263146484,0.7345132743362854,False,False,False,True
2026-07-29 15:24:55.152750,CSCO,BUY,1251922.0,813775.25,1.5957913195966746,1.2641793608971805,1.2641793608971805,0.7368421052631612,True,True,False,True
2026-07-29 15:24:59.598398,DHI,none,202669.0,107035.53333333334,0.8950804226394671,1.368185107270718,1.1727300919463297,0.5659574468085052,True,False,False,True
2026-07-29 15:24:59.775422,A,none,34002.0,25252.571428571428,0.3785714285714294,0.5532881273907331,0.4,0.490740740740749,False,False,False,False
2026-07-29 15:24:59.960829,MRNA,none,103155.0,108624.08333333333,1.454809965448258,0.5617289482173337,1.9660513187606679,0.7207207207207186,False,True,False,True
2026-07-29 15:25:00.157284,AFRM,none,231819.0,165935.4,1.0554089709762406,0.2407403503305587,1.685182452313911,0.5671641791044754,False,True,False,True
2026-07-29 15:25:00.341391,MWH,none,66786.0,45904.857142857145,2.3045267489711883,2.686713318112146,1.6791958238200912,0.8115942028985473,False,False,False,True
2026-07-29 15:25:00.521352,CEVA,none,56971.0,46278.0,2.401817591691016,0.12513415809830813,0.875939106688157,0.6218487394958012,False,True,False,False
2026-07-29 15:25:00.702299,RIOT,none,855104.0,1059164.0833333333,2.6274713839750397,0.6393258306467688,3.0,0.6965517241379332,False,True,False,True
2026-07-29 15:25:00.914446,CVNA,none,1229515.0,620643.5833333334,1.6585938646704972,0.4985298475756156,2.9911790854536937,0.7337662337662438,False,True,False,True
2026-07-29 15:25:01.098436,IREN,none,3029699.0,2850797.8666666667,3.0165423289004325,0.651357620616365,3.0,0.6526315789473703,False,True,False,True
2026-07-29 15:25:01.424036,HPE,BUY,942968.0,453168.1,1.6189017720411332,1.153190463042587,1.3838285556511045,0.740000000000002,True,True,False,True
2026-07-29 15:25:04.171814,DAL,none,160465.0,184941.91666666666,0.6849315068493248,1.1962177787974624,1.0466905564477795,0.46511627906977693,False,False,False,False
2026-07-29 15:25:04.364651,RBLX,none,303874.0,298508.0,1.0325655281969879,1.2438800575786662,2.4877601151573323,0.7536231884058041,True,False,False,True
2026-07-29 15:25:04.763166,IVZ,none,157349.0,189295.9,1.6660758596242426,0.6380551412873712,0.531712617739476,0.8392857142857142,False,True,False,True
2026-07-29 15:25:04.958619,JOBY,none,2190223.0,1908546.4,2.9325513196480832,2.3371913452883573,1.752893508966268,0.8695652173912997,False,True,False,True
2026-07-29 15:55:05.942171,AMAT,SELL,416716.0,306574.5,-2.1377108589671616,0.669048682723398,2.676194730893592,0.5805506736965401,True,False,True,True
2026-07-29 15:55:06.124714,LITE,none,473409.0,297987.4,-2.7871223315622378,3.2700500179658496,3.0,0.5882548108825467,True,False,False,True
2026-07-29 15:55:06.308100,ALAB,none,294473.0,171068.6,-3.265923684404761,5.320450533603605,3.0,0.590787716955942,True,False,False,False
2026-07-29 15:55:06.497229,STX,none,354620.0,501535.93333333335,-2.4541015021326604,4.128399515557339,3.0,0.5417576419213982,True,False,False,False
2026-07-29 15:55:06.679572,CIEN,SELL,136380.0,113592.0,-2.2486580589003338,0.5119355785762888,3.0,0.6285482562854805,True,False,True,True
2026-07-29 15:55:06.861550,AMD,none,1384061.0,1350649.6666666667,-2.025001665297423,1.6643766922648857,3.0,0.6075949367088614,False,False,True,False
2026-07-29 15:55:07.047423,MPWR,none,39248.0,44913.53333333333,-1.982876193362619,3.1164458157574275,3.0,0.5854586129753875,False,False,False,False
2026-07-29 15:55:07.229623,SIMO,none,101061.0,59136.416666666664,-1.3000045614195113,4.212968073611127,1.80555774583334,0.4453124999999987,False,False,False,False
2026-07-29 15:55:07.410054,BE,none,2676794.0,1582051.9,-5.989699955217191,4.308216204019484,3.0,0.6384248210023863,False,False,True,True
2026-07-29 15:55:07.592489,ISRG,none,94756.0,84443.58333333333,-0.5245051040550487,0.7453681737698268,0.6521971520485984,0.6413793103448248,False,False,False,True
2026-07-29 15:55:07.782571,CRDO,none,280638.0,268725.5,-2.8136922424756263,3.3963192959985093,3.0,0.6068571428571431,False,False,False,True
2026-07-29 15:55:07.960415,ENTG,none,255928.0,161937.14285714287,-2.2539179432998786,1.2707459812193354,3.0,0.6052009456264775,True,False,True,False
2026-07-29 15:55:08.140970,MXL,none,161141.0,114942.41666666667,-1.753214226081144,1.8806551650937657,2.350818956367207,0.435684647302904,False,False,False,False
2026-07-29 15:55:08.324668,NBIS,none,1533159.0,1749062.3333333333,-4.788259436602194,5.385106218172812,3.0,0.7446808510638284,False,False,False,True
2026-07-29 15:55:08.519706,KLAC,none,997902.0,827026.4166666666,-2.330743618201992,4.59278427207939,3.0,0.6363636363636352,False,False,False,False
2026-07-29 15:55:08.702415,AMKR,none,453552.0,385950.4,-2.669270833333327,3.530353230196824,3.0,0.5720930232558129,False,False,False,False
2026-07-29 15:55:08.895538,DELL,none,250530.0,265755.86666666664,-1.9665174528423996,2.264742601786706,2.7176911221440467,0.6075139888089551,False,False,False,False
2026-07-29 15:55:09.073951,AEHR,none,125645.0,123059.4,-2.44950580146112,5.673724652017109,3.0,0.5588235294117669,False,False,False,True
2026-07-29 15:55:09.270915,MRVL,none,1038513.0,890794.75,-2.935654548557772,0.535958708113674,3.0,0.6573248407643313,False,False,True,False
2026-07-29 15:55:09.458632,HOOD,none,1459666.0,900662.2857142857,-1.8774277082434279,0.42496441495421633,1.6998576598168653,0.6877470355731258,False,False,True,False
2026-07-29 15:55:09.650477,RCL,none,99211.0,133186.06666666668,-1.0106544901065428,3.1885968465104977,2.7900222406966853,0.7649769585253384,False,False,False,True
2026-07-29 15:55:09.836569,ARM,none,438737.0,282690.4666666667,-2.822429126132517,4.058296167651565,2.0291480838257825,0.7300215982721358,False,False,False,True
2026-07-29 15:55:10.027383,NXT,none,128286.0,129159.8,-2.346928131845207,2.528132055422051,1.5168792332532306,0.6521739130434777,False,False,False,True
2026-07-29 15:55:10.215315,INTC,none,7232733.0,5271219.3,-2.029988465974631,2.9701827781719006,2.598909930900413,0.5827814569536421,False,False,False,True
2026-07-29 15:55:10.398210,APTV,none,76060.0,74729.13333333333,-0.8824028508399849,0.7097943440247108,1.6561868027243252,0.6753246753246829,False,False,True,False
2026-07-29 15:55:10.585973,APO,none,73193.0,91928.73333333334,-1.0490943365297936,2.270688106449309,0.8515080399184909,0.9208633093525185,False,False,False,True
2026-07-29 15:55:10.770919,UAL,none,144783.0,104121.8,-1.7669570881850025,1.1172870958425207,0.5586435479212604,0.8157894736842122,False,False,True,True
2026-07-29 15:55:10.949620,ASTS,none,718342.0,427382.0,-4.249737670514166,0.4329684198607097,2.597810519164258,0.8209459459459456,False,False,True,True
2026-07-29 15:55:11.130891,ARWR,none,82745.0,61830.0,-1.1752624372432692,3.2867046592169884,3.0,0.6539682539682535,False,False,False,True
2026-07-29 15:55:11.314509,GTLB,none,198372.0,220178.2,-0.9187482055699119,0.33408899544696624,2.0045339726817977,0.7619047619047595,False,False,True,True
2026-07-29 15:55:11.493378,VSAT,SELL,309311.0,93101.93333333333,-4.2194092827004255,3.35374274088575,3.0,0.7339449541284411,True,False,True,True
2026-07-29 15:55:14.689974,QNT,none,84621.0,57211.142857142855,-3.276723276723278,1.3761941812550336,1.8349255750067115,0.686192468619247,False,False,True,False
2026-07-29 15:55:14.885581,VSH,none,222070.0,300430.4,-2.4944035817077106,4.199069491238532,2.999335350884666,0.6724137931034492,False,False,False,False
2026-07-29 15:55:15.071570,TEAM,none,315045.0,201643.57142857142,0.04745634016704362,0.602030800833459,1.0033846680557648,0.042735042735040245,False,False,False,False
2026-07-29 15:55:15.256026,REZI,none,91354.0,71888.0,-1.6088765603328663,2.013836133147813,2.4166033597773757,0.8055555555555545,False,False,False,True
2026-07-29 15:55:15.466726,LEN,none,350648.0,161891.06666666668,-1.3453954998840136,1.1695419194365857,1.0024645023742162,0.9430894308943031,False,False,True,True
2026-07-29 15:55:15.691655,BROS,none,74404.0,77453.2,-0.8752074845329687,1.9824188115852865,0.7434070543444824,0.7945205479451988,False,False,False,True
2026-07-29 15:55:15.870130,ALK,none,113471.0,103958.41666666667,-1.8274543136421577,2.157203416639721,2.157203416639721,0.8269230769230771,False,False,False,True
2026-07-29 15:55:16.050830,AOSL,none,38359.0,35479.8,-1.7943409247757058,4.777996308771383,2.047712703759164,0.5977011494252862,False,False,False,True
2026-07-29 15:55:16.240738,CSCO,none,1155365.0,794965.5833333334,-1.2860348696702872,1.7487023138896425,1.7487023138896425,0.7680412371134003,True,False,False,True
2026-07-29 15:55:16.423693,DHI,none,162713.0,112045.13333333333,-1.388332665865695,1.5464523118044604,1.3255305529752517,0.9369369369369303,False,False,False,True
2026-07-29 15:55:16.603192,A,none,35007.0,26568.14285714286,-0.11391143386017127,0.5393652855267176,0.4,0.2807017543859623,False,False,False,False
2026-07-29 15:55:16.786335,MRNA,none,117337.0,104234.58333333333,-1.5227517018989636,0.5618611075528565,1.9665138764349976,0.6967213114754116,False,False,True,False
2026-07-29 15:55:16.973842,AFRM,none,246647.0,174906.0,-1.9236053860950888,0.2733335150276479,1.9133346051935354,0.8860759493670931,False,False,True,True
2026-07-29 15:55:17.155295,MWH,none,85128.0,54459.857142857145,-2.2919179734620037,3.550742880554401,2.2192143003465006,0.7402597402597411,False,False,False,True
2026-07-29 15:55:17.334453,CEVA,none,85285.0,48633.142857142855,-2.310126582278482,0.36201122460382695,2.5340785722267887,0.5658914728682177,False,False,True,False
2026-07-29 15:55:17.520215,RIOT,none,1070538.0,997757.3333333334,-3.752535496957396,0.5826489356703247,3.0,0.6406926406926388,False,False,True,True
2026-07-29 15:55:17.703407,CVNA,none,1061705.0,599546.0,-1.9630484988452648,0.40459088501092466,2.4275453100655477,0.6699507389162555,False,False,True,False
2026-07-29 15:55:17.886532,IREN,none,3772992.0,3097443.533333333,-4.330708661417323,0.7633589098587058,3.0,0.710374044224013,False,False,True,True
2026-07-29 15:55:18.070291,HPE,SELL,1165980.0,524307.0,-2.066293585880329,1.5631963461566025,1.8758356153879232,0.6906474820143923,True,False,True,True
2026-07-29 15:55:30.300521,DAL,none,198927.0,158925.83333333334,-1.4740900328835438,1.2911475719423338,1.129754125449542,0.8387096774193545,False,False,True,True
2026-07-29 15:55:30.484164,RBLX,SELL,212463.0,299688.6666666667,-1.4544025157232743,1.2761983080428565,2.552396616085713,0.7789473684210524,True,False,True,True
2026-07-29 15:55:33.704389,IVZ,none,405955.0,216554.5,-0.8368200836820029,1.169978972445542,0.9749824770379517,0.6666666666666634,False,False,False,True
2026-07-29 15:55:33.906942,JOBY,none,2423562.0,2029296.7333333334,-2.5677603423680417,3.15428150202644,2.3657111265198303,0.7826086956521712,False,False,False,True
