timestamp,symbol,signal,volume,mean_volume,current_pct,price_threshold,trail_stop_pct,body_ratio,green_volume,green_price,red_price,green_body
2026-07-31 01:44:00.468752,AMAT,none,408916.0,430859.75,0.7132207760809164,0.5563374609398897,0.5,0.5093525179856111,True,True,False,False
2026-07-31 01:44:00.654446,LITE,none,275006.0,326215.4666666667,1.0437499087631166,3.119600151347468,0.5,0.5918874172185392,False,False,False,True
2026-07-31 01:44:00.837632,ALAB,none,274113.0,264677.6,1.4328808446455332,3.3341940133149928,0.5,0.6075581395348768,True,False,False,False
2026-07-31 01:44:01.031949,STX,none,449003.0,419674.26666666666,0.908018446358976,4.060454520818833,0.5,0.47535870243293227,True,False,False,False
2026-07-31 01:44:01.314267,CIEN,BUY,84955.0,113501.08333333333,1.1134326716885719,0.1980586834204589,0.5,0.8980044345898047,True,True,False,True
2026-07-31 01:44:01.507307,AMD,none,1168660.0,1631734.2,0.22402170338703858,1.9662635516704554,0.5,0.19223985890652254,False,False,False,False
2026-07-31 01:44:01.685753,MPWR,none,69337.0,82777.13333333333,0.32586216106902705,3.559257192796048,0.5,0.27548387096775545,False,False,False,False
2026-07-31 01:44:01.869914,SIMO,none,88453.0,119347.66666666667,2.167849898580132,5.178340409061099,0.5,0.7737556561086014,False,False,False,True
2026-07-31 01:44:02.049922,BE,none,1042032.0,1025417.7,2.2487874185488095,1.438232726972133,0.5,0.7415185783521772,False,True,False,True
2026-07-31 01:44:02.228364,ISRG,none,79910.0,104092.66666666667,0.07969715082686636,1.163601495461691,0.5,0.21705426356591095,False,False,False,False
2026-07-31 01:44:02.420724,CRDO,none,254833.0,222625.91666666666,1.3256132866067418,1.1490083459616531,0.5,0.619952494061764,False,True,False,True
2026-07-31 01:44:02.622505,ENTG,none,292772.0,189791.85714285713,0.30575845082384867,1.1007600563161963,0.5,0.25174825174825016,True,False,False,False
2026-07-31 01:44:02.817770,MXL,none,120339.0,174997.66666666666,1.5692307692307632,1.1788859730112262,0.5,0.7338129496402847,False,True,False,True
2026-07-31 01:44:03.014137,NBIS,none,983736.0,2121103.8,0.6569109164708341,5.437778523969855,0.5,0.35549132947976503,False,False,False,False
2026-07-31 01:44:03.206483,KLAC,none,1079619.0,806650.4166666666,-0.06682630728963888,1.8953163402629838,0.5,0.04800000000000182,False,False,False,False
2026-07-31 01:44:03.403406,AMKR,none,212916.0,232628.0,0.3749999999999994,1.4212783625453844,0.5,0.2999999999999988,False,False,False,False
2026-07-31 01:44:03.606115,DELL,none,186923.0,276055.5333333333,0.3583525600117764,2.7129136623412053,0.5,0.3677581863979772,False,False,False,False
2026-07-31 01:44:03.802766,AEHR,none,84371.0,142912.2,1.561448377978189,3.8855458293655345,0.5,0.6143742386526092,False,False,False,True
2026-07-31 01:44:04.002751,MRVL,none,1222797.0,990866.0,1.3649225989014082,0.25348019569870256,0.5,0.6259541984732834,False,True,False,False
2026-07-31 01:44:04.199838,HOOD,none,934033.0,1012812.0,1.0648042134188145,0.12484641751191812,0.5,0.7265624999999936,False,True,False,True
2026-07-31 01:44:04.398097,RCL,none,83309.0,110528.26666666666,0.5766113950879014,1.8345142787515332,0.5,0.7429718875502073,False,False,False,True
2026-07-31 01:44:04.598727,ARM,none,222487.0,620237.7333333333,0.22105438772105487,7.361842894727816,0.5,0.2334801762114532,False,False,False,False
2026-07-31 01:44:04.796713,NXT,none,348480.0,166099.2,-1.6371771405328446,0.525723029443069,0.5,0.6007462686567147,False,False,True,True
2026-07-31 01:44:05.001580,INTC,none,5762779.0,4990129.1,0.38347759395201986,1.50736355683381,0.5,0.30701754385965646,False,False,False,False
2026-07-31 01:44:05.194189,APTV,none,86487.0,110789.26666666666,0.10409437890354316,0.685346481633603,0.5,0.3529411764706128,False,False,False,False
2026-07-31 01:44:05.393444,APO,none,252394.0,212467.26666666666,0.8096152241048317,2.30581005870735,0.5,0.84347826086956,False,False,False,True
2026-07-31 01:44:05.578889,UAL,none,129728.0,107051.0,0.3565351268130603,0.8706695375974522,0.5,0.5116279069767419,False,False,False,False
2026-07-31 01:44:05.758074,ASTS,none,413607.0,425611.14285714284,1.2198332602018434,0.1327242253683532,0.5,0.7814256802338642,False,True,False,True
2026-07-31 01:44:05.951478,ARWR,none,41356.0,55827.142857142855,-0.2239063038236392,1.1185862996709157,0.5,0.3145161290322749,False,False,False,False
2026-07-31 01:44:06.132656,GTLB,none,166314.0,236737.2,0.4835297673012891,0.36052818825426514,0.5,0.4210526315789356,False,True,False,False
2026-07-31 01:44:06.320325,VSAT,none,89199.0,143059.4,0.20779220779220337,3.7877453162505645,0.5,0.20779220779220445,False,False,False,False
2026-07-31 01:44:06.496339,QNT,none,39811.0,40003.57142857143,0.8107573660272822,0.5886442224277623,0.5,0.6612903225806424,False,True,False,False
2026-07-31 01:44:06.693361,VSH,none,157335.0,307085.4666666667,0.17751479289941502,3.3698586423946164,0.5,0.23076923076924127,False,False,False,False
2026-07-31 01:44:06.893494,TEAM,none,77549.0,133738.14285714287,-0.07142857142856447,0.48383112252973953,0.5,0.13461538461537254,False,False,False,False
2026-07-31 01:44:07.102379,REZI,none,56022.0,67451.93333333333,-0.6273167949814624,1.344583635364599,0.5,0.5945945945945956,False,False,False,True
2026-07-31 01:44:07.288837,LEN,none,48937.0,132313.93333333332,-0.15487252799618234,1.8703657365262198,0.5,0.48148148148147174,False,False,False,True
2026-07-31 01:44:07.483226,BROS,none,85497.0,105169.26666666666,0.35200489745942726,1.8574938948104673,0.5,0.4181818181818017,False,False,False,False
2026-07-31 01:44:07.673963,ALK,none,278463.0,104254.16666666667,0.40485829959513686,0.9471496905671245,0.5,0.32758620689654877,True,False,False,False
2026-07-31 01:44:07.878613,AOSL,none,11170.0,27942.6,0.3919007184846422,4.062276870728409,0.5,0.4285714285714177,False,False,False,False
2026-07-31 01:44:08.074277,CSCO,none,758889.0,733987.3333333334,0.272887323943664,0.9943610961324352,0.5,0.6200000000000045,True,False,False,True
2026-07-31 01:44:08.267558,DHI,none,60814.0,92760.73333333334,-0.17188037126160194,1.7186793033674084,0.5,0.42372881355934,False,False,False,False
2026-07-31 01:44:08.552130,A,none,68440.0,70920.0,-0.18029712966969566,0.42632897951342097,0.5,0.45454545454544515,False,False,False,False
2026-07-31 01:44:08.744104,MRNA,none,166382.0,187183.41666666666,0.15734265734265088,0.3786105796001954,0.5,0.27272727272725705,False,False,False,False
2026-07-31 01:44:08.939907,AFRM,none,299044.0,223463.8,-0.027612867596314,0.33495484393994707,0.5,0.0666666666667014,False,False,False,False
2026-07-31 01:44:09.143004,MWH,none,145841.0,130898.0,0.43462513582035855,1.5408538137747727,0.5,0.25000000000000183,False,False,False,False
2026-07-31 01:44:09.324442,CEVA,none,13525.0,19968.85714285714,0.45620437956203946,0.23799939155547264,0.5,0.48387096774192734,False,True,False,False
2026-07-31 01:44:09.526824,RIOT,none,1122091.0,1059638.6666666667,-0.3115958157133331,0.41735839881558867,0.5,0.25925925925926074,False,False,False,False
2026-07-31 01:44:09.713987,CVNA,none,1548174.0,1748887.8333333333,0.6522829904666342,0.2958780489852697,0.5,0.7222222222222244,False,True,False,True
2026-07-31 01:44:09.907204,IREN,none,2054272.0,4296716.666666667,0.7765595565614447,1.0697851809429801,0.5,0.379470198675491,False,False,False,False
2026-07-31 01:44:10.103083,HPE,none,795204.0,847354.0,0.0,0.637017811354801,0.5,0.0,False,False,False,False
2026-07-31 01:44:10.290786,DAL,none,185233.0,209212.33333333334,0.16886187098953698,1.0483342208188988,0.5,0.3191489361702256,False,False,False,False
2026-07-31 01:44:10.478971,RBLX,none,1249857.0,1099138.3333333333,0.4110996916752371,1.6567932300547241,0.5,0.2631578947368441,True,False,False,False
2026-07-31 01:44:10.660887,IVZ,none,316223.0,185167.9,0.3760683760683741,1.0869616627954382,0.5,0.6111111111111089,False,False,False,True
2026-07-31 01:44:10.842793,JOBY,none,1857697.0,1984848.2,0.557880055788006,3.6284326573202668,0.5,0.5714285714285696,False,False,False,True
2026-07-31 09:46:53.431917,AMAT,none,1030267.0,380894.0833333333,0.4362006523000594,0.5309728035693116,0.5,0.6264367816091941,True,False,False,True
2026-07-31 09:46:53.620010,LITE,none,615019.0,304245.8,0.3036525058561423,2.7843362238860987,0.5,0.22776572668111744,True,False,False,False
2026-07-31 09:46:53.801520,ALAB,none,497485.0,254372.93333333332,1.2437054310723603,2.911184127216709,0.5,0.819599109131403,True,False,False,True
2026-07-31 09:46:53.992305,STX,none,580955.0,403782.13333333336,0.5821505325555523,3.5847366575038544,0.5,0.5318230852211391,True,False,False,False
2026-07-31 09:46:54.184230,CIEN,BUY,344648.0,105082.0,1.1833192785832718,0.2478437766478619,0.5,0.7851985559566776,True,True,False,True
2026-07-31 09:46:54.371105,AMD,none,1814035.0,1580563.0,-0.44308601202076453,1.7584581714500271,0.5,0.49202733485194344,False,False,False,False
2026-07-31 09:46:54.559388,MPWR,none,231929.0,82980.6,0.2991254576315097,3.1131380302554654,0.5,0.2146368104860773,True,False,False,False
2026-07-31 09:46:54.740911,SIMO,none,250738.0,109324.58333333333,5.736177262373172,5.804704592445476,0.5,0.8901028277634975,False,False,False,True
2026-07-31 09:46:54.934196,BE,none,1957823.0,895006.0,-0.8433157642549071,1.6912359007551874,0.5,0.3450980392156849,True,False,False,False
2026-07-31 09:46:55.120351,ISRG,none,244864.0,96385.5,0.40391398338833084,0.5991902290243218,0.5,0.6396396396396553,False,False,False,True
2026-07-31 09:46:55.312073,CRDO,none,563944.0,200959.5,0.9430176565008003,1.3257880441407193,0.5,0.8703703703703697,False,False,False,True
2026-07-31 09:46:55.495990,ENTG,none,667628.0,185619.0,-0.8298052497883064,1.1432709563406447,0.5,0.47115384615383843,True,False,False,False
2026-07-31 09:46:55.692968,MXL,none,364707.0,150800.5,1.3642564802182897,1.3088169148873032,0.5,0.6716417910447786,False,True,False,False
2026-07-31 09:46:55.880353,NBIS,none,1774913.0,2050447.6,-0.021223536902420567,4.643288423944593,0.5,0.01108033240997014,False,False,False,False
2026-07-31 09:46:56.067965,KLAC,none,2531810.0,725034.9166666666,0.4346614655893013,1.6909703055716707,0.5,0.3842364532019708,True,False,False,False
2026-07-31 09:46:56.257075,AMKR,none,649765.0,213037.7,0.24911770811708,1.3392471125453813,0.5,0.33333333333332676,True,False,False,False
2026-07-31 09:46:56.440556,DELL,none,408593.0,267954.73333333334,-0.8488465960517692,2.403651182950701,0.5,0.733615221987318,True,False,False,True
2026-07-31 09:46:56.626709,AEHR,none,349232.0,139385.26666666666,1.828541142175693,3.6464534461201303,0.5,0.6865671641791005,False,False,False,True
2026-07-31 09:46:56.817150,MRVL,none,1650980.0,899215.8333333334,0.3120893561103929,0.23723879101773387,0.5,0.4318181818181911,False,True,False,False
2026-07-31 09:46:57.001841,HOOD,SELL,2468463.0,947008.4285714285,-1.9250368021741624,0.2278837079000522,0.5,0.8994708994709008,True,False,True,True
2026-07-31 09:46:57.191004,RCL,none,225425.0,105552.73333333334,-0.27266530334014855,1.700962557207336,0.5,0.34645669291338127,True,False,False,False
2026-07-31 09:46:57.385863,ARM,none,773392.0,604173.1333333333,0.4494569062383006,6.56141989829352,0.5,0.31952662721893904,False,False,False,False
2026-07-31 09:46:57.571993,NXT,none,546568.0,159565.7,0.734153655257996,1.027915933612674,0.5,0.4152046783625793,True,False,False,False
2026-07-31 09:46:57.759385,INTC,none,8433005.0,4420075.7,-0.41480187752428277,1.3623288611427886,0.5,0.3917525773195834,False,False,False,False
2026-07-31 09:46:57.946518,APTV,BUY,352780.0,107858.13333333333,0.710818307905693,0.5955416579486288,0.5,0.7068965517241463,True,True,False,True
2026-07-31 09:46:58.138074,APO,none,945253.0,209102.46666666667,-0.4056963073356474,2.2321241779612078,0.5,0.3121019108280236,True,False,False,False
2026-07-31 09:46:58.324412,UAL,none,472109.0,103379.7,-0.21802325581396176,0.738390828709051,0.5,0.30681818181819503,True,False,False,False
2026-07-31 09:46:58.506906,ASTS,none,1002863.0,387530.71428571426,1.4394727714186706,0.24494799145596727,0.5,0.9120879120879214,False,True,False,True
2026-07-31 09:46:58.686255,ARWR,none,207419.0,56493.71428571428,0.45124763811757834,1.2792505143001551,0.5,0.48987499999999246,True,False,False,False
2026-07-31 09:46:58.873588,GTLB,none,585056.0,225418.66666666666,1.3529765484065028,0.34268475288146993,0.5,0.750000000000003,False,True,False,True
2026-07-31 09:46:59.061055,VSAT,none,262959.0,124275.13333333333,0.6485925541574783,3.016280494152829,0.5,0.6944444444444455,False,False,False,False
2026-07-31 09:46:59.247276,QNT,none,121014.0,38150.28571428572,1.2391817466561672,0.5860657357864767,0.5,0.69230769230769,True,True,False,False
2026-07-31 09:46:59.439655,VSH,none,761715.0,300791.13333333336,-0.20679468242245283,2.7460808915616135,0.5,0.17948717948717996,True,False,False,False
2026-07-31 09:46:59.622593,TEAM,none,525464.0,124913.28571428571,0.19401613397324385,0.36771511932764067,0.5,0.1792452830188654,True,False,False,False
2026-07-31 09:46:59.847671,REZI,none,171003.0,61738.2,-0.34433285509326983,1.1558221420277905,0.5,0.44444444444445613,True,False,False,False
2026-07-31 09:47:00.033764,LEN,none,228347.0,110168.2,0.0,1.546717718730427,0.5,0.0,False,False,False,False
2026-07-31 09:47:00.221486,BROS,none,342951.0,101284.46666666666,-0.3200731595793229,1.6965084834032242,0.5,0.44680851063828564,True,False,False,False
2026-07-31 09:47:00.409501,ALK,none,289810.0,101820.83333333333,0.25466893039050204,0.9463602732698639,0.5,0.40000000000001895,True,False,False,False
2026-07-31 09:47:00.597289,AOSL,none,63365.0,25886.0,1.2048192771084254,3.6846968151885076,0.5,0.649122807017539,False,False,False,True
2026-07-31 09:47:00.790326,CSCO,none,2275138.0,683343.3333333334,-0.32481783864453545,0.9106858039551469,0.5,0.41573033707864054,True,False,False,False
2026-07-31 09:47:00.973676,DHI,none,188874.0,83125.4,0.23417590743164365,1.387604046841516,0.5,0.39534883720930003,True,False,False,False
2026-07-31 09:47:01.321815,A,none,241526.0,65071.142857142855,0.24570024570024818,0.39727511695338946,0.5,0.5396825396825247,True,False,False,False
2026-07-31 09:47:01.510066,MRNA,BUY,687202.0,177443.08333333334,0.9945908218461006,0.3567373954777281,0.5,0.7125000000000029,True,True,False,True
2026-07-31 09:47:01.706575,AFRM,BUY,1146164.0,208371.06666666668,1.1600607650876997,0.2620320547669172,0.5,0.5562913907284772,True,True,False,True
2026-07-31 09:47:01.896976,MWH,none,364119.0,120036.85714285714,0.7212405337179923,1.5663276316950567,0.5,0.47619047619047256,True,False,False,False
2026-07-31 09:47:02.101624,CEVA,none,52309.0,18938.428571428572,-0.3633060853769438,0.19668937387618524,0.5,0.40000000000001895,False,False,True,False
2026-07-31 09:47:02.287183,RIOT,none,2494891.0,892309.6666666666,-1.2279526680062451,0.3239524244766998,0.5,0.4999999999999968,False,False,True,False
2026-07-31 09:47:02.501227,CVNA,none,3906959.0,1513325.25,2.0771020272515788,0.28144918775591304,0.5,0.7352941176470575,False,True,False,True
2026-07-31 09:47:02.690477,IREN,none,6291772.0,4151912.933333333,2.9862792574656964,0.9330871384485234,0.5,0.9061224489795903,False,True,False,True
2026-07-31 09:47:02.882471,HPE,BUY,2836681.0,830916.8,0.9638038123795306,0.5094393841953697,0.5,0.6521739130434845,True,True,False,True
2026-07-31 09:47:03.145508,DAL,none,618865.0,190120.5,-0.43825148893134125,0.9320765568080482,0.5,0.6842105263157987,True,False,False,True
2026-07-31 09:47:03.334262,RBLX,none,2773780.0,950524.25,-0.4299754299754317,0.863100759630648,0.5,0.23333333333333464,True,False,False,False
2026-07-31 09:47:03.519008,IVZ,none,698035.0,175887.8,0.1702997275204384,1.059126895092291,0.5,0.20833333333333764,True,False,False,False
2026-07-31 09:47:03.707536,JOBY,none,3477866.0,1840288.7333333334,0.4166666666666701,3.010007953757179,0.5,0.30000000000000354,True,False,False,False
2026-07-31 10:17:04.522912,AMAT,SELL,1080774.0,400212.25,-3.46254396358782,0.35404673576083534,0.5,0.6300479123887782,True,False,True,True
2026-07-31 10:17:04.713319,LITE,SELL,699233.0,294838.4666666667,-4.88502673796791,2.3226361388657533,0.5,0.5721891637958026,True,False,True,True
2026-07-31 10:17:04.905480,ALAB,none,694399.0,243883.06666666668,-3.779848927875234,2.109434773670568,0.5,0.39661233620965036,True,False,True,False
2026-07-31 10:17:05.096239,STX,none,668996.0,398834.13333333336,-4.494942773489483,2.8000185694992186,0.5,0.6050156739811907,True,False,True,False
2026-07-31 10:17:05.291231,CIEN,SELL,407526.0,123223.83333333333,-3.4417990760952337,0.27792002900425994,0.5,0.6315789473684204,True,False,True,True
2026-07-31 10:17:05.482284,AMD,none,3167764.0,1559988.6666666667,-2.9042878419691136,1.5092279683478267,0.5,0.6044045676998371,True,False,True,False
2026-07-31 10:17:05.675778,MPWR,none,300124.0,86204.4,-2.941961307538353,2.2199747591802232,0.5,0.3653081510934385,True,False,True,False
2026-07-31 10:17:05.894905,SIMO,none,172148.0,104929.25,-4.074074074074074,6.199223209806864,0.5,0.6512729425695684,False,False,False,True
2026-07-31 10:17:06.081960,BE,SELL,3580505.0,1153043.8,-7.5454545454545485,1.64285811222533,0.5,0.6840659340659339,True,False,True,True
2026-07-31 10:17:06.271070,ISRG,none,280132.0,107873.5,0.3708246569871955,0.6816500614166277,0.5,0.28634361233480654,False,False,False,False
2026-07-31 10:17:06.457425,CRDO,none,779584.0,225768.5,-4.335541247857699,1.2779626061771716,0.5,0.7542304593070095,False,False,True,True
2026-07-31 10:17:06.639292,ENTG,none,229244.0,210543.57142857142,-1.3680781758957594,1.3084342971908933,0.5,0.214012738853502,False,False,True,False
2026-07-31 10:17:06.825602,MXL,none,462149.0,163234.0,-4.043545878693623,1.504471978107123,0.5,0.5325884543761633,False,False,True,False
2026-07-31 10:17:07.015828,NBIS,none,4461444.0,2131607.8,-5.4474901746181725,4.0281569394602466,0.5,0.5325875486381317,False,False,True,False
2026-07-31 10:17:07.201693,KLAC,none,1698326.0,782325.5,-2.164893617021273,1.3044784965521685,0.5,0.39323671497584495,True,False,True,False
2026-07-31 10:17:07.386506,AMKR,none,1062872.0,289897.0,-0.4117647058823546,1.0907565372507515,0.5,0.09292035398230135,True,False,False,False
2026-07-31 10:17:07.588623,DELL,none,628588.0,261419.33333333334,-1.4821002386634796,2.076615304045448,0.5,0.3187885010266927,True,False,False,False
2026-07-31 10:17:07.773273,AEHR,none,344731.0,138547.93333333332,-5.1248357424441435,3.071631614869316,0.5,0.6208393632416779,False,False,True,True
2026-07-31 10:17:07.986345,MRVL,none,4607841.0,1108656.6666666667,-3.1648109138328833,0.18092433106908584,0.5,0.5267111853088488,True,False,True,False
2026-07-31 10:17:08.173004,HOOD,none,3631334.0,1300524.857142857,-0.3937919851748939,0.3457776544168266,0.5,0.07906976744186131,True,False,True,False
2026-07-31 10:17:08.358133,RCL,none,111641.0,93732.13333333333,-1.3390215800454681,1.6618167239472954,0.5,0.9885057471264342,False,False,False,True
2026-07-31 10:17:08.544638,ARM,none,1087293.0,573592.0666666667,-0.3050782004247784,5.642488689295821,0.5,0.06694915254236973,False,False,False,False
2026-07-31 10:17:08.745192,NXT,SELL,615175.0,204714.2,-7.428791377983063,1.2384567756542109,0.5,0.7487875848690589,True,False,True,True
2026-07-31 10:17:11.972023,INTC,SELL,18160919.0,5393031.7,-3.1611570247933907,1.2784362407291872,0.5,0.5873320537428018,True,False,True,True
2026-07-31 10:17:14.682246,APTV,none,106995.0,93548.0,-1.7355085039916696,0.5926013046458611,0.5,0.826446280991735,False,False,True,True
2026-07-31 10:17:14.867573,APO,none,76700.0,182939.86666666667,0.15748031496062803,2.1224827407672975,0.5,0.14615384615384472,False,False,False,False
2026-07-31 10:17:15.056246,UAL,none,237307.0,119755.7,-1.1743743419454142,0.7342318669619278,0.5,0.6651376146788983,False,False,True,False
2026-07-31 10:17:15.244102,ASTS,none,1731730.0,559166.4285714285,-4.4847485572959584,0.3311790547814614,0.5,0.668304668304668,False,False,True,True
2026-07-31 10:17:15.438400,ARWR,none,115811.0,63897.42857142857,-1.483952605544698,1.2621506420852868,0.5,0.8322580645161346,False,False,True,True
2026-07-31 10:17:15.644796,GTLB,none,274662.0,187055.33333333334,2.531268612269212,0.34232543395173126,0.5,0.6854838709677459,False,True,False,True
2026-07-31 10:17:15.830804,VSAT,none,95392.0,101991.33333333333,-3.2597793380140527,2.4847237754524434,0.5,0.8024691358024695,False,False,True,True
2026-07-31 10:17:16.194207,QNT,none,109055.0,49308.57142857143,-0.9017471350742005,0.8988811635161356,0.5,0.2033898305084733,False,False,True,False
2026-07-31 10:17:16.383147,VSH,none,477525.0,269098.8,-2.652890254118969,2.30775497155044,0.5,0.3639846743295021,False,False,True,False
2026-07-31 10:17:16.575932,TEAM,none,269496.0,151785.57142857142,4.985367892976584,0.18641125941725928,0.5,0.8353765323992977,False,True,False,True
2026-07-31 10:17:16.759884,REZI,SELL,77577.0,48489.933333333334,-2.847380410022779,1.1027289657598802,0.5,0.5952380952380953,True,False,True,True
2026-07-31 10:17:19.463403,LEN,none,146465.0,77976.4,-0.5522208883553347,1.4010506358720969,0.5,0.4693877551020325,False,False,False,True
2026-07-31 10:17:19.653394,BROS,none,95312.0,83710.66666666667,1.0808342213426823,1.2890429400750532,0.5,0.503546099290787,False,False,False,False
2026-07-31 10:17:19.831196,ALK,none,85943.0,102939.25,-1.0075566750629805,0.9831886773010742,0.5,0.5581395348837259,False,False,True,True
2026-07-31 10:17:20.016414,AOSL,none,23599.0,16244.266666666666,-2.698558724317691,3.2066653669226852,0.5,0.4756756756756757,False,False,False,False
2026-07-31 10:17:20.206389,CSCO,none,1205755.0,716220.0,-0.2864334693168981,0.7517534061676969,0.5,0.13469387755101955,True,False,False,False
2026-07-31 10:17:20.392970,DHI,none,112976.0,66912.86666666667,-0.2549087151222904,1.359491804303064,0.5,0.25694444444444803,False,False,False,False
2026-07-31 10:17:20.581941,A,none,177440.0,82211.14285714286,-0.5560771286199251,0.39710620803565644,0.5,0.287313432835824,False,False,True,False
2026-07-31 10:17:20.762025,MRNA,none,885941.0,245223.08333333334,0.2765773552290347,0.44727746232163235,0.5,0.057761732851984264,True,False,False,False
2026-07-31 10:17:20.994679,AFRM,none,106413.0,187483.6,-0.9467135515282701,0.23981638567663757,0.5,0.46666666666666856,False,False,True,False
2026-07-31 10:17:21.181630,MWH,none,81212.0,118577.57142857143,0.10653409090909495,1.706161588724089,0.5,0.03797468354430511,False,False,False,False
2026-07-31 10:17:21.519771,CEVA,none,63622.0,24126.14285714286,-3.0588235294117623,0.21793702615445149,0.5,0.7074829931972789,False,False,True,True
2026-07-31 10:17:21.704020,RIOT,none,1601364.0,928180.0,-7.852947574505111,0.35122812885062393,0.5,0.8869778869778868,False,False,True,True
2026-07-31 10:17:21.896541,CVNA,none,1515297.0,1467074.75,-2.1732131358660567,0.359863312184978,0.5,0.4655172413793086,False,False,True,False
2026-07-31 10:17:22.085417,IREN,none,9107919.0,3992785.4,-8.96839010046558,0.9143574549354123,0.5,0.8503124782194562,False,False,True,True
2026-07-31 10:17:22.272968,HPE,none,1877404.0,941018.1,-2.1020408163265327,0.676795099118575,0.5,0.5228426395939095,False,False,True,True
2026-07-31 10:17:22.464503,DAL,none,410182.0,205469.08333333334,-0.2044989775051041,1.0479146023519927,0.5,0.1799999999999926,False,False,False,False
2026-07-31 10:17:22.648405,RBLX,SELL,9913151.0,1693736.1666666667,-9.54218106995885,0.7758999693370738,0.5,0.7246093750000006,True,False,True,True
2026-07-31 10:17:22.838256,IVZ,none,221445.0,179287.0,-0.3699966363942127,0.9925091258978397,0.5,0.3055555555555514,False,False,False,False
2026-07-31 10:17:23.024353,JOBY,none,1414515.0,1675793.1333333333,-2.7210884353741402,2.3723610716007815,0.5,0.6060606060606037,False,False,True,True
2026-07-31 10:47:23.854323,AMAT,none,448081.0,402452.5833333333,0.8174386920981016,0.663759098686685,0.5,0.2718446601941779,True,True,False,False
2026-07-31 10:47:24.042899,LITE,none,324295.0,261017.06666666668,-0.46769662921348887,2.3337366172461387,0.5,0.1337886701486558,True,False,False,False
2026-07-31 10:47:24.227407,ALAB,none,286540.0,228526.86666666667,-0.6560390454156477,2.8214171175654923,0.5,0.18031358885017335,True,False,False,False
2026-07-31 10:47:24.418014,STX,none,486101.0,350953.6666666667,0.5152660657167724,3.9012250081192077,0.5,0.16340833640722788,True,False,False,False
2026-07-31 10:47:24.607172,CIEN,none,57909.0,109455.41666666667,0.4809966882195345,0.42763305590698286,0.5,0.18578680203046058,False,True,False,False
2026-07-31 10:47:24.791688,AMD,none,2017912.0,1401850.0666666667,-0.5231477740971106,1.2929163993189747,0.5,0.19561933534743084,False,False,False,False
2026-07-31 10:47:24.973089,MPWR,none,161502.0,89111.6,-0.5604742051363121,2.63658303623093,0.5,0.1597494126859846,True,False,False,False
2026-07-31 10:47:25.156165,SIMO,none,144849.0,111134.91666666667,2.042714833908284,7.3295126265254265,0.5,0.3877851361295064,False,False,False,False
2026-07-31 10:47:25.341055,BE,none,1934889.0,1274274.9,0.40722711102789955,3.4868611753898975,0.5,0.10011507479861965,False,False,False,False
2026-07-31 10:47:25.533456,ISRG,none,165632.0,113191.66666666667,-0.3040982208833039,0.8139565759039737,0.5,0.39338235294117824,False,False,False,False
2026-07-31 10:47:25.720220,CRDO,none,321739.0,227030.58333333334,-0.3377400366689128,2.289823657337958,0.5,0.08158508158508014,False,False,False,False
2026-07-31 10:47:25.905935,ENTG,none,101453.0,216193.85714285713,0.14855162168853067,1.4200431302691352,0.5,0.040178571428569745,False,False,False,False
2026-07-31 10:47:26.085584,MXL,none,218765.0,160036.0,-0.2503681885125209,2.083759358775317,0.5,0.05841924398625495,False,False,False,False
2026-07-31 10:47:26.270833,NBIS,none,2165133.0,1735883.1333333333,0.9068860065380148,2.6476124938730687,0.5,0.2352941176470586,False,False,False,False
2026-07-31 10:47:26.459745,KLAC,none,1511574.0,862614.3333333334,1.5022860875244888,2.03110104976682,0.5,0.4279069767441835,False,False,False,False
2026-07-31 10:47:26.647723,AMKR,none,619505.0,330824.2,0.21700532649437648,1.1162778164485005,0.5,0.06586826347305376,False,False,False,False
2026-07-31 10:47:26.832688,DELL,none,348256.0,225284.13333333333,-1.3731864719297455,1.1704850614682396,0.5,0.48542024013722235,True,False,True,False
2026-07-31 10:47:27.023933,AEHR,none,158971.0,125949.66666666667,-0.5941956467350442,4.20451597227874,0.5,0.11202830188679125,False,False,False,False
2026-07-31 10:47:27.216570,MRVL,none,2216423.0,1200650.8333333333,-0.3678565877415572,0.33170219019356634,0.5,0.10692771084337063,False,False,True,False
2026-07-31 10:47:27.405620,HOOD,none,2173480.0,1527530.2857142857,-1.2332751599767333,0.36806283584029825,0.5,0.4206349206349222,False,False,True,False
2026-07-31 10:47:27.597952,RCL,none,89896.0,81050.06666666667,0.6021627415744585,1.8095359272600549,0.5,0.47160493827160976,False,False,False,False
2026-07-31 10:47:27.784442,ARM,none,623297.0,454594.93333333335,-3.352973098689823,3.3797697575243153,0.5,0.7049714751426241,False,False,False,True
2026-07-31 10:47:27.979512,NXT,none,327497.0,229964.1,-2.8443425713690393,3.4969119186755715,0.5,0.6423529411764716,False,False,False,True
2026-07-31 10:47:28.170490,INTC,none,10216517.0,6005597.1,-0.48020488741861983,2.6962366739072188,0.5,0.2153110047846832,False,False,False,False
2026-07-31 10:47:28.353692,APTV,SELL,287685.0,108849.2,-1.360664428344236,0.5492075186257523,0.5,0.7333333333333333,True,False,True,True
2026-07-31 10:47:31.196766,APO,none,81280.0,179207.86666666667,0.4473902236951052,1.660181373508626,0.5,0.33128834355827824,False,False,False,False
2026-07-31 10:47:31.382272,UAL,none,146849.0,129939.8,0.48309178743961634,1.0888729597688362,0.5,0.3296089385474868,False,False,False,False
2026-07-31 10:47:31.572128,ASTS,none,807590.0,641512.0,-0.8629616845012081,0.7328630567986886,0.5,0.27322404371584724,False,False,True,False
2026-07-31 10:47:31.761674,ARWR,none,84164.0,72669.57142857143,0.8361164957843776,2.2825302386822757,0.5,0.39449035812671895,False,False,False,False
2026-07-31 10:47:31.952576,GTLB,none,161117.0,175511.86666666667,-2.297847585805698,0.41164191530034133,0.5,0.8061224489795877,False,False,True,True
2026-07-31 10:47:32.141369,VSAT,none,48420.0,97835.93333333333,-1.6051779935275015,2.3506176712307187,0.5,0.48818897637794956,False,False,False,False
2026-07-31 10:47:32.333876,QNT,none,113182.0,63292.0,-2.836074872376631,1.0749171150620198,0.5,0.6024096385542164,False,False,True,False
2026-07-31 10:47:32.516324,VSH,none,145060.0,254830.2,-0.9463722397476293,2.559254270736319,0.5,0.31132075471698095,False,False,False,False
2026-07-31 10:47:32.701506,TEAM,none,129474.0,162601.2857142857,-1.1952191235059788,1.6789725369555224,0.5,0.5660377358490567,False,False,False,True
2026-07-31 10:47:32.890472,REZI,none,59101.0,48511.53333333333,-1.4654161781946073,1.1780232966056596,0.5,0.6172839506172876,False,False,True,True
2026-07-31 10:47:33.077157,LEN,none,126681.0,79870.0,-0.4347301050597747,0.9921282277249542,0.5,0.40000000000000313,False,False,False,True
2026-07-31 10:47:33.266036,BROS,none,72475.0,73375.66666666667,-1.1913738500980338,1.5982157765925606,0.5,0.692982456140356,False,False,False,True
2026-07-31 10:47:33.454218,ALK,none,110279.0,108519.25,0.9114031369224241,1.0662571335987916,0.5,0.558441558441561,False,False,False,True
2026-07-31 10:47:33.734331,AOSL,none,21316.0,15389.933333333332,0.06287331027978489,3.145118510404877,0.5,0.019047619047618692,False,False,False,False
2026-07-31 10:47:33.923400,CSCO,none,798434.0,731000.3333333334,-0.4265320334261794,0.8485868613061959,0.5,0.4152542372881339,True,False,False,False
2026-07-31 10:47:34.099528,DHI,none,196794.0,75118.0,-0.684647302904551,1.0152688967597872,0.5,0.5351351351351181,True,False,False,False
2026-07-31 10:47:34.285685,A,none,63740.0,87544.0,-0.7625272331154561,0.6498758386946215,0.5,0.6402439024390193,False,False,True,True
2026-07-31 10:47:34.474774,MRNA,none,683691.0,272716.0833333333,-0.36238136324417747,0.43750871415178916,0.5,0.09333333333333371,True,False,False,False
2026-07-31 10:47:34.661825,AFRM,none,146938.0,184888.13333333333,-2.5276677141685946,0.2583317903983094,0.5,0.9343434343434296,False,False,True,True
2026-07-31 10:47:34.840949,MWH,none,105711.0,121272.57142857143,-0.5659709939865587,1.3564486657282813,0.5,0.19277108433734996,False,False,False,False
2026-07-31 10:47:35.028733,CEVA,none,42762.0,27932.0,-1.0271903323262943,0.5057470899390005,0.5,0.3207547169811346,False,False,True,False
2026-07-31 10:47:35.316572,RIOT,none,1103255.0,941487.0,0.04955167531854836,0.68661485709489,0.5,0.018753348812288653,False,False,False,False
2026-07-31 10:47:35.504499,CVNA,none,848402.0,1403638.25,-1.2510288065843589,0.4162209489006695,0.5,0.8000000000000015,False,False,True,True
2026-07-31 10:47:35.693218,IREN,none,6710497.0,3524055.7333333334,-1.2966352624495194,0.7001239380894136,0.5,0.2855533819432083,False,False,True,False
2026-07-31 10:47:35.885226,HPE,none,1382383.0,905954.6,-0.6882168925964659,1.3067895667851608,0.5,0.27731092436975296,False,False,False,False
2026-07-31 10:47:36.093611,DAL,none,210071.0,210704.83333333334,0.44398907103825197,0.9418562323001984,0.5,0.4148936170212782,False,False,False,False
2026-07-31 10:47:36.281749,RBLX,none,5427704.0,2053028.25,-1.3079328973557032,2.6344712342326444,0.5,0.41818181818181843,True,False,False,False
2026-07-31 10:47:36.469440,IVZ,none,201573.0,198570.6,-0.13504388926401992,0.8061885164180688,0.5,0.12121212121212871,False,False,False,False
2026-07-31 10:47:36.655595,JOBY,none,1535171.0,1655268.0,-1.958041958041966,2.3561659354890607,0.5,0.6086956521739144,False,False,False,True
2026-07-31 11:17:37.459864,AMAT,none,279975.0,406042.3333333333,-0.8357298643145357,0.7223524897887956,0.5,0.48004434589800693,False,False,True,False
2026-07-31 11:17:37.654509,LITE,none,192083.0,245289.13333333333,0.41486164223122957,2.4056219989036034,0.5,0.21858736059479886,False,False,False,False
2026-07-31 11:17:37.832576,ALAB,none,188563.0,226586.06666666668,0.3981398904319022,2.813799426043509,0.5,0.13227513227513243,True,False,False,False
2026-07-31 11:17:38.016500,STX,none,353821.0,341266.8,0.2777777777777751,4.006684516111372,0.5,0.17857142857142766,True,False,False,False
2026-07-31 11:17:38.197899,CIEN,none,86078.0,111740.0,0.04178309351577786,0.4412232151184,0.5,0.03305785123966302,True,False,False,False
2026-07-31 11:17:38.388927,AMD,none,1470439.0,1298339.3333333333,-0.08123476848090522,0.9841848800890546,0.5,0.06289308176100258,False,False,False,False
2026-07-31 11:17:38.574931,MPWR,none,62678.0,86241.86666666667,0.6415568630700784,2.417372980071658,0.5,0.3357426816046265,False,False,False,False
2026-07-31 11:17:38.762682,SIMO,none,60650.0,101390.0,-0.4976069285117383,7.288526300355061,0.5,0.2119741100323626,False,False,False,False
2026-07-31 11:17:38.946400,BE,none,1208012.0,1309540.6,-0.4335462216213596,3.5342938593817665,0.5,0.11084624553039056,False,False,False,False
2026-07-31 11:17:39.131866,ISRG,none,83168.0,111758.66666666667,-0.26793603739702926,0.8554470163969844,0.5,0.4771573604060836,False,False,False,False
2026-07-31 11:17:39.320340,CRDO,none,336042.0,244699.58333333334,1.993998644855292,2.3274279658166512,0.5,0.691275167785238,False,False,False,True
2026-07-31 11:17:39.506367,ENTG,none,55403.0,207905.42857142858,0.8415147265077224,1.143206739855175,0.5,0.5698324022346406,False,False,False,False
2026-07-31 11:17:39.691455,MXL,none,124147.0,154393.41666666666,0.47135071439091647,1.9407295482019609,0.5,0.20915032679738102,False,False,False,False
2026-07-31 11:17:39.880784,NBIS,none,1575017.0,1554501.8,1.5466610931131821,2.682171541625401,0.5,0.47819063004846674,False,False,False,False
2026-07-31 11:17:40.062648,KLAC,none,774282.0,884569.8333333334,-0.27338515143394226,2.5555545344762343,0.5,0.14912280701754882,False,False,False,False
2026-07-31 11:17:40.246686,AMKR,none,378629.0,355890.7,0.5902026362384503,0.9663482438047127,0.5,0.31250000000000416,False,False,False,False
2026-07-31 11:17:40.551556,DELL,none,170327.0,214641.93333333332,0.18430235415540375,1.3239971623392257,0.5,0.14367816091954105,False,False,False,False
2026-07-31 11:17:40.736507,AEHR,none,100562.0,120857.73333333334,1.824817518248179,4.0158942761172955,0.5,0.5823293172690787,False,False,False,True
2026-07-31 11:17:40.924808,MRVL,none,1547466.0,1265365.9166666667,0.13517026254225076,0.32774279263655226,0.5,0.07558139534884288,False,False,False,False
2026-07-31 11:17:41.109388,HOOD,none,1266792.0,1594851.4285714286,0.4947579220167295,0.4833976594424483,0.5,0.4329896907216518,False,True,False,False
2026-07-31 11:17:41.292947,RCL,none,68381.0,75984.0,0.00626703851094595,1.8040843241669096,0.5,0.007751937984488951,False,False,False,False
2026-07-31 11:17:41.481890,ARM,none,270036.0,414140.5333333333,-0.35695664380540437,3.8664313153998435,0.5,0.2431693989071081,False,False,False,False
2026-07-31 11:17:41.693537,NXT,none,359678.0,261954.4,-1.4906166219839148,4.366882993179242,0.5,0.43987341772151767,False,False,False,False
2026-07-31 11:17:41.887052,INTC,none,5466810.0,6148369.1,-0.18224699828473595,2.8984808158317836,0.5,0.11724137931034577,False,False,False,False
2026-07-31 11:17:42.070012,APTV,none,154789.0,114668.66666666667,0.1432151808091627,0.6920322461827653,0.5,0.15384615384615175,False,False,False,False
2026-07-31 11:17:42.255410,APO,none,84163.0,174866.8,1.1215569849909282,1.729702607223594,0.5,0.8553459119496833,False,False,False,True
2026-07-31 11:17:42.453203,UAL,none,113593.0,131502.3,-0.3910386965376815,1.1233689725788618,0.5,0.521739130434794,False,False,False,False
2026-07-31 11:17:42.640298,ASTS,none,495633.0,672524.7142857143,1.2702279450147973,0.8165230213823769,0.5,0.6517857142857193,False,True,False,True
2026-07-31 11:17:42.838470,ARWR,none,22483.0,72729.57142857143,-0.20821283979179506,2.9052020348013317,0.5,0.15930613328613666,False,False,False,False
2026-07-31 11:17:43.026670,GTLB,none,104746.0,166272.26666666666,0.41728763040238626,0.4222968003071885,0.5,0.31111111111111533,False,False,False,False
2026-07-31 11:17:43.212903,VSAT,none,32120.0,92943.8,0.0,2.25339942702427,0.5,0.0,False,False,False,False
2026-07-31 11:17:43.403523,QNT,none,85554.0,70452.0,1.399416909620989,1.7896985673112884,0.5,0.49315068493150577,False,False,False,False
2026-07-31 11:17:43.589415,VSH,none,154272.0,218194.0,-0.2891844997108196,1.9789022116776356,0.5,0.15384615384615638,False,False,False,False
2026-07-31 11:17:43.776498,TEAM,none,86327.0,167042.14285714287,-0.17171717171717343,1.9643749775943513,0.5,0.15044247787610832,False,False,False,False
2026-07-31 11:17:43.960480,REZI,none,47827.0,45280.86666666667,0.8298755186722024,1.4489569681867687,0.5,0.5833333333333395,False,False,False,True
2026-07-31 11:17:44.140522,LEN,none,113592.0,80122.73333333334,0.19398642095052931,0.983044822191844,0.5,0.3720930232558001,False,False,False,True
2026-07-31 11:17:44.324228,BROS,none,49370.0,72316.8,0.5336992985666492,1.8617912690240552,0.5,0.5303030303030459,False,False,False,False
2026-07-31 11:17:44.508753,ALK,none,57815.0,112289.83333333333,-0.021003990758239888,1.3629315471433237,0.5,0.023809523809519378,False,False,False,False
2026-07-31 11:17:44.692477,AOSL,none,7309.0,14158.133333333333,1.0078740157480324,2.5653386447445636,0.5,0.46376811594202855,False,False,False,False
2026-07-31 11:17:44.878010,CSCO,none,478624.0,731023.0833333334,-0.18358248098609473,0.9730922088139277,0.5,0.38181818181816257,True,False,False,False
2026-07-31 11:17:45.061719,DHI,none,68043.0,75265.26666666666,0.20897185845640245,1.1995970167725507,0.5,0.4000000000000152,False,False,False,False
2026-07-31 11:17:45.244527,A,none,42408.0,89761.42857142857,-0.08791852882995424,0.901138010791861,0.5,0.11764705882353269,False,False,False,False
2026-07-31 11:17:45.429798,MRNA,none,237388.0,278142.3333333333,-0.03459609064176289,0.3376924287074998,0.5,0.025641025641029613,False,False,False,False
2026-07-31 11:17:45.616678,AFRM,none,125903.0,182303.73333333334,0.25210084033612407,0.3511859684887209,0.5,0.26865671641789873,False,False,False,False
2026-07-31 11:17:45.798808,MWH,none,88379.0,125427.57142857143,0.6759160441124201,1.6938269755226514,0.5,0.23750000000000138,False,False,False,False
2026-07-31 11:17:45.982870,CEVA,none,24306.0,29345.714285714286,0.7955936352509119,0.5601860990316168,0.5,0.5098039215686255,False,True,False,False
2026-07-31 11:17:46.166305,RIOT,none,610737.0,924239.75,-0.09429514380009228,0.6460670785419766,0.5,0.06349206349206188,False,False,False,False
2026-07-31 11:17:46.355376,CVNA,none,524154.0,1366206.25,0.2000333388898107,0.4762152804675285,0.5,0.16216216216215826,False,False,False,False
2026-07-31 11:17:46.543531,IREN,none,3077758.0,3200620.466666667,0.7638794161778778,0.7412109926799678,0.5,0.3478260869565233,False,True,False,False
2026-07-31 11:17:46.733808,HPE,none,1281507.0,999352.1,0.4622819920151268,1.494940894386501,0.5,0.354838709677419,False,False,False,False
2026-07-31 11:17:46.924883,DAL,none,198068.0,218200.25,-0.396690468094762,1.0099752955427275,0.5,0.5737704918032932,False,False,False,True
2026-07-31 11:17:47.185798,RBLX,none,5280295.0,2411444.3333333335,0.34582132564840756,2.875224480370453,0.5,0.09230769230769054,True,False,False,False
2026-07-31 11:17:47.501571,IVZ,none,282392.0,206960.5,-0.06759040216289143,0.7665617493074818,0.5,0.09523809523809282,False,False,False,False
2026-07-31 11:17:47.689049,JOBY,none,1840382.0,1693153.2,0.7122507122507225,2.827521502998476,0.5,0.41666666666667224,False,False,False,False
2026-07-31 11:47:48.630941,AMAT,none,176538.0,397745.0,-0.9611081927663958,0.7709900965756609,0.5,0.433333333333334,False,False,True,False
2026-07-31 11:47:48.818487,LITE,none,155498.0,237208.86666666667,-0.6520517144463163,2.0691526676976544,0.5,0.3347763347763362,False,False,False,True
2026-07-31 11:47:49.001618,ALAB,none,137319.0,213880.13333333333,-1.628850297883124,2.839605666336561,0.5,0.5009746588693949,True,False,False,False
2026-07-31 11:47:49.191469,STX,none,274901.0,339098.2,-1.0811995892133903,3.1236257027003598,0.5,0.3945263157894739,True,False,False,False
2026-07-31 11:47:49.375338,CIEN,none,53630.0,109508.5,-1.0560625814863132,0.40146505076669303,0.5,0.5062500000000014,False,False,True,True
2026-07-31 11:47:49.565849,AMD,none,1197147.0,1204969.4666666666,-1.2494666910465,0.7097151251497605,0.5,0.5061728395061695,False,False,True,False
2026-07-31 11:47:49.757016,MPWR,none,41863.0,85276.86666666667,-1.4200826553900792,2.1736363892254533,0.5,0.5003622313450854,False,False,False,False
2026-07-31 11:47:49.946085,SIMO,none,71817.0,97803.91666666667,0.3691160242018229,6.963623076975381,0.5,0.13509749303620747,False,False,False,False
2026-07-31 11:47:50.127172,BE,none,820713.0,1332064.4,-1.4414751719941894,3.3849235049657214,0.5,0.47239263803680664,False,False,False,False
2026-07-31 11:47:50.304645,ISRG,none,60559.0,110388.66666666667,0.09717062017720259,0.9283357170700806,0.5,0.20481927710844983,False,False,False,False
2026-07-31 11:47:50.489357,CRDO,none,218454.0,251239.83333333334,-1.5137135807155726,2.7237374776562313,0.5,0.5178571428571404,False,False,False,True
2026-07-31 11:47:50.675942,ENTG,none,62046.0,201513.7142857143,-1.9988531170639778,1.0481124674112503,0.5,0.5936739659367392,False,False,True,False
2026-07-31 11:47:50.863430,MXL,none,73221.0,151108.75,-1.7715959004392297,1.8245385335437798,0.5,0.5499999999999965,False,False,False,False
2026-07-31 11:47:51.051020,NBIS,none,1464959.0,1466597.0,-4.105571847507341,2.3740911574696817,0.5,0.7732558139534906,False,False,True,True
2026-07-31 11:47:51.232253,KLAC,none,505473.0,883699.5833333334,-1.2900451515803084,2.481742437178027,0.5,0.5095541401273889,False,False,False,False
2026-07-31 11:47:51.420152,AMKR,none,257862.0,363707.5,-2.0927048699393707,1.06974299624313,0.5,0.6149425287356316,False,False,True,False
2026-07-31 11:47:51.611044,DELL,none,171457.0,204078.06666666668,-1.312271578895735,1.2752421590463299,0.5,0.6369047619047663,False,False,True,False
2026-07-31 11:47:51.799492,AEHR,none,116594.0,108079.86666666667,-1.1527020327218724,4.24313169823658,0.5,0.31890816816405104,False,False,False,False
2026-07-31 11:47:51.988118,MRVL,none,1142472.0,1283571.1666666667,-1.3544369486247978,0.33422648989030024,0.5,0.5230460921843678,False,False,True,False
2026-07-31 11:47:52.170381,HOOD,none,995256.0,1654262.0,-0.48054383497421077,0.5111666082761334,0.5,0.35652173913043006,False,False,False,False
2026-07-31 11:47:52.355421,RCL,none,53545.0,74330.8,-0.7676881619351973,1.7383497210571268,0.5,0.8844765342960306,False,False,False,True
2026-07-31 11:47:52.543834,ARM,none,188427.0,388303.2,-0.8013207699122208,3.720712069681894,0.5,0.31142410015649524,False,False,False,False
2026-07-31 11:47:52.734373,NXT,none,348755.0,288242.5,-0.27182776992497554,4.776116842865579,0.5,0.12019230769230779,False,False,False,False
2026-07-31 11:47:52.921456,INTC,none,5098128.0,6335096.0,-1.2671821305841997,2.8761398671677934,0.5,0.5130434782608732,False,False,False,True
2026-07-31 11:47:53.107515,APTV,none,128373.0,119256.53333333334,-0.2681444404719317,0.6700279413051966,0.5,0.3260869565217354,False,False,False,False
2026-07-31 11:47:53.296354,APO,none,141762.0,165304.13333333333,0.5219802626213201,2.0277453137534134,0.5,0.46715328467153655,False,False,False,False
2026-07-31 11:47:53.478906,UAL,none,74862.0,133288.9,-0.3761550412952882,1.1817660300317119,0.5,0.38655462184874695,False,False,False,False
2026-07-31 11:47:53.668692,ASTS,none,367289.0,691902.8571428572,-1.6663803470194105,0.9277244218432479,0.5,0.7029494890934121,False,False,True,True
2026-07-31 11:47:53.851814,ARWR,none,30274.0,72018.28571428571,-0.793972761518403,2.5627487064496703,0.5,0.6431924882629143,False,False,False,True
2026-07-31 11:47:54.035119,GTLB,none,97578.0,159237.0,0.6233303650935021,0.3842090323804832,0.5,0.7241379310344879,False,True,False,True
2026-07-31 11:47:54.221700,VSAT,none,37919.0,85740.0,-0.5122143420015768,1.7992078879637954,0.5,0.35779816513761875,False,False,False,False
2026-07-31 11:47:54.408224,QNT,none,48174.0,74134.57142857143,-1.513120091936409,2.1561534089265812,0.5,0.658333333333335,False,False,False,False
2026-07-31 11:47:54.594765,VSH,none,80552.0,193509.26666666666,-1.390498261877184,1.952561899104077,0.5,0.5517241379310361,False,False,False,False
2026-07-31 11:47:54.779276,TEAM,none,57769.0,164255.57142857142,-0.010139931048474058,1.9853246680804635,0.5,0.014925373134336272,False,False,False,False
2026-07-31 11:47:54.968279,REZI,none,39708.0,45703.8,-0.734861845972957,1.4398097086921653,0.5,0.7812499999999993,False,False,False,True
2026-07-31 11:47:55.155775,LEN,none,70294.0,78951.2,-0.26624712574125486,0.864750535318766,0.5,0.5789473684210349,False,False,False,True
2026-07-31 11:47:55.338943,BROS,none,71687.0,72795.13333333333,-0.5155420773313167,1.9459518123046213,0.5,0.5666666666666778,False,False,False,True
2026-07-31 11:47:55.529065,ALK,none,46561.0,113625.58333333333,-0.4412691741962615,1.3107211485460148,0.5,0.4883720930232581,False,False,False,False
2026-07-31 11:47:55.724169,AOSL,none,7591.0,13840.8,-1.5279077019020955,2.4023060414683455,0.5,0.6621621621621631,False,False,False,True
2026-07-31 11:47:55.915279,CSCO,none,454057.0,737461.25,0.07006480994920151,0.8623239968158769,0.5,0.15384615384615175,True,False,False,False
2026-07-31 11:47:56.121755,DHI,none,43939.0,70739.13333333333,-0.4032258064516216,0.9775168460042947,0.5,0.8285714285714263,False,False,False,True
2026-07-31 11:47:56.307285,A,none,28334.0,88855.42857142857,-0.1320228839665592,0.9162601329676396,0.5,0.2368421052631697,False,False,False,False
2026-07-31 11:47:56.495490,MRNA,none,382119.0,303878.5,-2.0238713025428154,0.32173798906006185,0.5,0.7748344370860912,False,False,True,True
2026-07-31 11:47:56.682374,AFRM,none,81137.0,175274.93333333332,-1.272727272727268,0.29390255348362393,0.5,0.679104477611936,False,False,True,True
2026-07-31 11:47:56.866786,MWH,none,68670.0,122402.14285714286,-0.31790886612504365,2.00342943883714,0.5,0.25,False,False,False,False
2026-07-31 11:47:57.057073,CEVA,none,26400.0,32189.14285714286,-1.4880048587913817,0.5701117961927952,0.5,0.6805555555555594,False,False,True,False
2026-07-31 11:47:57.246485,RIOT,none,737677.0,919384.1666666666,-1.415094339622645,0.5924335412975112,0.5,0.5263157894736852,False,False,True,False
2026-07-31 11:47:57.435207,CVNA,none,737951.0,1348606.1666666667,-0.3160871735152183,0.480246288933684,0.5,0.4999999999999907,False,False,False,False
2026-07-31 11:47:57.624921,IREN,none,2522896.0,3049361.4,-2.787550744248988,0.7228288616080706,0.5,0.6776315789473709,False,False,True,True
2026-07-31 11:47:57.817508,HPE,none,651644.0,1018383.2,-1.1292346298619806,1.4645976485607601,0.5,0.6506024096385545,False,False,False,True
2026-07-31 11:47:58.000426,DAL,none,119373.0,215730.33333333334,-0.30730707944456637,1.1095135321380778,0.5,0.44999999999998697,False,False,False,False
2026-07-31 11:47:58.186477,RBLX,none,4379006.0,2724043.4166666665,-2.441125789775995,2.923572758822364,0.5,0.5279503105590073,True,False,False,False
2026-07-31 11:47:58.485641,IVZ,none,86280.0,206376.0,-0.06761325219742925,0.6247270801597196,0.5,0.1052631578947339,False,False,False,False
2026-07-31 11:47:58.671045,JOBY,none,2090499.0,1716943.6,-0.5657708628005662,2.8725922259062164,0.5,0.3636363636363629,False,False,False,False
2026-07-31 12:17:59.451144,AMAT,none,144043.0,385913.25,0.6951262616345214,0.8186021635380453,0.5,0.4359605911330002,False,False,False,False
2026-07-31 12:17:59.641535,LITE,none,190840.0,237954.73333333334,0.3394817245671576,2.148628756697643,0.5,0.20530367835756766,False,False,False,False
2026-07-31 12:17:59.822186,ALAB,none,96181.0,204247.13333333333,-0.12247002707232033,2.9820267608814164,0.5,0.0694698354661787,False,False,False,False
2026-07-31 12:18:00.009692,STX,none,163152.0,329805.26666666666,0.04432417300424526,3.090177333032253,0.5,0.030819140308190933,False,False,False,False
2026-07-31 12:18:00.196762,CIEN,none,87380.0,112137.66666666667,0.12122489854004016,0.4203740276031779,0.5,0.09543568464730946,True,False,False,False
2026-07-31 12:18:00.380517,AMD,none,843277.0,1165277.6666666667,0.3662099329300853,0.8145900995042492,0.5,0.2794348508634178,False,False,False,False
2026-07-31 12:18:00.565402,MPWR,none,27495.0,85118.73333333334,-0.29149651108591523,2.5130749325373785,0.5,0.2600869025450081,False,False,False,False
2026-07-31 12:18:00.747955,SIMO,none,57887.0,95988.66666666667,-0.07214459295261152,6.831975477256258,0.5,0.03710937499999952,False,False,False,False
2026-07-31 12:18:00.935389,BE,none,860213.0,1351472.8,-0.5365876822261244,3.7318501237536927,0.5,0.23590814196242116,False,False,False,False
2026-07-31 12:18:01.123534,ISRG,none,117607.0,114519.33333333333,0.534087338988377,0.8541515499302784,0.5,0.6925925925925972,False,False,False,True
2026-07-31 12:18:01.316946,CRDO,none,167033.0,252468.66666666666,0.09631127805066794,2.9499875852810433,0.5,0.05780346820809728,False,False,False,False
2026-07-31 12:18:01.502607,ENTG,none,40053.0,165458.2857142857,0.39254990395055445,1.5560408672832893,0.5,0.31125827814569357,False,False,False,False
2026-07-31 12:18:01.687697,MXL,none,60754.0,149379.5,0.5793226381461685,2.1267903323146276,0.5,0.3391304347826075,False,False,False,False
2026-07-31 12:18:01.874888,NBIS,none,1303207.0,1410235.3333333333,-0.9710300429184561,3.1229671876660463,0.5,0.3859275053304911,False,False,False,False
2026-07-31 12:18:02.066540,KLAC,none,407789.0,867753.4166666666,1.0784313725490295,2.9145184386644774,0.5,0.6305732484076462,False,False,False,False
2026-07-31 12:18:02.251269,AMKR,none,145737.0,365858.6,0.5596642014791148,1.7675042393182672,0.5,0.38888888888889106,False,False,False,False
2026-07-31 12:18:02.442351,DELL,none,133325.0,196095.46666666667,0.48700491974358606,1.3754093757987622,0.5,0.3444639718804986,False,False,False,False
2026-07-31 12:18:02.631846,AEHR,none,62521.0,107056.0,0.33864291985450395,4.427752177786808,0.5,0.14516129032257855,False,False,False,False
2026-07-31 12:18:02.828788,MRVL,none,777055.0,1281990.1666666667,0.46281687177870195,0.38353061232291497,0.5,0.2691131498471013,False,True,False,False
2026-07-31 12:18:03.016174,HOOD,none,772827.0,1626024.857142857,0.8245965366945492,0.45274057043167293,0.5,0.7526881720430197,False,True,False,True
2026-07-31 12:18:03.203835,RCL,none,105993.0,78104.73333333334,0.9125355225765666,1.8883432924693697,0.5,0.8704819277108411,False,False,False,True
2026-07-31 12:18:03.399031,ARM,none,169022.0,371643.5333333333,-0.48634189835455016,3.279068844414734,0.5,0.2580645161290372,False,False,False,False
2026-07-31 12:18:03.587088,NXT,none,218293.0,304288.1,-0.359516287177266,4.744880344118262,0.5,0.20496894409938674,False,False,False,False
2026-07-31 12:18:03.774847,INTC,none,3973567.0,6402994.8,-0.021758050478672783,3.4284829636591105,0.5,0.01652892561983151,False,False,False,False
2026-07-31 12:18:03.985600,APTV,none,117061.0,122269.73333333334,0.6634391249775818,0.6724625738774659,0.5,0.7551020408163183,False,False,False,True
2026-07-31 12:18:04.182239,APO,none,339541.0,172873.86666666667,0.5924843762681633,2.115311941010556,0.5,0.6083333333333424,True,False,False,True
2026-07-31 12:18:04.383575,UAL,none,42655.0,130918.0,0.19676969746658596,1.3197739020938264,0.5,0.2499999999999963,False,False,False,False
2026-07-31 12:18:04.563561,ASTS,none,305471.0,676568.7142857143,0.6083703367015122,0.9723791305250045,0.5,0.4350000000000003,False,False,False,False
2026-07-31 12:18:04.740805,ARWR,none,97886.0,79909.14285714286,-0.45909117492250806,3.0188018726054815,0.5,0.40673575129533357,False,False,False,False
2026-07-31 12:18:04.926696,GTLB,none,97282.0,158790.0,0.9436744323208502,0.40106955244549436,0.5,0.744186046511629,False,True,False,True
2026-07-31 12:18:05.117684,VSAT,none,50369.0,83821.86666666667,0.8563899868247581,1.8721310115228416,0.5,0.613207547169802,False,False,False,False
2026-07-31 12:18:05.603546,QNT,none,20267.0,71378.85714285714,0.07779074290159305,2.366862226699319,0.5,0.04878048780487699,False,False,False,False
2026-07-31 12:18:05.791381,VSH,none,137689.0,187205.53333333333,0.46975924838519256,2.2630902374039144,0.5,0.32653061224488966,False,False,False,False
2026-07-31 12:18:06.290022,TEAM,none,123687.0,172137.2857142857,1.3387423935091354,1.9669380759664363,0.5,0.6734693877551031,False,False,False,True
2026-07-31 12:18:06.753593,REZI,none,54042.0,47505.26666666667,0.7708271568336944,1.5646410670505624,0.5,0.8125000000000152,False,False,False,True
2026-07-31 12:18:06.941832,LEN,none,76591.0,77479.2,0.4975124378109412,0.7809575148670089,0.5,0.6721311475409787,False,False,False,True
2026-07-31 12:18:07.133046,BROS,none,47735.0,73827.06666666667,1.0059442158207539,1.9064342234741463,0.5,0.985074626865664,False,False,False,True
2026-07-31 12:18:07.326241,ALK,none,33818.0,114094.91666666667,0.485129719468475,1.368562387115559,0.5,0.7666666666666871,False,False,False,True
2026-07-31 12:18:07.511460,AOSL,none,4929.0,13595.866666666667,0.4434589800443477,2.742862186265586,0.5,0.42424242424242814,False,False,False,False
2026-07-31 12:18:07.703240,CSCO,none,607977.0,757122.8333333334,0.6828328810295029,0.7916280168731242,0.5,0.8041237113402083,True,False,False,True
2026-07-31 12:18:07.889349,DHI,none,47804.0,70141.53333333334,0.474628324143211,0.975313987691278,0.5,0.708333333333305,False,False,False,True
2026-07-31 12:18:08.092706,A,none,25858.0,82845.71428571429,0.9257898603967814,0.8921230101160713,0.5,1.0,False,True,False,True
2026-07-31 12:18:08.280380,MRNA,none,346478.0,322228.25,0.35292041644608385,0.49594618306918603,0.5,0.20618556701030513,False,False,False,False
2026-07-31 12:18:08.465374,AFRM,none,66628.0,174970.33333333334,1.0772501771793128,0.3198227410804577,0.5,0.7524752475247644,False,True,False,True
2026-07-31 12:18:08.652691,MWH,none,57280.0,109685.71428571429,0.35473572188718644,1.9100564230808879,0.5,0.32258064516128476,False,False,False,False
2026-07-31 12:18:08.844509,CEVA,none,23411.0,33287.142857142855,0.3695719125346614,0.6732918441157294,0.5,0.27906976744187123,False,False,False,False
2026-07-31 12:18:09.039026,RIOT,none,569054.0,896781.5833333334,-1.0521281683405015,0.6421052578347911,0.5,0.5866666666666637,False,False,True,True
2026-07-31 12:18:09.321646,CVNA,none,520762.0,1249520.0,0.634178905206935,0.4628422007429599,0.5,0.5277777777777724,False,True,False,False
2026-07-31 12:18:09.518497,IREN,none,2351903.0,2993289.1333333333,-0.6121937639198292,0.8112551688052059,0.5,0.3331818181818239,False,False,False,False
2026-07-31 12:18:09.702123,HPE,none,379752.0,1020073.2,0.317258883248728,1.763996093413597,0.5,0.288461538461534,False,False,False,False
2026-07-31 12:18:09.882029,DAL,none,159615.0,201198.83333333334,0.4909796757250592,1.0644263741327324,0.5,0.8431372549019657,False,False,False,True
2026-07-31 12:18:10.070511,RBLX,none,2163435.0,2856153.1666666665,1.2073027090694834,3.3618707272622737,0.5,0.5857142857142784,True,False,False,False
2026-07-31 12:18:10.257419,IVZ,none,52393.0,203977.7,0.16920473773265893,0.5220520053500095,0.5,0.25000000000000444,False,False,False,False
2026-07-31 12:18:10.447355,JOBY,none,3081695.0,1721274.8,0.4267425320056808,3.00290710348529,0.5,0.4285714285714177,False,False,False,False
2026-07-31 12:48:11.376332,AMAT,none,155429.0,376431.5,0.869277096692444,0.8775005666425978,0.5,0.7347611202635864,False,False,False,True
2026-07-31 12:48:11.699929,LITE,none,136442.0,235740.06666666668,1.025003882590463,2.0479456511637975,0.5,0.8102678571428529,False,False,False,True
2026-07-31 12:48:11.964836,ALAB,none,81150.0,197305.33333333334,0.9124028758422749,2.6146892552702234,0.5,0.6475972540045724,False,False,False,False
2026-07-31 12:48:12.379289,STX,none,160799.0,323801.73333333334,0.7916613228555729,2.9236320871997554,0.5,0.7511061946902645,False,False,False,True
2026-07-31 12:48:12.556506,CIEN,none,58383.0,114086.66666666667,0.07892867478755332,0.41259586447317725,0.5,0.07978723404255521,False,False,False,False
2026-07-31 12:48:12.815344,AMD,none,724506.0,1149663.0666666667,0.764892853480984,0.8496764160109891,0.5,0.7256809338521455,False,False,False,True
2026-07-31 12:48:13.139392,MPWR,none,40100.0,82853.2,-0.3684012224222361,2.322901434057382,0.5,0.24603914259086504,False,False,False,False
2026-07-31 12:48:13.314718,SIMO,none,20368.0,92416.25,0.26911268619946044,6.282413720977229,0.5,0.22977346278318517,False,False,False,False
2026-07-31 12:48:13.492842,BE,none,585741.0,1308741.9,1.044647967945061,3.5765490716673347,0.5,0.43975903614458195,False,False,False,False
2026-07-31 12:48:13.674564,ISRG,none,49728.0,113426.0,0.1846958201915089,0.9670048552682358,0.5,0.6249999999999658,False,False,False,True
2026-07-31 12:48:13.863435,CRDO,none,79443.0,250577.25,0.5821785989222517,2.920930441988186,0.5,0.5450450450450489,False,False,False,True
2026-07-31 12:48:14.049611,ENTG,none,114893.0,86665.42857142857,1.2400133155792352,1.4248642635319633,0.5,0.9867549668874291,False,False,False,True
2026-07-31 12:48:14.235991,MXL,none,76871.0,149723.33333333334,0.5603066941905186,2.196642590005213,0.5,0.4750000000000053,False,False,False,False
2026-07-31 12:48:14.509370,NBIS,none,678192.0,1363161.4666666666,1.2080827780486427,3.153836398877204,0.5,0.5322195704057258,False,False,False,False
2026-07-31 12:48:14.700242,KLAC,none,314351.0,857151.8333333334,0.35025326004956203,3.3283297979134803,0.5,0.35326086956520436,False,False,False,False
2026-07-31 12:48:14.887076,AMKR,none,128997.0,362022.6,-0.11907124429450738,1.975876193423271,0.5,0.10344827586207192,False,False,False,False
2026-07-31 12:48:15.159124,DELL,none,87413.0,193402.93333333332,0.48186221211821406,1.4671706303227232,0.5,0.4936708860759479,False,False,False,False
2026-07-31 12:48:15.431550,AEHR,none,32452.0,105679.6,-0.38783935943951237,4.1832168583298825,0.5,0.22463768115942037,False,False,False,False
2026-07-31 12:48:15.622469,MRVL,none,433634.0,1279660.3333333333,0.48192771084336694,0.39756750534906077,0.5,0.4791666666666633,False,True,False,False
2026-07-31 12:48:15.978270,HOOD,none,637610.0,1364061.2857142857,0.5610098176718139,0.3426965438837116,0.5,0.7272727272727371,False,True,False,True
2026-07-31 12:48:16.309551,RCL,none,37423.0,76912.73333333334,-0.16593093516171364,2.012625529033237,0.5,0.3081395348837434,False,False,False,False
2026-07-31 12:48:16.576968,ARM,none,240912.0,364662.3333333333,-0.1545972335231993,3.365773654474302,0.5,0.1111111111111185,False,False,False,False
2026-07-31 12:48:16.765797,NXT,none,167211.0,311770.5,0.03279405334499468,4.835177772570834,0.5,0.02542372881356014,False,False,False,False
2026-07-31 12:48:16.956593,INTC,none,2832073.0,6409799.4,0.6422817330720699,3.2603255305651144,0.5,0.6860465116279114,False,False,False,True
2026-07-31 12:48:17.225040,APTV,none,106677.0,124598.0,-0.19590382902938458,0.6982366995527457,0.5,0.40740740740740056,False,False,False,False
2026-07-31 12:48:17.552382,APO,none,61919.0,167730.13333333333,-0.18555869302138278,2.0516702943573235,0.5,0.3333333333333402,False,False,False,False
2026-07-31 12:48:17.736790,UAL,none,48349.0,131519.4,0.13919593875378836,1.2349356778286993,0.5,0.34693877551020114,False,False,False,False
2026-07-31 12:48:17.922431,ASTS,none,171461.0,559777.4285714285,0.47792839763642436,0.8892688870532887,0.5,0.3767123287671193,False,False,False,False
2026-07-31 12:48:18.106446,ARWR,none,31519.0,54826.71428571428,-0.22287390029325246,3.0250767020494256,0.5,0.3064516129032269,False,False,False,False
2026-07-31 12:48:18.379952,GTLB,none,59672.0,154187.53333333333,0.08759124087591573,0.40776070624639105,0.5,0.08823529411764952,False,False,False,False
2026-07-31 12:48:18.659209,VSAT,none,14806.0,83380.33333333333,-0.07824726134585586,1.8305045316585242,0.5,0.11111111111111403,False,False,False,False
2026-07-31 12:48:18.848370,QNT,none,10858.0,56428.71428571428,0.27195027195027305,2.018444925572947,0.5,0.31111111111111533,False,False,False,False
2026-07-31 12:48:19.179473,VSH,none,92752.0,186190.6,0.5550686532281766,2.189600445942375,0.5,0.4130434782608793,False,False,False,False
2026-07-31 12:48:19.365023,TEAM,none,84000.0,108599.14285714286,0.2904938395272025,2.3103559538272034,0.5,0.42028985507247424,False,False,False,False
2026-07-31 12:48:19.641776,REZI,none,37785.0,47939.6,0.0,1.6853888237139465,0.5,0.0,False,False,False,False
2026-07-31 12:48:20.036986,LEN,none,54711.0,77422.06666666667,-0.08455127430850028,0.8601421867914976,0.5,0.3181818181818534,False,False,False,True
2026-07-31 12:48:20.298667,BROS,none,116168.0,78765.26666666666,0.241509433962259,2.1878257957350296,0.5,0.35555555555554574,False,False,False,False
2026-07-31 12:48:20.483615,ALK,none,34519.0,105670.91666666667,0.08401596303297447,1.3606176281170026,0.5,0.2,False,False,False,False
2026-07-31 12:48:20.754713,AOSL,none,3990.0,13029.266666666666,0.3150598613736655,2.827107368581202,0.5,0.38461538461538775,False,False,False,False
2026-07-31 12:48:20.941058,CSCO,none,359118.0,754234.0,0.4435168275502262,0.9940835475868945,0.5,0.8095238095238235,False,False,False,True
2026-07-31 12:48:21.413303,DHI,none,35289.0,65115.13333333333,-0.034746351633086425,0.9460363473513141,0.5,0.10869565217393588,False,False,False,False
2026-07-31 12:48:21.588749,A,none,35521.0,53854.57142857143,0.16038492381716038,1.232167817464338,0.5,0.4230769230769126,False,False,False,False
2026-07-31 12:48:21.771935,MRNA,none,109862.0,319661.5,0.31656700668308074,0.5294726879906309,0.5,0.42857142857142616,False,False,False,False
2026-07-31 12:48:22.043071,AFRM,none,42056.0,169562.2,0.098107918710592,0.3434616540085603,0.5,0.1944444444444653,False,False,False,False
2026-07-31 12:48:22.223490,MWH,none,90329.0,71057.57142857143,-0.28278543655001165,1.616852573616243,0.5,0.2857142857142821,False,False,False,False
2026-07-31 12:48:22.407344,CEVA,none,8761.0,27180.285714285714,0.12277470841006491,0.673918426831501,0.5,0.14285714285713924,False,False,False,False
2026-07-31 12:48:22.594779,RIOT,none,581165.0,904513.8333333334,-0.62771607918881,0.6659887320936193,0.5,0.3250000000000047,False,False,False,False
2026-07-31 12:48:22.778990,CVNA,none,624230.0,1158512.5,0.9784411276948647,0.4517135860307227,0.5,0.5959595959595982,False,True,False,False
2026-07-31 12:48:23.042364,IREN,none,2580933.0,3009433.4,0.4060487258470905,0.8062379635017631,0.5,0.20863309352517403,False,False,False,False
2026-07-31 12:48:23.227905,HPE,none,305379.0,1007611.6,0.5060088551549694,1.8164180078846126,0.5,0.6000000000000071,False,False,False,True
2026-07-31 12:48:23.413996,DAL,none,53733.0,195583.66666666666,0.18185951352579743,1.2472512574244514,0.5,0.5517241379310108,False,False,False,True
2026-07-31 12:48:23.595327,RBLX,none,2256891.0,3000645.9166666665,0.02909514111144928,3.570136248329283,0.5,0.014285714285721536,True,False,False,False
2026-07-31 12:48:23.779811,IVZ,none,54739.0,202698.2,-0.540540540540541,0.5598012460162068,0.5,0.7619047619047595,False,False,False,True
2026-07-31 12:48:24.054048,JOBY,none,3010617.0,1837655.3333333333,0.2832861189801765,3.046550871825411,0.5,0.28571428571429114,False,False,False,False
2026-07-31 13:18:24.928166,AMAT,none,212758.0,372996.0,0.249294631469092,0.9154390539407642,0.5,0.24339622641508435,False,False,False,False
2026-07-31 13:18:25.122884,LITE,none,168760.0,231749.53333333333,0.606526448186714,2.242534743110461,0.5,0.3963470319634716,False,False,False,True
2026-07-31 13:18:25.303681,ALAB,none,142179.0,196719.0,0.1852857553589244,2.7559058372334477,0.5,0.1132812500000079,True,False,False,False
2026-07-31 13:18:25.490659,STX,none,208452.0,324408.26666666666,0.6531942935096738,3.165758795130905,0.5,0.4829059829059838,True,False,False,False
2026-07-31 13:18:25.666777,CIEN,none,30022.0,111769.91666666667,0.28362834182468644,0.39659203721941405,0.5,0.26341463414634997,False,False,False,False
2026-07-31 13:18:25.853484,AMD,none,739853.0,1129121.2,-0.45382392445765357,0.8638155241487829,0.5,0.39750445632798803,False,False,False,False
2026-07-31 13:18:26.046200,MPWR,none,34951.0,82264.2,0.47015692886777727,2.317197860645793,0.5,0.29973238180196277,False,False,False,False
2026-07-31 13:18:26.236613,SIMO,none,34825.0,85441.41666666667,-1.2134270809707552,5.721833930377807,0.5,0.8025000000000091,False,False,False,True
2026-07-31 13:18:26.423873,BE,none,675934.0,1274094.5,0.8875041306708188,3.6252604707682243,0.5,0.3759999999999991,False,False,False,False
2026-07-31 13:18:26.606213,ISRG,none,63714.0,113062.58333333333,0.24106636415200391,1.0408831833448393,0.5,0.6296296296296203,False,False,False,True
2026-07-31 13:18:26.792917,CRDO,none,90491.0,251491.0,0.02868891651525403,3.0639500942437445,0.5,0.020618556701031732,False,False,False,False
2026-07-31 13:18:26.978756,ENTG,none,40517.0,59695.0,0.07390376088027871,1.386444805437006,0.5,0.06818181818182038,False,False,False,False
2026-07-31 13:18:27.169977,MXL,none,77744.0,142276.75,0.0,2.278094807325106,0.5,0.0,False,False,False,False
2026-07-31 13:18:27.362623,NBIS,none,699775.0,1331134.6666666667,0.5456588027603818,3.2184791773737547,0.5,0.25499999999999545,False,False,False,False
2026-07-31 13:18:27.542394,KLAC,none,299119.0,846779.5,0.03221476510067236,3.2007404820759278,0.5,0.033333333333334915,False,False,False,False
2026-07-31 13:18:27.721542,AMKR,none,130329.0,359817.2,0.8341608738828237,2.018857177944798,0.5,0.4565217391304358,False,False,False,False
2026-07-31 13:18:27.910714,DELL,none,109676.0,189769.4,-0.04426628630450454,1.503013523284187,0.5,0.06405693950178173,False,False,False,False
2026-07-31 13:18:28.099014,AEHR,none,56645.0,103071.93333333333,0.8659638554216839,4.131031521073286,0.5,0.39204545454545525,False,False,False,False
2026-07-31 13:18:28.285271,MRVL,none,535704.0,1275447.9166666667,0.046911649726350486,0.4112024879620364,0.5,0.03913043478261047,False,False,False,False
2026-07-31 13:18:28.464309,HOOD,none,568516.0,921070.1428571428,-0.011617100371753156,0.3594183271334037,0.5,0.01587301587302411,False,False,False,False
2026-07-31 13:18:28.650723,RCL,none,95310.0,78954.0,0.2540140491721031,1.9935108219419613,0.5,0.3875598086124354,False,False,False,False
2026-07-31 13:18:28.842994,ARM,none,224060.0,331011.86666666664,-0.5502343590788646,2.61601465441404,0.5,0.3452685421994873,False,False,False,False
2026-07-31 13:18:29.032728,NXT,none,129559.0,311525.9,-0.06538796861377753,4.624756086741905,0.5,0.05217391304347998,False,False,False,False
2026-07-31 13:18:29.218213,INTC,none,3521194.0,6385235.4,-0.30289917784508996,3.276555148053996,0.5,0.2718446601941756,False,False,False,False
2026-07-31 13:18:29.415530,APTV,none,106321.0,127606.06666666667,0.28535758872836914,0.6803835487432649,0.5,0.6399999999999864,False,False,False,False
2026-07-31 13:18:29.602585,APO,none,38577.0,165653.86666666667,0.24248302618816453,1.8468001493119688,0.5,0.5357142857142785,False,False,False,False
2026-07-31 13:18:29.785270,UAL,none,37853.0,130925.6,-0.08175946365792537,1.2506939572745237,0.5,0.23809523809525743,False,False,False,False
2026-07-31 13:18:29.971798,ASTS,none,257780.0,348802.5714285714,0.3455425017277051,0.48858687108733523,0.5,0.24125452352231072,False,False,False,False
2026-07-31 13:18:30.150835,ARWR,none,16761.0,40513.42857142857,0.31147155618241723,2.0162137378482687,0.5,0.46491228070176094,False,False,False,False
2026-07-31 13:18:30.343328,GTLB,none,52567.0,150607.53333333333,-0.20431990659661498,0.40055355838612294,0.5,0.3499999999999964,False,False,False,False
2026-07-31 13:18:30.525669,VSAT,none,19001.0,80895.2,0.07814535035165704,1.570140986640263,0.5,0.07792207792208128,False,False,False,False
2026-07-31 13:18:30.713290,QNT,none,43384.0,47077.857142857145,0.9273570324575039,1.8295058666357689,0.5,0.6153846153846196,False,False,False,False
2026-07-31 13:18:30.898762,VSH,none,104262.0,182376.66666666666,-0.20325203252032603,2.140611309765055,0.5,0.2,False,False,False,False
2026-07-31 13:18:31.083097,TEAM,none,52584.0,77364.57142857143,0.3294399520814598,0.9018937377923891,0.5,0.5409836065573748,False,False,False,True
2026-07-31 13:18:31.277982,REZI,none,29328.0,46922.73333333333,0.11768167107972681,1.657837578397656,0.5,0.2666666666666635,False,False,False,False
2026-07-31 13:18:31.466700,LEN,none,55388.0,77225.73333333334,0.10877447425671188,0.7928622558843311,0.5,0.391304347826095,False,False,False,True
2026-07-31 13:18:31.651561,BROS,none,73411.0,80434.26666666666,0.34638554216865924,2.1354947397684474,0.5,0.3898305084745661,False,False,False,False
2026-07-31 13:18:31.839006,ALK,none,41879.0,102352.16666666667,0.16785564414604576,1.3602486511632266,0.5,0.3200000000000216,False,False,False,False
2026-07-31 13:18:32.029834,AOSL,none,3905.0,12847.066666666668,-0.15664160401002727,2.9119311774125736,0.5,0.17241379310344912,False,False,False,False
2026-07-31 13:18:32.218697,CSCO,none,424717.0,723442.4166666666,-0.1298476454293555,1.0868267280293344,0.5,0.46874999999996253,True,False,False,False
2026-07-31 13:18:32.408299,DHI,none,29394.0,64913.86666666667,0.02085070892410421,0.8214177057261258,0.5,0.07317073170732045,False,False,False,False
2026-07-31 13:18:32.593140,A,none,21037.0,31221.0,0.04366494432719764,1.0343217150629556,0.5,0.08000000000000303,False,False,False,False
2026-07-31 13:18:32.779973,MRNA,none,373561.0,346504.1666666667,0.15775635407537847,0.55054364412824,0.5,0.1216216216216259,False,False,False,False
2026-07-31 13:18:32.968753,AFRM,none,36845.0,169209.13333333333,0.1680436913597599,0.32953060295131736,0.5,0.3243243243243451,False,False,False,False
2026-07-31 13:18:33.156605,MWH,none,47868.0,66345.71428571429,0.8510638297872412,1.7578536501289765,0.5,0.7500000000000056,False,False,False,True
2026-07-31 13:18:33.340217,CEVA,none,15363.0,20289.714285714286,0.45885591924137564,0.3803135447313314,0.5,0.33333333333334386,False,True,False,False
2026-07-31 13:18:33.524638,RIOT,none,419275.0,892029.8333333334,-0.7043964051493785,0.6818224365196228,0.5,0.5585516178736524,False,False,True,True
2026-07-31 13:18:33.729779,CVNA,none,281740.0,1083359.1666666667,1.3464696223316919,0.49808678939932316,0.5,0.719298245614035,False,True,False,True
2026-07-31 13:18:33.916803,IREN,none,2347255.0,2997190.2666666666,1.8962632459564968,0.7976299165369928,0.5,0.7234042553191449,False,True,False,True
2026-07-31 13:18:34.102414,HPE,none,237839.0,985834.9,-0.020973154362411935,1.9277643379947917,0.5,0.03333333333332623,False,False,False,False
2026-07-31 13:18:34.289379,DAL,none,52077.0,191079.66666666666,0.0567279328341243,1.2928518825588136,0.5,0.1612903225806348,False,False,False,False
2026-07-31 13:18:34.467357,RBLX,none,1808888.0,3054984.4166666665,-0.2327611288914702,3.5014056803618856,0.5,0.22222222222221782,False,False,False,False
2026-07-31 13:18:34.753574,IVZ,none,54893.0,197759.8,0.23769100169779384,0.7111340857052122,0.5,0.6999999999999929,False,False,False,True
2026-07-31 13:18:34.935103,JOBY,none,2942630.0,1916286.7333333334,0.28248587570620864,2.7403591881549763,0.5,0.22222222222221782,False,False,False,False
2026-07-31 13:48:35.900123,AMAT,none,255372.0,370656.8333333333,0.08865248226951056,0.931128600648657,0.5,0.13256484149857287,False,False,False,False
2026-07-31 13:48:36.087757,LITE,none,149972.0,228464.26666666666,0.7598383086304891,2.2439780770229776,0.5,0.6294591484464894,False,False,False,True
2026-07-31 13:48:36.276882,ALAB,none,128155.0,197549.86666666667,1.9313030709314982,2.7765362898963097,0.5,0.885797950219623,True,False,False,True
2026-07-31 13:48:36.475850,STX,none,197739.0,319607.26666666666,1.1676100159584804,3.260793293538218,0.5,0.8866608544027842,True,False,False,True
2026-07-31 13:48:36.664671,CIEN,none,46008.0,107003.66666666667,0.610299125150621,0.39733738532054685,0.5,0.6348773841962035,False,True,False,True
2026-07-31 13:48:36.844372,AMD,none,538833.0,1122215.9333333333,0.3270980271900282,0.9116662086380223,0.5,0.4571428571428636,False,False,False,False
2026-07-31 13:48:37.029212,MPWR,none,53144.0,82301.2,0.5243623044086804,2.1658626787088595,0.5,0.5087837837837835,False,False,False,False
2026-07-31 13:48:37.211197,SIMO,none,36307.0,82140.16666666667,0.5357826253348554,6.036728338860633,0.5,0.24911032028469327,False,False,False,False
2026-07-31 13:48:37.398456,BE,none,673597.0,1236967.5,0.8098113560829557,3.2849396487987272,0.5,0.43358395989975296,False,False,False,False
2026-07-31 13:48:37.581944,ISRG,none,75877.0,110195.25,0.16408747559905623,1.133883213486384,0.5,0.49572649572647537,False,False,False,False
2026-07-31 13:48:37.763619,CRDO,none,162159.0,256988.58333333334,1.5018893193667264,2.8541259568000914,0.5,0.9345238095238101,False,False,False,True
2026-07-31 13:48:37.943920,ENTG,none,84169.0,59614.42857142857,0.3935393949331836,1.3640504471945305,0.5,0.5999999999999964,False,False,False,False
2026-07-31 13:48:38.130198,MXL,none,40944.0,141150.33333333334,0.6584723441615493,2.2016889393544457,0.5,0.5232558139534921,False,False,False,False
2026-07-31 13:48:38.321088,NBIS,none,443372.0,1276843.2666666666,0.6278265496142628,3.248038725492601,0.5,0.4,False,False,False,False
2026-07-31 13:48:38.510863,KLAC,none,376586.0,842980.25,0.434805947715928,3.081088283411088,0.5,0.6136363636363685,False,False,False,False
2026-07-31 13:48:38.696609,AMKR,none,155292.0,354189.3,0.07872466049989991,2.219740060268534,0.5,0.09090909090908944,False,False,False,False
2026-07-31 13:48:38.881106,DELL,none,84270.0,183588.6,0.3223266571526997,1.4280106499264857,0.5,0.5574468085106339,False,False,False,False
2026-07-31 13:48:39.067277,AEHR,none,39855.0,101822.2,0.6469270962926229,4.255547567309855,0.5,0.5842696629213594,False,False,False,True
2026-07-31 13:48:39.254492,MRVL,none,592810.0,1280899.3333333333,0.9177660739427391,0.3931320245398405,0.5,0.8186046511627844,False,True,False,True
2026-07-31 13:48:39.439666,HOOD,none,705371.0,715266.7142857143,1.2430297397769603,0.23725252117290566,0.5,0.8916666666666707,False,True,False,True
2026-07-31 13:48:39.619751,RCL,none,122444.0,90392.6,0.14078778587741722,2.007430599370619,0.5,0.21028037383176615,False,False,False,False
2026-07-31 13:48:39.804973,ARM,none,189332.0,324530.86666666664,0.7674313620880718,2.4427412453950454,0.5,0.682481751824817,False,False,False,True
2026-07-31 13:48:39.989729,NXT,none,196334.0,292044.2,-0.3377274212877244,4.133571970517195,0.5,0.18902439024390377,False,False,False,False
2026-07-31 13:48:40.178563,INTC,none,2727480.0,6071294.8,0.24959305480194222,3.2362659400005307,0.5,0.3150684931506692,False,False,False,False
2026-07-31 13:48:40.371078,APTV,none,136728.0,122756.8,0.42681842432865374,0.6770122716757467,0.5,0.6666666666666733,False,False,False,False
2026-07-31 13:48:40.561779,APO,none,87755.0,165599.93333333332,0.48394902403613027,1.8134029821472646,0.5,0.8450704225351938,False,False,False,True
2026-07-31 13:48:40.752034,UAL,none,57068.0,123856.6,-0.040923228024235855,1.147653083591348,0.5,0.16666666666670615,False,False,False,False
2026-07-31 13:48:40.929397,ASTS,none,216733.0,265099.71428571426,0.7228915662650631,0.4368449528099849,0.5,0.5833333333333308,False,True,False,True
2026-07-31 13:48:41.106999,ARWR,none,46928.0,37799.42857142857,0.09973014196878299,1.5964977861667005,0.5,0.13492063492062598,False,False,False,False
2026-07-31 13:48:41.292591,GTLB,none,63264.0,144252.86666666667,1.0523238819058738,0.4025220410700422,0.5,0.8372093023255807,False,True,False,True
2026-07-31 13:48:41.482357,VSAT,none,45206.0,65128.53333333333,0.039052330122365454,1.5776948736364962,0.5,0.04545454545454741,False,False,False,False
2026-07-31 13:48:41.669428,QNT,none,32467.0,34474.857142857145,0.038343558282214585,1.2568905146600304,0.5,0.04166666666667283,False,False,False,False
2026-07-31 13:48:41.856748,VSH,none,95650.0,180359.53333333333,0.9024745269286613,2.1243998456327624,0.5,0.7380952380952236,False,False,False,True
2026-07-31 13:48:42.042619,TEAM,none,52434.0,66027.14285714286,1.0246717071229619,0.6421599863650336,0.5,0.9196428571428544,False,True,False,True
2026-07-31 13:48:42.232194,REZI,none,32023.0,48094.13333333333,0.20564042303172822,1.6309615399633333,0.5,0.466666666666673,False,False,False,False
2026-07-31 13:48:42.427754,LEN,none,83302.0,79951.26666666666,-0.5188223938223849,0.8029260751808871,0.5,0.7962962962962944,False,False,False,True
2026-07-31 13:48:42.617843,BROS,none,42396.0,80085.46666666666,0.15017269860338536,2.1525883943263895,0.5,0.21739130434781667,False,False,False,False
2026-07-31 13:48:42.798928,ALK,none,31745.0,92661.58333333333,0.0,1.3966529467888467,0.5,0.0,False,False,False,False
2026-07-31 13:48:42.982134,AOSL,none,4294.0,12781.466666666667,1.0341585709808896,2.786660885353583,0.5,0.868421052631578,False,False,False,True
2026-07-31 13:48:43.173205,CSCO,none,483918.0,706346.8333333334,0.4247204645921772,1.1387657862010767,0.5,0.8166666666666659,True,False,False,True
2026-07-31 13:48:43.364569,DHI,none,49746.0,64623.46666666667,-0.2015288394718499,0.7807208501421914,0.5,0.6304347826087064,False,False,False,True
2026-07-31 13:48:43.547127,A,none,18019.0,24649.714285714286,0.6036363636363727,0.6748905706688264,0.5,1.0,False,False,False,True
2026-07-31 13:48:43.732790,MRNA,none,382367.0,372264.5,-1.9244226731980307,0.5239389157709897,0.5,0.5365853658536565,False,False,True,False
2026-07-31 13:48:43.922387,AFRM,none,41746.0,165798.93333333332,0.8108485949951045,0.33278958371079104,0.5,0.8529411764705772,False,True,False,True
2026-07-31 13:48:44.105513,MWH,none,48220.0,57982.142857142855,-0.07027406886858599,1.9859279187695222,0.5,0.09523809523809282,False,False,False,False
2026-07-31 13:48:44.291567,CEVA,none,15240.0,16318.714285714286,0.6990881458966687,0.32348010342283956,0.5,0.5897435897435991,False,True,False,False
2026-07-31 13:48:44.477169,RIOT,none,563601.0,889550.9166666666,0.5381604696673161,0.6947606168483926,0.5,0.5945945945945956,False,False,False,True
2026-07-31 13:48:44.663125,CVNA,none,286787.0,963759.8333333334,0.19442644199611883,0.5509569462513273,0.5,0.3157894736842204,False,False,False,False
2026-07-31 13:48:44.853756,IREN,none,2189327.0,3005766.1333333333,1.3003011223651832,0.8546826216035955,0.5,0.7984535216002678,False,True,False,True
2026-07-31 13:48:45.040053,HPE,none,390905.0,942161.8,0.5665127989928728,1.9343184487330456,0.5,0.7297297297297433,False,False,False,True
2026-07-31 13:48:45.330858,DAL,none,86316.0,187141.75,-0.11340440009073319,1.0846693571863497,0.5,0.28571428571431473,False,False,False,False
2026-07-31 13:48:45.586996,RBLX,none,1934569.0,3187034.5833333335,1.2543757292882138,3.4814298396121117,0.5,0.716666666666673,False,False,False,True
2026-07-31 13:48:45.773931,IVZ,none,68181.0,172490.1,0.27109454422229173,0.6592425703162446,0.5,0.7999999999999716,False,False,False,True
2026-07-31 13:48:45.959496,JOBY,none,3560247.0,2044632.3333333333,0.5633802816901414,2.7840627073869655,0.5,0.5714285714285696,False,False,False,True
2026-07-31 14:18:46.970244,AMAT,none,170960.0,365148.0833333333,-0.46210720887245404,0.9128592613213398,0.5,0.5393258426966185,False,False,False,False
2026-07-31 14:18:47.155778,LITE,none,115332.0,229584.73333333334,0.0813008130081188,2.231439501167312,0.5,0.08613138686130163,False,False,False,False
2026-07-31 14:18:47.344588,ALAB,none,169174.0,201271.13333333333,-0.710974693059378,3.0842064559497855,0.5,0.5089686098654627,True,False,False,False
2026-07-31 14:18:47.535746,STX,none,386105.0,320206.93333333335,-0.057861178552788786,3.465112858888079,0.5,0.03887195121951149,True,False,False,False
2026-07-31 14:18:47.806280,CIEN,none,26399.0,107276.66666666667,0.15624186240300578,0.4205737214945803,0.5,0.2643171806167456,False,False,False,False
2026-07-31 14:18:47.993589,AMD,none,648562.0,1109994.3333333333,-0.2669764408575859,0.9002447808464994,0.5,0.30254041570438567,False,False,False,False
2026-07-31 14:18:48.183597,MPWR,none,68638.0,82494.33333333333,-0.9241605945687472,2.2994825127447562,0.5,0.49553903345725314,False,False,False,False
2026-07-31 14:18:48.501562,SIMO,none,39929.0,82313.16666666667,-0.13332317537710114,5.942302102487418,0.5,0.07322175732216814,False,False,False,False
2026-07-31 14:18:48.679829,BE,none,607452.0,1101457.6,0.060324825986076774,3.2765635467557392,0.5,0.04421768707482842,False,False,False,False
2026-07-31 14:18:48.950507,ISRG,none,83706.0,111789.16666666667,0.06212407872815839,1.0590310674363497,0.5,0.178861788617914,False,False,False,False
2026-07-31 14:18:49.221285,CRDO,none,225810.0,271261.9166666667,0.291915815245541,3.16467314151498,0.5,0.3263157894736856,False,False,False,False
2026-07-31 14:18:49.401499,ENTG,none,78826.0,60534.142857142855,-0.4979185372622638,1.2296578477221694,0.5,0.4265734265734284,False,False,False,False
2026-07-31 14:18:49.670776,MXL,none,103552.0,144303.83333333334,0.07273785277860252,2.253689921596716,0.5,0.04424778761062971,False,False,False,False
2026-07-31 14:18:49.861379,NBIS,none,463073.0,1205908.8,0.4656084656084632,3.2665756886324337,0.5,0.34920634920634597,False,False,False,False
2026-07-31 14:18:50.234505,KLAC,none,371676.0,825424.8333333334,0.20844468198824948,3.051121250341658,0.5,0.2407407407407492,False,False,False,False
2026-07-31 14:18:50.429699,AMKR,none,161766.0,306306.4,0.4523996852871693,2.1451931019360178,0.5,0.3333333333333299,False,False,False,False
2026-07-31 14:18:50.617322,DELL,none,85409.0,183675.33333333334,0.5224045324111533,1.450218544661448,0.5,0.655384615384614,False,False,False,False
2026-07-31 14:18:50.800776,AEHR,none,35737.0,101670.53333333334,0.583054211636272,4.291690440945367,0.5,0.5,False,False,False,False
2026-07-31 14:18:51.129426,MRVL,none,606280.0,1282798.75,-0.0826745207461358,0.43043544870222245,0.5,0.08888888888888644,False,False,False,False
2026-07-31 14:18:51.310908,HOOD,none,476560.0,606146.7142857143,-0.20658785722482798,0.31207970294892873,0.5,0.3529411764705702,False,False,False,False
2026-07-31 14:18:51.499729,RCL,none,179672.0,90450.73333333334,0.0,2.03831790567012,0.5,0.0,True,False,False,False
2026-07-31 14:18:51.683137,ARM,none,181639.0,321635.4666666667,-0.33803046346826754,2.6439955461126456,0.5,0.22991689750691993,False,False,False,False
2026-07-31 14:18:51.870972,NXT,none,146468.0,253227.8,-0.010931351115003405,4.009688772401486,0.5,0.01282051282051936,False,False,False,False
2026-07-31 14:18:52.055116,INTC,none,3763502.0,5606152.0,0.06495615459565039,3.1536615286393603,0.5,0.055555555555557745,False,False,False,False
2026-07-31 14:18:52.235145,APTV,none,156349.0,130698.66666666667,0.3896563939071889,0.7222415818697644,0.5,0.7586206896551522,False,False,False,True
2026-07-31 14:18:52.421643,APO,none,56787.0,165347.46666666667,-0.5056991491411105,1.926442827882842,0.5,0.863013698630126,False,False,False,True
2026-07-31 14:18:52.603265,UAL,none,74535.0,83898.2,-0.05731597478096551,1.0812405731702008,0.5,0.17499999999998667,False,False,False,False
2026-07-31 14:18:52.781919,ASTS,none,202617.0,219677.57142857142,0.5641025641025612,0.38211131493501155,0.5,0.4024881083058904,False,True,False,False
2026-07-31 14:18:52.963915,ARWR,none,35036.0,37293.0,0.404597161956138,1.5097116279082912,0.5,0.5847457627118732,False,False,False,True
2026-07-31 14:18:53.148577,GTLB,none,62911.0,141693.86666666667,-1.1859994214637075,0.408886415262376,0.5,0.8367346938775552,False,False,True,True
2026-07-31 14:18:53.327967,VSAT,none,41047.0,64490.8,-0.23440552155229433,1.5553434942166444,0.5,0.38297872340427075,False,False,False,False
2026-07-31 14:18:53.510296,QNT,none,13372.0,24595.85714285714,-0.15340364333652598,0.8485685092583979,0.5,0.18181818181817594,False,False,False,False
2026-07-31 14:18:53.697175,VSH,none,181816.0,185745.46666666667,-0.17311021350258274,2.3594784262529664,0.5,0.14999999999998845,False,False,False,False
2026-07-31 14:18:53.880356,TEAM,none,66322.0,63218.28571428572,-0.9263821819256901,0.8980463469867699,0.5,0.8545454545454569,False,False,True,True
2026-07-31 14:18:54.066540,REZI,none,61022.0,49559.333333333336,0.2639296187683176,1.637587770772411,0.5,0.3461538461538251,False,False,False,False
2026-07-31 14:18:54.250617,LEN,none,62707.0,80508.8,0.0,0.9138074473914536,0.5,0.0,False,False,False,False
2026-07-31 14:18:54.433803,BROS,none,44761.0,80072.26666666666,0.20992652571600026,2.057153990898587,0.5,0.451612903225805,False,False,False,False
2026-07-31 14:18:54.696428,ALK,none,46141.0,88373.66666666667,-0.10482180293501941,1.322216536750564,0.5,0.19230769230770492,False,False,False,False
2026-07-31 14:18:54.879525,AOSL,none,7723.0,12751.066666666668,0.15503875968991368,2.9412632662095026,0.5,0.172413793103439,False,False,False,False
2026-07-31 14:18:55.208055,CSCO,none,390432.0,692095.1666666666,0.06905481225723997,1.298094309947134,0.5,0.30769230769234973,True,False,False,False
2026-07-31 14:18:55.394553,DHI,none,34971.0,63714.066666666666,-0.04176818656456824,0.8349786146153817,0.5,0.18181818181818182,False,False,False,False
2026-07-31 14:18:55.578461,A,none,18058.0,21400.714285714286,0.03614544928792232,0.9327494880720357,0.5,0.11627906976740804,False,False,False,False
2026-07-31 14:18:55.850011,MRNA,none,296013.0,380420.0,0.16054227613270836,0.6601026041249116,0.5,0.10112359550561376,False,False,False,False
2026-07-31 14:18:56.040410,AFRM,none,57231.0,164304.93333333332,-0.05544774050458311,0.35651194921960233,0.5,0.12500000000001665,False,False,False,False
2026-07-31 14:18:56.222734,MWH,none,96324.0,58974.857142857145,0.7741027445460903,1.501414338574455,0.5,0.6285714285714291,False,False,False,True
2026-07-31 14:18:56.467768,CEVA,none,19051.0,15500.857142857143,-0.24089129780186178,0.31382955448741523,0.5,0.24242424242423852,False,False,False,False
2026-07-31 14:18:56.732575,RIOT,none,620684.0,873083.6666666666,1.120584652862365,0.6936919169655991,0.5,0.6571428571428557,False,True,False,True
2026-07-31 14:18:57.154138,CVNA,none,268729.0,925289.3333333334,-0.7922392886014583,0.49116317849016344,0.5,0.7101449275362371,False,False,True,True
2026-07-31 14:18:57.336341,IREN,none,3418960.0,3130150.3333333335,1.8646128901499734,0.8815462932320994,0.5,0.7499999999999961,False,True,False,True
2026-07-31 14:18:57.516324,HPE,none,418069.0,697164.2,0.20863759649489136,1.810165007049715,0.5,0.29411764705882476,False,False,False,False
2026-07-31 14:18:57.838667,DAL,none,38609.0,178338.58333333334,0.0,1.1210281912717106,0.5,0.0,False,False,False,False
2026-07-31 14:18:58.109949,RBLX,none,1263491.0,3219788.1666666665,0.2304147465437739,3.4403341825500484,0.5,0.19999999999999646,False,False,False,False
2026-07-31 14:18:58.290346,IVZ,none,62173.0,108996.1,-0.3380662609871463,0.6970406265794395,0.5,0.6666666666666587,False,False,False,True
2026-07-31 14:18:58.471762,JOBY,none,4125136.0,2220155.933333333,0.28011204481793367,2.9574104863685475,0.5,0.3333333333333432,True,False,False,False
2026-07-31 14:48:59.702881,AMAT,none,151886.0,343588.0833333333,-0.2263187418999309,0.8877479046004936,0.5,0.2954545454545696,False,False,False,False
2026-07-31 14:48:59.887370,LITE,none,148257.0,232382.26666666666,-0.019287997354787055,2.1099115811517986,0.5,0.01611047180667288,False,False,False,False
2026-07-31 14:49:00.071106,ALAB,none,92097.0,201110.93333333332,0.1515917129863625,3.2355939908465956,0.5,0.12060301507538262,False,False,False,False
2026-07-31 14:49:00.258465,STX,none,177950.0,310300.2,-0.6140330964973972,3.456674816673778,0.5,0.5647181628392427,True,False,False,False
2026-07-31 14:49:00.440804,CIEN,none,40994.0,103550.0,-0.44980629728816673,0.3727141810303019,0.5,0.4739726027397266,False,False,True,False
2026-07-31 14:49:00.620060,AMD,none,457565.0,1097650.7333333334,-0.39443297704931574,0.92466433058659,0.5,0.4825000000000017,False,False,False,False
2026-07-31 14:49:00.804028,MPWR,none,55508.0,82560.13333333333,-0.09440295376352473,2.4470451044510453,0.5,0.10188679245282332,False,False,False,False
2026-07-31 14:49:00.985194,SIMO,none,67982.0,80227.75,0.6597513538250176,5.230217749366356,0.5,0.4023255813953388,False,False,False,False
2026-07-31 14:49:01.169407,BE,none,542463.0,795127.6,-1.1401028873337387,1.4052811168886215,0.5,0.5788235294117666,False,False,False,True
2026-07-31 14:49:01.349365,ISRG,none,113540.0,112251.58333333333,-0.031039250543190736,1.0520018385968668,0.5,0.09322033898306187,False,False,False,False
2026-07-31 14:49:01.531862,CRDO,none,319600.0,273478.8333333333,-0.5207844609176998,2.90624877367468,0.5,0.5211267605633675,False,False,False,True
2026-07-31 14:49:01.711784,ENTG,none,24328.0,54979.0,-0.28737991624928855,0.7793774737816548,0.5,0.32110091743119945,False,False,False,False
2026-07-31 14:49:01.896141,MXL,none,168146.0,149457.58333333334,-0.9168971037694593,1.9543913383062836,0.5,0.58333333333333,False,False,False,False
2026-07-31 14:49:02.082353,NBIS,none,379785.0,1188259.8666666667,-0.21590310689836575,3.2310293363224654,0.5,0.1553030303030298,False,False,False,False
2026-07-31 14:49:02.271893,KLAC,none,297771.0,759824.5,-0.5866666666666637,3.107768600221102,0.5,0.6748466257668696,False,False,False,False
2026-07-31 14:49:02.452009,AMKR,none,132112.0,212380.6,-0.5874290189935327,2.1629709054256243,0.5,0.6122448979591754,False,False,False,False
2026-07-31 14:49:02.637109,DELL,none,108488.0,185240.0,-0.46359554948271947,1.536982816364755,0.5,0.5149051490514847,False,False,False,False
2026-07-31 14:49:02.823366,AEHR,none,40405.0,100910.8,-0.6031511570654787,4.362062386916355,0.5,0.3848268279274311,False,False,False,False
2026-07-31 14:49:03.016908,MRVL,none,638377.0,1234917.3333333333,-0.5893909626718987,0.3663230447944589,0.5,0.599999999999991,False,False,True,False
2026-07-31 14:49:03.201276,HOOD,none,626786.0,549542.2857142857,0.7016333103289618,0.28468410517399045,0.5,0.7922077922077809,False,True,False,True
2026-07-31 14:49:03.388360,RCL,none,42446.0,91016.4,-0.015630861573093464,1.874865328424441,0.5,0.07042253521128565,False,False,False,False
2026-07-31 14:49:03.570175,ARM,none,120148.0,319712.2,-0.06946998488006861,2.58769464153016,0.5,0.06800000000000636,False,False,False,False
2026-07-31 14:49:03.753431,NXT,none,129592.0,203841.4,-0.5137735024048959,1.6916075140052176,0.5,0.43518518518518484,False,False,False,False
2026-07-31 14:49:03.934716,INTC,none,2969596.0,4090700.5,0.2596278667243716,1.6055610935404903,0.5,0.33333333333334647,False,False,False,False
2026-07-31 14:49:04.116625,APTV,none,142005.0,135354.73333333334,0.07057163020465622,0.7651913998084308,0.5,0.1599999999999966,False,False,False,False
2026-07-31 14:49:04.308435,APO,none,75721.0,167257.66666666666,0.24197451201806514,2.0206422552410306,0.5,0.5263157894736724,False,False,False,False
2026-07-31 14:49:04.487144,UAL,none,46449.0,64644.9,0.06554153694904005,0.6623436854835326,0.5,0.2857142857142785,False,False,False,False
2026-07-31 14:49:04.666436,ASTS,none,185527.0,193897.57142857142,0.03398470688189638,0.2718835366433266,0.5,0.03225806451612238,False,False,False,False
2026-07-31 14:49:04.845770,ARWR,none,59132.0,41591.28571428572,-0.4030138426493766,1.198211148258479,0.5,0.5609756097561004,False,False,False,True
2026-07-31 14:49:05.021150,GTLB,none,79201.0,139839.8,0.14632718759144617,0.4475045298771467,0.5,0.29411764705880383,False,False,False,False
2026-07-31 14:49:05.200249,VSAT,none,19224.0,63270.8,0.3916449086162029,1.5109760408478998,0.5,0.5000000000000119,False,False,False,False
2026-07-31 14:49:05.379487,QNT,none,30616.0,22054.428571428572,-0.019204916458609583,0.4406535746784332,0.5,0.02325581395348376,False,False,False,False
2026-07-31 14:49:05.565648,VSH,none,98624.0,185598.53333333333,-0.346921075455347,2.358699143187912,0.5,0.40000000000000946,False,False,False,False
2026-07-31 14:49:05.749832,TEAM,none,64657.0,64586.28571428572,0.40783845618223075,1.172919022249935,0.5,0.46590909090908944,False,False,False,False
2026-07-31 14:49:05.930435,REZI,none,56304.0,51664.86666666667,0.8774495466510801,1.6553670118781292,0.5,0.9375000000000124,False,False,False,True
2026-07-31 14:49:06.121637,LEN,none,54653.0,80497.2,0.10913059294289246,0.8561151396991435,0.5,0.45000000000001067,False,False,False,True
2026-07-31 14:49:06.305485,BROS,none,47943.0,79512.8,-0.22455089820358007,2.018368167412303,0.5,0.6249999999999778,False,False,False,True
2026-07-31 14:49:06.484848,ALK,none,52639.0,69670.91666666667,0.104887770086002,1.2172037629195231,0.5,0.29411764705880383,False,False,False,False
2026-07-31 14:49:06.664562,AOSL,none,2529.0,11995.2,-0.3409795412275246,2.7629727861788265,0.5,0.4399999999999977,False,False,False,False
2026-07-31 14:49:06.867786,CSCO,none,376753.0,658049.0833333334,-0.05175536961959999,1.2165613052725646,0.5,0.1935483870967801,True,False,False,False
2026-07-31 14:49:07.054568,DHI,none,49438.0,65254.6,-0.13232119228358363,0.8388243966653168,0.5,0.4042553191489323,False,False,False,False
2026-07-31 14:49:07.238362,A,none,46121.0,25276.714285714286,0.2094921621035845,0.8848107707327173,0.5,0.4999999999999755,False,False,False,False
2026-07-31 14:49:07.421561,MRNA,none,170534.0,381009.3333333333,-0.4631278945493374,0.6604225660039174,0.5,0.3880597014925334,False,False,False,False
2026-07-31 14:49:07.603981,AFRM,none,90863.0,163881.46666666667,-0.5268996117581942,0.3426854100337749,0.5,0.7037037037037319,False,False,True,True
2026-07-31 14:49:07.783503,MWH,none,113897.0,65943.28571428571,0.06983240223463538,1.8663694413112921,0.5,0.12499999999999722,False,False,False,False
2026-07-31 14:49:07.962891,CEVA,none,25524.0,15875.857142857143,-0.8154636061612686,0.18911819838846325,0.5,0.5294117647058766,False,False,True,False
2026-07-31 14:49:08.152104,RIOT,none,561710.0,825011.5,0.38563509279343594,0.7341413588230508,0.5,0.2758620689655122,False,False,False,False
2026-07-31 14:49:08.336512,CVNA,none,293340.0,820959.5833333334,-0.27705345501955947,0.49816099339690456,0.5,0.42500000000000576,False,False,False,False
2026-07-31 14:49:08.518658,IREN,none,2230549.0,3181817.933333333,-0.8884763293992862,0.9449797427290161,0.5,0.4652777777777797,False,False,False,False
2026-07-31 14:49:08.702390,HPE,none,409359.0,548173.7,-0.5830903790087487,1.218476500852327,0.5,0.756756756756765,False,False,False,True
2026-07-31 14:49:08.885561,DAL,none,47767.0,166643.75,-0.0454287336740398,1.053483442875896,0.5,0.17391304347822326,False,False,False,False
2026-07-31 14:49:09.071068,RBLX,none,2086994.0,3297462.5833333335,-0.8908045977011356,3.4041971935237556,0.5,0.6595744680850977,False,False,False,False
2026-07-31 14:49:09.252219,IVZ,none,98961.0,96933.9,-0.1696065128900974,0.6850667358017897,0.5,0.45454545454544865,False,False,False,False
2026-07-31 14:49:09.534294,JOBY,none,2230508.0,2238707.6,-0.4189944134078247,3.000383596096452,0.5,0.5,False,False,False,False
2026-07-31 15:19:10.328459,AMAT,none,123374.0,272330.75,0.001937834276410919,0.8667597135604806,0.5,0.0053191489361653875,False,False,False,False
2026-07-31 15:19:10.512765,LITE,none,121033.0,231949.06666666668,0.2479338842975144,2.092478804782201,0.5,0.3296703296703191,False,False,False,True
2026-07-31 15:19:10.691119,ALAB,none,80964.0,200196.73333333334,0.24566155396681352,3.15805658681728,0.5,0.3696682464455093,False,False,False,False
2026-07-31 15:19:10.877231,STX,none,176748.0,302383.06666666665,-0.358545720288662,3.579676613073536,0.5,0.3139999999999986,True,False,False,False
2026-07-31 15:19:11.059707,CIEN,none,39652.0,78174.0,-0.16967735198913472,0.33603853196554667,0.5,0.2914798206277901,False,False,False,False
2026-07-31 15:19:11.238766,AMD,none,424298.0,1071551.1333333333,-0.04102311652616016,0.9687579781548925,0.5,0.07874015748031161,False,False,False,False
2026-07-31 15:19:11.425435,MPWR,none,25521.0,81646.93333333333,-0.30097501907341373,2.4292342343034585,0.5,0.4988399071925764,False,False,False,False
2026-07-31 15:19:11.608980,SIMO,none,150347.0,71639.5,0.31030046166653796,3.4534686813745026,0.5,0.14801444043321121,False,False,False,False
2026-07-31 15:19:11.867725,BE,none,423618.0,644554.0,0.4454029724787928,1.588500060965081,0.5,0.38000000000000683,False,False,False,False
2026-07-31 15:19:12.049160,ISRG,none,47505.0,96139.41666666667,0.04798735392085359,0.9028519454588106,0.5,0.23943661971833918,False,False,False,False
2026-07-31 15:19:12.232943,CRDO,none,143587.0,238603.66666666666,0.19787985865723792,2.8006904747789045,0.5,0.21428571428571014,False,False,False,False
2026-07-31 15:19:12.415946,ENTG,none,38526.0,55283.28571428572,0.15625000000000983,0.7478264774712748,0.5,0.20652173913045058,False,False,False,False
2026-07-31 15:19:12.597711,MXL,none,63773.0,124127.41666666667,-0.1468860164512255,1.8649194630165176,0.5,0.24999999999998224,False,False,False,False
2026-07-31 15:19:12.803808,NBIS,none,464566.0,1165409.5333333334,0.5383153894870225,3.238758877334229,0.5,0.39382239382239725,False,False,False,False
2026-07-31 15:19:12.988488,KLAC,none,322739.0,578596.0833333334,0.01072846261131329,3.1685706806520466,0.5,0.0188679245283115,False,False,False,False
2026-07-31 15:19:13.256771,AMKR,none,146671.0,165495.3,-0.1770956316410929,2.3250312708940046,0.5,0.24324324324325414,False,False,False,False
2026-07-31 15:19:13.441011,DELL,none,97560.0,183597.46666666667,-0.5144032921810755,1.5760987036659826,0.5,0.6213017751479366,False,False,False,False
2026-07-31 15:19:13.618702,AEHR,none,38851.0,100563.26666666666,0.3159851301115185,4.3328387794061864,0.5,0.29999999999999166,False,False,False,False
2026-07-31 15:19:13.808174,MRVL,none,492907.0,1141022.0833333333,0.35866514190664195,0.3801881251225341,0.5,0.5564516129032326,False,False,False,False
2026-07-31 15:19:13.992899,HOOD,none,621286.0,536425.7142857143,0.5138746145940424,0.27238778253743173,0.5,0.7142857142857079,False,True,False,True
2026-07-31 15:19:14.171517,RCL,none,51999.0,88880.46666666666,-0.34690752258024615,1.748905593523853,0.5,0.7551020408163218,False,False,False,True
2026-07-31 15:19:14.358880,ARM,none,103212.0,311921.6,-0.11440712592955836,2.471414475550716,0.5,0.21538461538461437,False,False,False,False
2026-07-31 15:19:14.631204,NXT,none,120646.0,184040.9,-0.8015812012737343,0.9633046799539225,0.5,0.7684210526315659,False,False,False,True
2026-07-31 15:19:14.955057,INTC,none,2030337.0,3274888.2,-0.08632782993417319,1.4952725831933662,0.5,0.15384615384615175,False,False,False,False
2026-07-31 15:19:15.141347,APTV,none,89443.0,138429.33333333334,-0.3703050608358329,0.7512299477675006,0.5,0.7241379310344879,False,False,False,True
2026-07-31 15:19:15.327470,APO,none,143777.0,172065.13333333333,0.1771051360489445,2.01849205721531,0.5,0.45833333333334075,False,False,False,False
2026-07-31 15:19:15.590119,UAL,none,60859.0,56857.9,-0.14742014742014137,0.5057623415495666,0.5,0.44999999999999113,False,False,False,False
2026-07-31 15:19:15.770512,ASTS,none,243202.0,190663.7142857143,0.7732177755119353,0.21444497366136503,0.5,0.5617283950617247,False,True,False,True
2026-07-31 15:19:15.953839,ARWR,none,50835.0,35219.71428571428,0.2638677143192313,1.1533492824399736,0.5,0.4166666666666776,False,False,False,False
2026-07-31 15:19:16.137459,GTLB,none,64605.0,134547.13333333333,0.4383401519579152,0.44846200215688875,0.5,0.7142857142857046,False,False,False,True
2026-07-31 15:19:16.321100,VSAT,none,81047.0,61158.933333333334,0.4031209362808687,1.5463478922512155,0.5,0.37349397590360084,False,False,False,False
2026-07-31 15:19:16.502827,QNT,none,20373.0,22154.285714285714,-0.2113758647194455,0.42307782674553807,0.5,0.35483870967741493,False,False,False,False
2026-07-31 15:19:16.689547,VSH,none,144067.0,187168.33333333334,0.26102088167054355,2.3888827101488594,0.5,0.391304347826095,False,False,False,False
2026-07-31 15:19:16.876086,TEAM,none,45977.0,53556.57142857143,0.16873449131513818,0.8936478410518633,0.5,0.3148148148148143,False,False,False,False
2026-07-31 15:19:17.060142,REZI,none,73249.0,55349.4,-0.8118295158016849,1.8075860299031512,0.5,0.756756756756765,False,False,False,True
2026-07-31 15:19:17.251206,LEN,none,73924.0,83715.06666666667,-0.06056935190793115,0.8727048736978053,0.5,0.19999999999998863,False,False,False,False
2026-07-31 15:19:17.436833,BROS,none,45435.0,80202.13333333333,0.015006002400968062,1.9695890430424008,0.5,0.07692307692311896,False,False,False,False
2026-07-31 15:19:17.735471,ALK,none,45354.0,49832.166666666664,-0.2723653886444489,1.1647803568129478,0.5,0.6190476190475949,False,False,False,True
2026-07-31 15:19:17.920013,AOSL,none,6589.0,11920.933333333332,0.12441679626749347,2.584760287529398,0.5,0.2499999999999889,False,False,False,False
2026-07-31 15:19:18.103757,CSCO,none,376487.0,499334.5,0.0086303616121437,1.10733631766259,0.5,0.033333333333303336,True,False,False,False
2026-07-31 15:19:18.288501,DHI,none,67443.0,68414.26666666666,-0.041843922170286534,0.839321022272099,0.5,0.17142857142849952,False,False,False,False
2026-07-31 15:19:18.486434,A,none,39518.0,25605.0,0.331938230624895,0.5266619215861188,0.5,0.6133333333333061,False,False,False,True
2026-07-31 15:19:18.677338,MRNA,none,177745.0,338676.8333333333,-0.4114490161001733,0.607276273274241,0.5,0.5749999999999942,False,False,False,False
2026-07-31 15:19:18.870136,AFRM,none,56752.0,162758.33333333334,0.22299651567943776,0.3474636287117193,0.5,0.35555555555554574,False,False,False,False
2026-07-31 15:19:19.053071,MWH,none,138917.0,78685.42857142857,-0.10463899546564749,1.6384467855892513,0.5,0.1578947368421102,False,False,False,False
2026-07-31 15:19:19.233349,CEVA,none,47586.0,18917.85714285714,0.5170316301702998,0.23370736775112397,0.5,0.6799999999999784,False,True,False,False
2026-07-31 15:19:19.418038,RIOT,none,353274.0,648443.6666666666,-0.6721075372059386,0.6920254800624102,0.5,0.5388760585065352,False,False,False,False
2026-07-31 15:19:19.602625,CVNA,none,283182.0,521942.4166666667,0.571895424836592,0.40815856478530366,0.5,0.8333333333333164,False,True,False,True
2026-07-31 15:19:19.786399,IREN,none,1252993.0,3169338.6,-0.280898876404505,0.9461957976936173,0.5,0.2916666666666782,False,False,False,False
2026-07-31 15:19:20.196278,HPE,none,418518.0,459071.9,0.4817762882278946,1.1856244653561656,0.5,0.6216216216216175,False,False,False,True
2026-07-31 15:19:20.379188,DAL,none,70875.0,123571.33333333333,-0.2726962845131338,0.8963543407729754,0.5,0.6857142857143228,False,False,False,True
2026-07-31 15:19:20.562171,RBLX,none,2949711.0,3308890.1666666665,1.1594202898550683,3.496363027068896,0.5,0.34782608695652095,True,False,False,False
2026-07-31 15:19:20.939141,IVZ,none,145177.0,91162.9,0.1359157322460046,0.6980277196615687,0.5,0.36363636363635776,False,False,False,False
2026-07-31 15:19:21.120851,JOBY,none,964133.0,2238688.4,-0.2805049088358987,3.04275296878193,0.5,0.3999999999999929,False,False,False,False
2026-07-31 15:49:21.937360,AMAT,none,238374.0,199541.91666666666,-0.1434581160459859,0.5206991006293397,0.5,0.251700680272117,True,False,False,False
2026-07-31 15:49:22.127764,LITE,none,178747.0,235158.8,-1.016776817488558,2.085848499444893,0.5,0.7414829659318601,False,False,False,True
2026-07-31 15:49:22.309876,ALAB,none,97183.0,200393.86666666667,-0.758266998080725,3.092112490740317,0.5,0.6101265822784747,False,False,False,False
2026-07-31 15:49:22.606851,STX,none,384899.0,314833.4666666667,-0.6587917187016648,3.552795380239622,0.5,0.37729658792650894,True,False,False,False
2026-07-31 15:49:22.792342,CIEN,SELL,41154.0,47981.916666666664,-0.6403219904866417,0.1724324457602417,0.5,0.7270029673590461,True,False,True,True
2026-07-31 15:49:23.002625,AMD,none,581929.0,1059111.2,-0.12315270935959892,0.9276579304030667,0.5,0.18518518518517413,False,False,False,False
2026-07-31 15:49:23.197497,MPWR,none,54346.0,82419.66666666667,0.2647007196770217,2.466966434160754,0.5,0.1767463666197822,False,False,False,False
2026-07-31 15:49:23.380970,SIMO,none,24551.0,59458.916666666664,-2.063138837551379,2.1361479170318645,0.5,0.8127786032689452,False,False,False,True
2026-07-31 15:49:23.609034,BE,none,468765.0,576107.7,-1.3589875309391475,1.5914642486794395,0.5,0.6312364425162703,False,False,False,True
2026-07-31 15:49:23.809580,ISRG,none,78867.0,79327.83333333333,-0.0649057455694825,0.7737170242322737,0.5,0.22330097087379766,False,False,False,False
2026-07-31 15:49:24.002787,CRDO,none,261563.0,196858.33333333334,-0.2216772002641255,1.7662751274787891,0.5,0.1780303030303035,False,False,False,False
2026-07-31 15:49:24.184253,ENTG,none,58734.0,47668.0,-0.31972454500737874,0.4226974827975073,0.5,0.40206185567010416,False,False,False,False
2026-07-31 15:49:24.378302,MXL,none,73186.0,93960.25,-0.4855083124908023,1.0855874905680383,0.5,0.6226415094339577,False,False,False,False
2026-07-31 15:49:24.562813,NBIS,none,429494.0,1159624.9333333333,-0.26224693171089897,3.318686290477992,0.5,0.186567164179104,False,False,False,False
2026-07-31 15:49:24.755218,KLAC,none,484415.0,479136.25,-0.23067432004721142,2.306904618888063,0.5,0.39090909090909914,False,False,False,False
2026-07-31 15:49:24.960978,AMKR,none,167135.0,147826.2,-0.03939334252511941,2.1442969563826613,0.5,0.06060606060607039,False,False,False,False
2026-07-31 15:49:25.225673,DELL,none,112918.0,183479.86666666667,0.6692090047976448,1.6144083171349732,0.5,0.6800000000000068,False,False,False,False
2026-07-31 15:49:25.405751,AEHR,none,49727.0,101730.26666666666,-0.006184674376888431,4.261412666572038,0.5,0.005813953488366809,False,False,False,False
2026-07-31 15:49:25.587455,MRVL,none,597102.0,809052.0,-0.24348546858001288,0.23988083652622202,0.5,0.3357142857142835,False,False,True,False
2026-07-31 15:49:25.771511,HOOD,none,793626.0,571229.0,0.5111893672611642,0.2676742622296545,0.5,0.7258064516129191,False,True,False,True
2026-07-31 15:49:25.962925,RCL,none,52169.0,88552.4,-0.056444026340529946,1.6616070453646956,0.5,0.15254237288131267,False,False,False,False
2026-07-31 15:49:26.163616,ARM,none,217207.0,310168.6,-0.5236030434426905,2.4514930566505115,0.5,0.618357487922708,False,False,False,True
2026-07-31 15:49:26.348978,NXT,none,336602.0,183922.6,-0.9849490925188142,0.7479811109819912,0.5,0.654411764705883,False,False,True,True
2026-07-31 15:49:26.535036,INTC,none,3369656.0,3092505.1,0.1728048385354753,1.4473129990180849,0.5,0.24999999999999445,False,False,False,False
2026-07-31 15:49:26.724557,APTV,none,121432.0,140529.26666666666,-0.14159292035397927,0.7759035337428352,0.5,0.2758620689655054,False,False,False,False
2026-07-31 15:49:26.914349,APO,none,123333.0,169630.0,0.13656812339331756,1.813222533670899,0.5,0.414634146341471,False,False,False,False
2026-07-31 15:49:27.098104,UAL,none,94345.0,57139.1,-0.23780237802378537,0.414405385630489,0.5,0.5471698113207654,False,False,False,False
2026-07-31 15:49:27.278301,ASTS,none,265430.0,199923.7142857143,0.20242914979756654,0.24397391144891611,0.5,0.17142857142856882,False,False,False,False
2026-07-31 15:49:27.462050,ARWR,none,71165.0,41530.71428571428,-0.19878391019644728,1.1861443336607569,0.5,0.38636363636364224,False,False,False,False
2026-07-31 15:49:27.649442,GTLB,none,95114.0,132307.13333333333,0.3199534613147162,0.45249295123041977,0.5,0.37931034482758536,False,False,False,False
2026-07-31 15:49:27.836798,VSAT,none,50762.0,61332.933333333334,-0.2977346278317204,1.5989543712666952,0.5,0.4693877551020538,False,False,False,False
2026-07-31 15:49:28.025477,QNT,none,18451.0,22855.14285714286,-0.4434162328899111,0.40490550457628993,0.5,0.4339622641509424,False,False,True,False
2026-07-31 15:49:28.211597,VSH,none,149950.0,188310.8,0.057820179242544144,2.3086165206642733,0.5,0.0952380952380759,False,False,False,False
2026-07-31 15:49:28.395814,TEAM,none,81004.0,53951.71428571428,-0.14863258026159898,0.8571200365882443,0.5,0.26315789473684864,False,False,False,False
2026-07-31 15:49:28.579353,REZI,none,50766.0,57158.46666666667,0.233849751534634,1.9031810644429827,0.5,0.34782608695651906,False,False,False,False
2026-07-31 15:49:28.777562,LEN,none,86114.0,86496.66666666667,-0.08486905916586734,0.8026893520025795,0.5,0.20000000000002435,False,False,False,False
2026-07-31 15:49:28.965923,BROS,none,156517.0,86763.06666666667,-0.1950487621905621,1.9036993296163192,0.5,0.22807017543861619,False,False,False,False
2026-07-31 15:49:29.149419,ALK,none,70504.0,48951.333333333336,-0.12597102666387208,0.9074634065664617,0.5,0.26086956521740473,False,False,False,False
2026-07-31 15:49:29.334046,AOSL,none,9785.0,12009.2,-0.09313877677740184,2.547915962693912,0.5,0.13043478260869834,False,False,False,False
2026-07-31 15:49:29.526592,CSCO,none,632278.0,457048.5,0.2934069727304137,0.9962150745806884,0.5,0.5666666666666778,True,False,False,True
2026-07-31 15:49:29.723805,DHI,none,59513.0,70569.66666666667,-0.09064286710360861,0.7822493233742924,0.5,0.2599999999999909,False,False,False,False
2026-07-31 15:49:29.908205,A,none,43632.0,28005.285714285714,0.08630609896433009,0.6124385749899861,0.5,0.2400000000000091,False,False,False,False
2026-07-31 15:49:30.095097,MRNA,none,303932.0,292229.6666666667,0.8623787279913834,0.6207634393613549,0.5,0.5714285714285787,False,True,False,False
2026-07-31 15:49:30.291045,AFRM,none,74124.0,158936.66666666666,-0.500625782227784,0.35178758698581747,0.5,0.8181818181818211,False,False,True,True
2026-07-31 15:49:30.469313,MWH,none,118391.0,83993.42857142857,-0.24424284717376232,1.4959296327217602,0.5,0.2058823529411774,False,False,False,False
2026-07-31 15:49:30.649056,CEVA,none,10014.0,19225.0,-0.2722323049001918,0.2731330599271474,0.5,0.4285714285714431,False,False,False,False
2026-07-31 15:49:30.838557,RIOT,none,526919.0,563837.0833333334,-0.29013539651836906,0.3329834781974516,0.5,0.2790697674418547,False,False,False,False
2026-07-31 15:49:31.024462,CVNA,none,495185.0,443260.1666666667,0.6499837504062376,0.3280926792338304,0.5,0.5263157894736837,False,True,False,False
2026-07-31 15:49:31.211672,IREN,none,1796205.0,3219780.933333333,-0.18779342723004772,0.9549265112081334,0.5,0.11475409836065631,False,False,False,False
2026-07-31 15:49:31.398462,HPE,none,506594.0,383491.2,-0.020846362309772798,1.1917164329226555,0.5,0.02857142857142277,False,False,False,False
2026-07-31 15:49:31.586469,DAL,none,182377.0,104704.16666666667,-0.30762219437164867,0.9236332635761872,0.5,0.729729729729738,False,False,False,True
2026-07-31 15:49:31.870038,RBLX,none,2053550.0,2673476.9166666665,1.1464603038119765,1.81981087104814,0.5,0.5194805194805203,True,False,False,False
2026-07-31 15:49:32.061397,IVZ,none,127800.0,80760.9,-0.033921302578024295,0.7236497184427362,0.5,0.10000000000001777,False,False,False,False
2026-07-31 15:49:32.240004,JOBY,none,1208350.0,2237607.2666666666,0.5633802816901414,2.91298611272798,0.5,0.6666666666666617,False,False,False,True
